{
	"start":	{
		"connected":	[{
				"socket":	5,
				"local_host":	"fd00::8",
				"local_port":	34146,
				"remote_host":	"fd00::4",
				"remote_port":	5123
			}],
		"version":	"iperf 3.18",
		"system_info":	"Linux RPI08 6.12.47+rpt-rpi-v7 #1 SMP Raspbian 1:6.12.47-1+rpt1 (2025-09-16) armv7l",
		"timestamp":	{
			"time":	"Sun, 10 May 2026 12:14:43 GMT",
			"timesecs":	1778415283
		},
		"connecting_to":	{
			"host":	"fd00::4",
			"port":	5123
		},
		"cookie":	"u2u3bsidu6k6dyf2arcrgt6ovqemizcy3t5g",
		"target_bitrate":	30000,
		"fq_rate":	0,
		"sock_bufsize":	0,
		"sndbuf_actual":	180224,
		"rcvbuf_actual":	180224,
		"test_start":	{
			"protocol":	"UDP",
			"num_streams":	1,
			"blksize":	1024,
			"omit":	0,
			"duration":	10,
			"bytes":	0,
			"blocks":	0,
			"reverse":	0,
			"tos":	0,
			"target_bitrate":	30000,
			"bidir":	0,
			"fqrate":	0,
			"interval":	1
		}
	},
	"intervals":	[{
			"streams":	[{
					"socket":	5,
					"start":	0,
					"end":	1.000895,
					"seconds":	1.0008950233459473,
					"bytes":	4096,
					"bits_per_second":	32738.69810088379,
					"packets":	4,
					"omitted":	false,
					"sender":	true
				}],
			"sum":	{
				"start":	0,
				"end":	1.000895,
				"seconds":	1.0008950233459473,
				"bytes":	4096,
				"bits_per_second":	32738.69810088379,
				"packets":	4,
				"omitted":	false,
				"sender":	true
			}
		}, {
			"streams":	[{
					"socket":	5,
					"start":	1.000895,
					"end":	2.001126,
					"seconds":	1.0002310276031494,
					"bytes":	4096,
					"bits_per_second":	32760.431436047191,
					"packets":	4,
					"omitted":	false,
					"sender":	true
				}],
			"sum":	{
				"start":	1.000895,
				"end":	2.001126,
				"seconds":	1.0002310276031494,
				"bytes":	4096,
				"bits_per_second":	32760.431436047191,
				"packets":	4,
				"omitted":	false,
				"sender":	true
			}
		}, {
			"streams":	[{
					"socket":	5,
					"start":	2.001126,
					"end":	3.00112,
					"seconds":	0.99999397993087769,
					"bytes":	3072,
					"bits_per_second":	24576.147950109418,
					"packets":	3,
					"omitted":	false,
					"sender":	true
				}],
			"sum":	{
				"start":	2.001126,
				"end":	3.00112,
				"seconds":	0.99999397993087769,
				"bytes":	3072,
				"bits_per_second":	24576.147950109418,
				"packets":	3,
				"omitted":	false,
				"sender":	true
			}
		}, {
			"streams":	[{
					"socket":	5,
					"start":	3.00112,
					"end":	4.001127,
					"seconds":	1.0000070333480835,
					"bytes":	4096,
					"bits_per_second":	32767.769532870956,
					"packets":	4,
					"omitted":	false,
					"sender":	true
				}],
			"sum":	{
				"start":	3.00112,
				"end":	4.001127,
				"seconds":	1.0000070333480835,
				"bytes":	4096,
				"bits_per_second":	32767.769532870956,
				"packets":	4,
				"omitted":	false,
				"sender":	true
			}
		}, {
			"streams":	[{
					"socket":	5,
					"start":	4.001127,
					"end":	5.001122,
					"seconds":	0.999994993209839,
					"bytes":	4096,
					"bits_per_second":	32768.164063321434,
					"packets":	4,
					"omitted":	false,
					"sender":	true
				}],
			"sum":	{
				"start":	4.001127,
				"end":	5.001122,
				"seconds":	0.999994993209839,
				"bytes":	4096,
				"bits_per_second":	32768.164063321434,
				"packets":	4,
				"omitted":	false,
				"sender":	true
			}
		}, {
			"streams":	[{
					"socket":	5,
					"start":	5.001122,
					"end":	6.001136,
					"seconds":	1.0000139474868774,
					"bytes":	3072,
					"bits_per_second":	24575.657231343263,
					"packets":	3,
					"omitted":	false,
					"sender":	true
				}],
			"sum":	{
				"start":	5.001122,
				"end":	6.001136,
				"seconds":	1.0000139474868774,
				"bytes":	3072,
				"bits_per_second":	24575.657231343263,
				"packets":	3,
				"omitted":	false,
				"sender":	true
			}
		}, {
			"streams":	[{
					"socket":	5,
					"start":	6.001136,
					"end":	7.001147,
					"seconds":	1.0000109672546387,
					"bytes":	4096,
					"bits_per_second":	32767.640628941313,
					"packets":	4,
					"omitted":	false,
					"sender":	true
				}],
			"sum":	{
				"start":	6.001136,
				"end":	7.001147,
				"seconds":	1.0000109672546387,
				"bytes":	4096,
				"bits_per_second":	32767.640628941313,
				"packets":	4,
				"omitted":	false,
				"sender":	true
			}
		}, {
			"streams":	[{
					"socket":	5,
					"start":	7.001147,
					"end":	8.001128,
					"seconds":	0.99998098611831665,
					"bytes":	4096,
					"bits_per_second":	32768.623058721765,
					"packets":	4,
					"omitted":	false,
					"sender":	true
				}],
			"sum":	{
				"start":	7.001147,
				"end":	8.001128,
				"seconds":	0.99998098611831665,
				"bytes":	4096,
				"bits_per_second":	32768.623058721765,
				"packets":	4,
				"omitted":	false,
				"sender":	true
			}
		}, {
			"streams":	[{
					"socket":	5,
					"start":	8.001128,
					"end":	9.001123,
					"seconds":	0.999994993209839,
					"bytes":	3072,
					"bits_per_second":	24576.123047491074,
					"packets":	3,
					"omitted":	false,
					"sender":	true
				}],
			"sum":	{
				"start":	8.001128,
				"end":	9.001123,
				"seconds":	0.999994993209839,
				"bytes":	3072,
				"bits_per_second":	24576.123047491074,
				"packets":	3,
				"omitted":	false,
				"sender":	true
			}
		}, {
			"streams":	[{
					"socket":	5,
					"start":	9.001123,
					"end":	10.002898,
					"seconds":	1.0017750263214111,
					"bytes":	4096,
					"bits_per_second":	32709.938997308025,
					"packets":	4,
					"omitted":	false,
					"sender":	true
				}],
			"sum":	{
				"start":	9.001123,
				"end":	10.002898,
				"seconds":	1.0017750263214111,
				"bytes":	4096,
				"bits_per_second":	32709.938997308025,
				"packets":	4,
				"omitted":	false,
				"sender":	true
			}
		}],
	"end":	{
		"streams":	[{
				"udp":	{
					"socket":	5,
					"start":	0,
					"end":	10.002898,
					"seconds":	10.002898,
					"bytes":	37888,
					"bits_per_second":	30301.618590932347,
					"jitter_ms":	8.71628201595284,
					"lost_packets":	3,
					"packets":	37,
					"lost_percent":	8.10810810810811,
					"out_of_order":	0,
					"sender":	true
				}
			}],
		"sum":	{
			"start":	0,
			"end":	10.022914,
			"seconds":	10.022914,
			"bytes":	37888,
			"bits_per_second":	30301.618590932347,
			"jitter_ms":	8.71628201595284,
			"lost_packets":	3,
			"packets":	37,
			"lost_percent":	8.10810810810811,
			"sender":	true
		},
		"sum_sent":	{
			"start":	0,
			"end":	10.002898,
			"seconds":	10.002898,
			"bytes":	37888,
			"bits_per_second":	30301.618590932347,
			"jitter_ms":	0,
			"lost_packets":	0,
			"packets":	37,
			"lost_percent":	0,
			"sender":	true
		},
		"sum_received":	{
			"start":	0,
			"end":	10.022914,
			"seconds":	10.022914,
			"bytes":	34816,
			"bits_per_second":	27789.124001263506,
			"jitter_ms":	8.71628201595284,
			"lost_packets":	3,
			"packets":	37,
			"lost_percent":	8.10810810810811,
			"sender":	false
		},
		"cpu_utilization_percent":	{
			"host_total":	0.14705238187383615,
			"host_user":	0.14713148482266553,
			"host_system":	0,
			"remote_total":	0.11960336936699108,
			"remote_user":	0,
			"remote_system":	0.11963330014010595
		}
	},