{
	"start":	{
		"connected":	[{
				"socket":	5,
				"local_host":	"fd00::8",
				"local_port":	50458,
				"remote_host":	"fd00::4",
				"remote_port":	5123
			}],
		"version":	"iperf 3.18",
		"system_info":	"Linux RPI08 6.12.47+rpt-rpi-v7 #1 SMP Raspbian 1:6.12.47-1+rpt1 (2025-09-16) armv7l",
		"timestamp":	{
			"time":	"Sun, 10 May 2026 12:16:35 GMT",
			"timesecs":	1778415395
		},
		"connecting_to":	{
			"host":	"fd00::4",
			"port":	5123
		},
		"cookie":	"7y44amwd4u5ae3vv3iushmndyneaoyr3olsz",
		"target_bitrate":	40000,
		"fq_rate":	0,
		"sock_bufsize":	0,
		"sndbuf_actual":	180224,
		"rcvbuf_actual":	180224,
		"test_start":	{
			"protocol":	"UDP",
			"num_streams":	1,
			"blksize":	1024,
			"omit":	0,
			"duration":	10,
			"bytes":	0,
			"blocks":	0,
			"reverse":	0,
			"tos":	0,
			"target_bitrate":	40000,
			"bidir":	0,
			"fqrate":	0,
			"interval":	1
		}
	},
	"intervals":	[{
			"streams":	[{
					"socket":	5,
					"start":	0,
					"end":	1.00103,
					"seconds":	1.0010299682617188,
					"bytes":	5120,
					"bits_per_second":	40917.855907078127,
					"packets":	5,
					"omitted":	false,
					"sender":	true
				}],
			"sum":	{
				"start":	0,
				"end":	1.00103,
				"seconds":	1.0010299682617188,
				"bytes":	5120,
				"bits_per_second":	40917.855907078127,
				"packets":	5,
				"omitted":	false,
				"sender":	true
			}
		}, {
			"streams":	[{
					"socket":	5,
					"start":	1.00103,
					"end":	2.001124,
					"seconds":	1.0000940561294556,
					"bytes":	5120,
					"bits_per_second":	40956.147823258332,
					"packets":	5,
					"omitted":	false,
					"sender":	true
				}],
			"sum":	{
				"start":	1.00103,
				"end":	2.001124,
				"seconds":	1.0000940561294556,
				"bytes":	5120,
				"bits_per_second":	40956.147823258332,
				"packets":	5,
				"omitted":	false,
				"sender":	true
			}
		}, {
			"streams":	[{
					"socket":	5,
					"start":	2.001124,
					"end":	3.001123,
					"seconds":	0.99999898672103882,
					"bytes":	5120,
					"bits_per_second":	40960.0415039483,
					"packets":	5,
					"omitted":	false,
					"sender":	true
				}],
			"sum":	{
				"start":	2.001124,
				"end":	3.001123,
				"seconds":	0.99999898672103882,
				"bytes":	5120,
				"bits_per_second":	40960.0415039483,
				"packets":	5,
				"omitted":	false,
				"sender":	true
			}
		}, {
			"streams":	[{
					"socket":	5,
					"start":	3.001123,
					"end":	4.001122,
					"seconds":	0.99999898672103882,
					"bytes":	5120,
					"bits_per_second":	40960.0415039483,
					"packets":	5,
					"omitted":	false,
					"sender":	true
				}],
			"sum":	{
				"start":	3.001123,
				"end":	4.001122,
				"seconds":	0.99999898672103882,
				"bytes":	5120,
				"bits_per_second":	40960.0415039483,
				"packets":	5,
				"omitted":	false,
				"sender":	true
			}
		}, {
			"streams":	[{
					"socket":	5,
					"start":	4.001122,
					"end":	5.001117,
					"seconds":	0.999994993209839,
					"bytes":	5120,
					"bits_per_second":	40960.2050791518,
					"packets":	5,
					"omitted":	false,
					"sender":	true
				}],
			"sum":	{
				"start":	4.001122,
				"end":	5.001117,
				"seconds":	0.999994993209839,
				"bytes":	5120,
				"bits_per_second":	40960.2050791518,
				"packets":	5,
				"omitted":	false,
				"sender":	true
			}
		}, {
			"streams":	[{
					"socket":	5,
					"start":	5.001117,
					"end":	6.001137,
					"seconds":	1.0000200271606445,
					"bytes":	5120,
					"bits_per_second":	40959.1797039282,
					"packets":	5,
					"omitted":	false,
					"sender":	true
				}],
			"sum":	{
				"start":	5.001117,
				"end":	6.001137,
				"seconds":	1.0000200271606445,
				"bytes":	5120,
				"bits_per_second":	40959.1797039282,
				"packets":	5,
				"omitted":	false,
				"sender":	true
			}
		}, {
			"streams":	[{
					"socket":	5,
					"start":	6.001137,
					"end":	7.00113,
					"seconds":	0.99999302625656128,
					"bytes":	5120,
					"bits_per_second":	40960.285646523276,
					"packets":	5,
					"omitted":	false,
					"sender":	true
				}],
			"sum":	{
				"start":	6.001137,
				"end":	7.00113,
				"seconds":	0.99999302625656128,
				"bytes":	5120,
				"bits_per_second":	40960.285646523276,
				"packets":	5,
				"omitted":	false,
				"sender":	true
			}
		}, {
			"streams":	[{
					"socket":	5,
					"start":	7.00113,
					"end":	8.001126,
					"seconds":	0.9999960064888,
					"bytes":	5120,
					"bits_per_second":	40960.163574871985,
					"packets":	5,
					"omitted":	false,
					"sender":	true
				}],
			"sum":	{
				"start":	7.00113,
				"end":	8.001126,
				"seconds":	0.9999960064888,
				"bytes":	5120,
				"bits_per_second":	40960.163574871985,
				"packets":	5,
				"omitted":	false,
				"sender":	true
			}
		}, {
			"streams":	[{
					"socket":	5,
					"start":	8.001126,
					"end":	9.001134,
					"seconds":	1.0000079870224,
					"bytes":	4096,
					"bits_per_second":	32767.738283340335,
					"packets":	4,
					"omitted":	false,
					"sender":	true
				}],
			"sum":	{
				"start":	8.001126,
				"end":	9.001134,
				"seconds":	1.0000079870224,
				"bytes":	4096,
				"bits_per_second":	32767.738283340335,
				"packets":	4,
				"omitted":	false,
				"sender":	true
			}
		}, {
			"streams":	[{
					"socket":	5,
					"start":	9.001134,
					"end":	10.002789,
					"seconds":	1.0016549825668335,
					"bytes":	5120,
					"bits_per_second":	40892.323916800386,
					"packets":	5,
					"omitted":	false,
					"sender":	true
				}],
			"sum":	{
				"start":	9.001134,
				"end":	10.002789,
				"seconds":	1.0016549825668335,
				"bytes":	5120,
				"bits_per_second":	40892.323916800386,
				"packets":	5,
				"omitted":	false,
				"sender":	true
			}
		}],
	"end":	{
		"streams":	[{
				"udp":	{
					"socket":	5,
					"start":	0,
					"end":	10.002789,
					"seconds":	10.002789,
					"bytes":	50176,
					"bits_per_second":	40129.607852369976,
					"jitter_ms":	11.0404720032187,
					"lost_packets":	22,
					"packets":	49,
					"lost_percent":	44.897959183673471,
					"out_of_order":	0,
					"sender":	true
				}
			}],
		"sum":	{
			"start":	0,
			"end":	10.025284,
			"seconds":	10.025284,
			"bytes":	50176,
			"bits_per_second":	40129.607852369976,
			"jitter_ms":	11.0404720032187,
			"lost_packets":	22,
			"packets":	49,
			"lost_percent":	44.897959183673471,
			"sender":	true
		},
		"sum_sent":	{
			"start":	0,
			"end":	10.002789,
			"seconds":	10.002789,
			"bytes":	50176,
			"bits_per_second":	40129.607852369976,
			"jitter_ms":	0,
			"lost_packets":	0,
			"packets":	49,
			"lost_percent":	0,
			"sender":	true
		},
		"sum_received":	{
			"start":	0,
			"end":	10.025284,
			"seconds":	10.025284,
			"bytes":	27648,
			"bits_per_second":	22062.61687948192,
			"jitter_ms":	11.0404720032187,
			"lost_packets":	22,
			"packets":	49,
			"lost_percent":	44.897959183673471,
			"sender":	false
		},
		"cpu_utilization_percent":	{
			"host_total":	0.17184080041620448,
			"host_user":	0,
			"host_system":	0.17197856432880979,
			"remote_total":	0.11109669232490227,
			"remote_user":	0.00022941496888783915,
			"remote_system":	0.11086727735601443
		}
	},