{
	"start":	{
		"connected":	[{
				"socket":	5,
				"local_host":	"fd00::8",
				"local_port":	51236,
				"remote_host":	"fd00::4",
				"remote_port":	5123
			}],
		"version":	"iperf 3.18",
		"system_info":	"Linux RPI08 6.12.47+rpt-rpi-v7 #1 SMP Raspbian 1:6.12.47-1+rpt1 (2025-09-16) armv7l",
		"timestamp":	{
			"time":	"Sun, 10 May 2026 12:15:57 GMT",
			"timesecs":	1778415357
		},
		"connecting_to":	{
			"host":	"fd00::4",
			"port":	5123
		},
		"cookie":	"apbhkk5dxhufyvh3q6meby57leekxzqz5yej",
		"target_bitrate":	40000,
		"fq_rate":	0,
		"sock_bufsize":	0,
		"sndbuf_actual":	180224,
		"rcvbuf_actual":	180224,
		"test_start":	{
			"protocol":	"UDP",
			"num_streams":	1,
			"blksize":	128,
			"omit":	0,
			"duration":	10,
			"bytes":	0,
			"blocks":	0,
			"reverse":	0,
			"tos":	0,
			"target_bitrate":	40000,
			"bidir":	0,
			"fqrate":	0,
			"interval":	1
		}
	},
	"intervals":	[{
			"streams":	[{
					"socket":	5,
					"start":	0,
					"end":	1.000897,
					"seconds":	1.0008970499038696,
					"bytes":	5120,
					"bits_per_second":	40923.289766848618,
					"packets":	40,
					"omitted":	false,
					"sender":	true
				}],
			"sum":	{
				"start":	0,
				"end":	1.000897,
				"seconds":	1.0008970499038696,
				"bytes":	5120,
				"bits_per_second":	40923.289766848618,
				"packets":	40,
				"omitted":	false,
				"sender":	true
			}
		}, {
			"streams":	[{
					"socket":	5,
					"start":	1.000897,
					"end":	2.001147,
					"seconds":	1.000249981880188,
					"bytes":	4992,
					"bits_per_second":	39926.0192186473,
					"packets":	39,
					"omitted":	false,
					"sender":	true
				}],
			"sum":	{
				"start":	1.000897,
				"end":	2.001147,
				"seconds":	1.000249981880188,
				"bytes":	4992,
				"bits_per_second":	39926.0192186473,
				"packets":	39,
				"omitted":	false,
				"sender":	true
			}
		}, {
			"streams":	[{
					"socket":	5,
					"start":	2.001147,
					"end":	3.001161,
					"seconds":	1.0000139474868774,
					"bytes":	4992,
					"bits_per_second":	39935.4430009328,
					"packets":	39,
					"omitted":	false,
					"sender":	true
				}],
			"sum":	{
				"start":	2.001147,
				"end":	3.001161,
				"seconds":	1.0000139474868774,
				"bytes":	4992,
				"bits_per_second":	39935.4430009328,
				"packets":	39,
				"omitted":	false,
				"sender":	true
			}
		}, {
			"streams":	[{
					"socket":	5,
					"start":	3.001161,
					"end":	4.00112,
					"seconds":	0.99995899200439453,
					"bytes":	4992,
					"bits_per_second":	39937.63776247386,
					"packets":	39,
					"omitted":	false,
					"sender":	true
				}],
			"sum":	{
				"start":	3.001161,
				"end":	4.00112,
				"seconds":	0.99995899200439453,
				"bytes":	4992,
				"bits_per_second":	39937.63776247386,
				"packets":	39,
				"omitted":	false,
				"sender":	true
			}
		}, {
			"streams":	[{
					"socket":	5,
					"start":	4.00112,
					"end":	5.001118,
					"seconds":	0.99999797344207764,
					"bytes":	4992,
					"bits_per_second":	39936.0809327812,
					"packets":	39,
					"omitted":	false,
					"sender":	true
				}],
			"sum":	{
				"start":	4.00112,
				"end":	5.001118,
				"seconds":	0.99999797344207764,
				"bytes":	4992,
				"bits_per_second":	39936.0809327812,
				"packets":	39,
				"omitted":	false,
				"sender":	true
			}
		}, {
			"streams":	[{
					"socket":	5,
					"start":	5.001118,
					"end":	6.001119,
					"seconds":	1.0000009536743164,
					"bytes":	4992,
					"bits_per_second":	39935.961914098822,
					"packets":	39,
					"omitted":	false,
					"sender":	true
				}],
			"sum":	{
				"start":	5.001118,
				"end":	6.001119,
				"seconds":	1.0000009536743164,
				"bytes":	4992,
				"bits_per_second":	39935.961914098822,
				"packets":	39,
				"omitted":	false,
				"sender":	true
			}
		}, {
			"streams":	[{
					"socket":	5,
					"start":	6.001119,
					"end":	7.001132,
					"seconds":	1.000012993812561,
					"bytes":	4992,
					"bits_per_second":	39935.481085844236,
					"packets":	39,
					"omitted":	false,
					"sender":	true
				}],
			"sum":	{
				"start":	6.001119,
				"end":	7.001132,
				"seconds":	1.000012993812561,
				"bytes":	4992,
				"bits_per_second":	39935.481085844236,
				"packets":	39,
				"omitted":	false,
				"sender":	true
			}
		}, {
			"streams":	[{
					"socket":	5,
					"start":	7.001132,
					"end":	8.001119,
					"seconds":	0.999987006187439,
					"bytes":	4992,
					"bits_per_second":	39936.518927641286,
					"packets":	39,
					"omitted":	false,
					"sender":	true
				}],
			"sum":	{
				"start":	7.001132,
				"end":	8.001119,
				"seconds":	0.999987006187439,
				"bytes":	4992,
				"bits_per_second":	39936.518927641286,
				"packets":	39,
				"omitted":	false,
				"sender":	true
			}
		}, {
			"streams":	[{
					"socket":	5,
					"start":	8.001119,
					"end":	9.001116,
					"seconds":	0.99999701976776123,
					"bytes":	4992,
					"bits_per_second":	39936.1190189094,
					"packets":	39,
					"omitted":	false,
					"sender":	true
				}],
			"sum":	{
				"start":	8.001119,
				"end":	9.001116,
				"seconds":	0.99999701976776123,
				"bytes":	4992,
				"bits_per_second":	39936.1190189094,
				"packets":	39,
				"omitted":	false,
				"sender":	true
			}
		}, {
			"streams":	[{
					"socket":	5,
					"start":	9.001116,
					"end":	10.002767,
					"seconds":	1.0016510486602783,
					"bytes":	4992,
					"bits_per_second":	39870.172405265221,
					"packets":	39,
					"omitted":	false,
					"sender":	true
				}],
			"sum":	{
				"start":	9.001116,
				"end":	10.002767,
				"seconds":	1.0016510486602783,
				"bytes":	4992,
				"bits_per_second":	39870.172405265221,
				"packets":	39,
				"omitted":	false,
				"sender":	true
			}
		}],
	"end":	{
		"streams":	[{
				"udp":	{
					"socket":	5,
					"start":	0,
					"end":	10.002767,
					"seconds":	10.002767,
					"bytes":	50048,
					"bits_per_second":	40027.32443932764,
					"jitter_ms":	8.5350197316186946,
					"lost_packets":	19,
					"packets":	391,
					"lost_percent":	4.85933503836317,
					"out_of_order":	0,
					"sender":	true
				}
			}],
		"sum":	{
			"start":	0,
			"end":	10.028222,
			"seconds":	10.028222,
			"bytes":	50048,
			"bits_per_second":	40027.32443932764,
			"jitter_ms":	8.5350197316186946,
			"lost_packets":	19,
			"packets":	391,
			"lost_percent":	4.85933503836317,
			"sender":	true
		},
		"sum_sent":	{
			"start":	0,
			"end":	10.002767,
			"seconds":	10.002767,
			"bytes":	50048,
			"bits_per_second":	40027.32443932764,
			"jitter_ms":	0,
			"lost_packets":	0,
			"packets":	391,
			"lost_percent":	0,
			"sender":	true
		},
		"sum_received":	{
			"start":	0,
			"end":	10.028222,
			"seconds":	10.028222,
			"bytes":	47232,
			"bits_per_second":	37679.2615879465,
			"jitter_ms":	8.5350197316186946,
			"lost_packets":	19,
			"packets":	388,
			"lost_percent":	4.85933503836317,
			"sender":	false
		},
		"cpu_utilization_percent":	{
			"host_total":	0.547890679188188,
			"host_user":	0.54785115168806631,
			"host_system":	0,
			"remote_total":	0.548221242541083,
			"remote_user":	0.0734910429176722,
			"remote_system":	0.47476011456625372
		}
	},