{
	"start":	{
		"connected":	[{
				"socket":	5,
				"local_host":	"fd00::8",
				"local_port":	52886,
				"remote_host":	"fd00::4",
				"remote_port":	5123
			}],
		"version":	"iperf 3.18",
		"system_info":	"Linux RPI08 6.12.47+rpt-rpi-v7 #1 SMP Raspbian 1:6.12.47-1+rpt1 (2025-09-16) armv7l",
		"timestamp":	{
			"time":	"Sun, 10 May 2026 12:10:04 GMT",
			"timesecs":	1778415004
		},
		"connecting_to":	{
			"host":	"fd00::4",
			"port":	5123
		},
		"cookie":	"4kulzfdx3be5jlojm6zirbrca7wuq3hmvf2r",
		"target_bitrate":	15000,
		"fq_rate":	0,
		"sock_bufsize":	0,
		"sndbuf_actual":	180224,
		"rcvbuf_actual":	180224,
		"test_start":	{
			"protocol":	"UDP",
			"num_streams":	1,
			"blksize":	512,
			"omit":	0,
			"duration":	10,
			"bytes":	0,
			"blocks":	0,
			"reverse":	0,
			"tos":	0,
			"target_bitrate":	15000,
			"bidir":	0,
			"fqrate":	0,
			"interval":	1
		}
	},
	"intervals":	[{
			"streams":	[{
					"socket":	5,
					"start":	0,
					"end":	1.00113,
					"seconds":	1.0011299848556519,
					"bytes":	2048,
					"bits_per_second":	16365.507224681049,
					"packets":	4,
					"omitted":	false,
					"sender":	true
				}],
			"sum":	{
				"start":	0,
				"end":	1.00113,
				"seconds":	1.0011299848556519,
				"bytes":	2048,
				"bits_per_second":	16365.507224681049,
				"packets":	4,
				"omitted":	false,
				"sender":	true
			}
		}, {
			"streams":	[{
					"socket":	5,
					"start":	1.00113,
					"end":	2.001134,
					"seconds":	1.0000040531158447,
					"bytes":	2048,
					"bits_per_second":	16383.93359401915,
					"packets":	4,
					"omitted":	false,
					"sender":	true
				}],
			"sum":	{
				"start":	1.00113,
				"end":	2.001134,
				"seconds":	1.0000040531158447,
				"bytes":	2048,
				"bits_per_second":	16383.93359401915,
				"packets":	4,
				"omitted":	false,
				"sender":	true
			}
		}, {
			"streams":	[{
					"socket":	5,
					"start":	2.001134,
					"end":	3.001122,
					"seconds":	0.9999880194664,
					"bytes":	1536,
					"bits_per_second":	12288.147218560633,
					"packets":	3,
					"omitted":	false,
					"sender":	true
				}],
			"sum":	{
				"start":	2.001134,
				"end":	3.001122,
				"seconds":	0.9999880194664,
				"bytes":	1536,
				"bits_per_second":	12288.147218560633,
				"packets":	3,
				"omitted":	false,
				"sender":	true
			}
		}, {
			"streams":	[{
					"socket":	5,
					"start":	3.001122,
					"end":	4.001148,
					"seconds":	1.0000259876251221,
					"bytes":	2048,
					"bits_per_second":	16383.574229814756,
					"packets":	4,
					"omitted":	false,
					"sender":	true
				}],
			"sum":	{
				"start":	3.001122,
				"end":	4.001148,
				"seconds":	1.0000259876251221,
				"bytes":	2048,
				"bits_per_second":	16383.574229814756,
				"packets":	4,
				"omitted":	false,
				"sender":	true
			}
		}, {
			"streams":	[{
					"socket":	5,
					"start":	4.001148,
					"end":	5.001142,
					"seconds":	0.99999397993087769,
					"bytes":	2048,
					"bits_per_second":	16384.09863340628,
					"packets":	4,
					"omitted":	false,
					"sender":	true
				}],
			"sum":	{
				"start":	4.001148,
				"end":	5.001142,
				"seconds":	0.99999397993087769,
				"bytes":	2048,
				"bits_per_second":	16384.09863340628,
				"packets":	4,
				"omitted":	false,
				"sender":	true
			}
		}, {
			"streams":	[{
					"socket":	5,
					"start":	5.001142,
					"end":	6.001135,
					"seconds":	0.99999302625656128,
					"bytes":	1536,
					"bits_per_second":	12288.085693956982,
					"packets":	3,
					"omitted":	false,
					"sender":	true
				}],
			"sum":	{
				"start":	5.001142,
				"end":	6.001135,
				"seconds":	0.99999302625656128,
				"bytes":	1536,
				"bits_per_second":	12288.085693956982,
				"packets":	3,
				"omitted":	false,
				"sender":	true
			}
		}, {
			"streams":	[{
					"socket":	5,
					"start":	6.001135,
					"end":	7.001123,
					"seconds":	0.9999880194664,
					"bytes":	2048,
					"bits_per_second":	16384.196291414177,
					"packets":	4,
					"omitted":	false,
					"sender":	true
				}],
			"sum":	{
				"start":	6.001135,
				"end":	7.001123,
				"seconds":	0.9999880194664,
				"bytes":	2048,
				"bits_per_second":	16384.196291414177,
				"packets":	4,
				"omitted":	false,
				"sender":	true
			}
		}, {
			"streams":	[{
					"socket":	5,
					"start":	7.001123,
					"end":	8.00112,
					"seconds":	0.99999701976776123,
					"bytes":	2048,
					"bits_per_second":	16384.048828270519,
					"packets":	4,
					"omitted":	false,
					"sender":	true
				}],
			"sum":	{
				"start":	7.001123,
				"end":	8.00112,
				"seconds":	0.99999701976776123,
				"bytes":	2048,
				"bits_per_second":	16384.048828270519,
				"packets":	4,
				"omitted":	false,
				"sender":	true
			}
		}, {
			"streams":	[{
					"socket":	5,
					"start":	8.00112,
					"end":	9.001132,
					"seconds":	1.0000120401382446,
					"bytes":	1536,
					"bits_per_second":	12287.852052562557,
					"packets":	3,
					"omitted":	false,
					"sender":	true
				}],
			"sum":	{
				"start":	8.00112,
				"end":	9.001132,
				"seconds":	1.0000120401382446,
				"bytes":	1536,
				"bits_per_second":	12287.852052562557,
				"packets":	3,
				"omitted":	false,
				"sender":	true
			}
		}, {
			"streams":	[{
					"socket":	5,
					"start":	9.001132,
					"end":	10.002864,
					"seconds":	1.0017319917678833,
					"bytes":	2048,
					"bits_per_second":	16355.672110546335,
					"packets":	4,
					"omitted":	false,
					"sender":	true
				}],
			"sum":	{
				"start":	9.001132,
				"end":	10.002864,
				"seconds":	1.0017319917678833,
				"bytes":	2048,
				"bits_per_second":	16355.672110546335,
				"packets":	4,
				"omitted":	false,
				"sender":	true
			}
		}],
	"end":	{
		"streams":	[{
				"udp":	{
					"socket":	5,
					"start":	0,
					"end":	10.002864,
					"seconds":	10.002864,
					"bytes":	18944,
					"bits_per_second":	15150.86079346875,
					"jitter_ms":	5.47556422513647,
					"lost_packets":	3,
					"packets":	37,
					"lost_percent":	8.10810810810811,
					"out_of_order":	0,
					"sender":	true
				}
			}],
		"sum":	{
			"start":	0,
			"end":	10.026024,
			"seconds":	10.026024,
			"bytes":	18944,
			"bits_per_second":	15150.86079346875,
			"jitter_ms":	5.47556422513647,
			"lost_packets":	3,
			"packets":	37,
			"lost_percent":	8.10810810810811,
			"sender":	true
		},
		"sum_sent":	{
			"start":	0,
			"end":	10.002864,
			"seconds":	10.002864,
			"bytes":	18944,
			"bits_per_second":	15150.86079346875,
			"jitter_ms":	0,
			"lost_packets":	0,
			"packets":	37,
			"lost_percent":	0,
			"sender":	true
		},
		"sum_received":	{
			"start":	0,
			"end":	10.026024,
			"seconds":	10.026024,
			"bytes":	17408,
			"bits_per_second":	13890.252008173929,
			"jitter_ms":	5.47556422513647,
			"lost_packets":	3,
			"packets":	37,
			"lost_percent":	8.10810810810811,
			"sender":	false
		},
		"cpu_utilization_percent":	{
			"host_total":	0.137029597643379,
			"host_user":	0.0685493250323116,
			"host_system":	0.0685493250323116,
			"remote_total":	0.11217558396233246,
			"remote_user":	0,
			"remote_system":	0.11217558396233246
		}
	},