{
	"start":	{
		"connected":	[{
				"socket":	5,
				"local_host":	"fd00::8",
				"local_port":	44249,
				"remote_host":	"fd00::4",
				"remote_port":	5123
			}],
		"version":	"iperf 3.18",
		"system_info":	"Linux RPI08 6.12.47+rpt-rpi-v7 #1 SMP Raspbian 1:6.12.47-1+rpt1 (2025-09-16) armv7l",
		"timestamp":	{
			"time":	"Sun, 10 May 2026 12:10:53 GMT",
			"timesecs":	1778415053
		},
		"connecting_to":	{
			"host":	"fd00::4",
			"port":	5123
		},
		"cookie":	"feeorbws6vvclk6co7k76xiimshbuogz57nd",
		"target_bitrate":	20000,
		"fq_rate":	0,
		"sock_bufsize":	0,
		"sndbuf_actual":	180224,
		"rcvbuf_actual":	180224,
		"test_start":	{
			"protocol":	"UDP",
			"num_streams":	1,
			"blksize":	256,
			"omit":	0,
			"duration":	10,
			"bytes":	0,
			"blocks":	0,
			"reverse":	0,
			"tos":	0,
			"target_bitrate":	20000,
			"bidir":	0,
			"fqrate":	0,
			"interval":	1
		}
	},
	"intervals":	[{
			"streams":	[{
					"socket":	5,
					"start":	0,
					"end":	1.001135,
					"seconds":	1.001134991645813,
					"bytes":	2560,
					"bits_per_second":	20456.781723643446,
					"packets":	10,
					"omitted":	false,
					"sender":	true
				}],
			"sum":	{
				"start":	0,
				"end":	1.001135,
				"seconds":	1.001134991645813,
				"bytes":	2560,
				"bits_per_second":	20456.781723643446,
				"packets":	10,
				"omitted":	false,
				"sender":	true
			}
		}, {
			"streams":	[{
					"socket":	5,
					"start":	1.001135,
					"end":	2.00113,
					"seconds":	0.999994993209839,
					"bytes":	2560,
					"bits_per_second":	20480.1025395759,
					"packets":	10,
					"omitted":	false,
					"sender":	true
				}],
			"sum":	{
				"start":	1.001135,
				"end":	2.00113,
				"seconds":	0.999994993209839,
				"bytes":	2560,
				"bits_per_second":	20480.1025395759,
				"packets":	10,
				"omitted":	false,
				"sender":	true
			}
		}, {
			"streams":	[{
					"socket":	5,
					"start":	2.00113,
					"end":	3.001124,
					"seconds":	0.99999397993087769,
					"bytes":	2560,
					"bits_per_second":	20480.123291757849,
					"packets":	10,
					"omitted":	false,
					"sender":	true
				}],
			"sum":	{
				"start":	2.00113,
				"end":	3.001124,
				"seconds":	0.99999397993087769,
				"bytes":	2560,
				"bits_per_second":	20480.123291757849,
				"packets":	10,
				"omitted":	false,
				"sender":	true
			}
		}, {
			"streams":	[{
					"socket":	5,
					"start":	3.001124,
					"end":	4.001126,
					"seconds":	1.0000020265579224,
					"bytes":	2560,
					"bits_per_second":	20479.95849617786,
					"packets":	10,
					"omitted":	false,
					"sender":	true
				}],
			"sum":	{
				"start":	3.001124,
				"end":	4.001126,
				"seconds":	1.0000020265579224,
				"bytes":	2560,
				"bits_per_second":	20479.95849617786,
				"packets":	10,
				"omitted":	false,
				"sender":	true
			}
		}, {
			"streams":	[{
					"socket":	5,
					"start":	4.001126,
					"end":	5.001143,
					"seconds":	1.0000170469284058,
					"bytes":	2304,
					"bits_per_second":	18431.685796371832,
					"packets":	9,
					"omitted":	false,
					"sender":	true
				}],
			"sum":	{
				"start":	4.001126,
				"end":	5.001143,
				"seconds":	1.0000170469284058,
				"bytes":	2304,
				"bits_per_second":	18431.685796371832,
				"packets":	9,
				"omitted":	false,
				"sender":	true
			}
		}, {
			"streams":	[{
					"socket":	5,
					"start":	5.001143,
					"end":	6.001133,
					"seconds":	0.99998998641967773,
					"bytes":	2560,
					"bits_per_second":	20480.205080178588,
					"packets":	10,
					"omitted":	false,
					"sender":	true
				}],
			"sum":	{
				"start":	5.001143,
				"end":	6.001133,
				"seconds":	0.99998998641967773,
				"bytes":	2560,
				"bits_per_second":	20480.205080178588,
				"packets":	10,
				"omitted":	false,
				"sender":	true
			}
		}, {
			"streams":	[{
					"socket":	5,
					"start":	6.001133,
					"end":	7.001125,
					"seconds":	0.9999920129776,
					"bytes":	2560,
					"bits_per_second":	20480.163575525232,
					"packets":	10,
					"omitted":	false,
					"sender":	true
				}],
			"sum":	{
				"start":	6.001133,
				"end":	7.001125,
				"seconds":	0.9999920129776,
				"bytes":	2560,
				"bits_per_second":	20480.163575525232,
				"packets":	10,
				"omitted":	false,
				"sender":	true
			}
		}, {
			"streams":	[{
					"socket":	5,
					"start":	7.001125,
					"end":	8.001125,
					"seconds":	1,
					"bytes":	2560,
					"bits_per_second":	20480,
					"packets":	10,
					"omitted":	false,
					"sender":	true
				}],
			"sum":	{
				"start":	7.001125,
				"end":	8.001125,
				"seconds":	1,
				"bytes":	2560,
				"bits_per_second":	20480,
				"packets":	10,
				"omitted":	false,
				"sender":	true
			}
		}, {
			"streams":	[{
					"socket":	5,
					"start":	8.001125,
					"end":	9.001143,
					"seconds":	1.0000180006027222,
					"bytes":	2304,
					"bits_per_second":	18431.668218862884,
					"packets":	9,
					"omitted":	false,
					"sender":	true
				}],
			"sum":	{
				"start":	8.001125,
				"end":	9.001143,
				"seconds":	1.0000180006027222,
				"bytes":	2304,
				"bits_per_second":	18431.668218862884,
				"packets":	9,
				"omitted":	false,
				"sender":	true
			}
		}, {
			"streams":	[{
					"socket":	5,
					"start":	9.001143,
					"end":	10.002863,
					"seconds":	1.0017199516296387,
					"bytes":	2560,
					"bits_per_second":	20444.83587122559,
					"packets":	10,
					"omitted":	false,
					"sender":	true
				}],
			"sum":	{
				"start":	9.001143,
				"end":	10.002863,
				"seconds":	1.0017199516296387,
				"bytes":	2560,
				"bits_per_second":	20444.83587122559,
				"packets":	10,
				"omitted":	false,
				"sender":	true
			}
		}],
	"end":	{
		"streams":	[{
				"udp":	{
					"socket":	5,
					"start":	0,
					"end":	10.002863,
					"seconds":	10.002863,
					"bytes":	25088,
					"bits_per_second":	20064.655489133464,
					"jitter_ms":	3.8559688533188279,
					"lost_packets":	1,
					"packets":	98,
					"lost_percent":	1.0204081632653061,
					"out_of_order":	0,
					"sender":	true
				}
			}],
		"sum":	{
			"start":	0,
			"end":	10.028494,
			"seconds":	10.028494,
			"bytes":	25088,
			"bits_per_second":	20064.655489133464,
			"jitter_ms":	3.8559688533188279,
			"lost_packets":	1,
			"packets":	98,
			"lost_percent":	1.0204081632653061,
			"sender":	true
		},
		"sum_sent":	{
			"start":	0,
			"end":	10.002863,
			"seconds":	10.002863,
			"bytes":	25088,
			"bits_per_second":	20064.655489133464,
			"jitter_ms":	0,
			"lost_packets":	0,
			"packets":	98,
			"lost_percent":	0,
			"sender":	true
		},
		"sum_received":	{
			"start":	0,
			"end":	10.028494,
			"seconds":	10.028494,
			"bytes":	24832,
			"bits_per_second":	19809.155791487734,
			"jitter_ms":	3.8559688533188279,
			"lost_packets":	1,
			"packets":	98,
			"lost_percent":	1.0204081632653061,
			"sender":	false
		},
		"cpu_utilization_percent":	{
			"host_total":	0.205859090762161,
			"host_user":	0,
			"host_system":	0.20590851671432481,
			"remote_total":	0.19162984986402537,
			"remote_user":	0.022964072444419316,
			"remote_system":	0.16868572016597549
		}
	},