{
	"start":	{
		"connected":	[{
				"socket":	5,
				"local_host":	"fd00::8",
				"local_port":	41430,
				"remote_host":	"fd00::4",
				"remote_port":	5123
			}],
		"version":	"iperf 3.18",
		"system_info":	"Linux RPI08 6.12.47+rpt-rpi-v7 #1 SMP Raspbian 1:6.12.47-1+rpt1 (2025-09-16) armv7l",
		"timestamp":	{
			"time":	"Sun, 10 May 2026 12:18:01 GMT",
			"timesecs":	1778415481
		},
		"connecting_to":	{
			"host":	"fd00::4",
			"port":	5123
		},
		"cookie":	"xk5wjl3ezpyn3mzgnqxmr6lwomhcxrdd7k5n",
		"target_bitrate":	80000,
		"fq_rate":	0,
		"sock_bufsize":	0,
		"sndbuf_actual":	180224,
		"rcvbuf_actual":	180224,
		"test_start":	{
			"protocol":	"UDP",
			"num_streams":	1,
			"blksize":	128,
			"omit":	0,
			"duration":	10,
			"bytes":	0,
			"blocks":	0,
			"reverse":	0,
			"tos":	0,
			"target_bitrate":	80000,
			"bidir":	0,
			"fqrate":	0,
			"interval":	1
		}
	},
	"intervals":	[{
			"streams":	[{
					"socket":	5,
					"start":	0,
					"end":	1.000916,
					"seconds":	1.0009160041809082,
					"bytes":	10112,
					"bits_per_second":	80821.966740556425,
					"packets":	79,
					"omitted":	false,
					"sender":	true
				}],
			"sum":	{
				"start":	0,
				"end":	1.000916,
				"seconds":	1.0009160041809082,
				"bytes":	10112,
				"bits_per_second":	80821.966740556425,
				"packets":	79,
				"omitted":	false,
				"sender":	true
			}
		}, {
			"streams":	[{
					"socket":	5,
					"start":	1.000916,
					"end":	2.001139,
					"seconds":	1.0002230405807495,
					"bytes":	9984,
					"bits_per_second":	79854.189275248762,
					"packets":	78,
					"omitted":	false,
					"sender":	true
				}],
			"sum":	{
				"start":	1.000916,
				"end":	2.001139,
				"seconds":	1.0002230405807495,
				"bytes":	9984,
				"bits_per_second":	79854.189275248762,
				"packets":	78,
				"omitted":	false,
				"sender":	true
			}
		}, {
			"streams":	[{
					"socket":	5,
					"start":	2.001139,
					"end":	3.001132,
					"seconds":	0.99999302625656128,
					"bytes":	9984,
					"bits_per_second":	79872.5570107204,
					"packets":	78,
					"omitted":	false,
					"sender":	true
				}],
			"sum":	{
				"start":	2.001139,
				"end":	3.001132,
				"seconds":	0.99999302625656128,
				"bytes":	9984,
				"bits_per_second":	79872.5570107204,
				"packets":	78,
				"omitted":	false,
				"sender":	true
			}
		}, {
			"streams":	[{
					"socket":	5,
					"start":	3.001132,
					"end":	4.001147,
					"seconds":	1.0000150203704834,
					"bytes":	9984,
					"bits_per_second":	79870.8003109885,
					"packets":	78,
					"omitted":	false,
					"sender":	true
				}],
			"sum":	{
				"start":	3.001132,
				"end":	4.001147,
				"seconds":	1.0000150203704834,
				"bytes":	9984,
				"bits_per_second":	79870.8003109885,
				"packets":	78,
				"omitted":	false,
				"sender":	true
			}
		}, {
			"streams":	[{
					"socket":	5,
					"start":	4.001147,
					"end":	5.001146,
					"seconds":	0.99999898672103882,
					"bytes":	9984,
					"bits_per_second":	79872.0809326992,
					"packets":	78,
					"omitted":	false,
					"sender":	true
				}],
			"sum":	{
				"start":	4.001147,
				"end":	5.001146,
				"seconds":	0.99999898672103882,
				"bytes":	9984,
				"bits_per_second":	79872.0809326992,
				"packets":	78,
				"omitted":	false,
				"sender":	true
			}
		}, {
			"streams":	[{
					"socket":	5,
					"start":	5.001146,
					"end":	6.001131,
					"seconds":	0.9999849796295166,
					"bytes":	9984,
					"bits_per_second":	79873.199725051571,
					"packets":	78,
					"omitted":	false,
					"sender":	true
				}],
			"sum":	{
				"start":	5.001146,
				"end":	6.001131,
				"seconds":	0.9999849796295166,
				"bytes":	9984,
				"bits_per_second":	79873.199725051571,
				"packets":	78,
				"omitted":	false,
				"sender":	true
			}
		}, {
			"streams":	[{
					"socket":	5,
					"start":	6.001131,
					"end":	7.001127,
					"seconds":	0.9999960064888,
					"bytes":	9984,
					"bits_per_second":	79872.3189710004,
					"packets":	78,
					"omitted":	false,
					"sender":	true
				}],
			"sum":	{
				"start":	6.001131,
				"end":	7.001127,
				"seconds":	0.9999960064888,
				"bytes":	9984,
				"bits_per_second":	79872.3189710004,
				"packets":	78,
				"omitted":	false,
				"sender":	true
			}
		}, {
			"streams":	[{
					"socket":	5,
					"start":	7.001127,
					"end":	8.001153,
					"seconds":	1.0000259876251221,
					"bytes":	10112,
					"bits_per_second":	80893.897759710351,
					"packets":	79,
					"omitted":	false,
					"sender":	true
				}],
			"sum":	{
				"start":	7.001127,
				"end":	8.001153,
				"seconds":	1.0000259876251221,
				"bytes":	10112,
				"bits_per_second":	80893.897759710351,
				"packets":	79,
				"omitted":	false,
				"sender":	true
			}
		}, {
			"streams":	[{
					"socket":	5,
					"start":	8.001153,
					"end":	9.00113,
					"seconds":	0.9999769926071167,
					"bytes":	9984,
					"bits_per_second":	79873.8376887648,
					"packets":	78,
					"omitted":	false,
					"sender":	true
				}],
			"sum":	{
				"start":	8.001153,
				"end":	9.00113,
				"seconds":	0.9999769926071167,
				"bytes":	9984,
				"bits_per_second":	79873.8376887648,
				"packets":	78,
				"omitted":	false,
				"sender":	true
			}
		}, {
			"streams":	[{
					"socket":	5,
					"start":	9.00113,
					"end":	10.002837,
					"seconds":	1.0017069578170776,
					"bytes":	9984,
					"bits_per_second":	79735.8941921071,
					"packets":	78,
					"omitted":	false,
					"sender":	true
				}],
			"sum":	{
				"start":	9.00113,
				"end":	10.002837,
				"seconds":	1.0017069578170776,
				"bytes":	9984,
				"bits_per_second":	79735.8941921071,
				"packets":	78,
				"omitted":	false,
				"sender":	true
			}
		}],
	"end":	{
		"streams":	[{
				"udp":	{
					"socket":	5,
					"start":	0,
					"end":	10.002837,
					"seconds":	10.002837,
					"bytes":	100096,
					"bits_per_second":	80054.088655048559,
					"jitter_ms":	8.72584305763511,
					"lost_packets":	424,
					"packets":	782,
					"lost_percent":	54.21994884910486,
					"out_of_order":	0,
					"sender":	true
				}
			}],
		"sum":	{
			"start":	0,
			"end":	10.042051,
			"seconds":	10.042051,
			"bytes":	100096,
			"bits_per_second":	80054.088655048559,
			"jitter_ms":	8.72584305763511,
			"lost_packets":	424,
			"packets":	782,
			"lost_percent":	54.21994884910486,
			"sender":	true
		},
		"sum_sent":	{
			"start":	0,
			"end":	10.002837,
			"seconds":	10.002837,
			"bytes":	100096,
			"bits_per_second":	80054.088655048559,
			"jitter_ms":	0,
			"lost_packets":	0,
			"packets":	782,
			"lost_percent":	0,
			"sender":	true
		},
		"sum_received":	{
			"start":	0,
			"end":	10.042051,
			"seconds":	10.042051,
			"bytes":	41728,
			"bits_per_second":	33242.611494404875,
			"jitter_ms":	8.72584305763511,
			"lost_packets":	424,
			"packets":	750,
			"lost_percent":	54.21994884910486,
			"sender":	false
		},
		"cpu_utilization_percent":	{
			"host_total":	0.94346322817942063,
			"host_user":	0.94345333655404662,
			"host_system":	0,
			"remote_total":	0.48207364558186955,
			"remote_user":	0.0014737441036543975,
			"remote_system":	0.48063973239993557
		}
	},