{
	"start":	{
		"connected":	[{
				"socket":	5,
				"local_host":	"fd00::8",
				"local_port":	39539,
				"remote_host":	"fd00::4",
				"remote_port":	5123
			}],
		"version":	"iperf 3.18",
		"system_info":	"Linux RPI08 6.12.47+rpt-rpi-v7 #1 SMP Raspbian 1:6.12.47-1+rpt1 (2025-09-16) armv7l",
		"timestamp":	{
			"time":	"Sun, 10 May 2026 12:16:48 GMT",
			"timesecs":	1778415408
		},
		"connecting_to":	{
			"host":	"fd00::4",
			"port":	5123
		},
		"cookie":	"gu5kiwpr2zngboln6uelzpesohbnhsqquvak",
		"target_bitrate":	60000,
		"fq_rate":	0,
		"sock_bufsize":	0,
		"sndbuf_actual":	180224,
		"rcvbuf_actual":	180224,
		"test_start":	{
			"protocol":	"UDP",
			"num_streams":	1,
			"blksize":	64,
			"omit":	0,
			"duration":	10,
			"bytes":	0,
			"blocks":	0,
			"reverse":	0,
			"tos":	0,
			"target_bitrate":	60000,
			"bidir":	0,
			"fqrate":	0,
			"interval":	1
		}
	},
	"intervals":	[{
			"streams":	[{
					"socket":	5,
					"start":	0,
					"end":	1.001151,
					"seconds":	1.0011509656906128,
					"bytes":	7552,
					"bits_per_second":	60346.5431992306,
					"packets":	118,
					"omitted":	false,
					"sender":	true
				}],
			"sum":	{
				"start":	0,
				"end":	1.001151,
				"seconds":	1.0011509656906128,
				"bytes":	7552,
				"bits_per_second":	60346.5431992306,
				"packets":	118,
				"omitted":	false,
				"sender":	true
			}
		}, {
			"streams":	[{
					"socket":	5,
					"start":	1.001151,
					"end":	2.001125,
					"seconds":	0.999974012374878,
					"bytes":	7488,
					"bits_per_second":	59905.556803152933,
					"packets":	117,
					"omitted":	false,
					"sender":	true
				}],
			"sum":	{
				"start":	1.001151,
				"end":	2.001125,
				"seconds":	0.999974012374878,
				"bytes":	7488,
				"bits_per_second":	59905.556803152933,
				"packets":	117,
				"omitted":	false,
				"sender":	true
			}
		}, {
			"streams":	[{
					"socket":	5,
					"start":	2.001125,
					"end":	3.001127,
					"seconds":	1.0000020265579224,
					"bytes":	7488,
					"bits_per_second":	59903.878601320241,
					"packets":	117,
					"omitted":	false,
					"sender":	true
				}],
			"sum":	{
				"start":	2.001125,
				"end":	3.001127,
				"seconds":	1.0000020265579224,
				"bytes":	7488,
				"bits_per_second":	59903.878601320241,
				"packets":	117,
				"omitted":	false,
				"sender":	true
			}
		}, {
			"streams":	[{
					"socket":	5,
					"start":	3.001127,
					"end":	4.001131,
					"seconds":	1.0000040531158447,
					"bytes":	7488,
					"bits_per_second":	59903.757203132518,
					"packets":	117,
					"omitted":	false,
					"sender":	true
				}],
			"sum":	{
				"start":	3.001127,
				"end":	4.001131,
				"seconds":	1.0000040531158447,
				"bytes":	7488,
				"bits_per_second":	59903.757203132518,
				"packets":	117,
				"omitted":	false,
				"sender":	true
			}
		}, {
			"streams":	[{
					"socket":	5,
					"start":	4.001131,
					"end":	5.001125,
					"seconds":	0.99999397993087769,
					"bytes":	7552,
					"bits_per_second":	60416.363710685655,
					"packets":	118,
					"omitted":	false,
					"sender":	true
				}],
			"sum":	{
				"start":	4.001131,
				"end":	5.001125,
				"seconds":	0.99999397993087769,
				"bytes":	7552,
				"bits_per_second":	60416.363710685655,
				"packets":	118,
				"omitted":	false,
				"sender":	true
			}
		}, {
			"streams":	[{
					"socket":	5,
					"start":	5.001125,
					"end":	6.001123,
					"seconds":	0.99999797344207764,
					"bytes":	7488,
					"bits_per_second":	59904.1213991718,
					"packets":	117,
					"omitted":	false,
					"sender":	true
				}],
			"sum":	{
				"start":	5.001125,
				"end":	6.001123,
				"seconds":	0.99999797344207764,
				"bytes":	7488,
				"bits_per_second":	59904.1213991718,
				"packets":	117,
				"omitted":	false,
				"sender":	true
			}
		}, {
			"streams":	[{
					"socket":	5,
					"start":	6.001123,
					"end":	7.001125,
					"seconds":	1.0000020265579224,
					"bytes":	7488,
					"bits_per_second":	59903.878601320241,
					"packets":	117,
					"omitted":	false,
					"sender":	true
				}],
			"sum":	{
				"start":	6.001123,
				"end":	7.001125,
				"seconds":	1.0000020265579224,
				"bytes":	7488,
				"bits_per_second":	59903.878601320241,
				"packets":	117,
				"omitted":	false,
				"sender":	true
			}
		}, {
			"streams":	[{
					"socket":	5,
					"start":	7.001125,
					"end":	8.001122,
					"seconds":	0.99999701976776123,
					"bytes":	7488,
					"bits_per_second":	59904.178528364086,
					"packets":	117,
					"omitted":	false,
					"sender":	true
				}],
			"sum":	{
				"start":	7.001125,
				"end":	8.001122,
				"seconds":	0.99999701976776123,
				"bytes":	7488,
				"bits_per_second":	59904.178528364086,
				"packets":	117,
				"omitted":	false,
				"sender":	true
			}
		}, {
			"streams":	[{
					"socket":	5,
					"start":	8.001122,
					"end":	9.001124,
					"seconds":	1.0000020265579224,
					"bytes":	7488,
					"bits_per_second":	59903.878601320241,
					"packets":	117,
					"omitted":	false,
					"sender":	true
				}],
			"sum":	{
				"start":	8.001122,
				"end":	9.001124,
				"seconds":	1.0000020265579224,
				"bytes":	7488,
				"bits_per_second":	59903.878601320241,
				"packets":	117,
				"omitted":	false,
				"sender":	true
			}
		}, {
			"streams":	[{
					"socket":	5,
					"start":	9.001124,
					"end":	10.002615,
					"seconds":	1.0014909505844116,
					"bytes":	7488,
					"bits_per_second":	59814.819060565176,
					"packets":	117,
					"omitted":	false,
					"sender":	true
				}],
			"sum":	{
				"start":	9.001124,
				"end":	10.002615,
				"seconds":	1.0014909505844116,
				"bytes":	7488,
				"bits_per_second":	59814.819060565176,
				"packets":	117,
				"omitted":	false,
				"sender":	true
			}
		}],
	"end":	{
		"streams":	[{
				"udp":	{
					"socket":	5,
					"start":	0,
					"end":	10.002615,
					"seconds":	10.002615,
					"bytes":	75008,
					"bits_per_second":	59990.7124286999,
					"jitter_ms":	5.495800030630928,
					"lost_packets":	359,
					"packets":	1172,
					"lost_percent":	30.631399317406142,
					"out_of_order":	0,
					"sender":	true
				}
			}],
		"sum":	{
			"start":	0,
			"end":	10.03785,
			"seconds":	10.03785,
			"bytes":	75008,
			"bits_per_second":	59990.7124286999,
			"jitter_ms":	5.495800030630928,
			"lost_packets":	359,
			"packets":	1172,
			"lost_percent":	30.631399317406142,
			"sender":	true
		},
		"sum_sent":	{
			"start":	0,
			"end":	10.002615,
			"seconds":	10.002615,
			"bytes":	75008,
			"bits_per_second":	59990.7124286999,
			"jitter_ms":	0,
			"lost_packets":	0,
			"packets":	1172,
			"lost_percent":	0,
			"sender":	true
		},
		"sum_received":	{
			"start":	0,
			"end":	10.03785,
			"seconds":	10.03785,
			"bytes":	51712,
			"bits_per_second":	41213.606499399772,
			"jitter_ms":	5.495800030630928,
			"lost_packets":	359,
			"packets":	1167,
			"lost_percent":	30.631399317406142,
			"sender":	false
		},
		"cpu_utilization_percent":	{
			"host_total":	1.1562004716883,
			"host_user":	0.23452815252254927,
			"host_system":	0.92163361336016036,
			"remote_total":	0.92886455572798821,
			"remote_user":	0.12741503290176928,
			"remote_system":	0.8014794090731856
		}
	},