{
	"start":	{
		"connected":	[{
				"socket":	5,
				"local_host":	"fd00::8",
				"local_port":	47342,
				"remote_host":	"fd00::4",
				"remote_port":	5123
			}],
		"version":	"iperf 3.18",
		"system_info":	"Linux RPI08 6.12.47+rpt-rpi-v7 #1 SMP Raspbian 1:6.12.47-1+rpt1 (2025-09-16) armv7l",
		"timestamp":	{
			"time":	"Sun, 10 May 2026 12:10:16 GMT",
			"timesecs":	1778415016
		},
		"connecting_to":	{
			"host":	"fd00::4",
			"port":	5123
		},
		"cookie":	"ez7l67iceuxnss6f3c2wxkyxvparxgsfbplh",
		"target_bitrate":	15000,
		"fq_rate":	0,
		"sock_bufsize":	0,
		"sndbuf_actual":	180224,
		"rcvbuf_actual":	180224,
		"test_start":	{
			"protocol":	"UDP",
			"num_streams":	1,
			"blksize":	1024,
			"omit":	0,
			"duration":	10,
			"bytes":	0,
			"blocks":	0,
			"reverse":	0,
			"tos":	0,
			"target_bitrate":	15000,
			"bidir":	0,
			"fqrate":	0,
			"interval":	1
		}
	},
	"intervals":	[{
			"streams":	[{
					"socket":	5,
					"start":	0,
					"end":	1.001151,
					"seconds":	1.0011509656906128,
					"bytes":	2048,
					"bits_per_second":	16365.164257418468,
					"packets":	2,
					"omitted":	false,
					"sender":	true
				}],
			"sum":	{
				"start":	0,
				"end":	1.001151,
				"seconds":	1.0011509656906128,
				"bytes":	2048,
				"bits_per_second":	16365.164257418468,
				"packets":	2,
				"omitted":	false,
				"sender":	true
			}
		}, {
			"streams":	[{
					"socket":	5,
					"start":	1.001151,
					"end":	2.00114,
					"seconds":	0.99998897314071655,
					"bytes":	2048,
					"bits_per_second":	16384.180666054679,
					"packets":	2,
					"omitted":	false,
					"sender":	true
				}],
			"sum":	{
				"start":	1.001151,
				"end":	2.00114,
				"seconds":	0.99998897314071655,
				"bytes":	2048,
				"bits_per_second":	16384.180666054679,
				"packets":	2,
				"omitted":	false,
				"sender":	true
			}
		}, {
			"streams":	[{
					"socket":	5,
					"start":	2.00114,
					"end":	3.001164,
					"seconds":	1.0000239610672,
					"bytes":	2048,
					"bits_per_second":	16383.607431281365,
					"packets":	2,
					"omitted":	false,
					"sender":	true
				}],
			"sum":	{
				"start":	2.00114,
				"end":	3.001164,
				"seconds":	1.0000239610672,
				"bytes":	2048,
				"bits_per_second":	16383.607431281365,
				"packets":	2,
				"omitted":	false,
				"sender":	true
			}
		}, {
			"streams":	[{
					"socket":	5,
					"start":	3.001164,
					"end":	4.001136,
					"seconds":	0.99997198581695557,
					"bytes":	2048,
					"bits_per_second":	16384.458997233432,
					"packets":	2,
					"omitted":	false,
					"sender":	true
				}],
			"sum":	{
				"start":	3.001164,
				"end":	4.001136,
				"seconds":	0.99997198581695557,
				"bytes":	2048,
				"bits_per_second":	16384.458997233432,
				"packets":	2,
				"omitted":	false,
				"sender":	true
			}
		}, {
			"streams":	[{
					"socket":	5,
					"start":	4.001136,
					"end":	5.001125,
					"seconds":	0.99998897314071655,
					"bytes":	2048,
					"bits_per_second":	16384.180666054679,
					"packets":	2,
					"omitted":	false,
					"sender":	true
				}],
			"sum":	{
				"start":	4.001136,
				"end":	5.001125,
				"seconds":	0.99998897314071655,
				"bytes":	2048,
				"bits_per_second":	16384.180666054679,
				"packets":	2,
				"omitted":	false,
				"sender":	true
			}
		}, {
			"streams":	[{
					"socket":	5,
					"start":	5.001125,
					"end":	6.00114,
					"seconds":	1.0000150203704834,
					"bytes":	1024,
					"bits_per_second":	8191.8769549731815,
					"packets":	1,
					"omitted":	false,
					"sender":	true
				}],
			"sum":	{
				"start":	5.001125,
				"end":	6.00114,
				"seconds":	1.0000150203704834,
				"bytes":	1024,
				"bits_per_second":	8191.8769549731815,
				"packets":	1,
				"omitted":	false,
				"sender":	true
			}
		}, {
			"streams":	[{
					"socket":	5,
					"start":	6.00114,
					"end":	7.001168,
					"seconds":	1.0000280141830444,
					"bytes":	2048,
					"bits_per_second":	16383.541028482712,
					"packets":	2,
					"omitted":	false,
					"sender":	true
				}],
			"sum":	{
				"start":	6.00114,
				"end":	7.001168,
				"seconds":	1.0000280141830444,
				"bytes":	2048,
				"bits_per_second":	16383.541028482712,
				"packets":	2,
				"omitted":	false,
				"sender":	true
			}
		}, {
			"streams":	[{
					"socket":	5,
					"start":	7.001168,
					"end":	8.001199,
					"seconds":	1.0000309944152832,
					"bytes":	2048,
					"bits_per_second":	16383.492203238864,
					"packets":	2,
					"omitted":	false,
					"sender":	true
				}],
			"sum":	{
				"start":	7.001168,
				"end":	8.001199,
				"seconds":	1.0000309944152832,
				"bytes":	2048,
				"bits_per_second":	16383.492203238864,
				"packets":	2,
				"omitted":	false,
				"sender":	true
			}
		}, {
			"streams":	[{
					"socket":	5,
					"start":	8.001199,
					"end":	9.001115,
					"seconds":	0.99991601705551147,
					"bytes":	2048,
					"bits_per_second":	16385.376092130769,
					"packets":	2,
					"omitted":	false,
					"sender":	true
				}],
			"sum":	{
				"start":	8.001199,
				"end":	9.001115,
				"seconds":	0.99991601705551147,
				"bytes":	2048,
				"bits_per_second":	16385.376092130769,
				"packets":	2,
				"omitted":	false,
				"sender":	true
			}
		}, {
			"streams":	[{
					"socket":	5,
					"start":	9.001115,
					"end":	10.002896,
					"seconds":	1.0017809867858887,
					"bytes":	2048,
					"bits_per_second":	16354.872188746944,
					"packets":	2,
					"omitted":	false,
					"sender":	true
				}],
			"sum":	{
				"start":	9.001115,
				"end":	10.002896,
				"seconds":	1.0017809867858887,
				"bytes":	2048,
				"bits_per_second":	16354.872188746944,
				"packets":	2,
				"omitted":	false,
				"sender":	true
			}
		}],
	"end":	{
		"streams":	[{
				"udp":	{
					"socket":	5,
					"start":	0,
					"end":	10.002896,
					"seconds":	10.002896,
					"bytes":	19456,
					"bits_per_second":	15560.293738933206,
					"jitter_ms":	3.6326297674782735,
					"lost_packets":	2,
					"packets":	19,
					"lost_percent":	10.526315789473685,
					"out_of_order":	0,
					"sender":	true
				}
			}],
		"sum":	{
			"start":	0,
			"end":	10.026035,
			"seconds":	10.026035,
			"bytes":	19456,
			"bits_per_second":	15560.293738933206,
			"jitter_ms":	3.6326297674782735,
			"lost_packets":	2,
			"packets":	19,
			"lost_percent":	10.526315789473685,
			"sender":	true
		},
		"sum_sent":	{
			"start":	0,
			"end":	10.002896,
			"seconds":	10.002896,
			"bytes":	19456,
			"bits_per_second":	15560.293738933206,
			"jitter_ms":	0,
			"lost_packets":	0,
			"packets":	19,
			"lost_percent":	0,
			"sender":	true
		},
		"sum_received":	{
			"start":	0,
			"end":	10.026035,
			"seconds":	10.026035,
			"bytes":	17408,
			"bits_per_second":	13890.236768573021,
			"jitter_ms":	3.6326297674782735,
			"lost_packets":	2,
			"packets":	19,
			"lost_percent":	10.526315789473685,
			"sender":	false
		},
		"cpu_utilization_percent":	{
			"host_total":	0.11417537151429641,
			"host_user":	0,
			"host_system":	0.11430373611082724,
			"remote_total":	0.087570198285658776,
			"remote_user":	0,
			"remote_system":	0.0875801721123428
		}
	},