{
	"start":	{
		"connected":	[{
				"socket":	5,
				"local_host":	"fd00::2",
				"local_port":	38428,
				"remote_host":	"fd00::8",
				"remote_port":	5123
			}],
		"version":	"iperf 3.18",
		"system_info":	"Linux rpi02 6.12.75+rpt-rpi-v6 #1 Raspbian 1:6.12.75-1+rpt1 (2026-03-11) armv6l",
		"timestamp":	{
			"time":	"Sat, 09 May 2026 14:51:25 GMT",
			"timesecs":	1778338285
		},
		"connecting_to":	{
			"host":	"fd00::8",
			"port":	5123
		},
		"cookie":	"u2ruagcc2dgxmtzletmabegfqvg2esse5sui",
		"target_bitrate":	10000,
		"fq_rate":	0,
		"sock_bufsize":	0,
		"sndbuf_actual":	180224,
		"rcvbuf_actual":	180224,
		"test_start":	{
			"protocol":	"UDP",
			"num_streams":	1,
			"blksize":	256,
			"omit":	0,
			"duration":	10,
			"bytes":	0,
			"blocks":	0,
			"reverse":	0,
			"tos":	0,
			"target_bitrate":	10000,
			"bidir":	0,
			"fqrate":	0,
			"interval":	1
		}
	},
	"intervals":	[{
			"streams":	[{
					"socket":	5,
					"start":	0,
					"end":	1.001207,
					"seconds":	1.0012069940567017,
					"bytes":	1280,
					"bits_per_second":	10227.655280862005,
					"packets":	5,
					"omitted":	false,
					"sender":	true
				}],
			"sum":	{
				"start":	0,
				"end":	1.001207,
				"seconds":	1.0012069940567017,
				"bytes":	1280,
				"bits_per_second":	10227.655280862005,
				"packets":	5,
				"omitted":	false,
				"sender":	true
			}
		}, {
			"streams":	[{
					"socket":	5,
					"start":	1.001207,
					"end":	2.001244,
					"seconds":	1.0000369548797607,
					"bytes":	1280,
					"bits_per_second":	10239.621596015124,
					"packets":	5,
					"omitted":	false,
					"sender":	true
				}],
			"sum":	{
				"start":	1.001207,
				"end":	2.001244,
				"seconds":	1.0000369548797607,
				"bytes":	1280,
				"bits_per_second":	10239.621596015124,
				"packets":	5,
				"omitted":	false,
				"sender":	true
			}
		}, {
			"streams":	[{
					"socket":	5,
					"start":	2.001244,
					"end":	3.001248,
					"seconds":	1.0000040531158447,
					"bytes":	1280,
					"bits_per_second":	10239.95849626197,
					"packets":	5,
					"omitted":	false,
					"sender":	true
				}],
			"sum":	{
				"start":	2.001244,
				"end":	3.001248,
				"seconds":	1.0000040531158447,
				"bytes":	1280,
				"bits_per_second":	10239.95849626197,
				"packets":	5,
				"omitted":	false,
				"sender":	true
			}
		}, {
			"streams":	[{
					"socket":	5,
					"start":	3.001248,
					"end":	4.001244,
					"seconds":	0.9999960064888,
					"bytes":	1280,
					"bits_per_second":	10240.040893717996,
					"packets":	5,
					"omitted":	false,
					"sender":	true
				}],
			"sum":	{
				"start":	3.001248,
				"end":	4.001244,
				"seconds":	0.9999960064888,
				"bytes":	1280,
				"bits_per_second":	10240.040893717996,
				"packets":	5,
				"omitted":	false,
				"sender":	true
			}
		}, {
			"streams":	[{
					"socket":	5,
					"start":	4.001244,
					"end":	5.001227,
					"seconds":	0.999983012676239,
					"bytes":	1280,
					"bits_per_second":	10240.173953150312,
					"packets":	5,
					"omitted":	false,
					"sender":	true
				}],
			"sum":	{
				"start":	4.001244,
				"end":	5.001227,
				"seconds":	0.999983012676239,
				"bytes":	1280,
				"bits_per_second":	10240.173953150312,
				"packets":	5,
				"omitted":	false,
				"sender":	true
			}
		}, {
			"streams":	[{
					"socket":	5,
					"start":	5.001227,
					"end":	6.001238,
					"seconds":	1.0000109672546387,
					"bytes":	1280,
					"bits_per_second":	10239.887696544161,
					"packets":	5,
					"omitted":	false,
					"sender":	true
				}],
			"sum":	{
				"start":	5.001227,
				"end":	6.001238,
				"seconds":	1.0000109672546387,
				"bytes":	1280,
				"bits_per_second":	10239.887696544161,
				"packets":	5,
				"omitted":	false,
				"sender":	true
			}
		}, {
			"streams":	[{
					"socket":	5,
					"start":	6.001238,
					"end":	7.001234,
					"seconds":	0.9999960064888,
					"bytes":	1280,
					"bits_per_second":	10240.040893717996,
					"packets":	5,
					"omitted":	false,
					"sender":	true
				}],
			"sum":	{
				"start":	6.001238,
				"end":	7.001234,
				"seconds":	0.9999960064888,
				"bytes":	1280,
				"bits_per_second":	10240.040893717996,
				"packets":	5,
				"omitted":	false,
				"sender":	true
			}
		}, {
			"streams":	[{
					"socket":	5,
					"start":	7.001234,
					"end":	8.001231,
					"seconds":	0.99999701976776123,
					"bytes":	1280,
					"bits_per_second":	10240.030517669074,
					"packets":	5,
					"omitted":	false,
					"sender":	true
				}],
			"sum":	{
				"start":	7.001234,
				"end":	8.001231,
				"seconds":	0.99999701976776123,
				"bytes":	1280,
				"bits_per_second":	10240.030517669074,
				"packets":	5,
				"omitted":	false,
				"sender":	true
			}
		}, {
			"streams":	[{
					"socket":	5,
					"start":	8.001231,
					"end":	9.001243,
					"seconds":	1.0000120401382446,
					"bytes":	1024,
					"bits_per_second":	8191.9013683750381,
					"packets":	4,
					"omitted":	false,
					"sender":	true
				}],
			"sum":	{
				"start":	8.001231,
				"end":	9.001243,
				"seconds":	1.0000120401382446,
				"bytes":	1024,
				"bits_per_second":	8191.9013683750381,
				"packets":	4,
				"omitted":	false,
				"sender":	true
			}
		}, {
			"streams":	[{
					"socket":	5,
					"start":	9.001243,
					"end":	10.003967,
					"seconds":	1.0027240514755249,
					"bytes":	1280,
					"bits_per_second":	10212.181491938556,
					"packets":	5,
					"omitted":	false,
					"sender":	true
				}],
			"sum":	{
				"start":	9.001243,
				"end":	10.003967,
				"seconds":	1.0027240514755249,
				"bytes":	1280,
				"bits_per_second":	10212.181491938556,
				"packets":	5,
				"omitted":	false,
				"sender":	true
			}
		}],
	"end":	{
		"streams":	[{
				"udp":	{
					"socket":	5,
					"start":	0,
					"end":	10.003967,
					"seconds":	10.003967,
					"bytes":	12544,
					"bits_per_second":	10031.220614782116,
					"jitter_ms":	3.05961248659959,
					"lost_packets":	1,
					"packets":	49,
					"lost_percent":	2.0408163265306123,
					"out_of_order":	0,
					"sender":	true
				}
			}],
		"sum":	{
			"start":	0,
			"end":	10.025867,
			"seconds":	10.025867,
			"bytes":	12544,
			"bits_per_second":	10031.220614782116,
			"jitter_ms":	3.05961248659959,
			"lost_packets":	1,
			"packets":	49,
			"lost_percent":	2.0408163265306123,
			"sender":	true
		},
		"sum_sent":	{
			"start":	0,
			"end":	10.003967,
			"seconds":	10.003967,
			"bytes":	12544,
			"bits_per_second":	10031.220614782116,
			"jitter_ms":	0,
			"lost_packets":	0,
			"packets":	49,
			"lost_percent":	0,
			"sender":	true
		},
		"sum_received":	{
			"start":	0,
			"end":	10.025867,
			"seconds":	10.025867,
			"bytes":	12288,
			"bits_per_second":	9805.03730999025,
			"jitter_ms":	3.05961248659959,
			"lost_packets":	1,
			"packets":	49,
			"lost_percent":	2.0408163265306123,
			"sender":	false
		},
		"cpu_utilization_percent":	{
			"host_total":	0.30899018586666727,
			"host_user":	0,
			"host_system":	0.308950641449983,
			"remote_total":	0.0628766527438368,
			"remote_user":	0.020107762044983338,
			"remote_system":	0.042738968433905553
		}
	},