{
	"start":	{
		"connected":	[{
				"socket":	5,
				"local_host":	"fd00::2",
				"local_port":	46780,
				"remote_host":	"fd00::8",
				"remote_port":	5123
			}],
		"version":	"iperf 3.18",
		"system_info":	"Linux rpi02 6.12.75+rpt-rpi-v6 #1 Raspbian 1:6.12.75-1+rpt1 (2026-03-11) armv6l",
		"timestamp":	{
			"time":	"Sat, 09 May 2026 14:53:27 GMT",
			"timesecs":	1778338407
		},
		"connecting_to":	{
			"host":	"fd00::8",
			"port":	5123
		},
		"cookie":	"ucq5hcyie43axrkgu3gpxb25zui3dzwdp3uc",
		"target_bitrate":	80000,
		"fq_rate":	0,
		"sock_bufsize":	0,
		"sndbuf_actual":	180224,
		"rcvbuf_actual":	180224,
		"test_start":	{
			"protocol":	"UDP",
			"num_streams":	1,
			"blksize":	512,
			"omit":	0,
			"duration":	10,
			"bytes":	0,
			"blocks":	0,
			"reverse":	0,
			"tos":	0,
			"target_bitrate":	80000,
			"bidir":	0,
			"fqrate":	0,
			"interval":	1
		}
	},
	"intervals":	[{
			"streams":	[{
					"socket":	5,
					"start":	0,
					"end":	1.00098,
					"seconds":	1.000980019569397,
					"bytes":	10240,
					"bits_per_second":	81839.795398953574,
					"packets":	20,
					"omitted":	false,
					"sender":	true
				}],
			"sum":	{
				"start":	0,
				"end":	1.00098,
				"seconds":	1.000980019569397,
				"bytes":	10240,
				"bits_per_second":	81839.795398953574,
				"packets":	20,
				"omitted":	false,
				"sender":	true
			}
		}, {
			"streams":	[{
					"socket":	5,
					"start":	1.00098,
					"end":	2.001239,
					"seconds":	1.0002590417861938,
					"bytes":	10240,
					"bits_per_second":	81898.784792500242,
					"packets":	20,
					"omitted":	false,
					"sender":	true
				}],
			"sum":	{
				"start":	1.00098,
				"end":	2.001239,
				"seconds":	1.0002590417861938,
				"bytes":	10240,
				"bits_per_second":	81898.784792500242,
				"packets":	20,
				"omitted":	false,
				"sender":	true
			}
		}, {
			"streams":	[{
					"socket":	5,
					"start":	2.001239,
					"end":	3.001238,
					"seconds":	0.99999898672103882,
					"bytes":	9728,
					"bits_per_second":	77824.0788575018,
					"packets":	19,
					"omitted":	false,
					"sender":	true
				}],
			"sum":	{
				"start":	2.001239,
				"end":	3.001238,
				"seconds":	0.99999898672103882,
				"bytes":	9728,
				"bits_per_second":	77824.0788575018,
				"packets":	19,
				"omitted":	false,
				"sender":	true
			}
		}, {
			"streams":	[{
					"socket":	5,
					"start":	3.001238,
					"end":	4.001245,
					"seconds":	1.0000070333480835,
					"bytes":	10240,
					"bits_per_second":	81919.4238321774,
					"packets":	20,
					"omitted":	false,
					"sender":	true
				}],
			"sum":	{
				"start":	3.001238,
				"end":	4.001245,
				"seconds":	1.0000070333480835,
				"bytes":	10240,
				"bits_per_second":	81919.4238321774,
				"packets":	20,
				"omitted":	false,
				"sender":	true
			}
		}, {
			"streams":	[{
					"socket":	5,
					"start":	4.001245,
					"end":	5.001237,
					"seconds":	0.9999920129776,
					"bytes":	9728,
					"bits_per_second":	77824.6215869959,
					"packets":	19,
					"omitted":	false,
					"sender":	true
				}],
			"sum":	{
				"start":	4.001245,
				"end":	5.001237,
				"seconds":	0.9999920129776,
				"bytes":	9728,
				"bits_per_second":	77824.6215869959,
				"packets":	19,
				"omitted":	false,
				"sender":	true
			}
		}, {
			"streams":	[{
					"socket":	5,
					"start":	5.001237,
					"end":	6.001236,
					"seconds":	0.99999898672103882,
					"bytes":	10240,
					"bits_per_second":	81920.0830078966,
					"packets":	20,
					"omitted":	false,
					"sender":	true
				}],
			"sum":	{
				"start":	5.001237,
				"end":	6.001236,
				"seconds":	0.99999898672103882,
				"bytes":	10240,
				"bits_per_second":	81920.0830078966,
				"packets":	20,
				"omitted":	false,
				"sender":	true
			}
		}, {
			"streams":	[{
					"socket":	5,
					"start":	6.001236,
					"end":	7.001245,
					"seconds":	1.0000089406967163,
					"bytes":	9728,
					"bits_per_second":	77823.304205439636,
					"packets":	19,
					"omitted":	false,
					"sender":	true
				}],
			"sum":	{
				"start":	6.001236,
				"end":	7.001245,
				"seconds":	1.0000089406967163,
				"bytes":	9728,
				"bits_per_second":	77823.304205439636,
				"packets":	19,
				"omitted":	false,
				"sender":	true
			}
		}, {
			"streams":	[{
					"socket":	5,
					"start":	7.001245,
					"end":	8.00124,
					"seconds":	0.999994993209839,
					"bytes":	10240,
					"bits_per_second":	81920.4101583036,
					"packets":	20,
					"omitted":	false,
					"sender":	true
				}],
			"sum":	{
				"start":	7.001245,
				"end":	8.00124,
				"seconds":	0.999994993209839,
				"bytes":	10240,
				"bits_per_second":	81920.4101583036,
				"packets":	20,
				"omitted":	false,
				"sender":	true
			}
		}, {
			"streams":	[{
					"socket":	5,
					"start":	8.00124,
					"end":	9.001239,
					"seconds":	0.99999898672103882,
					"bytes":	9728,
					"bits_per_second":	77824.0788575018,
					"packets":	19,
					"omitted":	false,
					"sender":	true
				}],
			"sum":	{
				"start":	8.00124,
				"end":	9.001239,
				"seconds":	0.99999898672103882,
				"bytes":	9728,
				"bits_per_second":	77824.0788575018,
				"packets":	19,
				"omitted":	false,
				"sender":	true
			}
		}, {
			"streams":	[{
					"socket":	5,
					"start":	9.001239,
					"end":	10.003726,
					"seconds":	1.0024869441986084,
					"bytes":	10240,
					"bits_per_second":	81716.7749406324,
					"packets":	20,
					"omitted":	false,
					"sender":	true
				}],
			"sum":	{
				"start":	9.001239,
				"end":	10.003726,
				"seconds":	1.0024869441986084,
				"bytes":	10240,
				"bits_per_second":	81716.7749406324,
				"packets":	20,
				"omitted":	false,
				"sender":	true
			}
		}],
	"end":	{
		"streams":	[{
				"udp":	{
					"socket":	5,
					"start":	0,
					"end":	10.003726,
					"seconds":	10.003726,
					"bytes":	100352,
					"bits_per_second":	80251.698217244251,
					"jitter_ms":	2.9425512497498509,
					"lost_packets":	82,
					"packets":	196,
					"lost_percent":	41.836734693877553,
					"out_of_order":	0,
					"sender":	true
				}
			}],
		"sum":	{
			"start":	0,
			"end":	10.025056,
			"seconds":	10.025056,
			"bytes":	100352,
			"bits_per_second":	80251.698217244251,
			"jitter_ms":	2.9425512497498509,
			"lost_packets":	82,
			"packets":	196,
			"lost_percent":	41.836734693877553,
			"sender":	true
		},
		"sum_sent":	{
			"start":	0,
			"end":	10.003726,
			"seconds":	10.003726,
			"bytes":	100352,
			"bits_per_second":	80251.698217244251,
			"jitter_ms":	0,
			"lost_packets":	0,
			"packets":	196,
			"lost_percent":	0,
			"sender":	true
		},
		"sum_received":	{
			"start":	0,
			"end":	10.025056,
			"seconds":	10.025056,
			"bytes":	57344,
			"bits_per_second":	45760.542385000146,
			"jitter_ms":	2.9425512497498509,
			"lost_packets":	82,
			"packets":	194,
			"lost_percent":	41.836734693877553,
			"sender":	false
		},
		"cpu_utilization_percent":	{
			"host_total":	0.82769861683980539,
			"host_user":	0.502895482793892,
			"host_system":	0.32475372982133849,
			"remote_total":	0.11274594785896412,
			"remote_user":	0,
			"remote_system":	0.11273597298964988
		}
	},