{
	"start":	{
		"connected":	[{
				"socket":	5,
				"local_host":	"fd00::2",
				"local_port":	57207,
				"remote_host":	"fd00::8",
				"remote_port":	5123
			}],
		"version":	"iperf 3.18",
		"system_info":	"Linux rpi02 6.12.75+rpt-rpi-v6 #1 Raspbian 1:6.12.75-1+rpt1 (2026-03-11) armv6l",
		"timestamp":	{
			"time":	"Sat, 09 May 2026 14:53:04 GMT",
			"timesecs":	1778338384
		},
		"connecting_to":	{
			"host":	"fd00::8",
			"port":	5123
		},
		"cookie":	"4ejlbhg64emaebcpnhjec6xhiecd5r3vlri5",
		"target_bitrate":	80000,
		"fq_rate":	0,
		"sock_bufsize":	0,
		"sndbuf_actual":	180224,
		"rcvbuf_actual":	180224,
		"test_start":	{
			"protocol":	"UDP",
			"num_streams":	1,
			"blksize":	128,
			"omit":	0,
			"duration":	10,
			"bytes":	0,
			"blocks":	0,
			"reverse":	0,
			"tos":	0,
			"target_bitrate":	80000,
			"bidir":	0,
			"fqrate":	0,
			"interval":	1
		}
	},
	"intervals":	[{
			"streams":	[{
					"socket":	5,
					"start":	0,
					"end":	1.001266,
					"seconds":	1.0012660026550293,
					"bytes":	10112,
					"bits_per_second":	80793.714942373277,
					"packets":	79,
					"omitted":	false,
					"sender":	true
				}],
			"sum":	{
				"start":	0,
				"end":	1.001266,
				"seconds":	1.0012660026550293,
				"bytes":	10112,
				"bits_per_second":	80793.714942373277,
				"packets":	79,
				"omitted":	false,
				"sender":	true
			}
		}, {
			"streams":	[{
					"socket":	5,
					"start":	1.001266,
					"end":	2.001248,
					"seconds":	0.99998199939727783,
					"bytes":	9984,
					"bits_per_second":	79873.437770021352,
					"packets":	78,
					"omitted":	false,
					"sender":	true
				}],
			"sum":	{
				"start":	1.001266,
				"end":	2.001248,
				"seconds":	0.99998199939727783,
				"bytes":	9984,
				"bits_per_second":	79873.437770021352,
				"packets":	78,
				"omitted":	false,
				"sender":	true
			}
		}, {
			"streams":	[{
					"socket":	5,
					"start":	2.001248,
					"end":	3.001285,
					"seconds":	1.0000369548797607,
					"bytes":	9984,
					"bits_per_second":	79869.048448917965,
					"packets":	78,
					"omitted":	false,
					"sender":	true
				}],
			"sum":	{
				"start":	2.001248,
				"end":	3.001285,
				"seconds":	1.0000369548797607,
				"bytes":	9984,
				"bits_per_second":	79869.048448917965,
				"packets":	78,
				"omitted":	false,
				"sender":	true
			}
		}, {
			"streams":	[{
					"socket":	5,
					"start":	3.001285,
					"end":	4.001254,
					"seconds":	0.9999690055847168,
					"bytes":	9984,
					"bits_per_second":	79874.4756626692,
					"packets":	78,
					"omitted":	false,
					"sender":	true
				}],
			"sum":	{
				"start":	3.001285,
				"end":	4.001254,
				"seconds":	0.9999690055847168,
				"bytes":	9984,
				"bits_per_second":	79874.4756626692,
				"packets":	78,
				"omitted":	false,
				"sender":	true
			}
		}, {
			"streams":	[{
					"socket":	5,
					"start":	4.001254,
					"end":	5.001257,
					"seconds":	1.0000029802322388,
					"bytes":	9984,
					"bits_per_second":	79871.761963600031,
					"packets":	78,
					"omitted":	false,
					"sender":	true
				}],
			"sum":	{
				"start":	4.001254,
				"end":	5.001257,
				"seconds":	1.0000029802322388,
				"bytes":	9984,
				"bits_per_second":	79871.761963600031,
				"packets":	78,
				"omitted":	false,
				"sender":	true
			}
		}, {
			"streams":	[{
					"socket":	5,
					"start":	5.001257,
					"end":	6.001254,
					"seconds":	0.99999701976776123,
					"bytes":	9984,
					"bits_per_second":	79872.2380378188,
					"packets":	78,
					"omitted":	false,
					"sender":	true
				}],
			"sum":	{
				"start":	5.001257,
				"end":	6.001254,
				"seconds":	0.99999701976776123,
				"bytes":	9984,
				"bits_per_second":	79872.2380378188,
				"packets":	78,
				"omitted":	false,
				"sender":	true
			}
		}, {
			"streams":	[{
					"socket":	5,
					"start":	6.001254,
					"end":	7.001253,
					"seconds":	0.99999898672103882,
					"bytes":	9984,
					"bits_per_second":	79872.0809326992,
					"packets":	78,
					"omitted":	false,
					"sender":	true
				}],
			"sum":	{
				"start":	6.001254,
				"end":	7.001253,
				"seconds":	0.99999898672103882,
				"bytes":	9984,
				"bits_per_second":	79872.0809326992,
				"packets":	78,
				"omitted":	false,
				"sender":	true
			}
		}, {
			"streams":	[{
					"socket":	5,
					"start":	7.001253,
					"end":	8.001252,
					"seconds":	0.99999898672103882,
					"bytes":	10112,
					"bits_per_second":	80896.0819702979,
					"packets":	79,
					"omitted":	false,
					"sender":	true
				}],
			"sum":	{
				"start":	7.001253,
				"end":	8.001252,
				"seconds":	0.99999898672103882,
				"bytes":	10112,
				"bits_per_second":	80896.0819702979,
				"packets":	79,
				"omitted":	false,
				"sender":	true
			}
		}, {
			"streams":	[{
					"socket":	5,
					"start":	8.001252,
					"end":	9.001343,
					"seconds":	1.0000909566879272,
					"bytes":	9984,
					"bits_per_second":	79864.735768152343,
					"packets":	78,
					"omitted":	false,
					"sender":	true
				}],
			"sum":	{
				"start":	8.001252,
				"end":	9.001343,
				"seconds":	1.0000909566879272,
				"bytes":	9984,
				"bits_per_second":	79864.735768152343,
				"packets":	78,
				"omitted":	false,
				"sender":	true
			}
		}, {
			"streams":	[{
					"socket":	5,
					"start":	9.001343,
					"end":	10.004035,
					"seconds":	1.0026919841766357,
					"bytes":	9984,
					"bits_per_second":	79657.563100583866,
					"packets":	78,
					"omitted":	false,
					"sender":	true
				}],
			"sum":	{
				"start":	9.001343,
				"end":	10.004035,
				"seconds":	1.0026919841766357,
				"bytes":	9984,
				"bits_per_second":	79657.563100583866,
				"packets":	78,
				"omitted":	false,
				"sender":	true
			}
		}],
	"end":	{
		"streams":	[{
				"udp":	{
					"socket":	5,
					"start":	0,
					"end":	10.004035,
					"seconds":	10.004035,
					"bytes":	100096,
					"bits_per_second":	80044.5020434255,
					"jitter_ms":	3.53967589667804,
					"lost_packets":	425,
					"packets":	782,
					"lost_percent":	54.347826086956523,
					"out_of_order":	0,
					"sender":	true
				}
			}],
		"sum":	{
			"start":	0,
			"end":	10.03316,
			"seconds":	10.03316,
			"bytes":	100096,
			"bits_per_second":	80044.5020434255,
			"jitter_ms":	3.53967589667804,
			"lost_packets":	425,
			"packets":	782,
			"lost_percent":	54.347826086956523,
			"sender":	true
		},
		"sum_sent":	{
			"start":	0,
			"end":	10.004035,
			"seconds":	10.004035,
			"bytes":	100096,
			"bits_per_second":	80044.5020434255,
			"jitter_ms":	0,
			"lost_packets":	0,
			"packets":	782,
			"lost_percent":	0,
			"sender":	true
		},
		"sum_received":	{
			"start":	0,
			"end":	10.03316,
			"seconds":	10.03316,
			"bytes":	45312,
			"bits_per_second":	36129.79360440778,
			"jitter_ms":	3.53967589667804,
			"lost_packets":	425,
			"packets":	779,
			"lost_percent":	54.347826086956523,
			"sender":	false
		},
		"cpu_utilization_percent":	{
			"host_total":	2.481784920613658,
			"host_user":	0.7757530364752292,
			"host_system":	1.7059931970729754,
			"remote_total":	0.2521909355383703,
			"remote_user":	0,
			"remote_system":	0.25218096869904139
		}
	},