{
	"start":	{
		"connected":	[{
				"socket":	5,
				"local_host":	"fd00::2",
				"local_port":	49176,
				"remote_host":	"fd00::8",
				"remote_port":	5123
			}],
		"version":	"iperf 3.18",
		"system_info":	"Linux rpi02 6.12.75+rpt-rpi-v6 #1 Raspbian 1:6.12.75-1+rpt1 (2026-03-11) armv6l",
		"timestamp":	{
			"time":	"Sat, 09 May 2026 14:52:19 GMT",
			"timesecs":	1778338339
		},
		"connecting_to":	{
			"host":	"fd00::8",
			"port":	5123
		},
		"cookie":	"w2vz2sjr5sxfwiauba6e72lulwtbntatxxyq",
		"target_bitrate":	40000,
		"fq_rate":	0,
		"sock_bufsize":	0,
		"sndbuf_actual":	180224,
		"rcvbuf_actual":	180224,
		"test_start":	{
			"protocol":	"UDP",
			"num_streams":	1,
			"blksize":	128,
			"omit":	0,
			"duration":	10,
			"bytes":	0,
			"blocks":	0,
			"reverse":	0,
			"tos":	0,
			"target_bitrate":	40000,
			"bidir":	0,
			"fqrate":	0,
			"interval":	1
		}
	},
	"intervals":	[{
			"streams":	[{
					"socket":	5,
					"start":	0,
					"end":	1.000969,
					"seconds":	1.0009690523147583,
					"bytes":	5120,
					"bits_per_second":	40920.3460439454,
					"packets":	40,
					"omitted":	false,
					"sender":	true
				}],
			"sum":	{
				"start":	0,
				"end":	1.000969,
				"seconds":	1.0009690523147583,
				"bytes":	5120,
				"bits_per_second":	40920.3460439454,
				"packets":	40,
				"omitted":	false,
				"sender":	true
			}
		}, {
			"streams":	[{
					"socket":	5,
					"start":	1.000969,
					"end":	2.001233,
					"seconds":	1.000264048576355,
					"bytes":	4992,
					"bits_per_second":	39925.4577397235,
					"packets":	39,
					"omitted":	false,
					"sender":	true
				}],
			"sum":	{
				"start":	1.000969,
				"end":	2.001233,
				"seconds":	1.000264048576355,
				"bytes":	4992,
				"bits_per_second":	39925.4577397235,
				"packets":	39,
				"omitted":	false,
				"sender":	true
			}
		}, {
			"streams":	[{
					"socket":	5,
					"start":	2.001233,
					"end":	3.00124,
					"seconds":	1.0000070333480835,
					"bytes":	4992,
					"bits_per_second":	39935.719118186476,
					"packets":	39,
					"omitted":	false,
					"sender":	true
				}],
			"sum":	{
				"start":	2.001233,
				"end":	3.00124,
				"seconds":	1.0000070333480835,
				"bytes":	4992,
				"bits_per_second":	39935.719118186476,
				"packets":	39,
				"omitted":	false,
				"sender":	true
			}
		}, {
			"streams":	[{
					"socket":	5,
					"start":	3.00124,
					"end":	4.001243,
					"seconds":	1.0000029802322388,
					"bytes":	4992,
					"bits_per_second":	39935.880981800015,
					"packets":	39,
					"omitted":	false,
					"sender":	true
				}],
			"sum":	{
				"start":	3.00124,
				"end":	4.001243,
				"seconds":	1.0000029802322388,
				"bytes":	4992,
				"bits_per_second":	39935.880981800015,
				"packets":	39,
				"omitted":	false,
				"sender":	true
			}
		}, {
			"streams":	[{
					"socket":	5,
					"start":	4.001243,
					"end":	5.001255,
					"seconds":	1.0000120401382446,
					"bytes":	4992,
					"bits_per_second":	39935.5191708283,
					"packets":	39,
					"omitted":	false,
					"sender":	true
				}],
			"sum":	{
				"start":	4.001243,
				"end":	5.001255,
				"seconds":	1.0000120401382446,
				"bytes":	4992,
				"bits_per_second":	39935.5191708283,
				"packets":	39,
				"omitted":	false,
				"sender":	true
			}
		}, {
			"streams":	[{
					"socket":	5,
					"start":	5.001255,
					"end":	6.001329,
					"seconds":	1.000074028968811,
					"bytes":	4992,
					"bits_per_second":	39933.043797946149,
					"packets":	39,
					"omitted":	false,
					"sender":	true
				}],
			"sum":	{
				"start":	5.001255,
				"end":	6.001329,
				"seconds":	1.000074028968811,
				"bytes":	4992,
				"bits_per_second":	39933.043797946149,
				"packets":	39,
				"omitted":	false,
				"sender":	true
			}
		}, {
			"streams":	[{
					"socket":	5,
					"start":	6.001329,
					"end":	7.001246,
					"seconds":	0.999916970729828,
					"bytes":	4992,
					"bits_per_second":	39939.316132269632,
					"packets":	39,
					"omitted":	false,
					"sender":	true
				}],
			"sum":	{
				"start":	6.001329,
				"end":	7.001246,
				"seconds":	0.999916970729828,
				"bytes":	4992,
				"bits_per_second":	39939.316132269632,
				"packets":	39,
				"omitted":	false,
				"sender":	true
			}
		}, {
			"streams":	[{
					"socket":	5,
					"start":	7.001246,
					"end":	8.001257,
					"seconds":	1.0000109672546387,
					"bytes":	4992,
					"bits_per_second":	39935.562016522228,
					"packets":	39,
					"omitted":	false,
					"sender":	true
				}],
			"sum":	{
				"start":	7.001246,
				"end":	8.001257,
				"seconds":	1.0000109672546387,
				"bytes":	4992,
				"bits_per_second":	39935.562016522228,
				"packets":	39,
				"omitted":	false,
				"sender":	true
			}
		}, {
			"streams":	[{
					"socket":	5,
					"start":	8.001257,
					"end":	9.001249,
					"seconds":	0.9999920129776,
					"bytes":	4992,
					"bits_per_second":	39936.3189722742,
					"packets":	39,
					"omitted":	false,
					"sender":	true
				}],
			"sum":	{
				"start":	8.001257,
				"end":	9.001249,
				"seconds":	0.9999920129776,
				"bytes":	4992,
				"bits_per_second":	39936.3189722742,
				"packets":	39,
				"omitted":	false,
				"sender":	true
			}
		}, {
			"streams":	[{
					"socket":	5,
					"start":	9.001249,
					"end":	10.003946,
					"seconds":	1.0026969909667969,
					"bytes":	4992,
					"bits_per_second":	39828.582672312448,
					"packets":	39,
					"omitted":	false,
					"sender":	true
				}],
			"sum":	{
				"start":	9.001249,
				"end":	10.003946,
				"seconds":	1.0026969909667969,
				"bytes":	4992,
				"bits_per_second":	39828.582672312448,
				"packets":	39,
				"omitted":	false,
				"sender":	true
			}
		}],
	"end":	{
		"streams":	[{
				"udp":	{
					"socket":	5,
					"start":	0,
					"end":	10.003946,
					"seconds":	10.003946,
					"bytes":	50048,
					"bits_per_second":	40022.607079246533,
					"jitter_ms":	2.1700299262312415,
					"lost_packets":	7,
					"packets":	391,
					"lost_percent":	1.7902813299232736,
					"out_of_order":	0,
					"sender":	true
				}
			}],
		"sum":	{
			"start":	0,
			"end":	10.014442,
			"seconds":	10.014442,
			"bytes":	50048,
			"bits_per_second":	40022.607079246533,
			"jitter_ms":	2.1700299262312415,
			"lost_packets":	7,
			"packets":	391,
			"lost_percent":	1.7902813299232736,
			"sender":	true
		},
		"sum_sent":	{
			"start":	0,
			"end":	10.003946,
			"seconds":	10.003946,
			"bytes":	50048,
			"bits_per_second":	40022.607079246533,
			"jitter_ms":	0,
			"lost_packets":	0,
			"packets":	391,
			"lost_percent":	0,
			"sender":	true
		},
		"sum_received":	{
			"start":	0,
			"end":	10.014442,
			"seconds":	10.014442,
			"bytes":	49152,
			"bits_per_second":	39264.893640604234,
			"jitter_ms":	2.1700299262312415,
			"lost_packets":	7,
			"packets":	391,
			"lost_percent":	1.7902813299232736,
			"sender":	false
		},
		"cpu_utilization_percent":	{
			"host_total":	1.464769979869351,
			"host_user":	0.3677845932549817,
			"host_system":	1.0969359425681693,
			"remote_total":	0.22519232265131006,
			"remote_user":	0.0901088825649797,
			"remote_system":	0.13506346914604558
		}
	},