{
	"start":	{
		"connected":	[{
				"socket":	5,
				"local_host":	"192.168.137.136",
				"local_port":	48571,
				"remote_host":	"192.168.137.101",
				"remote_port":	5123
			}],
		"version":	"iperf 3.18",
		"system_info":	"Linux RPI08 6.12.47+rpt-rpi-v7 #1 SMP Raspbian 1:6.12.47-1+rpt1 (2025-09-16) armv7l",
		"timestamp":	{
			"time":	"Sun, 10 May 2026 12:45:34 GMT",
			"timesecs":	1778417134
		},
		"connecting_to":	{
			"host":	"192.168.137.101",
			"port":	5123
		},
		"cookie":	"crci34akrlibcyartd23wgat4yu7vpe2vei4",
		"target_bitrate":	60000,
		"fq_rate":	0,
		"sock_bufsize":	0,
		"sndbuf_actual":	180224,
		"rcvbuf_actual":	180224,
		"test_start":	{
			"protocol":	"UDP",
			"num_streams":	1,
			"blksize":	128,
			"omit":	0,
			"duration":	10,
			"bytes":	0,
			"blocks":	0,
			"reverse":	0,
			"tos":	0,
			"target_bitrate":	60000,
			"bidir":	0,
			"fqrate":	0,
			"interval":	1
		}
	},
	"intervals":	[{
			"streams":	[{
					"socket":	5,
					"start":	0,
					"end":	1.001197,
					"seconds":	1.0011969804763794,
					"bytes":	7552,
					"bits_per_second":	60343.769685814943,
					"packets":	59,
					"omitted":	false,
					"sender":	true
				}],
			"sum":	{
				"start":	0,
				"end":	1.001197,
				"seconds":	1.0011969804763794,
				"bytes":	7552,
				"bits_per_second":	60343.769685814943,
				"packets":	59,
				"omitted":	false,
				"sender":	true
			}
		}, {
			"streams":	[{
					"socket":	5,
					"start":	1.001197,
					"end":	2.001146,
					"seconds":	0.99994897842407227,
					"bytes":	7552,
					"bits_per_second":	60419.08267681428,
					"packets":	59,
					"omitted":	false,
					"sender":	true
				}],
			"sum":	{
				"start":	1.001197,
				"end":	2.001146,
				"seconds":	0.99994897842407227,
				"bytes":	7552,
				"bits_per_second":	60419.08267681428,
				"packets":	59,
				"omitted":	false,
				"sender":	true
			}
		}, {
			"streams":	[{
					"socket":	5,
					"start":	2.001146,
					"end":	3.001134,
					"seconds":	0.9999880194664,
					"bytes":	7424,
					"bits_per_second":	59392.711556376387,
					"packets":	58,
					"omitted":	false,
					"sender":	true
				}],
			"sum":	{
				"start":	2.001146,
				"end":	3.001134,
				"seconds":	0.9999880194664,
				"bytes":	7424,
				"bits_per_second":	59392.711556376387,
				"packets":	58,
				"omitted":	false,
				"sender":	true
			}
		}, {
			"streams":	[{
					"socket":	5,
					"start":	3.001134,
					"end":	4.001134,
					"seconds":	1,
					"bytes":	7552,
					"bits_per_second":	60416,
					"packets":	59,
					"omitted":	false,
					"sender":	true
				}],
			"sum":	{
				"start":	3.001134,
				"end":	4.001134,
				"seconds":	1,
				"bytes":	7552,
				"bits_per_second":	60416,
				"packets":	59,
				"omitted":	false,
				"sender":	true
			}
		}, {
			"streams":	[{
					"socket":	5,
					"start":	4.001134,
					"end":	5.00113,
					"seconds":	0.9999960064888,
					"bytes":	7552,
					"bits_per_second":	60416.241272936182,
					"packets":	59,
					"omitted":	false,
					"sender":	true
				}],
			"sum":	{
				"start":	4.001134,
				"end":	5.00113,
				"seconds":	0.9999960064888,
				"bytes":	7552,
				"bits_per_second":	60416.241272936182,
				"packets":	59,
				"omitted":	false,
				"sender":	true
			}
		}, {
			"streams":	[{
					"socket":	5,
					"start":	5.00113,
					"end":	6.001145,
					"seconds":	1.0000150203704834,
					"bytes":	7424,
					"bits_per_second":	59391.107923555566,
					"packets":	58,
					"omitted":	false,
					"sender":	true
				}],
			"sum":	{
				"start":	5.00113,
				"end":	6.001145,
				"seconds":	1.0000150203704834,
				"bytes":	7424,
				"bits_per_second":	59391.107923555566,
				"packets":	58,
				"omitted":	false,
				"sender":	true
			}
		}, {
			"streams":	[{
					"socket":	5,
					"start":	6.001145,
					"end":	7.001138,
					"seconds":	0.99999302625656128,
					"bytes":	7552,
					"bits_per_second":	60416.421328621829,
					"packets":	59,
					"omitted":	false,
					"sender":	true
				}],
			"sum":	{
				"start":	6.001145,
				"end":	7.001138,
				"seconds":	0.99999302625656128,
				"bytes":	7552,
				"bits_per_second":	60416.421328621829,
				"packets":	59,
				"omitted":	false,
				"sender":	true
			}
		}, {
			"streams":	[{
					"socket":	5,
					"start":	7.001138,
					"end":	8.001128,
					"seconds":	0.99998998641967773,
					"bytes":	7424,
					"bits_per_second":	59392.5947325179,
					"packets":	58,
					"omitted":	false,
					"sender":	true
				}],
			"sum":	{
				"start":	7.001138,
				"end":	8.001128,
				"seconds":	0.99998998641967773,
				"bytes":	7424,
				"bits_per_second":	59392.5947325179,
				"packets":	58,
				"omitted":	false,
				"sender":	true
			}
		}, {
			"streams":	[{
					"socket":	5,
					"start":	8.001128,
					"end":	9.001129,
					"seconds":	1.0000009536743164,
					"bytes":	7552,
					"bits_per_second":	60415.942382867448,
					"packets":	59,
					"omitted":	false,
					"sender":	true
				}],
			"sum":	{
				"start":	8.001128,
				"end":	9.001129,
				"seconds":	1.0000009536743164,
				"bytes":	7552,
				"bits_per_second":	60415.942382867448,
				"packets":	59,
				"omitted":	false,
				"sender":	true
			}
		}, {
			"streams":	[{
					"socket":	5,
					"start":	9.001129,
					"end":	10.002501,
					"seconds":	1.00137197971344,
					"bytes":	7424,
					"bits_per_second":	59310.627022933135,
					"packets":	58,
					"omitted":	false,
					"sender":	true
				}],
			"sum":	{
				"start":	9.001129,
				"end":	10.002501,
				"seconds":	1.00137197971344,
				"bytes":	7424,
				"bits_per_second":	59310.627022933135,
				"packets":	58,
				"omitted":	false,
				"sender":	true
			}
		}],
	"end":	{
		"streams":	[{
				"udp":	{
					"socket":	5,
					"start":	0,
					"end":	10.002501,
					"seconds":	10.002501,
					"bytes":	75008,
					"bits_per_second":	59991.396151822424,
					"jitter_ms":	1.0433790106237684,
					"lost_packets":	0,
					"packets":	586,
					"lost_percent":	0,
					"out_of_order":	0,
					"sender":	true
				}
			}],
		"sum":	{
			"start":	0,
			"end":	10.007801,
			"seconds":	10.007801,
			"bytes":	75008,
			"bits_per_second":	59991.396151822424,
			"jitter_ms":	1.0433790106237684,
			"lost_packets":	0,
			"packets":	586,
			"lost_percent":	0,
			"sender":	true
		},
		"sum_sent":	{
			"start":	0,
			"end":	10.002501,
			"seconds":	10.002501,
			"bytes":	75008,
			"bits_per_second":	59991.396151822424,
			"jitter_ms":	0,
			"lost_packets":	0,
			"packets":	586,
			"lost_percent":	0,
			"sender":	true
		},
		"sum_received":	{
			"start":	0,
			"end":	10.007801,
			"seconds":	10.007801,
			"bytes":	75008,
			"bits_per_second":	59959.625496150453,
			"jitter_ms":	1.0433790106237684,
			"lost_packets":	0,
			"packets":	586,
			"lost_percent":	0,
			"sender":	false
		},
		"cpu_utilization_percent":	{
			"host_total":	0.87583744931283658,
			"host_user":	0.61117566668786172,
			"host_system":	0.264641818697795,
			"remote_total":	0.99234813727271076,
			"remote_user":	0.3225228865453631,
			"remote_system":	0.669855225901908
		}
	},