{
	"start":	{
		"connected":	[{
				"socket":	5,
				"local_host":	"192.168.137.136",
				"local_port":	47163,
				"remote_host":	"192.168.137.101",
				"remote_port":	5123
			}],
		"version":	"iperf 3.18",
		"system_info":	"Linux RPI08 6.12.47+rpt-rpi-v7 #1 SMP Raspbian 1:6.12.47-1+rpt1 (2025-09-16) armv7l",
		"timestamp":	{
			"time":	"Sun, 10 May 2026 12:46:15 GMT",
			"timesecs":	1778417175
		},
		"connecting_to":	{
			"host":	"192.168.137.101",
			"port":	5123
		},
		"cookie":	"rl2uczfkskkzap2gbwdrp5lvhy5q3j27gn75",
		"target_bitrate":	80000,
		"fq_rate":	0,
		"sock_bufsize":	0,
		"sndbuf_actual":	180224,
		"rcvbuf_actual":	180224,
		"test_start":	{
			"protocol":	"UDP",
			"num_streams":	1,
			"blksize":	64,
			"omit":	0,
			"duration":	10,
			"bytes":	0,
			"blocks":	0,
			"reverse":	0,
			"tos":	0,
			"target_bitrate":	80000,
			"bidir":	0,
			"fqrate":	0,
			"interval":	1
		}
	},
	"intervals":	[{
			"streams":	[{
					"socket":	5,
					"start":	0,
					"end":	1.001188,
					"seconds":	1.0011880397796631,
					"bytes":	10048,
					"bits_per_second":	80288.613932793829,
					"packets":	157,
					"omitted":	false,
					"sender":	true
				}],
			"sum":	{
				"start":	0,
				"end":	1.001188,
				"seconds":	1.0011880397796631,
				"bytes":	10048,
				"bits_per_second":	80288.613932793829,
				"packets":	157,
				"omitted":	false,
				"sender":	true
			}
		}, {
			"streams":	[{
					"socket":	5,
					"start":	1.001188,
					"end":	2.001137,
					"seconds":	0.99994897842407227,
					"bytes":	9984,
					"bits_per_second":	79876.075403246,
					"packets":	156,
					"omitted":	false,
					"sender":	true
				}],
			"sum":	{
				"start":	1.001188,
				"end":	2.001137,
				"seconds":	0.99994897842407227,
				"bytes":	9984,
				"bits_per_second":	79876.075403246,
				"packets":	156,
				"omitted":	false,
				"sender":	true
			}
		}, {
			"streams":	[{
					"socket":	5,
					"start":	2.001137,
					"end":	3.001139,
					"seconds":	1.0000020265579224,
					"bytes":	9984,
					"bits_per_second":	79871.838135093654,
					"packets":	156,
					"omitted":	false,
					"sender":	true
				}],
			"sum":	{
				"start":	2.001137,
				"end":	3.001139,
				"seconds":	1.0000020265579224,
				"bytes":	9984,
				"bits_per_second":	79871.838135093654,
				"packets":	156,
				"omitted":	false,
				"sender":	true
			}
		}, {
			"streams":	[{
					"socket":	5,
					"start":	3.001139,
					"end":	4.001126,
					"seconds":	0.999987006187439,
					"bytes":	10048,
					"bits_per_second":	80385.044508201056,
					"packets":	157,
					"omitted":	false,
					"sender":	true
				}],
			"sum":	{
				"start":	3.001139,
				"end":	4.001126,
				"seconds":	0.999987006187439,
				"bytes":	10048,
				"bits_per_second":	80385.044508201056,
				"packets":	157,
				"omitted":	false,
				"sender":	true
			}
		}, {
			"streams":	[{
					"socket":	5,
					"start":	4.001126,
					"end":	5.00113,
					"seconds":	1.0000040531158447,
					"bytes":	9984,
					"bits_per_second":	79871.676270843367,
					"packets":	156,
					"omitted":	false,
					"sender":	true
				}],
			"sum":	{
				"start":	4.001126,
				"end":	5.00113,
				"seconds":	1.0000040531158447,
				"bytes":	9984,
				"bits_per_second":	79871.676270843367,
				"packets":	156,
				"omitted":	false,
				"sender":	true
			}
		}, {
			"streams":	[{
					"socket":	5,
					"start":	5.00113,
					"end":	6.001135,
					"seconds":	1.0000050067901611,
					"bytes":	9984,
					"bits_per_second":	79871.600099658463,
					"packets":	156,
					"omitted":	false,
					"sender":	true
				}],
			"sum":	{
				"start":	5.00113,
				"end":	6.001135,
				"seconds":	1.0000050067901611,
				"bytes":	9984,
				"bits_per_second":	79871.600099658463,
				"packets":	156,
				"omitted":	false,
				"sender":	true
			}
		}, {
			"streams":	[{
					"socket":	5,
					"start":	6.001135,
					"end":	7.001125,
					"seconds":	0.99998998641967773,
					"bytes":	9984,
					"bits_per_second":	79872.7998126965,
					"packets":	156,
					"omitted":	false,
					"sender":	true
				}],
			"sum":	{
				"start":	6.001135,
				"end":	7.001125,
				"seconds":	0.99998998641967773,
				"bytes":	9984,
				"bits_per_second":	79872.7998126965,
				"packets":	156,
				"omitted":	false,
				"sender":	true
			}
		}, {
			"streams":	[{
					"socket":	5,
					"start":	7.001125,
					"end":	8.001139,
					"seconds":	1.0000139474868774,
					"bytes":	10048,
					"bits_per_second":	80382.878860851924,
					"packets":	157,
					"omitted":	false,
					"sender":	true
				}],
			"sum":	{
				"start":	7.001125,
				"end":	8.001139,
				"seconds":	1.0000139474868774,
				"bytes":	10048,
				"bits_per_second":	80382.878860851924,
				"packets":	157,
				"omitted":	false,
				"sender":	true
			}
		}, {
			"streams":	[{
					"socket":	5,
					"start":	8.001139,
					"end":	9.001131,
					"seconds":	0.9999920129776,
					"bytes":	9984,
					"bits_per_second":	79872.6379445484,
					"packets":	156,
					"omitted":	false,
					"sender":	true
				}],
			"sum":	{
				"start":	8.001139,
				"end":	9.001131,
				"seconds":	0.9999920129776,
				"bytes":	9984,
				"bits_per_second":	79872.6379445484,
				"packets":	156,
				"omitted":	false,
				"sender":	true
			}
		}, {
			"streams":	[{
					"socket":	5,
					"start":	9.001131,
					"end":	10.0029,
					"seconds":	1.001768946647644,
					"bytes":	9984,
					"bits_per_second":	79730.960185266827,
					"packets":	156,
					"omitted":	false,
					"sender":	true
				}],
			"sum":	{
				"start":	9.001131,
				"end":	10.0029,
				"seconds":	1.001768946647644,
				"bytes":	9984,
				"bits_per_second":	79730.960185266827,
				"packets":	156,
				"omitted":	false,
				"sender":	true
			}
		}],
	"end":	{
		"streams":	[{
				"udp":	{
					"socket":	5,
					"start":	0,
					"end":	10.0029,
					"seconds":	10.0029,
					"bytes":	100032,
					"bits_per_second":	80002.3993042018,
					"jitter_ms":	1.303417219742059,
					"lost_packets":	0,
					"packets":	1563,
					"lost_percent":	0,
					"out_of_order":	0,
					"sender":	true
				}
			}],
		"sum":	{
			"start":	0,
			"end":	10.008547,
			"seconds":	10.008547,
			"bytes":	100032,
			"bits_per_second":	80002.3993042018,
			"jitter_ms":	1.303417219742059,
			"lost_packets":	0,
			"packets":	1563,
			"lost_percent":	0,
			"sender":	true
		},
		"sum_sent":	{
			"start":	0,
			"end":	10.0029,
			"seconds":	10.0029,
			"bytes":	100032,
			"bits_per_second":	80002.3993042018,
			"jitter_ms":	0,
			"lost_packets":	0,
			"packets":	1563,
			"lost_percent":	0,
			"sender":	true
		},
		"sum_received":	{
			"start":	0,
			"end":	10.008547,
			"seconds":	10.008547,
			"bytes":	100032,
			"bits_per_second":	79957.2605294255,
			"jitter_ms":	1.303417219742059,
			"lost_packets":	0,
			"packets":	1563,
			"lost_percent":	0,
			"sender":	false
		},
		"cpu_utilization_percent":	{
			"host_total":	2.0977643155260384,
			"host_user":	0.662072513965001,
			"host_system":	1.4357515374269592,
			"remote_total":	2.3674241572755874,
			"remote_user":	0.0860105864255533,
			"remote_system":	2.281453533952102
		}
	},