{
	"start":	{
		"connected":	[{
				"socket":	5,
				"local_host":	"192.168.137.136",
				"local_port":	53295,
				"remote_host":	"192.168.137.101",
				"remote_port":	5123
			}],
		"version":	"iperf 3.18",
		"system_info":	"Linux RPI08 6.12.47+rpt-rpi-v7 #1 SMP Raspbian 1:6.12.47-1+rpt1 (2025-09-16) armv7l",
		"timestamp":	{
			"time":	"Sun, 10 May 2026 12:41:40 GMT",
			"timesecs":	1778416900
		},
		"connecting_to":	{
			"host":	"192.168.137.101",
			"port":	5123
		},
		"cookie":	"nootpmqxyzbvfiupgmfiqaqp2h22ypgbatkv",
		"target_bitrate":	10000,
		"fq_rate":	0,
		"sock_bufsize":	0,
		"sndbuf_actual":	180224,
		"rcvbuf_actual":	180224,
		"test_start":	{
			"protocol":	"UDP",
			"num_streams":	1,
			"blksize":	512,
			"omit":	0,
			"duration":	10,
			"bytes":	0,
			"blocks":	0,
			"reverse":	0,
			"tos":	0,
			"target_bitrate":	10000,
			"bidir":	0,
			"fqrate":	0,
			"interval":	1
		}
	},
	"intervals":	[{
			"streams":	[{
					"socket":	5,
					"start":	0,
					"end":	1.001211,
					"seconds":	1.0012110471725464,
					"bytes":	1536,
					"bits_per_second":	12273.136652558644,
					"packets":	3,
					"omitted":	false,
					"sender":	true
				}],
			"sum":	{
				"start":	0,
				"end":	1.001211,
				"seconds":	1.0012110471725464,
				"bytes":	1536,
				"bits_per_second":	12273.136652558644,
				"packets":	3,
				"omitted":	false,
				"sender":	true
			}
		}, {
			"streams":	[{
					"socket":	5,
					"start":	1.001211,
					"end":	2.00116,
					"seconds":	0.99994897842407227,
					"bytes":	1024,
					"bits_per_second":	8192.41799007651,
					"packets":	2,
					"omitted":	false,
					"sender":	true
				}],
			"sum":	{
				"start":	1.001211,
				"end":	2.00116,
				"seconds":	0.99994897842407227,
				"bytes":	1024,
				"bits_per_second":	8192.41799007651,
				"packets":	2,
				"omitted":	false,
				"sender":	true
			}
		}, {
			"streams":	[{
					"socket":	5,
					"start":	2.00116,
					"end":	3.001157,
					"seconds":	0.99999701976776123,
					"bytes":	1536,
					"bits_per_second":	12288.036621202889,
					"packets":	3,
					"omitted":	false,
					"sender":	true
				}],
			"sum":	{
				"start":	2.00116,
				"end":	3.001157,
				"seconds":	0.99999701976776123,
				"bytes":	1536,
				"bits_per_second":	12288.036621202889,
				"packets":	3,
				"omitted":	false,
				"sender":	true
			}
		}, {
			"streams":	[{
					"socket":	5,
					"start":	3.001157,
					"end":	4.001136,
					"seconds":	0.999979019165039,
					"bytes":	1024,
					"bits_per_second":	8192.17187860616,
					"packets":	2,
					"omitted":	false,
					"sender":	true
				}],
			"sum":	{
				"start":	3.001157,
				"end":	4.001136,
				"seconds":	0.999979019165039,
				"bytes":	1024,
				"bits_per_second":	8192.17187860616,
				"packets":	2,
				"omitted":	false,
				"sender":	true
			}
		}, {
			"streams":	[{
					"socket":	5,
					"start":	4.001136,
					"end":	5.001131,
					"seconds":	0.999994993209839,
					"bytes":	1536,
					"bits_per_second":	12288.061523745537,
					"packets":	3,
					"omitted":	false,
					"sender":	true
				}],
			"sum":	{
				"start":	4.001136,
				"end":	5.001131,
				"seconds":	0.999994993209839,
				"bytes":	1536,
				"bits_per_second":	12288.061523745537,
				"packets":	3,
				"omitted":	false,
				"sender":	true
			}
		}, {
			"streams":	[{
					"socket":	5,
					"start":	5.001131,
					"end":	6.001144,
					"seconds":	1.000012993812561,
					"bytes":	1024,
					"bits_per_second":	8191.8935560706122,
					"packets":	2,
					"omitted":	false,
					"sender":	true
				}],
			"sum":	{
				"start":	5.001131,
				"end":	6.001144,
				"seconds":	1.000012993812561,
				"bytes":	1024,
				"bits_per_second":	8191.8935560706122,
				"packets":	2,
				"omitted":	false,
				"sender":	true
			}
		}, {
			"streams":	[{
					"socket":	5,
					"start":	6.001144,
					"end":	7.001142,
					"seconds":	0.99999797344207764,
					"bytes":	1536,
					"bits_per_second":	12288.024902394216,
					"packets":	3,
					"omitted":	false,
					"sender":	true
				}],
			"sum":	{
				"start":	6.001144,
				"end":	7.001142,
				"seconds":	0.99999797344207764,
				"bytes":	1536,
				"bits_per_second":	12288.024902394216,
				"packets":	3,
				"omitted":	false,
				"sender":	true
			}
		}, {
			"streams":	[{
					"socket":	5,
					"start":	7.001142,
					"end":	8.001148,
					"seconds":	1.0000059604644775,
					"bytes":	1024,
					"bits_per_second":	8191.9511721660365,
					"packets":	2,
					"omitted":	false,
					"sender":	true
				}],
			"sum":	{
				"start":	7.001142,
				"end":	8.001148,
				"seconds":	1.0000059604644775,
				"bytes":	1024,
				"bits_per_second":	8191.9511721660365,
				"packets":	2,
				"omitted":	false,
				"sender":	true
			}
		}, {
			"streams":	[{
					"socket":	5,
					"start":	8.001148,
					"end":	9.001141,
					"seconds":	0.99999302625656128,
					"bytes":	1024,
					"bits_per_second":	8192.057129304656,
					"packets":	2,
					"omitted":	false,
					"sender":	true
				}],
			"sum":	{
				"start":	8.001148,
				"end":	9.001141,
				"seconds":	0.99999302625656128,
				"bytes":	1024,
				"bits_per_second":	8192.057129304656,
				"packets":	2,
				"omitted":	false,
				"sender":	true
			}
		}, {
			"streams":	[{
					"socket":	5,
					"start":	9.001141,
					"end":	10.002851,
					"seconds":	1.001710057258606,
					"bytes":	1536,
					"bits_per_second":	12267.022688809517,
					"packets":	3,
					"omitted":	false,
					"sender":	true
				}],
			"sum":	{
				"start":	9.001141,
				"end":	10.002851,
				"seconds":	1.001710057258606,
				"bytes":	1536,
				"bits_per_second":	12267.022688809517,
				"packets":	3,
				"omitted":	false,
				"sender":	true
			}
		}],
	"end":	{
		"streams":	[{
				"udp":	{
					"socket":	5,
					"start":	0,
					"end":	10.002851,
					"seconds":	10.002851,
					"bytes":	12800,
					"bits_per_second":	10237.081408090553,
					"jitter_ms":	1.5169144042497027,
					"lost_packets":	0,
					"packets":	25,
					"lost_percent":	0,
					"out_of_order":	0,
					"sender":	true
				}
			}],
		"sum":	{
			"start":	0,
			"end":	10.006904,
			"seconds":	10.006904,
			"bytes":	12800,
			"bits_per_second":	10237.081408090553,
			"jitter_ms":	1.5169144042497027,
			"lost_packets":	0,
			"packets":	25,
			"lost_percent":	0,
			"sender":	true
		},
		"sum_sent":	{
			"start":	0,
			"end":	10.002851,
			"seconds":	10.002851,
			"bytes":	12800,
			"bits_per_second":	10237.081408090553,
			"jitter_ms":	0,
			"lost_packets":	0,
			"packets":	25,
			"lost_percent":	0,
			"sender":	true
		},
		"sum_received":	{
			"start":	0,
			"end":	10.006904,
			"seconds":	10.006904,
			"bytes":	12800,
			"bits_per_second":	10232.935181550656,
			"jitter_ms":	1.5169144042497027,
			"lost_packets":	0,
			"packets":	25,
			"lost_percent":	0,
			"sender":	false
		},
		"cpu_utilization_percent":	{
			"host_total":	0.12296437896549389,
			"host_user":	0.12306421202465238,
			"host_system":	0,
			"remote_total":	0.1105273034715426,
			"remote_user":	0.047194688933739778,
			"remote_system":	0.062932913594048928
		}
	},