{
	"start":	{
		"connected":	[{
				"socket":	5,
				"local_host":	"192.168.137.136",
				"local_port":	36097,
				"remote_host":	"192.168.137.101",
				"remote_port":	5123
			}],
		"version":	"iperf 3.18",
		"system_info":	"Linux RPI08 6.12.47+rpt-rpi-v7 #1 SMP Raspbian 1:6.12.47-1+rpt1 (2025-09-16) armv7l",
		"timestamp":	{
			"time":	"Sun, 10 May 2026 12:41:50 GMT",
			"timesecs":	1778416910
		},
		"connecting_to":	{
			"host":	"192.168.137.101",
			"port":	5123
		},
		"cookie":	"ylfkh2icnajcdvfhnycztd2wtx5usbxv6d7c",
		"target_bitrate":	10000,
		"fq_rate":	0,
		"sock_bufsize":	0,
		"sndbuf_actual":	180224,
		"rcvbuf_actual":	180224,
		"test_start":	{
			"protocol":	"UDP",
			"num_streams":	1,
			"blksize":	1024,
			"omit":	0,
			"duration":	10,
			"bytes":	0,
			"blocks":	0,
			"reverse":	0,
			"tos":	0,
			"target_bitrate":	10000,
			"bidir":	0,
			"fqrate":	0,
			"interval":	1
		}
	},
	"intervals":	[{
			"streams":	[{
					"socket":	5,
					"start":	0,
					"end":	1.001227,
					"seconds":	1.0012270212173462,
					"bytes":	2048,
					"bits_per_second":	16363.921121584835,
					"packets":	2,
					"omitted":	false,
					"sender":	true
				}],
			"sum":	{
				"start":	0,
				"end":	1.001227,
				"seconds":	1.0012270212173462,
				"bytes":	2048,
				"bits_per_second":	16363.921121584835,
				"packets":	2,
				"omitted":	false,
				"sender":	true
			}
		}, {
			"streams":	[{
					"socket":	5,
					"start":	1.001227,
					"end":	2.001165,
					"seconds":	0.99993801116943359,
					"bytes":	1024,
					"bits_per_second":	8192.5078439806548,
					"packets":	1,
					"omitted":	false,
					"sender":	true
				}],
			"sum":	{
				"start":	1.001227,
				"end":	2.001165,
				"seconds":	0.99993801116943359,
				"bytes":	1024,
				"bits_per_second":	8192.5078439806548,
				"packets":	1,
				"omitted":	false,
				"sender":	true
			}
		}, {
			"streams":	[{
					"socket":	5,
					"start":	2.001165,
					"end":	3.001143,
					"seconds":	0.999978005886078,
					"bytes":	1024,
					"bits_per_second":	8192.180179744144,
					"packets":	1,
					"omitted":	false,
					"sender":	true
				}],
			"sum":	{
				"start":	2.001165,
				"end":	3.001143,
				"seconds":	0.999978005886078,
				"bytes":	1024,
				"bits_per_second":	8192.180179744144,
				"packets":	1,
				"omitted":	false,
				"sender":	true
			}
		}, {
			"streams":	[{
					"socket":	5,
					"start":	3.001143,
					"end":	4.001134,
					"seconds":	0.999990999698639,
					"bytes":	1024,
					"bits_per_second":	8192.07373113235,
					"packets":	1,
					"omitted":	false,
					"sender":	true
				}],
			"sum":	{
				"start":	3.001143,
				"end":	4.001134,
				"seconds":	0.999990999698639,
				"bytes":	1024,
				"bits_per_second":	8192.07373113235,
				"packets":	1,
				"omitted":	false,
				"sender":	true
			}
		}, {
			"streams":	[{
					"socket":	5,
					"start":	4.001134,
					"end":	5.001134,
					"seconds":	1,
					"bytes":	2048,
					"bits_per_second":	16384,
					"packets":	2,
					"omitted":	false,
					"sender":	true
				}],
			"sum":	{
				"start":	4.001134,
				"end":	5.001134,
				"seconds":	1,
				"bytes":	2048,
				"bits_per_second":	16384,
				"packets":	2,
				"omitted":	false,
				"sender":	true
			}
		}, {
			"streams":	[{
					"socket":	5,
					"start":	5.001134,
					"end":	6.001138,
					"seconds":	1.0000040531158447,
					"bytes":	1024,
					"bits_per_second":	8191.9667970095752,
					"packets":	1,
					"omitted":	false,
					"sender":	true
				}],
			"sum":	{
				"start":	5.001134,
				"end":	6.001138,
				"seconds":	1.0000040531158447,
				"bytes":	1024,
				"bits_per_second":	8191.9667970095752,
				"packets":	1,
				"omitted":	false,
				"sender":	true
			}
		}, {
			"streams":	[{
					"socket":	5,
					"start":	6.001138,
					"end":	7.001129,
					"seconds":	0.999990999698639,
					"bytes":	1024,
					"bits_per_second":	8192.07373113235,
					"packets":	1,
					"omitted":	false,
					"sender":	true
				}],
			"sum":	{
				"start":	6.001138,
				"end":	7.001129,
				"seconds":	0.999990999698639,
				"bytes":	1024,
				"bits_per_second":	8192.07373113235,
				"packets":	1,
				"omitted":	false,
				"sender":	true
			}
		}, {
			"streams":	[{
					"socket":	5,
					"start":	7.001129,
					"end":	8.001126,
					"seconds":	0.99999701976776123,
					"bytes":	1024,
					"bits_per_second":	8192.02441413526,
					"packets":	1,
					"omitted":	false,
					"sender":	true
				}],
			"sum":	{
				"start":	7.001129,
				"end":	8.001126,
				"seconds":	0.99999701976776123,
				"bytes":	1024,
				"bits_per_second":	8192.02441413526,
				"packets":	1,
				"omitted":	false,
				"sender":	true
			}
		}, {
			"streams":	[{
					"socket":	5,
					"start":	8.001126,
					"end":	9.00114,
					"seconds":	1.0000139474868774,
					"bytes":	1024,
					"bits_per_second":	8191.8857437810875,
					"packets":	1,
					"omitted":	false,
					"sender":	true
				}],
			"sum":	{
				"start":	8.001126,
				"end":	9.00114,
				"seconds":	1.0000139474868774,
				"bytes":	1024,
				"bits_per_second":	8191.8857437810875,
				"packets":	1,
				"omitted":	false,
				"sender":	true
			}
		}, {
			"streams":	[{
					"socket":	5,
					"start":	9.00114,
					"end":	10.002874,
					"seconds":	1.0017340183258057,
					"bytes":	2048,
					"bits_per_second":	16355.639022205234,
					"packets":	2,
					"omitted":	false,
					"sender":	true
				}],
			"sum":	{
				"start":	9.00114,
				"end":	10.002874,
				"seconds":	1.0017340183258057,
				"bytes":	2048,
				"bits_per_second":	16355.639022205234,
				"packets":	2,
				"omitted":	false,
				"sender":	true
			}
		}],
	"end":	{
		"streams":	[{
				"udp":	{
					"socket":	5,
					"start":	0,
					"end":	10.002874,
					"seconds":	10.002874,
					"bytes":	13312,
					"bits_per_second":	10646.540184351017,
					"jitter_ms":	1.0762348912562911,
					"lost_packets":	0,
					"packets":	13,
					"lost_percent":	0,
					"out_of_order":	0,
					"sender":	true
				}
			}],
		"sum":	{
			"start":	0,
			"end":	10.008088,
			"seconds":	10.008088,
			"bytes":	13312,
			"bits_per_second":	10646.540184351017,
			"jitter_ms":	1.0762348912562911,
			"lost_packets":	0,
			"packets":	13,
			"lost_percent":	0,
			"sender":	true
		},
		"sum_sent":	{
			"start":	0,
			"end":	10.002874,
			"seconds":	10.002874,
			"bytes":	13312,
			"bits_per_second":	10646.540184351017,
			"jitter_ms":	0,
			"lost_packets":	0,
			"packets":	13,
			"lost_percent":	0,
			"sender":	true
		},
		"sum_received":	{
			"start":	0,
			"end":	10.008088,
			"seconds":	10.008088,
			"bytes":	13312,
			"bits_per_second":	10640.993564405107,
			"jitter_ms":	1.0762348912562911,
			"lost_packets":	0,
			"packets":	13,
			"lost_percent":	0,
			"sender":	false
		},
		"cpu_utilization_percent":	{
			"host_total":	0.10181400531707555,
			"host_user":	0,
			"host_system":	0.10188384343929208,
			"remote_total":	0.088951989105554435,
			"remote_user":	0,
			"remote_system":	0.088991954056292635
		}
	},