{
	"start":	{
		"connected":	[{
				"socket":	5,
				"local_host":	"fd00::8",
				"local_port":	48262,
				"remote_host":	"2001:db8:1:ffff::26e:5439",
				"remote_port":	5123
			}],
		"version":	"iperf 3.18",
		"system_info":	"Linux RPI08 6.12.47+rpt-rpi-v7 #1 SMP Raspbian 1:6.12.47-1+rpt1 (2025-09-16) armv7l",
		"timestamp":	{
			"time":	"Mon, 11 May 2026 17:02:50 GMT",
			"timesecs":	1778518970
		},
		"connecting_to":	{
			"host":	"2001:db8:1:ffff::26e:5439",
			"port":	5123
		},
		"cookie":	"4zjyllwsgrh6z4g24k6ox6tsddlmozkj642y",
		"target_bitrate":	160000,
		"fq_rate":	0,
		"sock_bufsize":	0,
		"sndbuf_actual":	180224,
		"rcvbuf_actual":	180224,
		"test_start":	{
			"protocol":	"UDP",
			"num_streams":	1,
			"blksize":	128,
			"omit":	0,
			"duration":	30,
			"bytes":	0,
			"blocks":	0,
			"reverse":	0,
			"tos":	0,
			"target_bitrate":	160000,
			"bidir":	0,
			"fqrate":	0,
			"interval":	1
		}
	},
	"intervals":	[{
			"streams":	[{
					"socket":	5,
					"start":	0,
					"end":	1.001148,
					"seconds":	1.001147985458374,
					"bytes":	20096,
					"bits_per_second":	160583.65230230437,
					"packets":	157,
					"omitted":	false,
					"sender":	true
				}],
			"sum":	{
				"start":	0,
				"end":	1.001148,
				"seconds":	1.001147985458374,
				"bytes":	20096,
				"bits_per_second":	160583.65230230437,
				"packets":	157,
				"omitted":	false,
				"sender":	true
			}
		}, {
			"streams":	[{
					"socket":	5,
					"start":	1.001148,
					"end":	2.001156,
					"seconds":	1.0000079870224,
					"bytes":	19968,
					"bits_per_second":	159742.72413128414,
					"packets":	156,
					"omitted":	false,
					"sender":	true
				}],
			"sum":	{
				"start":	1.001148,
				"end":	2.001156,
				"seconds":	1.0000079870224,
				"bytes":	19968,
				"bits_per_second":	159742.72413128414,
				"packets":	156,
				"omitted":	false,
				"sender":	true
			}
		}, {
			"streams":	[{
					"socket":	5,
					"start":	2.001156,
					"end":	3.001152,
					"seconds":	0.9999960064888,
					"bytes":	19968,
					"bits_per_second":	159744.63794200076,
					"packets":	156,
					"omitted":	false,
					"sender":	true
				}],
			"sum":	{
				"start":	2.001156,
				"end":	3.001152,
				"seconds":	0.9999960064888,
				"bytes":	19968,
				"bits_per_second":	159744.63794200076,
				"packets":	156,
				"omitted":	false,
				"sender":	true
			}
		}, {
			"streams":	[{
					"socket":	5,
					"start":	3.001152,
					"end":	4.001156,
					"seconds":	1.0000040531158447,
					"bytes":	20096,
					"bits_per_second":	160767.34839131293,
					"packets":	157,
					"omitted":	false,
					"sender":	true
				}],
			"sum":	{
				"start":	3.001152,
				"end":	4.001156,
				"seconds":	1.0000040531158447,
				"bytes":	20096,
				"bits_per_second":	160767.34839131293,
				"packets":	157,
				"omitted":	false,
				"sender":	true
			}
		}, {
			"streams":	[{
					"socket":	5,
					"start":	4.001156,
					"end":	5.001152,
					"seconds":	0.9999960064888,
					"bytes":	19968,
					"bits_per_second":	159744.63794200076,
					"packets":	156,
					"omitted":	false,
					"sender":	true
				}],
			"sum":	{
				"start":	4.001156,
				"end":	5.001152,
				"seconds":	0.9999960064888,
				"bytes":	19968,
				"bits_per_second":	159744.63794200076,
				"packets":	156,
				"omitted":	false,
				"sender":	true
			}
		}, {
			"streams":	[{
					"socket":	5,
					"start":	5.001152,
					"end":	6.001153,
					"seconds":	1.0000009536743164,
					"bytes":	19968,
					"bits_per_second":	159743.84765639529,
					"packets":	156,
					"omitted":	false,
					"sender":	true
				}],
			"sum":	{
				"start":	5.001152,
				"end":	6.001153,
				"seconds":	1.0000009536743164,
				"bytes":	19968,
				"bits_per_second":	159743.84765639529,
				"packets":	156,
				"omitted":	false,
				"sender":	true
			}
		}, {
			"streams":	[{
					"socket":	5,
					"start":	6.001153,
					"end":	7.001164,
					"seconds":	1.0000109672546387,
					"bytes":	19968,
					"bits_per_second":	159742.24806608891,
					"packets":	156,
					"omitted":	false,
					"sender":	true
				}],
			"sum":	{
				"start":	6.001153,
				"end":	7.001164,
				"seconds":	1.0000109672546387,
				"bytes":	19968,
				"bits_per_second":	159742.24806608891,
				"packets":	156,
				"omitted":	false,
				"sender":	true
			}
		}, {
			"streams":	[{
					"socket":	5,
					"start":	7.001164,
					"end":	8.001155,
					"seconds":	0.999990999698639,
					"bytes":	20096,
					"bits_per_second":	160769.44697347243,
					"packets":	157,
					"omitted":	false,
					"sender":	true
				}],
			"sum":	{
				"start":	7.001164,
				"end":	8.001155,
				"seconds":	0.999990999698639,
				"bytes":	20096,
				"bits_per_second":	160769.44697347243,
				"packets":	157,
				"omitted":	false,
				"sender":	true
			}
		}, {
			"streams":	[{
					"socket":	5,
					"start":	8.001155,
					"end":	9.001154,
					"seconds":	0.99999898672103882,
					"bytes":	19968,
					"bits_per_second":	159744.1618653984,
					"packets":	156,
					"omitted":	false,
					"sender":	true
				}],
			"sum":	{
				"start":	8.001155,
				"end":	9.001154,
				"seconds":	0.99999898672103882,
				"bytes":	19968,
				"bits_per_second":	159744.1618653984,
				"packets":	156,
				"omitted":	false,
				"sender":	true
			}
		}, {
			"streams":	[{
					"socket":	5,
					"start":	9.001154,
					"end":	10.001151,
					"seconds":	0.99999701976776123,
					"bytes":	19968,
					"bits_per_second":	159744.47607563756,
					"packets":	156,
					"omitted":	false,
					"sender":	true
				}],
			"sum":	{
				"start":	9.001154,
				"end":	10.001151,
				"seconds":	0.99999701976776123,
				"bytes":	19968,
				"bits_per_second":	159744.47607563756,
				"packets":	156,
				"omitted":	false,
				"sender":	true
			}
		}, {
			"streams":	[{
					"socket":	5,
					"start":	10.001151,
					"end":	11.001156,
					"seconds":	1.0000050067901611,
					"bytes":	19968,
					"bits_per_second":	159743.20019931693,
					"packets":	156,
					"omitted":	false,
					"sender":	true
				}],
			"sum":	{
				"start":	10.001151,
				"end":	11.001156,
				"seconds":	1.0000050067901611,
				"bytes":	19968,
				"bits_per_second":	159743.20019931693,
				"packets":	156,
				"omitted":	false,
				"sender":	true
			}
		}, {
			"streams":	[{
					"socket":	5,
					"start":	11.001156,
					"end":	12.001142,
					"seconds":	0.99998599290847778,
					"bytes":	20096,
					"bits_per_second":	160770.25192363275,
					"packets":	157,
					"omitted":	false,
					"sender":	true
				}],
			"sum":	{
				"start":	11.001156,
				"end":	12.001142,
				"seconds":	0.99998599290847778,
				"bytes":	20096,
				"bits_per_second":	160770.25192363275,
				"packets":	157,
				"omitted":	false,
				"sender":	true
			}
		}, {
			"streams":	[{
					"socket":	5,
					"start":	12.001142,
					"end":	13.001139,
					"seconds":	0.99999701976776123,
					"bytes":	19968,
					"bits_per_second":	159744.47607563756,
					"packets":	156,
					"omitted":	false,
					"sender":	true
				}],
			"sum":	{
				"start":	12.001142,
				"end":	13.001139,
				"seconds":	0.99999701976776123,
				"bytes":	19968,
				"bits_per_second":	159744.47607563756,
				"packets":	156,
				"omitted":	false,
				"sender":	true
			}
		}, {
			"streams":	[{
					"socket":	5,
					"start":	13.001139,
					"end":	14.001148,
					"seconds":	1.0000089406967163,
					"bytes":	19968,
					"bits_per_second":	159742.57179011294,
					"packets":	156,
					"omitted":	false,
					"sender":	true
				}],
			"sum":	{
				"start":	13.001139,
				"end":	14.001148,
				"seconds":	1.0000089406967163,
				"bytes":	19968,
				"bits_per_second":	159742.57179011294,
				"packets":	156,
				"omitted":	false,
				"sender":	true
			}
		}, {
			"streams":	[{
					"socket":	5,
					"start":	14.001148,
					"end":	15.001153,
					"seconds":	1.0000050067901611,
					"bytes":	19968,
					"bits_per_second":	159743.20019931693,
					"packets":	156,
					"omitted":	false,
					"sender":	true
				}],
			"sum":	{
				"start":	14.001148,
				"end":	15.001153,