{
	"start":	{
		"connected":	[{
				"socket":	5,
				"local_host":	"fd00::8",
				"local_port":	34136,
				"remote_host":	"2001:db8:1:ffff::26e:5439",
				"remote_port":	5123
			}],
		"version":	"iperf 3.18",
		"system_info":	"Linux RPI08 6.12.47+rpt-rpi-v7 #1 SMP Raspbian 1:6.12.47-1+rpt1 (2025-09-16) armv7l",
		"timestamp":	{
			"time":	"Mon, 11 May 2026 15:26:52 GMT",
			"timesecs":	1778513212
		},
		"connecting_to":	{
			"host":	"2001:db8:1:ffff::26e:5439",
			"port":	5123
		},
		"cookie":	"x3fv2vynmkzwrvnwcvy4btb6c2r5gliody5n",
		"target_bitrate":	15000,
		"fq_rate":	0,
		"sock_bufsize":	0,
		"sndbuf_actual":	180224,
		"rcvbuf_actual":	180224,
		"test_start":	{
			"protocol":	"UDP",
			"num_streams":	1,
			"blksize":	256,
			"omit":	0,
			"duration":	30,
			"bytes":	0,
			"blocks":	0,
			"reverse":	0,
			"tos":	0,
			"target_bitrate":	15000,
			"bidir":	0,
			"fqrate":	0,
			"interval":	1
		}
	},
	"intervals":	[{
			"streams":	[{
					"socket":	5,
					"start":	0,
					"end":	1.001154,
					"seconds":	1.0011539459228516,
					"bytes":	2048,
					"bits_per_second":	16365.115541643725,
					"packets":	8,
					"omitted":	false,
					"sender":	true
				}],
			"sum":	{
				"start":	0,
				"end":	1.001154,
				"seconds":	1.0011539459228516,
				"bytes":	2048,
				"bits_per_second":	16365.115541643725,
				"packets":	8,
				"omitted":	false,
				"sender":	true
			}
		}, {
			"streams":	[{
					"socket":	5,
					"start":	1.001154,
					"end":	2.001156,
					"seconds":	1.0000020265579224,
					"bytes":	1792,
					"bits_per_second":	14335.9709473245,
					"packets":	7,
					"omitted":	false,
					"sender":	true
				}],
			"sum":	{
				"start":	1.001154,
				"end":	2.001156,
				"seconds":	1.0000020265579224,
				"bytes":	1792,
				"bits_per_second":	14335.9709473245,
				"packets":	7,
				"omitted":	false,
				"sender":	true
			}
		}, {
			"streams":	[{
					"socket":	5,
					"start":	2.001156,
					"end":	3.00115,
					"seconds":	0.99999397993087769,
					"bytes":	1792,
					"bits_per_second":	14336.086304230495,
					"packets":	7,
					"omitted":	false,
					"sender":	true
				}],
			"sum":	{
				"start":	2.001156,
				"end":	3.00115,
				"seconds":	0.99999397993087769,
				"bytes":	1792,
				"bits_per_second":	14336.086304230495,
				"packets":	7,
				"omitted":	false,
				"sender":	true
			}
		}, {
			"streams":	[{
					"socket":	5,
					"start":	3.00115,
					"end":	4.001147,
					"seconds":	0.99999701976776123,
					"bytes":	2048,
					"bits_per_second":	16384.048828270519,
					"packets":	8,
					"omitted":	false,
					"sender":	true
				}],
			"sum":	{
				"start":	3.00115,
				"end":	4.001147,
				"seconds":	0.99999701976776123,
				"bytes":	2048,
				"bits_per_second":	16384.048828270519,
				"packets":	8,
				"omitted":	false,
				"sender":	true
			}
		}, {
			"streams":	[{
					"socket":	5,
					"start":	4.001147,
					"end":	5.001158,
					"seconds":	1.0000109672546387,
					"bytes":	1792,
					"bits_per_second":	14335.842775161826,
					"packets":	7,
					"omitted":	false,
					"sender":	true
				}],
			"sum":	{
				"start":	4.001147,
				"end":	5.001158,
				"seconds":	1.0000109672546387,
				"bytes":	1792,
				"bits_per_second":	14335.842775161826,
				"packets":	7,
				"omitted":	false,
				"sender":	true
			}
		}, {
			"streams":	[{
					"socket":	5,
					"start":	5.001158,
					"end":	6.00115,
					"seconds":	0.9999920129776,
					"bytes":	1792,
					"bits_per_second":	14336.114502867662,
					"packets":	7,
					"omitted":	false,
					"sender":	true
				}],
			"sum":	{
				"start":	5.001158,
				"end":	6.00115,
				"seconds":	0.9999920129776,
				"bytes":	1792,
				"bits_per_second":	14336.114502867662,
				"packets":	7,
				"omitted":	false,
				"sender":	true
			}
		}, {
			"streams":	[{
					"socket":	5,
					"start":	6.00115,
					"end":	7.001144,
					"seconds":	0.99999397993087769,
					"bytes":	2048,
					"bits_per_second":	16384.09863340628,
					"packets":	8,
					"omitted":	false,
					"sender":	true
				}],
			"sum":	{
				"start":	6.00115,
				"end":	7.001144,
				"seconds":	0.99999397993087769,
				"bytes":	2048,
				"bits_per_second":	16384.09863340628,
				"packets":	8,
				"omitted":	false,
				"sender":	true
			}
		}, {
			"streams":	[{
					"socket":	5,
					"start":	7.001144,
					"end":	8.001157,
					"seconds":	1.000012993812561,
					"bytes":	1792,
					"bits_per_second":	14335.813723123572,
					"packets":	7,
					"omitted":	false,
					"sender":	true
				}],
			"sum":	{
				"start":	7.001144,
				"end":	8.001157,
				"seconds":	1.000012993812561,
				"bytes":	1792,
				"bits_per_second":	14335.813723123572,
				"packets":	7,
				"omitted":	false,
				"sender":	true
			}
		}, {
			"streams":	[{
					"socket":	5,
					"start":	8.001157,
					"end":	9.001148,
					"seconds":	0.999990999698639,
					"bytes":	1792,
					"bits_per_second":	14336.129029481617,
					"packets":	7,
					"omitted":	false,
					"sender":	true
				}],
			"sum":	{
				"start":	8.001157,
				"end":	9.001148,
				"seconds":	0.999990999698639,
				"bytes":	1792,
				"bits_per_second":	14336.129029481617,
				"packets":	7,
				"omitted":	false,
				"sender":	true
			}
		}, {
			"streams":	[{
					"socket":	5,
					"start":	9.001148,
					"end":	10.001226,
					"seconds":	1.0000779628753662,
					"bytes":	2048,
					"bits_per_second":	16382.722755827628,
					"packets":	8,
					"omitted":	false,
					"sender":	true
				}],
			"sum":	{
				"start":	9.001148,
				"end":	10.001226,
				"seconds":	1.0000779628753662,
				"bytes":	2048,
				"bits_per_second":	16382.722755827628,
				"packets":	8,
				"omitted":	false,
				"sender":	true
			}
		}, {
			"streams":	[{
					"socket":	5,
					"start":	10.001226,
					"end":	11.001142,
					"seconds":	0.99991601705551147,
					"bytes":	1792,
					"bits_per_second":	14337.204080614423,
					"packets":	7,
					"omitted":	false,
					"sender":	true
				}],
			"sum":	{
				"start":	10.001226,
				"end":	11.001142,
				"seconds":	0.99991601705551147,
				"bytes":	1792,
				"bits_per_second":	14337.204080614423,
				"packets":	7,
				"omitted":	false,
				"sender":	true
			}
		}, {
			"streams":	[{
					"socket":	5,
					"start":	11.001142,
					"end":	12.001146,
					"seconds":	1.0000040531158447,
					"bytes":	1792,
					"bits_per_second":	14335.941894766756,
					"packets":	7,
					"omitted":	false,
					"sender":	true
				}],
			"sum":	{
				"start":	11.001142,
				"end":	12.001146,
				"seconds":	1.0000040531158447,
				"bytes":	1792,
				"bits_per_second":	14335.941894766756,
				"packets":	7,
				"omitted":	false,
				"sender":	true
			}
		}, {
			"streams":	[{
					"socket":	5,
					"start":	12.001146,
					"end":	13.001142,
					"seconds":	0.9999960064888,
					"bytes":	2048,
					"bits_per_second":	16384.065429948794,
					"packets":	8,
					"omitted":	false,
					"sender":	true
				}],
			"sum":	{
				"start":	12.001146,
				"end":	13.001142,
				"seconds":	0.9999960064888,
				"bytes":	2048,
				"bits_per_second":	16384.065429948794,
				"packets":	8,
				"omitted":	false,
				"sender":	true
			}
		}, {
			"streams":	[{
					"socket":	5,
					"start":	13.001142,
					"end":	14.001155,
					"seconds":	1.000012993812561,
					"bytes":	1792,
					"bits_per_second":	14335.813723123572,
					"packets":	7,
					"omitted":	false,
					"sender":	true
				}],
			"sum":	{
				"start":	13.001142,
				"end":	14.001155,
				"seconds":	1.000012993812561,
				"bytes":	1792,
				"bits_per_second":	14335.813723123572,
				"packets":	7,
				"omitted":	false,
				"sender":	true
			}
		}, {
			"streams":	[{
					"socket":	5,
					"start":	14.001155,
					"end":	15.001158,
					"seconds":	1.0000029802322388,
					"bytes":	1792,
					"bits_per_second":	14335.957275517954,
					"packets":	7,
					"omitted":	false,
					"sender":	true
				}],
			"sum":	{
				"start":	14.001155,
				"end":	15.001158,
				"seconds":	1.0000029802322388,
				"bytes":	1792,
				"bits_per_second":	14335.957275517954,
				"packets":	7,