{
	"start":	{
		"connected":	[{
				"socket":	5,
				"local_host":	"fd00::8",
				"local_port":	49077,
				"remote_host":	"2001:db8:1:ffff::26e:5439",
				"remote_port":	5123
			}],
		"version":	"iperf 3.18",
		"system_info":	"Linux RPI08 6.12.47+rpt-rpi-v7 #1 SMP Raspbian 1:6.12.47-1+rpt1 (2025-09-16) armv7l",
		"timestamp":	{
			"time":	"Mon, 11 May 2026 17:03:23 GMT",
			"timesecs":	1778519003
		},
		"connecting_to":	{
			"host":	"2001:db8:1:ffff::26e:5439",
			"port":	5123
		},
		"cookie":	"cda5pcgn5hl3vy7p7cgdbb23no67jlrllsxr",
		"target_bitrate":	160000,
		"fq_rate":	0,
		"sock_bufsize":	0,
		"sndbuf_actual":	180224,
		"rcvbuf_actual":	180224,
		"test_start":	{
			"protocol":	"UDP",
			"num_streams":	1,
			"blksize":	256,
			"omit":	0,
			"duration":	30,
			"bytes":	0,
			"blocks":	0,
			"reverse":	0,
			"tos":	0,
			"target_bitrate":	160000,
			"bidir":	0,
			"fqrate":	0,
			"interval":	1
		}
	},
	"intervals":	[{
			"streams":	[{
					"socket":	5,
					"start":	0,
					"end":	1.00115,
					"seconds":	1.0011500120162964,
					"bytes":	20224,
					"bits_per_second":	161606.15098446046,
					"packets":	79,
					"omitted":	false,
					"sender":	true
				}],
			"sum":	{
				"start":	0,
				"end":	1.00115,
				"seconds":	1.0011500120162964,
				"bytes":	20224,
				"bits_per_second":	161606.15098446046,
				"packets":	79,
				"omitted":	false,
				"sender":	true
			}
		}, {
			"streams":	[{
					"socket":	5,
					"start":	1.00115,
					"end":	2.001152,
					"seconds":	1.0000020265579224,
					"bytes":	19968,
					"bits_per_second":	159743.67627018731,
					"packets":	78,
					"omitted":	false,
					"sender":	true
				}],
			"sum":	{
				"start":	1.00115,
				"end":	2.001152,
				"seconds":	1.0000020265579224,
				"bytes":	19968,
				"bits_per_second":	159743.67627018731,
				"packets":	78,
				"omitted":	false,
				"sender":	true
			}
		}, {
			"streams":	[{
					"socket":	5,
					"start":	2.001152,
					"end":	3.001155,
					"seconds":	1.0000029802322388,
					"bytes":	19968,
					"bits_per_second":	159743.52392720006,
					"packets":	78,
					"omitted":	false,
					"sender":	true
				}],
			"sum":	{
				"start":	2.001152,
				"end":	3.001155,
				"seconds":	1.0000029802322388,
				"bytes":	19968,
				"bits_per_second":	159743.52392720006,
				"packets":	78,
				"omitted":	false,
				"sender":	true
			}
		}, {
			"streams":	[{
					"socket":	5,
					"start":	3.001155,
					"end":	4.001156,
					"seconds":	1.0000009536743164,
					"bytes":	19968,
					"bits_per_second":	159743.84765639529,
					"packets":	78,
					"omitted":	false,
					"sender":	true
				}],
			"sum":	{
				"start":	3.001155,
				"end":	4.001156,
				"seconds":	1.0000009536743164,
				"bytes":	19968,
				"bits_per_second":	159743.84765639529,
				"packets":	78,
				"omitted":	false,
				"sender":	true
			}
		}, {
			"streams":	[{
					"socket":	5,
					"start":	4.001156,
					"end":	5.001162,
					"seconds":	1.0000059604644775,
					"bytes":	19968,
					"bits_per_second":	159743.04785723772,
					"packets":	78,
					"omitted":	false,
					"sender":	true
				}],
			"sum":	{
				"start":	4.001156,
				"end":	5.001162,
				"seconds":	1.0000059604644775,
				"bytes":	19968,
				"bits_per_second":	159743.04785723772,
				"packets":	78,
				"omitted":	false,
				"sender":	true
			}
		}, {
			"streams":	[{
					"socket":	5,
					"start":	5.001162,
					"end":	6.001153,
					"seconds":	0.999990999698639,
					"bytes":	19968,
					"bits_per_second":	159745.43775708089,
					"packets":	78,
					"omitted":	false,
					"sender":	true
				}],
			"sum":	{
				"start":	5.001162,
				"end":	6.001153,
				"seconds":	0.999990999698639,
				"bytes":	19968,
				"bits_per_second":	159745.43775708089,
				"packets":	78,
				"omitted":	false,
				"sender":	true
			}
		}, {
			"streams":	[{
					"socket":	5,
					"start":	6.001153,
					"end":	7.001147,
					"seconds":	0.99999397993087769,
					"bytes":	19968,
					"bits_per_second":	159744.96167571124,
					"packets":	78,
					"omitted":	false,
					"sender":	true
				}],
			"sum":	{
				"start":	6.001153,
				"end":	7.001147,
				"seconds":	0.99999397993087769,
				"bytes":	19968,
				"bits_per_second":	159744.96167571124,
				"packets":	78,
				"omitted":	false,
				"sender":	true
			}
		}, {
			"streams":	[{
					"socket":	5,
					"start":	7.001147,
					"end":	8.001148,
					"seconds":	1.0000009536743164,
					"bytes":	20224,
					"bits_per_second":	161791.84570327215,
					"packets":	79,
					"omitted":	false,
					"sender":	true
				}],
			"sum":	{
				"start":	7.001147,
				"end":	8.001148,
				"seconds":	1.0000009536743164,
				"bytes":	20224,
				"bits_per_second":	161791.84570327215,
				"packets":	79,
				"omitted":	false,
				"sender":	true
			}
		}, {
			"streams":	[{
					"socket":	5,
					"start":	8.001148,
					"end":	9.001148,
					"seconds":	1,
					"bytes":	19968,
					"bits_per_second":	159744,
					"packets":	78,
					"omitted":	false,
					"sender":	true
				}],
			"sum":	{
				"start":	8.001148,
				"end":	9.001148,
				"seconds":	1,
				"bytes":	19968,
				"bits_per_second":	159744,
				"packets":	78,
				"omitted":	false,
				"sender":	true
			}
		}, {
			"streams":	[{
					"socket":	5,
					"start":	9.001148,
					"end":	10.00115,
					"seconds":	1.0000020265579224,
					"bytes":	19968,
					"bits_per_second":	159743.67627018731,
					"packets":	78,
					"omitted":	false,
					"sender":	true
				}],
			"sum":	{
				"start":	9.001148,
				"end":	10.00115,
				"seconds":	1.0000020265579224,
				"bytes":	19968,
				"bits_per_second":	159743.67627018731,
				"packets":	78,
				"omitted":	false,
				"sender":	true
			}
		}, {
			"streams":	[{
					"socket":	5,
					"start":	10.00115,
					"end":	11.001142,
					"seconds":	0.9999920129776,
					"bytes":	19968,
					"bits_per_second":	159745.27588909681,
					"packets":	78,
					"omitted":	false,
					"sender":	true
				}],
			"sum":	{
				"start":	10.00115,
				"end":	11.001142,
				"seconds":	0.9999920129776,
				"bytes":	19968,
				"bits_per_second":	159745.27588909681,
				"packets":	78,
				"omitted":	false,
				"sender":	true
			}
		}, {
			"streams":	[{
					"socket":	5,
					"start":	11.001142,
					"end":	12.001147,
					"seconds":	1.0000050067901611,
					"bytes":	19968,
					"bits_per_second":	159743.20019931693,
					"packets":	78,
					"omitted":	false,
					"sender":	true
				}],
			"sum":	{
				"start":	11.001142,
				"end":	12.001147,
				"seconds":	1.0000050067901611,
				"bytes":	19968,
				"bits_per_second":	159743.20019931693,
				"packets":	78,
				"omitted":	false,
				"sender":	true
			}
		}, {
			"streams":	[{
					"socket":	5,
					"start":	12.001147,
					"end":	13.001199,
					"seconds":	1.0000519752502441,
					"bytes":	19968,
					"bits_per_second":	159735.69769713926,
					"packets":	78,
					"omitted":	false,
					"sender":	true
				}],
			"sum":	{
				"start":	12.001147,
				"end":	13.001199,
				"seconds":	1.0000519752502441,
				"bytes":	19968,
				"bits_per_second":	159735.69769713926,
				"packets":	78,
				"omitted":	false,
				"sender":	true
			}
		}, {
			"streams":	[{
					"socket":	5,
					"start":	13.001199,
					"end":	14.001155,
					"seconds":	0.99995601177215576,
					"bytes":	19968,
					"bits_per_second":	159751.02716458126,
					"packets":	78,
					"omitted":	false,
					"sender":	true
				}],
			"sum":	{
				"start":	13.001199,
				"end":	14.001155,
				"seconds":	0.99995601177215576,
				"bytes":	19968,
				"bits_per_second":	159751.02716458126,
				"packets":	78,
				"omitted":	false,
				"sender":	true
			}
		}, {
			"streams":	[{
					"socket":	5,
					"start":	14.001155,
					"end":	15.001144,
					"seconds":	0.99998897314071655,
					"bytes":	19968,
					"bits_per_second":	159745.76149403313,
					"packets":	78,
					"omitted":	false,
					"sender":	true
				}],
			"sum":	{
				"start":	14.001155,
				"end":	15.001144,
				"seconds":	0.99998897314071655,
				"bytes":	19968,
				"bits_per_second":	159745.76149403313,