{
	"start":	{
		"connected":	[{
				"socket":	5,
				"local_host":	"fd00::8",
				"local_port":	40123,
				"remote_host":	"2001:db8:1:ffff::26e:5439",
				"remote_port":	5123
			}],
		"version":	"iperf 3.18",
		"system_info":	"Linux RPI08 6.12.47+rpt-rpi-v7 #1 SMP Raspbian 1:6.12.47-1+rpt1 (2025-09-16) armv7l",
		"timestamp":	{
			"time":	"Mon, 11 May 2026 17:05:04 GMT",
			"timesecs":	1778519104
		},
		"connecting_to":	{
			"host":	"2001:db8:1:ffff::26e:5439",
			"port":	5123
		},
		"cookie":	"7z6tfuuy43q6hh3iat4baqj6hl6nw4nttwtr",
		"target_bitrate":	250000,
		"fq_rate":	0,
		"sock_bufsize":	0,
		"sndbuf_actual":	180224,
		"rcvbuf_actual":	180224,
		"test_start":	{
			"protocol":	"UDP",
			"num_streams":	1,
			"blksize":	64,
			"omit":	0,
			"duration":	30,
			"bytes":	0,
			"blocks":	0,
			"reverse":	0,
			"tos":	0,
			"target_bitrate":	250000,
			"bidir":	0,
			"fqrate":	0,
			"interval":	1
		}
	},
	"intervals":	[{
			"streams":	[{
					"socket":	5,
					"start":	0,
					"end":	1.00107,
					"seconds":	1.0010700225830078,
					"bytes":	17792,
					"bits_per_second":	142183.86005879787,
					"packets":	279,
					"omitted":	false,
					"sender":	true
				}],
			"sum":	{
				"start":	0,
				"end":	1.00107,
				"seconds":	1.0010700225830078,
				"bytes":	17792,
				"bits_per_second":	142183.86005879787,
				"packets":	279,
				"omitted":	false,
				"sender":	true
			}
		}, {
			"streams":	[{
					"socket":	5,
					"start":	1.00107,
					"end":	2.001159,
					"seconds":	1.0000890493392944,
					"bytes":	14016,
					"bits_per_second":	112118.01596475534,
					"packets":	219,
					"omitted":	false,
					"sender":	true
				}],
			"sum":	{
				"start":	1.00107,
				"end":	2.001159,
				"seconds":	1.0000890493392944,
				"bytes":	14016,
				"bits_per_second":	112118.01596475534,
				"packets":	219,
				"omitted":	false,
				"sender":	true
			}
		}, {
			"streams":	[{
					"socket":	5,
					"start":	2.001159,
					"end":	3.001159,
					"seconds":	1,
					"bytes":	13952,
					"bits_per_second":	111616,
					"packets":	218,
					"omitted":	false,
					"sender":	true
				}],
			"sum":	{
				"start":	2.001159,
				"end":	3.001159,
				"seconds":	1,
				"bytes":	13952,
				"bits_per_second":	111616,
				"packets":	218,
				"omitted":	false,
				"sender":	true
			}
		}, {
			"streams":	[{
					"socket":	5,
					"start":	3.001159,
					"end":	4.00116,
					"seconds":	1.0000009536743164,
					"bytes":	21120,
					"bits_per_second":	168959.83886734117,
					"packets":	330,
					"omitted":	false,
					"sender":	true
				}],
			"sum":	{
				"start":	3.001159,
				"end":	4.00116,
				"seconds":	1.0000009536743164,
				"bytes":	21120,
				"bits_per_second":	168959.83886734117,
				"packets":	330,
				"omitted":	false,
				"sender":	true
			}
		}, {
			"streams":	[{
					"socket":	5,
					"start":	4.00116,
					"end":	5.001154,
					"seconds":	0.99999397993087769,
					"bytes":	21120,
					"bits_per_second":	168961.01715700226,
					"packets":	330,
					"omitted":	false,
					"sender":	true
				}],
			"sum":	{
				"start":	4.00116,
				"end":	5.001154,
				"seconds":	0.99999397993087769,
				"bytes":	21120,
				"bits_per_second":	168961.01715700226,
				"packets":	330,
				"omitted":	false,
				"sender":	true
			}
		}, {
			"streams":	[{
					"socket":	5,
					"start":	5.001154,
					"end":	6.001163,
					"seconds":	1.0000089406967163,
					"bytes":	21184,
					"bits_per_second":	169470.48481579291,
					"packets":	331,
					"omitted":	false,
					"sender":	true
				}],
			"sum":	{
				"start":	5.001154,
				"end":	6.001163,
				"seconds":	1.0000089406967163,
				"bytes":	21184,
				"bits_per_second":	169470.48481579291,
				"packets":	331,
				"omitted":	false,
				"sender":	true
			}
		}, {
			"streams":	[{
					"socket":	5,
					"start":	6.001163,
					"end":	7.001166,
					"seconds":	1.0000029802322388,
					"bytes":	28352,
					"bits_per_second":	226815.32403765907,
					"packets":	443,
					"omitted":	false,
					"sender":	true
				}],
			"sum":	{
				"start":	6.001163,
				"end":	7.001166,
				"seconds":	1.0000029802322388,
				"bytes":	28352,
				"bits_per_second":	226815.32403765907,
				"packets":	443,
				"omitted":	false,
				"sender":	true
			}
		}, {
			"streams":	[{
					"socket":	5,
					"start":	7.001166,
					"end":	8.001154,
					"seconds":	0.9999880194664,
					"bytes":	35264,
					"bits_per_second":	282115.37989278784,
					"packets":	551,
					"omitted":	false,
					"sender":	true
				}],
			"sum":	{
				"start":	7.001166,
				"end":	8.001154,
				"seconds":	0.9999880194664,
				"bytes":	35264,
				"bits_per_second":	282115.37989278784,
				"packets":	551,
				"omitted":	false,
				"sender":	true
			}
		}, {
			"streams":	[{
					"socket":	5,
					"start":	8.001154,
					"end":	9.001146,
					"seconds":	0.9999920129776,
					"bytes":	35328,
					"bits_per_second":	282626.25734224817,
					"packets":	552,
					"omitted":	false,
					"sender":	true
				}],
			"sum":	{
				"start":	8.001154,
				"end":	9.001146,
				"seconds":	0.9999920129776,
				"bytes":	35328,
				"bits_per_second":	282626.25734224817,
				"packets":	552,
				"omitted":	false,
				"sender":	true
			}
		}, {
			"streams":	[{
					"socket":	5,
					"start":	9.001146,
					"end":	10.00115,
					"seconds":	1.0000040531158447,
					"bytes":	35968,
					"bits_per_second":	287742.83374496136,
					"packets":	562,
					"omitted":	false,
					"sender":	true
				}],
			"sum":	{
				"start":	9.001146,
				"end":	10.00115,
				"seconds":	1.0000040531158447,
				"bytes":	35968,
				"bits_per_second":	287742.83374496136,
				"packets":	562,
				"omitted":	false,
				"sender":	true
			}
		}, {
			"streams":	[{
					"socket":	5,
					"start":	10.00115,
					"end":	11.001148,
					"seconds":	0.99999797344207764,
					"bytes":	43072,
					"bits_per_second":	344576.6983046378,
					"packets":	673,
					"omitted":	false,
					"sender":	true
				}],
			"sum":	{
				"start":	10.00115,
				"end":	11.001148,
				"seconds":	0.99999797344207764,
				"bytes":	43072,
				"bits_per_second":	344576.6983046378,
				"packets":	673,
				"omitted":	false,
				"sender":	true
			}
		}, {
			"streams":	[{
					"socket":	5,
					"start":	11.001148,
					"end":	12.001169,
					"seconds":	1.0000209808349609,
					"bytes":	42880,
					"bits_per_second":	343032.8028853765,
					"packets":	670,
					"omitted":	false,
					"sender":	true
				}],
			"sum":	{
				"start":	11.001148,
				"end":	12.001169,
				"seconds":	1.0000209808349609,
				"bytes":	42880,
				"bits_per_second":	343032.8028853765,
				"packets":	670,
				"omitted":	false,
				"sender":	true
			}
		}, {
			"streams":	[{
					"socket":	5,
					"start":	12.001169,
					"end":	13.001157,
					"seconds":	0.9999880194664,
					"bytes":	49472,
					"bits_per_second":	395780.74166447367,
					"packets":	773,
					"omitted":	false,
					"sender":	true
				}],
			"sum":	{
				"start":	12.001169,
				"end":	13.001157,
				"seconds":	0.9999880194664,
				"bytes":	49472,
				"bits_per_second":	395780.74166447367,
				"packets":	773,
				"omitted":	false,
				"sender":	true
			}
		}, {
			"streams":	[{
					"socket":	5,
					"start":	13.001157,
					"end":	14.001154,
					"seconds":	0.99999701976776123,
					"bytes":	50176,
					"bits_per_second":	401409.19629262772,
					"packets":	784,
					"omitted":	false,
					"sender":	true
				}],
			"sum":	{
				"start":	13.001157,
				"end":	14.001154,
				"seconds":	0.99999701976776123,
				"bytes":	50176,
				"bits_per_second":	401409.19629262772,
				"packets":	784,
				"omitted":	false,
				"sender":	true
			}
		}, {
			"streams":	[{
					"socket":	5,
					"start":	14.001154,
					"end":	15.001238,
					"seconds":	1.0000840425491333,
					"bytes":	39104,
					"bits_per_second":	312805.71101066319,
					"packets":	610,
					"omitted":	false,
					"sender":	true
				}],
			"sum":	{
				"start":	14.001154,
				"end":	15.001238,
				"seconds":	1.0000840425491333,
				"bytes":	39104,
				"bits_per_second":	312805.71101066319,