{
	"start":	{
		"connected":	[{
				"socket":	5,
				"local_host":	"fd00::8",
				"local_port":	58637,
				"remote_host":	"2001:db8:1:ffff::26e:5439",
				"remote_port":	5123
			}],
		"version":	"iperf 3.18",
		"system_info":	"Linux RPI08 6.12.47+rpt-rpi-v7 #1 SMP Raspbian 1:6.12.47-1+rpt1 (2025-09-16) armv7l",
		"timestamp":	{
			"time":	"Mon, 11 May 2026 15:35:51 GMT",
			"timesecs":	1778513751
		},
		"connecting_to":	{
			"host":	"2001:db8:1:ffff::26e:5439",
			"port":	5123
		},
		"cookie":	"iz2pgfz22u2tgixrzpis4oj55y4jdh2r7y4q",
		"target_bitrate":	40000,
		"fq_rate":	0,
		"sock_bufsize":	0,
		"sndbuf_actual":	180224,
		"rcvbuf_actual":	180224,
		"test_start":	{
			"protocol":	"UDP",
			"num_streams":	1,
			"blksize":	1024,
			"omit":	0,
			"duration":	30,
			"bytes":	0,
			"blocks":	0,
			"reverse":	0,
			"tos":	0,
			"target_bitrate":	40000,
			"bidir":	0,
			"fqrate":	0,
			"interval":	1
		}
	},
	"intervals":	[{
			"streams":	[{
					"socket":	5,
					"start":	0,
					"end":	1.001194,
					"seconds":	1.0011940002441406,
					"bytes":	5120,
					"bits_per_second":	40911.152074435049,
					"packets":	5,
					"omitted":	false,
					"sender":	true
				}],
			"sum":	{
				"start":	0,
				"end":	1.001194,
				"seconds":	1.0011940002441406,
				"bytes":	5120,
				"bits_per_second":	40911.152074435049,
				"packets":	5,
				"omitted":	false,
				"sender":	true
			}
		}, {
			"streams":	[{
					"socket":	5,
					"start":	1.001194,
					"end":	2.001159,
					"seconds":	0.999965012073517,
					"bytes":	5120,
					"bits_per_second":	40961.4331556119,
					"packets":	5,
					"omitted":	false,
					"sender":	true
				}],
			"sum":	{
				"start":	1.001194,
				"end":	2.001159,
				"seconds":	0.999965012073517,
				"bytes":	5120,
				"bits_per_second":	40961.4331556119,
				"packets":	5,
				"omitted":	false,
				"sender":	true
			}
		}, {
			"streams":	[{
					"socket":	5,
					"start":	2.001159,
					"end":	3.001209,
					"seconds":	1.0000499486923218,
					"bytes":	5120,
					"bits_per_second":	40957.954203747351,
					"packets":	5,
					"omitted":	false,
					"sender":	true
				}],
			"sum":	{
				"start":	2.001159,
				"end":	3.001209,
				"seconds":	1.0000499486923218,
				"bytes":	5120,
				"bits_per_second":	40957.954203747351,
				"packets":	5,
				"omitted":	false,
				"sender":	true
			}
		}, {
			"streams":	[{
					"socket":	5,
					"start":	3.001209,
					"end":	4.001155,
					"seconds":	0.9999459981918335,
					"bytes":	5120,
					"bits_per_second":	40962.212033516313,
					"packets":	5,
					"omitted":	false,
					"sender":	true
				}],
			"sum":	{
				"start":	3.001209,
				"end":	4.001155,
				"seconds":	0.9999459981918335,
				"bytes":	5120,
				"bits_per_second":	40962.212033516313,
				"packets":	5,
				"omitted":	false,
				"sender":	true
			}
		}, {
			"streams":	[{
					"socket":	5,
					"start":	4.001155,
					"end":	5.001146,
					"seconds":	0.999990999698639,
					"bytes":	5120,
					"bits_per_second":	40960.368655661761,
					"packets":	5,
					"omitted":	false,
					"sender":	true
				}],
			"sum":	{
				"start":	4.001155,
				"end":	5.001146,
				"seconds":	0.999990999698639,
				"bytes":	5120,
				"bits_per_second":	40960.368655661761,
				"packets":	5,
				"omitted":	false,
				"sender":	true
			}
		}, {
			"streams":	[{
					"socket":	5,
					"start":	5.001146,
					"end":	6.001154,
					"seconds":	1.0000079870224,
					"bytes":	5120,
					"bits_per_second":	40959.67285417542,
					"packets":	5,
					"omitted":	false,
					"sender":	true
				}],
			"sum":	{
				"start":	5.001146,
				"end":	6.001154,
				"seconds":	1.0000079870224,
				"bytes":	5120,
				"bits_per_second":	40959.67285417542,
				"packets":	5,
				"omitted":	false,
				"sender":	true
			}
		}, {
			"streams":	[{
					"socket":	5,
					"start":	6.001154,
					"end":	7.001144,
					"seconds":	0.99998998641967773,
					"bytes":	5120,
					"bits_per_second":	40960.410160357176,
					"packets":	5,
					"omitted":	false,
					"sender":	true
				}],
			"sum":	{
				"start":	6.001154,
				"end":	7.001144,
				"seconds":	0.99998998641967773,
				"bytes":	5120,
				"bits_per_second":	40960.410160357176,
				"packets":	5,
				"omitted":	false,
				"sender":	true
			}
		}, {
			"streams":	[{
					"socket":	5,
					"start":	7.001144,
					"end":	8.00114,
					"seconds":	0.9999960064888,
					"bytes":	5120,
					"bits_per_second":	40960.163574871985,
					"packets":	5,
					"omitted":	false,
					"sender":	true
				}],
			"sum":	{
				"start":	7.001144,
				"end":	8.00114,
				"seconds":	0.9999960064888,
				"bytes":	5120,
				"bits_per_second":	40960.163574871985,
				"packets":	5,
				"omitted":	false,
				"sender":	true
			}
		}, {
			"streams":	[{
					"socket":	5,
					"start":	8.00114,
					"end":	9.001173,
					"seconds":	1.0000330209732056,
					"bytes":	4096,
					"bits_per_second":	32766.918004478546,
					"packets":	4,
					"omitted":	false,
					"sender":	true
				}],
			"sum":	{
				"start":	8.00114,
				"end":	9.001173,
				"seconds":	1.0000330209732056,
				"bytes":	4096,
				"bits_per_second":	32766.918004478546,
				"packets":	4,
				"omitted":	false,
				"sender":	true
			}
		}, {
			"streams":	[{
					"socket":	5,
					"start":	9.001173,
					"end":	10.001156,
					"seconds":	0.999983012676239,
					"bytes":	5120,
					"bits_per_second":	40960.695812601247,
					"packets":	5,
					"omitted":	false,
					"sender":	true
				}],
			"sum":	{
				"start":	9.001173,
				"end":	10.001156,
				"seconds":	0.999983012676239,
				"bytes":	5120,
				"bits_per_second":	40960.695812601247,
				"packets":	5,
				"omitted":	false,
				"sender":	true
			}
		}, {
			"streams":	[{
					"socket":	5,
					"start":	10.001156,
					"end":	11.001163,
					"seconds":	1.0000070333480835,
					"bytes":	5120,
					"bits_per_second":	40959.7119160887,
					"packets":	5,
					"omitted":	false,
					"sender":	true
				}],
			"sum":	{
				"start":	10.001156,
				"end":	11.001163,
				"seconds":	1.0000070333480835,
				"bytes":	5120,
				"bits_per_second":	40959.7119160887,
				"packets":	5,
				"omitted":	false,
				"sender":	true
			}
		}, {
			"streams":	[{
					"socket":	5,
					"start":	11.001163,
					"end":	12.001147,
					"seconds":	0.9999840259552002,
					"bytes":	5120,
					"bits_per_second":	40960.654307326935,
					"packets":	5,
					"omitted":	false,
					"sender":	true
				}],
			"sum":	{
				"start":	11.001163,
				"end":	12.001147,
				"seconds":	0.9999840259552002,
				"bytes":	5120,
				"bits_per_second":	40960.654307326935,
				"packets":	5,
				"omitted":	false,
				"sender":	true
			}
		}, {
			"streams":	[{
					"socket":	5,
					"start":	12.001147,
					"end":	13.00115,
					"seconds":	1.0000029802322388,
					"bytes":	5120,
					"bits_per_second":	40959.8779300513,
					"packets":	5,
					"omitted":	false,
					"sender":	true
				}],
			"sum":	{
				"start":	12.001147,
				"end":	13.00115,
				"seconds":	1.0000029802322388,
				"bytes":	5120,
				"bits_per_second":	40959.8779300513,
				"packets":	5,
				"omitted":	false,
				"sender":	true
			}
		}, {
			"streams":	[{
					"socket":	5,
					"start":	13.00115,
					"end":	14.001144,
					"seconds":	0.99999397993087769,
					"bytes":	5120,
					"bits_per_second":	40960.2465835157,
					"packets":	5,
					"omitted":	false,
					"sender":	true
				}],
			"sum":	{
				"start":	13.00115,
				"end":	14.001144,
				"seconds":	0.99999397993087769,
				"bytes":	5120,
				"bits_per_second":	40960.2465835157,
				"packets":	5,
				"omitted":	false,
				"sender":	true
			}
		}, {
			"streams":	[{
					"socket":	5,
					"start":	14.001144,
					"end":	15.001156,
					"seconds":	1.0000120401382446,
					"bytes":	5120,
					"bits_per_second":	40959.5068418752,
					"packets":	5,
					"omitted":	false,
					"sender":	true
				}],
			"sum":	{
				"start":	14.001144,
				"end":	15.001156,
				"seconds":	1.0000120401382446,
				"bytes":	5120,
				"bits_per_second":	40959.5068418752,
				"packets":	5,
				"omitted":	false,