{
	"start":	{
		"connected":	[{
				"socket":	5,
				"local_host":	"fd00::8",
				"local_port":	39517,
				"remote_host":	"2001:db8:1:ffff::26e:5439",
				"remote_port":	5123
			}],
		"version":	"iperf 3.18",
		"system_info":	"Linux RPI08 6.12.47+rpt-rpi-v7 #1 SMP Raspbian 1:6.12.47-1+rpt1 (2025-09-16) armv7l",
		"timestamp":	{
			"time":	"Mon, 11 May 2026 15:36:22 GMT",
			"timesecs":	1778513782
		},
		"connecting_to":	{
			"host":	"2001:db8:1:ffff::26e:5439",
			"port":	5123
		},
		"cookie":	"s26dlxezax2loafrmuz34wn7fwvhj32l75fy",
		"target_bitrate":	60000,
		"fq_rate":	0,
		"sock_bufsize":	0,
		"sndbuf_actual":	180224,
		"rcvbuf_actual":	180224,
		"test_start":	{
			"protocol":	"UDP",
			"num_streams":	1,
			"blksize":	64,
			"omit":	0,
			"duration":	30,
			"bytes":	0,
			"blocks":	0,
			"reverse":	0,
			"tos":	0,
			"target_bitrate":	60000,
			"bidir":	0,
			"fqrate":	0,
			"interval":	1
		}
	},
	"intervals":	[{
			"streams":	[{
					"socket":	5,
					"start":	0,
					"end":	1.00114,
					"seconds":	1.0011399984359741,
					"bytes":	7552,
					"bits_per_second":	60347.204281503677,
					"packets":	118,
					"omitted":	false,
					"sender":	true
				}],
			"sum":	{
				"start":	0,
				"end":	1.00114,
				"seconds":	1.0011399984359741,
				"bytes":	7552,
				"bits_per_second":	60347.204281503677,
				"packets":	118,
				"omitted":	false,
				"sender":	true
			}
		}, {
			"streams":	[{
					"socket":	5,
					"start":	1.00114,
					"end":	2.001151,
					"seconds":	1.0000109672546387,
					"bytes":	7488,
					"bits_per_second":	59903.343024783338,
					"packets":	117,
					"omitted":	false,
					"sender":	true
				}],
			"sum":	{
				"start":	1.00114,
				"end":	2.001151,
				"seconds":	1.0000109672546387,
				"bytes":	7488,
				"bits_per_second":	59903.343024783338,
				"packets":	117,
				"omitted":	false,
				"sender":	true
			}
		}, {
			"streams":	[{
					"socket":	5,
					"start":	2.001151,
					"end":	3.001142,
					"seconds":	0.999990999698639,
					"bytes":	7488,
					"bits_per_second":	59904.539158905325,
					"packets":	117,
					"omitted":	false,
					"sender":	true
				}],
			"sum":	{
				"start":	2.001151,
				"end":	3.001142,
				"seconds":	0.999990999698639,
				"bytes":	7488,
				"bits_per_second":	59904.539158905325,
				"packets":	117,
				"omitted":	false,
				"sender":	true
			}
		}, {
			"streams":	[{
					"socket":	5,
					"start":	3.001142,
					"end":	4.001147,
					"seconds":	1.0000050067901611,
					"bytes":	7488,
					"bits_per_second":	59903.700074743851,
					"packets":	117,
					"omitted":	false,
					"sender":	true
				}],
			"sum":	{
				"start":	3.001142,
				"end":	4.001147,
				"seconds":	1.0000050067901611,
				"bytes":	7488,
				"bits_per_second":	59903.700074743851,
				"packets":	117,
				"omitted":	false,
				"sender":	true
			}
		}, {
			"streams":	[{
					"socket":	5,
					"start":	4.001147,
					"end":	5.001141,
					"seconds":	0.99999397993087769,
					"bytes":	7552,
					"bits_per_second":	60416.363710685655,
					"packets":	118,
					"omitted":	false,
					"sender":	true
				}],
			"sum":	{
				"start":	4.001147,
				"end":	5.001141,
				"seconds":	0.99999397993087769,
				"bytes":	7552,
				"bits_per_second":	60416.363710685655,
				"packets":	118,
				"omitted":	false,
				"sender":	true
			}
		}, {
			"streams":	[{
					"socket":	5,
					"start":	5.001141,
					"end":	6.001143,
					"seconds":	1.0000020265579224,
					"bytes":	7488,
					"bits_per_second":	59903.878601320241,
					"packets":	117,
					"omitted":	false,
					"sender":	true
				}],
			"sum":	{
				"start":	5.001141,
				"end":	6.001143,
				"seconds":	1.0000020265579224,
				"bytes":	7488,
				"bits_per_second":	59903.878601320241,
				"packets":	117,
				"omitted":	false,
				"sender":	true
			}
		}, {
			"streams":	[{
					"socket":	5,
					"start":	6.001143,
					"end":	7.001139,
					"seconds":	0.9999960064888,
					"bytes":	7488,
					"bits_per_second":	59904.239228250284,
					"packets":	117,
					"omitted":	false,
					"sender":	true
				}],
			"sum":	{
				"start":	6.001143,
				"end":	7.001139,
				"seconds":	0.9999960064888,
				"bytes":	7488,
				"bits_per_second":	59904.239228250284,
				"packets":	117,
				"omitted":	false,
				"sender":	true
			}
		}, {
			"streams":	[{
					"socket":	5,
					"start":	7.001139,
					"end":	8.001141,
					"seconds":	1.0000020265579224,
					"bytes":	7488,
					"bits_per_second":	59903.878601320241,
					"packets":	117,
					"omitted":	false,
					"sender":	true
				}],
			"sum":	{
				"start":	7.001139,
				"end":	8.001141,
				"seconds":	1.0000020265579224,
				"bytes":	7488,
				"bits_per_second":	59903.878601320241,
				"packets":	117,
				"omitted":	false,
				"sender":	true
			}
		}, {
			"streams":	[{
					"socket":	5,
					"start":	8.001141,
					"end":	9.001142,
					"seconds":	1.0000009536743164,
					"bytes":	7488,
					"bits_per_second":	59903.942871148232,
					"packets":	117,
					"omitted":	false,
					"sender":	true
				}],
			"sum":	{
				"start":	8.001141,
				"end":	9.001142,
				"seconds":	1.0000009536743164,
				"bytes":	7488,
				"bits_per_second":	59903.942871148232,
				"packets":	117,
				"omitted":	false,
				"sender":	true
			}
		}, {
			"streams":	[{
					"socket":	5,
					"start":	9.001142,
					"end":	10.001135,
					"seconds":	0.99999302625656128,
					"bytes":	7488,
					"bits_per_second":	59904.4177580403,
					"packets":	117,
					"omitted":	false,
					"sender":	true
				}],
			"sum":	{
				"start":	9.001142,
				"end":	10.001135,
				"seconds":	0.99999302625656128,
				"bytes":	7488,
				"bits_per_second":	59904.4177580403,
				"packets":	117,
				"omitted":	false,
				"sender":	true
			}
		}, {
			"streams":	[{
					"socket":	5,
					"start":	10.001135,
					"end":	11.001135,
					"seconds":	1,
					"bytes":	7552,
					"bits_per_second":	60416,
					"packets":	118,
					"omitted":	false,
					"sender":	true
				}],
			"sum":	{
				"start":	10.001135,
				"end":	11.001135,
				"seconds":	1,
				"bytes":	7552,
				"bits_per_second":	60416,
				"packets":	118,
				"omitted":	false,
				"sender":	true
			}
		}, {
			"streams":	[{
					"socket":	5,
					"start":	11.001135,
					"end":	12.001139,
					"seconds":	1.0000040531158447,
					"bytes":	7488,
					"bits_per_second":	59903.757203132518,
					"packets":	117,
					"omitted":	false,
					"sender":	true
				}],
			"sum":	{
				"start":	11.001135,
				"end":	12.001139,
				"seconds":	1.0000040531158447,
				"bytes":	7488,
				"bits_per_second":	59903.757203132518,
				"packets":	117,
				"omitted":	false,
				"sender":	true
			}
		}, {
			"streams":	[{
					"socket":	5,
					"start":	12.001139,
					"end":	13.001184,
					"seconds":	1.0000449419021606,
					"bytes":	7488,
					"bits_per_second":	59901.3079212801,
					"packets":	117,
					"omitted":	false,
					"sender":	true
				}],
			"sum":	{
				"start":	12.001139,
				"end":	13.001184,
				"seconds":	1.0000449419021606,
				"bytes":	7488,
				"bits_per_second":	59901.3079212801,
				"packets":	117,
				"omitted":	false,
				"sender":	true
			}
		}, {
			"streams":	[{
					"socket":	5,
					"start":	13.001184,
					"end":	14.001148,
					"seconds":	0.99996399879455566,
					"bytes":	7488,
					"bits_per_second":	59906.156693854515,
					"packets":	117,
					"omitted":	false,
					"sender":	true
				}],
			"sum":	{
				"start":	13.001184,
				"end":	14.001148,
				"seconds":	0.99996399879455566,
				"bytes":	7488,
				"bits_per_second":	59906.156693854515,
				"packets":	117,
				"omitted":	false,
				"sender":	true
			}
		}, {
			"streams":	[{
					"socket":	5,
					"start":	14.001148,
					"end":	15.00114,
					"seconds":	0.9999920129776,
					"bytes":	7488,
					"bits_per_second":	59904.4784584113,
					"packets":	117,
					"omitted":	false,
					"sender":	true
				}],
			"sum":	{
				"start":	14.001148,
				"end":	15.00114,
				"seconds":	0.9999920129776,
				"bytes":	7488,
				"bits_per_second":	59904.4784584113,
				"packets":	117,