{
	"start":	{
		"connected":	[{
				"socket":	5,
				"local_host":	"fd00::8",
				"local_port":	36981,
				"remote_host":	"2001:db8:1:ffff::26e:5439",
				"remote_port":	5123
			}],
		"version":	"iperf 3.18",
		"system_info":	"Linux RPI08 6.12.47+rpt-rpi-v7 #1 SMP Raspbian 1:6.12.47-1+rpt1 (2025-09-16) armv7l",
		"timestamp":	{
			"time":	"Mon, 11 May 2026 15:23:10 GMT",
			"timesecs":	1778512990
		},
		"connecting_to":	{
			"host":	"2001:db8:1:ffff::26e:5439",
			"port":	5123
		},
		"cookie":	"xuciju6lcp3b3u4eci6e2zsvzoo67ynffl3f",
		"target_bitrate":	10000,
		"fq_rate":	0,
		"sock_bufsize":	0,
		"sndbuf_actual":	180224,
		"rcvbuf_actual":	180224,
		"test_start":	{
			"protocol":	"UDP",
			"num_streams":	1,
			"blksize":	64,
			"omit":	0,
			"duration":	30,
			"bytes":	0,
			"blocks":	0,
			"reverse":	0,
			"tos":	0,
			"target_bitrate":	10000,
			"bidir":	0,
			"fqrate":	0,
			"interval":	1
		}
	},
	"intervals":	[{
			"streams":	[{
					"socket":	5,
					"start":	0,
					"end":	1.001148,
					"seconds":	1.001147985458374,
					"bytes":	1280,
					"bits_per_second":	10228.25810842703,
					"packets":	20,
					"omitted":	false,
					"sender":	true
				}],
			"sum":	{
				"start":	0,
				"end":	1.001148,
				"seconds":	1.001147985458374,
				"bytes":	1280,
				"bits_per_second":	10228.25810842703,
				"packets":	20,
				"omitted":	false,
				"sender":	true
			}
		}, {
			"streams":	[{
					"socket":	5,
					"start":	1.001148,
					"end":	2.001139,
					"seconds":	0.999990999698639,
					"bytes":	1280,
					"bits_per_second":	10240.09216391544,
					"packets":	20,
					"omitted":	false,
					"sender":	true
				}],
			"sum":	{
				"start":	1.001148,
				"end":	2.001139,
				"seconds":	0.999990999698639,
				"bytes":	1280,
				"bits_per_second":	10240.09216391544,
				"packets":	20,
				"omitted":	false,
				"sender":	true
			}
		}, {
			"streams":	[{
					"socket":	5,
					"start":	2.001139,
					"end":	3.001133,
					"seconds":	0.99999397993087769,
					"bytes":	1216,
					"bits_per_second":	9728.05856358498,
					"packets":	19,
					"omitted":	false,
					"sender":	true
				}],
			"sum":	{
				"start":	2.001139,
				"end":	3.001133,
				"seconds":	0.99999397993087769,
				"bytes":	1216,
				"bits_per_second":	9728.05856358498,
				"packets":	19,
				"omitted":	false,
				"sender":	true
			}
		}, {
			"streams":	[{
					"socket":	5,
					"start":	3.001133,
					"end":	4.001128,
					"seconds":	0.999994993209839,
					"bytes":	1280,
					"bits_per_second":	10240.051269787948,
					"packets":	20,
					"omitted":	false,
					"sender":	true
				}],
			"sum":	{
				"start":	3.001133,
				"end":	4.001128,
				"seconds":	0.999994993209839,
				"bytes":	1280,
				"bits_per_second":	10240.051269787948,
				"packets":	20,
				"omitted":	false,
				"sender":	true
			}
		}, {
			"streams":	[{
					"socket":	5,
					"start":	4.001128,
					"end":	5.001138,
					"seconds":	1.0000100135803223,
					"bytes":	1216,
					"bits_per_second":	9727.90258886606,
					"packets":	19,
					"omitted":	false,
					"sender":	true
				}],
			"sum":	{
				"start":	4.001128,
				"end":	5.001138,
				"seconds":	1.0000100135803223,
				"bytes":	1216,
				"bits_per_second":	9727.90258886606,
				"packets":	19,
				"omitted":	false,
				"sender":	true
			}
		}, {
			"streams":	[{
					"socket":	5,
					"start":	5.001138,
					"end":	6.00113,
					"seconds":	0.9999920129776,
					"bytes":	1280,
					"bits_per_second":	10240.081787762616,
					"packets":	20,
					"omitted":	false,
					"sender":	true
				}],
			"sum":	{
				"start":	5.001138,
				"end":	6.00113,
				"seconds":	0.9999920129776,
				"bytes":	1280,
				"bits_per_second":	10240.081787762616,
				"packets":	20,
				"omitted":	false,
				"sender":	true
			}
		}, {
			"streams":	[{
					"socket":	5,
					"start":	6.00113,
					"end":	7.001138,
					"seconds":	1.0000079870224,
					"bytes":	1216,
					"bits_per_second":	9727.92230286666,
					"packets":	19,
					"omitted":	false,
					"sender":	true
				}],
			"sum":	{
				"start":	6.00113,
				"end":	7.001138,
				"seconds":	1.0000079870224,
				"bytes":	1216,
				"bits_per_second":	9727.92230286666,
				"packets":	19,
				"omitted":	false,
				"sender":	true
			}
		}, {
			"streams":	[{
					"socket":	5,
					"start":	7.001138,
					"end":	8.001146,
					"seconds":	1.0000079870224,
					"bytes":	1280,
					"bits_per_second":	10239.918213543855,
					"packets":	20,
					"omitted":	false,
					"sender":	true
				}],
			"sum":	{
				"start":	7.001138,
				"end":	8.001146,
				"seconds":	1.0000079870224,
				"bytes":	1280,
				"bits_per_second":	10239.918213543855,
				"packets":	20,
				"omitted":	false,
				"sender":	true
			}
		}, {
			"streams":	[{
					"socket":	5,
					"start":	8.001146,
					"end":	9.001139,
					"seconds":	0.99999302625656128,
					"bytes":	1216,
					"bits_per_second":	9728.06784104928,
					"packets":	19,
					"omitted":	false,
					"sender":	true
				}],
			"sum":	{
				"start":	8.001146,
				"end":	9.001139,
				"seconds":	0.99999302625656128,
				"bytes":	1216,
				"bits_per_second":	9728.06784104928,
				"packets":	19,
				"omitted":	false,
				"sender":	true
			}
		}, {
			"streams":	[{
					"socket":	5,
					"start":	9.001139,
					"end":	10.001141,
					"seconds":	1.0000020265579224,
					"bytes":	1280,
					"bits_per_second":	10239.97924808893,
					"packets":	20,
					"omitted":	false,
					"sender":	true
				}],
			"sum":	{
				"start":	9.001139,
				"end":	10.001141,
				"seconds":	1.0000020265579224,
				"bytes":	1280,
				"bits_per_second":	10239.97924808893,
				"packets":	20,
				"omitted":	false,
				"sender":	true
			}
		}, {
			"streams":	[{
					"socket":	5,
					"start":	10.001141,
					"end":	11.001133,
					"seconds":	0.9999920129776,
					"bytes":	1216,
					"bits_per_second":	9728.0776983744854,
					"packets":	19,
					"omitted":	false,
					"sender":	true
				}],
			"sum":	{
				"start":	10.001141,
				"end":	11.001133,
				"seconds":	0.9999920129776,
				"bytes":	1216,
				"bits_per_second":	9728.0776983744854,
				"packets":	19,
				"omitted":	false,
				"sender":	true
			}
		}, {
			"streams":	[{
					"socket":	5,
					"start":	11.001133,
					"end":	12.001129,
					"seconds":	0.9999960064888,
					"bytes":	1280,
					"bits_per_second":	10240.040893717996,
					"packets":	20,
					"omitted":	false,
					"sender":	true
				}],
			"sum":	{
				"start":	11.001133,
				"end":	12.001129,
				"seconds":	0.9999960064888,
				"bytes":	1280,
				"bits_per_second":	10240.040893717996,
				"packets":	20,
				"omitted":	false,
				"sender":	true
			}
		}, {
			"streams":	[{
					"socket":	5,
					"start":	12.001129,
					"end":	13.001138,
					"seconds":	1.0000089406967163,
					"bytes":	1216,
					"bits_per_second":	9727.9130256799544,
					"packets":	19,
					"omitted":	false,
					"sender":	true
				}],
			"sum":	{
				"start":	12.001129,
				"end":	13.001138,
				"seconds":	1.0000089406967163,
				"bytes":	1216,
				"bits_per_second":	9727.9130256799544,
				"packets":	19,
				"omitted":	false,
				"sender":	true
			}
		}, {
			"streams":	[{
					"socket":	5,
					"start":	13.001138,
					"end":	14.001141,
					"seconds":	1.0000029802322388,
					"bytes":	1280,
					"bits_per_second":	10239.969482512824,
					"packets":	20,
					"omitted":	false,
					"sender":	true
				}],
			"sum":	{
				"start":	13.001138,
				"end":	14.001141,
				"seconds":	1.0000029802322388,
				"bytes":	1280,
				"bits_per_second":	10239.969482512824,
				"packets":	20,
				"omitted":	false,
				"sender":	true
			}
		}, {
			"streams":	[{
					"socket":	5,
					"start":	14.001141,
					"end":	15.001136,
					"seconds":	0.999994993209839,
					"bytes":	1216,
					"bits_per_second":	9728.04870629855,
					"packets":	19,
					"omitted":	false,
					"sender":	true
				}],
			"sum":	{
				"start":	14.001141,
				"end":	15.001136,
				"seconds":	0.999994993209839,
				"bytes":	1216,
				"bits_per_second":	9728.04870629855,
				"packets":	19,
				"omitted":	false,