{
	"start":	{
		"connected":	[{
				"socket":	5,
				"local_host":	"fd00::8",
				"local_port":	37624,
				"remote_host":	"2001:db8:1:ffff::26e:5439",
				"remote_port":	5123
			}],
		"version":	"iperf 3.18",
		"system_info":	"Linux RPI08 6.12.47+rpt-rpi-v7 #1 SMP Raspbian 1:6.12.47-1+rpt1 (2025-09-16) armv7l",
		"timestamp":	{
			"time":	"Mon, 11 May 2026 15:31:38 GMT",
			"timesecs":	1778513498
		},
		"connecting_to":	{
			"host":	"2001:db8:1:ffff::26e:5439",
			"port":	5123
		},
		"cookie":	"aiypvjsb3khfv6ojdv2ztkugveadrqzj7nt7",
		"target_bitrate":	30000,
		"fq_rate":	0,
		"sock_bufsize":	0,
		"sndbuf_actual":	180224,
		"rcvbuf_actual":	180224,
		"test_start":	{
			"protocol":	"UDP",
			"num_streams":	1,
			"blksize":	128,
			"omit":	0,
			"duration":	30,
			"bytes":	0,
			"blocks":	0,
			"reverse":	0,
			"tos":	0,
			"target_bitrate":	30000,
			"bidir":	0,
			"fqrate":	0,
			"interval":	1
		}
	},
	"intervals":	[{
			"streams":	[{
					"socket":	5,
					"start":	0,
					"end":	1.001142,
					"seconds":	1.0011420249938965,
					"bytes":	3840,
					"bits_per_second":	30684.957012155479,
					"packets":	30,
					"omitted":	false,
					"sender":	true
				}],
			"sum":	{
				"start":	0,
				"end":	1.001142,
				"seconds":	1.0011420249938965,
				"bytes":	3840,
				"bits_per_second":	30684.957012155479,
				"packets":	30,
				"omitted":	false,
				"sender":	true
			}
		}, {
			"streams":	[{
					"socket":	5,
					"start":	1.001142,
					"end":	2.001141,
					"seconds":	0.99999898672103882,
					"bytes":	3712,
					"bits_per_second":	29696.030090362521,
					"packets":	29,
					"omitted":	false,
					"sender":	true
				}],
			"sum":	{
				"start":	1.001142,
				"end":	2.001141,
				"seconds":	0.99999898672103882,
				"bytes":	3712,
				"bits_per_second":	29696.030090362521,
				"packets":	29,
				"omitted":	false,
				"sender":	true
			}
		}, {
			"streams":	[{
					"socket":	5,
					"start":	2.001141,
					"end":	3.001139,
					"seconds":	0.99999797344207764,
					"bytes":	3712,
					"bits_per_second":	29696.060180786022,
					"packets":	29,
					"omitted":	false,
					"sender":	true
				}],
			"sum":	{
				"start":	2.001141,
				"end":	3.001139,
				"seconds":	0.99999797344207764,
				"bytes":	3712,
				"bits_per_second":	29696.060180786022,
				"packets":	29,
				"omitted":	false,
				"sender":	true
			}
		}, {
			"streams":	[{
					"socket":	5,
					"start":	3.001139,
					"end":	4.001145,
					"seconds":	1.0000059604644775,
					"bytes":	3840,
					"bits_per_second":	30719.816895622636,
					"packets":	30,
					"omitted":	false,
					"sender":	true
				}],
			"sum":	{
				"start":	3.001139,
				"end":	4.001145,
				"seconds":	1.0000059604644775,
				"bytes":	3840,
				"bits_per_second":	30719.816895622636,
				"packets":	30,
				"omitted":	false,
				"sender":	true
			}
		}, {
			"streams":	[{
					"socket":	5,
					"start":	4.001145,
					"end":	5.001147,
					"seconds":	1.0000020265579224,
					"bytes":	3712,
					"bits_per_second":	29695.9398194579,
					"packets":	29,
					"omitted":	false,
					"sender":	true
				}],
			"sum":	{
				"start":	4.001145,
				"end":	5.001147,
				"seconds":	1.0000020265579224,
				"bytes":	3712,
				"bits_per_second":	29695.9398194579,
				"packets":	29,
				"omitted":	false,
				"sender":	true
			}
		}, {
			"streams":	[{
					"socket":	5,
					"start":	5.001147,
					"end":	6.001142,
					"seconds":	0.999994993209839,
					"bytes":	3712,
					"bits_per_second":	29696.148682385046,
					"packets":	29,
					"omitted":	false,
					"sender":	true
				}],
			"sum":	{
				"start":	5.001147,
				"end":	6.001142,
				"seconds":	0.999994993209839,
				"bytes":	3712,
				"bits_per_second":	29696.148682385046,
				"packets":	29,
				"omitted":	false,
				"sender":	true
			}
		}, {
			"streams":	[{
					"socket":	5,
					"start":	6.001142,
					"end":	7.00114,
					"seconds":	0.99999797344207764,
					"bytes":	3840,
					"bits_per_second":	30720.06225598554,
					"packets":	30,
					"omitted":	false,
					"sender":	true
				}],
			"sum":	{
				"start":	6.001142,
				"end":	7.00114,
				"seconds":	0.99999797344207764,
				"bytes":	3840,
				"bits_per_second":	30720.06225598554,
				"packets":	30,
				"omitted":	false,
				"sender":	true
			}
		}, {
			"streams":	[{
					"socket":	5,
					"start":	7.00114,
					"end":	8.001142,
					"seconds":	1.0000020265579224,
					"bytes":	3712,
					"bits_per_second":	29695.9398194579,
					"packets":	29,
					"omitted":	false,
					"sender":	true
				}],
			"sum":	{
				"start":	7.00114,
				"end":	8.001142,
				"seconds":	1.0000020265579224,
				"bytes":	3712,
				"bits_per_second":	29695.9398194579,
				"packets":	29,
				"omitted":	false,
				"sender":	true
			}
		}, {
			"streams":	[{
					"socket":	5,
					"start":	8.001142,
					"end":	9.001139,
					"seconds":	0.99999701976776123,
					"bytes":	3712,
					"bits_per_second":	29696.088501240316,
					"packets":	29,
					"omitted":	false,
					"sender":	true
				}],
			"sum":	{
				"start":	8.001142,
				"end":	9.001139,
				"seconds":	0.99999701976776123,
				"bytes":	3712,
				"bits_per_second":	29696.088501240316,
				"packets":	29,
				"omitted":	false,
				"sender":	true
			}
		}, {
			"streams":	[{
					"socket":	5,
					"start":	9.001139,
					"end":	10.001152,
					"seconds":	1.000012993812561,
					"bytes":	3712,
					"bits_per_second":	29695.61414075597,
					"packets":	30,
					"omitted":	false,
					"sender":	true
				}],
			"sum":	{
				"start":	9.001139,
				"end":	10.001152,
				"seconds":	1.000012993812561,
				"bytes":	3712,
				"bits_per_second":	29695.61414075597,
				"packets":	30,
				"omitted":	false,
				"sender":	true
			}
		}, {
			"streams":	[{
					"socket":	5,
					"start":	10.001152,
					"end":	11.001141,
					"seconds":	0.99998897314071655,
					"bytes":	3840,
					"bits_per_second":	30720.338748852522,
					"packets":	29,
					"omitted":	false,
					"sender":	true
				}],
			"sum":	{
				"start":	10.001152,
				"end":	11.001141,
				"seconds":	0.99998897314071655,
				"bytes":	3840,
				"bits_per_second":	30720.338748852522,
				"packets":	29,
				"omitted":	false,
				"sender":	true
			}
		}, {
			"streams":	[{
					"socket":	5,
					"start":	11.001141,
					"end":	12.001132,
					"seconds":	0.999990999698639,
					"bytes":	3712,
					"bits_per_second":	29696.267275354778,
					"packets":	29,
					"omitted":	false,
					"sender":	true
				}],
			"sum":	{
				"start":	11.001141,
				"end":	12.001132,
				"seconds":	0.999990999698639,
				"bytes":	3712,
				"bits_per_second":	29696.267275354778,
				"packets":	29,
				"omitted":	false,
				"sender":	true
			}
		}, {
			"streams":	[{
					"socket":	5,
					"start":	12.001132,
					"end":	13.001131,
					"seconds":	0.99999898672103882,
					"bytes":	3712,
					"bits_per_second":	29696.030090362521,
					"packets":	29,
					"omitted":	false,
					"sender":	true
				}],
			"sum":	{
				"start":	12.001132,
				"end":	13.001131,
				"seconds":	0.99999898672103882,
				"bytes":	3712,
				"bits_per_second":	29696.030090362521,
				"packets":	29,
				"omitted":	false,
				"sender":	true
			}
		}, {
			"streams":	[{
					"socket":	5,
					"start":	13.001131,
					"end":	14.001139,
					"seconds":	1.0000079870224,
					"bytes":	3840,
					"bits_per_second":	30719.754640631567,
					"packets":	30,
					"omitted":	false,
					"sender":	true
				}],
			"sum":	{
				"start":	13.001131,
				"end":	14.001139,
				"seconds":	1.0000079870224,
				"bytes":	3840,
				"bits_per_second":	30719.754640631567,
				"packets":	30,
				"omitted":	false,
				"sender":	true
			}
		}, {
			"streams":	[{
					"socket":	5,
					"start":	14.001139,
					"end":	15.001133,
					"seconds":	0.99999397993087769,
					"bytes":	3712,
					"bits_per_second":	29696.178773048883,
					"packets":	29,
					"omitted":	false,
					"sender":	true
				}],
			"sum":	{
				"start":	14.001139,
				"end":	15.001133,
				"seconds":	0.99999397993087769,
				"bytes":	3712,