{
	"start":	{
		"connected":	[{
				"socket":	5,
				"local_host":	"fd00::8",
				"local_port":	54880,
				"remote_host":	"2001:db8:1:ffff::26e:5439",
				"remote_port":	5123
			}],
		"version":	"iperf 3.18",
		"system_info":	"Linux RPI08 6.12.47+rpt-rpi-v7 #1 SMP Raspbian 1:6.12.47-1+rpt1 (2025-09-16) armv7l",
		"timestamp":	{
			"time":	"Mon, 11 May 2026 15:39:33 GMT",
			"timesecs":	1778513973
		},
		"connecting_to":	{
			"host":	"2001:db8:1:ffff::26e:5439",
			"port":	5123
		},
		"cookie":	"yk4je5snd3qdjhcs26w6r7ejebns4fk6laa3",
		"target_bitrate":	80000,
		"fq_rate":	0,
		"sock_bufsize":	0,
		"sndbuf_actual":	180224,
		"rcvbuf_actual":	180224,
		"test_start":	{
			"protocol":	"UDP",
			"num_streams":	1,
			"blksize":	64,
			"omit":	0,
			"duration":	30,
			"bytes":	0,
			"blocks":	0,
			"reverse":	0,
			"tos":	0,
			"target_bitrate":	80000,
			"bidir":	0,
			"fqrate":	0,
			"interval":	1
		}
	},
	"intervals":	[{
			"streams":	[{
					"socket":	5,
					"start":	0,
					"end":	1.001143,
					"seconds":	1.0011429786682129,
					"bytes":	10048,
					"bits_per_second":	80292.2276965196,
					"packets":	157,
					"omitted":	false,
					"sender":	true
				}],
			"sum":	{
				"start":	0,
				"end":	1.001143,
				"seconds":	1.0011429786682129,
				"bytes":	10048,
				"bits_per_second":	80292.2276965196,
				"packets":	157,
				"omitted":	false,
				"sender":	true
			}
		}, {
			"streams":	[{
					"socket":	5,
					"start":	1.001143,
					"end":	2.001145,
					"seconds":	1.0000020265579224,
					"bytes":	9984,
					"bits_per_second":	79871.838135093654,
					"packets":	156,
					"omitted":	false,
					"sender":	true
				}],
			"sum":	{
				"start":	1.001143,
				"end":	2.001145,
				"seconds":	1.0000020265579224,
				"bytes":	9984,
				"bits_per_second":	79871.838135093654,
				"packets":	156,
				"omitted":	false,
				"sender":	true
			}
		}, {
			"streams":	[{
					"socket":	5,
					"start":	2.001145,
					"end":	3.001143,
					"seconds":	0.99999797344207764,
					"bytes":	9984,
					"bits_per_second":	79872.1618655624,
					"packets":	156,
					"omitted":	false,
					"sender":	true
				}],
			"sum":	{
				"start":	2.001145,
				"end":	3.001143,
				"seconds":	0.99999797344207764,
				"bytes":	9984,
				"bits_per_second":	79872.1618655624,
				"packets":	156,
				"omitted":	false,
				"sender":	true
			}
		}, {
			"streams":	[{
					"socket":	5,
					"start":	3.001143,
					"end":	4.001136,
					"seconds":	0.99999302625656128,
					"bytes":	10048,
					"bits_per_second":	80384.5605813019,
					"packets":	157,
					"omitted":	false,
					"sender":	true
				}],
			"sum":	{
				"start":	3.001143,
				"end":	4.001136,
				"seconds":	0.99999302625656128,
				"bytes":	10048,
				"bits_per_second":	80384.5605813019,
				"packets":	157,
				"omitted":	false,
				"sender":	true
			}
		}, {
			"streams":	[{
					"socket":	5,
					"start":	4.001136,
					"end":	5.001161,
					"seconds":	1.0000250339508057,
					"bytes":	9984,
					"bits_per_second":	79870.000538335677,
					"packets":	156,
					"omitted":	false,
					"sender":	true
				}],
			"sum":	{
				"start":	4.001136,
				"end":	5.001161,
				"seconds":	1.0000250339508057,
				"bytes":	9984,
				"bits_per_second":	79870.000538335677,
				"packets":	156,
				"omitted":	false,
				"sender":	true
			}
		}, {
			"streams":	[{
					"socket":	5,
					"start":	5.001161,
					"end":	6.001141,
					"seconds":	0.99997997283935547,
					"bytes":	9984,
					"bits_per_second":	79873.599641411274,
					"packets":	156,
					"omitted":	false,
					"sender":	true
				}],
			"sum":	{
				"start":	5.001161,
				"end":	6.001141,
				"seconds":	0.99997997283935547,
				"bytes":	9984,
				"bits_per_second":	79873.599641411274,
				"packets":	156,
				"omitted":	false,
				"sender":	true
			}
		}, {
			"streams":	[{
					"socket":	5,
					"start":	6.001141,
					"end":	7.001135,
					"seconds":	0.99999397993087769,
					"bytes":	9984,
					"bits_per_second":	79872.4808378556,
					"packets":	156,
					"omitted":	false,
					"sender":	true
				}],
			"sum":	{
				"start":	6.001141,
				"end":	7.001135,
				"seconds":	0.99999397993087769,
				"bytes":	9984,
				"bits_per_second":	79872.4808378556,
				"packets":	156,
				"omitted":	false,
				"sender":	true
			}
		}, {
			"streams":	[{
					"socket":	5,
					"start":	7.001135,
					"end":	8.00115,
					"seconds":	1.0000150203704834,
					"bytes":	10048,
					"bits_per_second":	80382.792620674343,
					"packets":	157,
					"omitted":	false,
					"sender":	true
				}],
			"sum":	{
				"start":	7.001135,
				"end":	8.00115,
				"seconds":	1.0000150203704834,
				"bytes":	10048,
				"bits_per_second":	80382.792620674343,
				"packets":	157,
				"omitted":	false,
				"sender":	true
			}
		}, {
			"streams":	[{
					"socket":	5,
					"start":	8.00115,
					"end":	9.001148,
					"seconds":	0.99999797344207764,
					"bytes":	9984,
					"bits_per_second":	79872.1618655624,
					"packets":	156,
					"omitted":	false,
					"sender":	true
				}],
			"sum":	{
				"start":	8.00115,
				"end":	9.001148,
				"seconds":	0.99999797344207764,
				"bytes":	9984,
				"bits_per_second":	79872.1618655624,
				"packets":	156,
				"omitted":	false,
				"sender":	true
			}
		}, {
			"streams":	[{
					"socket":	5,
					"start":	9.001148,
					"end":	10.001141,
					"seconds":	0.99999302625656128,
					"bytes":	9984,
					"bits_per_second":	79872.5570107204,
					"packets":	156,
					"omitted":	false,
					"sender":	true
				}],
			"sum":	{
				"start":	9.001148,
				"end":	10.001141,
				"seconds":	0.99999302625656128,
				"bytes":	9984,
				"bits_per_second":	79872.5570107204,
				"packets":	156,
				"omitted":	false,
				"sender":	true
			}
		}, {
			"streams":	[{
					"socket":	5,
					"start":	10.001141,
					"end":	11.001139,
					"seconds":	0.99999797344207764,
					"bytes":	9984,
					"bits_per_second":	79872.1618655624,
					"packets":	156,
					"omitted":	false,
					"sender":	true
				}],
			"sum":	{
				"start":	10.001141,
				"end":	11.001139,
				"seconds":	0.99999797344207764,
				"bytes":	9984,
				"bits_per_second":	79872.1618655624,
				"packets":	156,
				"omitted":	false,
				"sender":	true
			}
		}, {
			"streams":	[{
					"socket":	5,
					"start":	11.001139,
					"end":	12.001135,
					"seconds":	0.9999960064888,
					"bytes":	10048,
					"bits_per_second":	80384.321015686277,
					"packets":	157,
					"omitted":	false,
					"sender":	true
				}],
			"sum":	{
				"start":	11.001139,
				"end":	12.001135,
				"seconds":	0.9999960064888,
				"bytes":	10048,
				"bits_per_second":	80384.321015686277,
				"packets":	157,
				"omitted":	false,
				"sender":	true
			}
		}, {
			"streams":	[{
					"socket":	5,
					"start":	12.001135,
					"end":	13.001134,
					"seconds":	0.99999898672103882,
					"bytes":	9984,
					"bits_per_second":	79872.0809326992,
					"packets":	156,
					"omitted":	false,
					"sender":	true
				}],
			"sum":	{
				"start":	12.001135,
				"end":	13.001134,
				"seconds":	0.99999898672103882,
				"bytes":	9984,
				"bits_per_second":	79872.0809326992,
				"packets":	156,
				"omitted":	false,
				"sender":	true
			}
		}, {
			"streams":	[{
					"socket":	5,
					"start":	13.001134,
					"end":	14.001137,
					"seconds":	1.0000029802322388,
					"bytes":	9984,
					"bits_per_second":	79871.761963600031,
					"packets":	156,
					"omitted":	false,
					"sender":	true
				}],
			"sum":	{
				"start":	13.001134,
				"end":	14.001137,
				"seconds":	1.0000029802322388,
				"bytes":	9984,
				"bits_per_second":	79871.761963600031,
				"packets":	156,
				"omitted":	false,
				"sender":	true
			}
		}, {
			"streams":	[{
					"socket":	5,
					"start":	14.001137,
					"end":	15.001148,
					"seconds":	1.0000109672546387,
					"bytes":	9984,
					"bits_per_second":	79871.124033044456,
					"packets":	156,
					"omitted":	false,
					"sender":	true
				}],
			"sum":	{
				"start":	14.001137,
				"end":	15.001148,
				"seconds":	1.0000109672546387,
				"bytes":	9984,