{
	"start":	{
		"connected":	[{
				"socket":	5,
				"local_host":	"fd00::8",
				"local_port":	52534,
				"remote_host":	"2001:db8:1:ffff::26e:5439",
				"remote_port":	5123
			}],
		"version":	"iperf 3.18",
		"system_info":	"Linux RPI08 6.12.47+rpt-rpi-v7 #1 SMP Raspbian 1:6.12.47-1+rpt1 (2025-09-16) armv7l",
		"timestamp":	{
			"time":	"Mon, 11 May 2026 15:28:59 GMT",
			"timesecs":	1778513339
		},
		"connecting_to":	{
			"host":	"2001:db8:1:ffff::26e:5439",
			"port":	5123
		},
		"cookie":	"6qoodqjp5cfqkzkh5g4auiyrm3me7tdkyvvr",
		"target_bitrate":	20000,
		"fq_rate":	0,
		"sock_bufsize":	0,
		"sndbuf_actual":	180224,
		"rcvbuf_actual":	180224,
		"test_start":	{
			"protocol":	"UDP",
			"num_streams":	1,
			"blksize":	128,
			"omit":	0,
			"duration":	30,
			"bytes":	0,
			"blocks":	0,
			"reverse":	0,
			"tos":	0,
			"target_bitrate":	20000,
			"bidir":	0,
			"fqrate":	0,
			"interval":	1
		}
	},
	"intervals":	[{
			"streams":	[{
					"socket":	5,
					"start":	0,
					"end":	1.00115,
					"seconds":	1.0011500120162964,
					"bytes":	2560,
					"bits_per_second":	20456.474808159554,
					"packets":	20,
					"omitted":	false,
					"sender":	true
				}],
			"sum":	{
				"start":	0,
				"end":	1.00115,
				"seconds":	1.0011500120162964,
				"bytes":	2560,
				"bits_per_second":	20456.474808159554,
				"packets":	20,
				"omitted":	false,
				"sender":	true
			}
		}, {
			"streams":	[{
					"socket":	5,
					"start":	1.00115,
					"end":	2.001146,
					"seconds":	0.9999960064888,
					"bytes":	2560,
					"bits_per_second":	20480.081787435993,
					"packets":	20,
					"omitted":	false,
					"sender":	true
				}],
			"sum":	{
				"start":	1.00115,
				"end":	2.001146,
				"seconds":	0.9999960064888,
				"bytes":	2560,
				"bits_per_second":	20480.081787435993,
				"packets":	20,
				"omitted":	false,
				"sender":	true
			}
		}, {
			"streams":	[{
					"socket":	5,
					"start":	2.001146,
					"end":	3.001145,
					"seconds":	0.99999898672103882,
					"bytes":	2432,
					"bits_per_second":	19456.019714375445,
					"packets":	19,
					"omitted":	false,
					"sender":	true
				}],
			"sum":	{
				"start":	2.001146,
				"end":	3.001145,
				"seconds":	0.99999898672103882,
				"bytes":	2432,
				"bits_per_second":	19456.019714375445,
				"packets":	19,
				"omitted":	false,
				"sender":	true
			}
		}, {
			"streams":	[{
					"socket":	5,
					"start":	3.001145,
					"end":	4.001141,
					"seconds":	0.9999960064888,
					"bytes":	2560,
					"bits_per_second":	20480.081787435993,
					"packets":	20,
					"omitted":	false,
					"sender":	true
				}],
			"sum":	{
				"start":	3.001145,
				"end":	4.001141,
				"seconds":	0.9999960064888,
				"bytes":	2560,
				"bits_per_second":	20480.081787435993,
				"packets":	20,
				"omitted":	false,
				"sender":	true
			}
		}, {
			"streams":	[{
					"socket":	5,
					"start":	4.001141,
					"end":	5.001144,
					"seconds":	1.0000029802322388,
					"bytes":	2432,
					"bits_per_second":	19455.942016774366,
					"packets":	19,
					"omitted":	false,
					"sender":	true
				}],
			"sum":	{
				"start":	4.001141,
				"end":	5.001144,
				"seconds":	1.0000029802322388,
				"bytes":	2432,
				"bits_per_second":	19455.942016774366,
				"packets":	19,
				"omitted":	false,
				"sender":	true
			}
		}, {
			"streams":	[{
					"socket":	5,
					"start":	5.001144,
					"end":	6.001144,
					"seconds":	1,
					"bytes":	2560,
					"bits_per_second":	20480,
					"packets":	20,
					"omitted":	false,
					"sender":	true
				}],
			"sum":	{
				"start":	5.001144,
				"end":	6.001144,
				"seconds":	1,
				"bytes":	2560,
				"bits_per_second":	20480,
				"packets":	20,
				"omitted":	false,
				"sender":	true
			}
		}, {
			"streams":	[{
					"socket":	5,
					"start":	6.001144,
					"end":	7.001148,
					"seconds":	1.0000040531158447,
					"bytes":	2432,
					"bits_per_second":	19455.921142897743,
					"packets":	19,
					"omitted":	false,
					"sender":	true
				}],
			"sum":	{
				"start":	6.001144,
				"end":	7.001148,
				"seconds":	1.0000040531158447,
				"bytes":	2432,
				"bits_per_second":	19455.921142897743,
				"packets":	19,
				"omitted":	false,
				"sender":	true
			}
		}, {
			"streams":	[{
					"socket":	5,
					"start":	7.001148,
					"end":	8.001143,
					"seconds":	0.999994993209839,
					"bytes":	2560,
					"bits_per_second":	20480.1025395759,
					"packets":	20,
					"omitted":	false,
					"sender":	true
				}],
			"sum":	{
				"start":	7.001148,
				"end":	8.001143,
				"seconds":	0.999994993209839,
				"bytes":	2560,
				"bits_per_second":	20480.1025395759,
				"packets":	20,
				"omitted":	false,
				"sender":	true
			}
		}, {
			"streams":	[{
					"socket":	5,
					"start":	8.001143,
					"end":	9.001144,
					"seconds":	1.0000009536743164,
					"bytes":	2432,
					"bits_per_second":	19455.9814453302,
					"packets":	19,
					"omitted":	false,
					"sender":	true
				}],
			"sum":	{
				"start":	8.001143,
				"end":	9.001144,
				"seconds":	1.0000009536743164,
				"bytes":	2432,
				"bits_per_second":	19455.9814453302,
				"packets":	19,
				"omitted":	false,
				"sender":	true
			}
		}, {
			"streams":	[{
					"socket":	5,
					"start":	9.001144,
					"end":	10.001138,
					"seconds":	0.99999397993087769,
					"bytes":	2560,
					"bits_per_second":	20480.123291757849,
					"packets":	20,
					"omitted":	false,
					"sender":	true
				}],
			"sum":	{
				"start":	9.001144,
				"end":	10.001138,
				"seconds":	0.99999397993087769,
				"bytes":	2560,
				"bits_per_second":	20480.123291757849,
				"packets":	20,
				"omitted":	false,
				"sender":	true
			}
		}, {
			"streams":	[{
					"socket":	5,
					"start":	10.001138,
					"end":	11.001143,
					"seconds":	1.0000050067901611,
					"bytes":	2432,
					"bits_per_second":	19455.902588378343,
					"packets":	19,
					"omitted":	false,
					"sender":	true
				}],
			"sum":	{
				"start":	10.001138,
				"end":	11.001143,
				"seconds":	1.0000050067901611,
				"bytes":	2432,
				"bits_per_second":	19455.902588378343,
				"packets":	19,
				"omitted":	false,
				"sender":	true
			}
		}, {
			"streams":	[{
					"socket":	5,
					"start":	11.001143,
					"end":	12.001145,
					"seconds":	1.0000020265579224,
					"bytes":	2560,
					"bits_per_second":	20479.95849617786,
					"packets":	20,
					"omitted":	false,
					"sender":	true
				}],
			"sum":	{
				"start":	11.001143,
				"end":	12.001145,
				"seconds":	1.0000020265579224,
				"bytes":	2560,
				"bits_per_second":	20479.95849617786,
				"packets":	20,
				"omitted":	false,
				"sender":	true
			}
		}, {
			"streams":	[{
					"socket":	5,
					"start":	12.001145,
					"end":	13.001153,
					"seconds":	1.0000079870224,
					"bytes":	2432,
					"bits_per_second":	19455.844605733324,
					"packets":	19,
					"omitted":	false,
					"sender":	true
				}],
			"sum":	{
				"start":	12.001145,
				"end":	13.001153,
				"seconds":	1.0000079870224,
				"bytes":	2432,
				"bits_per_second":	19455.844605733324,
				"packets":	19,
				"omitted":	false,
				"sender":	true
			}
		}, {
			"streams":	[{
					"socket":	5,
					"start":	13.001153,
					"end":	14.001156,
					"seconds":	1.0000029802322388,
					"bytes":	2560,
					"bits_per_second":	20479.938965025649,
					"packets":	20,
					"omitted":	false,
					"sender":	true
				}],
			"sum":	{
				"start":	13.001153,
				"end":	14.001156,
				"seconds":	1.0000029802322388,
				"bytes":	2560,
				"bits_per_second":	20479.938965025649,
				"packets":	20,
				"omitted":	false,
				"sender":	true
			}
		}, {
			"streams":	[{
					"socket":	5,
					"start":	14.001156,
					"end":	15.001152,
					"seconds":	0.9999960064888,
					"bytes":	2432,
					"bits_per_second":	19456.077698064193,
					"packets":	19,
					"omitted":	false,
					"sender":	true
				}],
			"sum":	{
				"start":	14.001156,
				"end":	15.001152,
				"seconds":	0.9999960064888,
				"bytes":	2432,
				"bits_per_second":	19456.077698064193,
				"packets":	19,
				"omitted":	false,