{
	"start":	{
		"connected":	[{
				"socket":	5,
				"local_host":	"fd00::8",
				"local_port":	53103,
				"remote_host":	"2001:db8:1:ffff::26e:5439",
				"remote_port":	5123
			}],
		"version":	"iperf 3.18",
		"system_info":	"Linux RPI08 6.12.47+rpt-rpi-v7 #1 SMP Raspbian 1:6.12.47-1+rpt1 (2025-09-16) armv7l",
		"timestamp":	{
			"time":	"Mon, 11 May 2026 17:03:56 GMT",
			"timesecs":	1778519036
		},
		"connecting_to":	{
			"host":	"2001:db8:1:ffff::26e:5439",
			"port":	5123
		},
		"cookie":	"zem2x6vfvtwpqzzodxc5odibhcg36g2kxu5x",
		"target_bitrate":	160000,
		"fq_rate":	0,
		"sock_bufsize":	0,
		"sndbuf_actual":	180224,
		"rcvbuf_actual":	180224,
		"test_start":	{
			"protocol":	"UDP",
			"num_streams":	1,
			"blksize":	512,
			"omit":	0,
			"duration":	30,
			"bytes":	0,
			"blocks":	0,
			"reverse":	0,
			"tos":	0,
			"target_bitrate":	160000,
			"bidir":	0,
			"fqrate":	0,
			"interval":	1
		}
	},
	"intervals":	[{
			"streams":	[{
					"socket":	5,
					"start":	0,
					"end":	1.001147,
					"seconds":	1.0011470317840576,
					"bytes":	20480,
					"bits_per_second":	163652.28562685233,
					"packets":	40,
					"omitted":	false,
					"sender":	true
				}],
			"sum":	{
				"start":	0,
				"end":	1.001147,
				"seconds":	1.0011470317840576,
				"bytes":	20480,
				"bits_per_second":	163652.28562685233,
				"packets":	40,
				"omitted":	false,
				"sender":	true
			}
		}, {
			"streams":	[{
					"socket":	5,
					"start":	1.001147,
					"end":	2.001146,
					"seconds":	0.99999898672103882,
					"bytes":	19968,
					"bits_per_second":	159744.1618653984,
					"packets":	39,
					"omitted":	false,
					"sender":	true
				}],
			"sum":	{
				"start":	1.001147,
				"end":	2.001146,
				"seconds":	0.99999898672103882,
				"bytes":	19968,
				"bits_per_second":	159744.1618653984,
				"packets":	39,
				"omitted":	false,
				"sender":	true
			}
		}, {
			"streams":	[{
					"socket":	5,
					"start":	2.001146,
					"end":	3.001146,
					"seconds":	1,
					"bytes":	19968,
					"bits_per_second":	159744,
					"packets":	39,
					"omitted":	false,
					"sender":	true
				}],
			"sum":	{
				"start":	2.001146,
				"end":	3.001146,
				"seconds":	1,
				"bytes":	19968,
				"bits_per_second":	159744,
				"packets":	39,
				"omitted":	false,
				"sender":	true
			}
		}, {
			"streams":	[{
					"socket":	5,
					"start":	3.001146,
					"end":	4.001152,
					"seconds":	1.0000059604644775,
					"bytes":	19968,
					"bits_per_second":	159743.04785723772,
					"packets":	39,
					"omitted":	false,
					"sender":	true
				}],
			"sum":	{
				"start":	3.001146,
				"end":	4.001152,
				"seconds":	1.0000059604644775,
				"bytes":	19968,
				"bits_per_second":	159743.04785723772,
				"packets":	39,
				"omitted":	false,
				"sender":	true
			}
		}, {
			"streams":	[{
					"socket":	5,
					"start":	4.001152,
					"end":	5.001147,
					"seconds":	0.999994993209839,
					"bytes":	19968,
					"bits_per_second":	159744.799808692,
					"packets":	39,
					"omitted":	false,
					"sender":	true
				}],
			"sum":	{
				"start":	4.001152,
				"end":	5.001147,
				"seconds":	0.999994993209839,
				"bytes":	19968,
				"bits_per_second":	159744.799808692,
				"packets":	39,
				"omitted":	false,
				"sender":	true
			}
		}, {
			"streams":	[{
					"socket":	5,
					"start":	5.001147,
					"end":	6.001152,
					"seconds":	1.0000050067901611,
					"bytes":	19968,
					"bits_per_second":	159743.20019931693,
					"packets":	39,
					"omitted":	false,
					"sender":	true
				}],
			"sum":	{
				"start":	5.001147,
				"end":	6.001152,
				"seconds":	1.0000050067901611,
				"bytes":	19968,
				"bits_per_second":	159743.20019931693,
				"packets":	39,
				"omitted":	false,
				"sender":	true
			}
		}, {
			"streams":	[{
					"socket":	5,
					"start":	6.001152,
					"end":	7.00115,
					"seconds":	0.99999797344207764,
					"bytes":	19968,
					"bits_per_second":	159744.32373112481,
					"packets":	39,
					"omitted":	false,
					"sender":	true
				}],
			"sum":	{
				"start":	6.001152,
				"end":	7.00115,
				"seconds":	0.99999797344207764,
				"bytes":	19968,
				"bits_per_second":	159744.32373112481,
				"packets":	39,
				"omitted":	false,
				"sender":	true
			}
		}, {
			"streams":	[{
					"socket":	5,
					"start":	7.00115,
					"end":	8.001147,
					"seconds":	0.99999701976776123,
					"bytes":	19968,
					"bits_per_second":	159744.47607563756,
					"packets":	39,
					"omitted":	false,
					"sender":	true
				}],
			"sum":	{
				"start":	7.00115,
				"end":	8.001147,
				"seconds":	0.99999701976776123,
				"bytes":	19968,
				"bits_per_second":	159744.47607563756,
				"packets":	39,
				"omitted":	false,
				"sender":	true
			}
		}, {
			"streams":	[{
					"socket":	5,
					"start":	8.001147,
					"end":	9.00114,
					"seconds":	0.99999302625656128,
					"bytes":	19968,
					"bits_per_second":	159745.11402144076,
					"packets":	39,
					"omitted":	false,
					"sender":	true
				}],
			"sum":	{
				"start":	8.001147,
				"end":	9.00114,
				"seconds":	0.99999302625656128,
				"bytes":	19968,
				"bits_per_second":	159745.11402144076,
				"packets":	39,
				"omitted":	false,
				"sender":	true
			}
		}, {
			"streams":	[{
					"socket":	5,
					"start":	9.00114,
					"end":	10.001149,
					"seconds":	1.0000089406967163,
					"bytes":	19968,
					"bits_per_second":	159742.57179011294,
					"packets":	39,
					"omitted":	false,
					"sender":	true
				}],
			"sum":	{
				"start":	9.00114,
				"end":	10.001149,
				"seconds":	1.0000089406967163,
				"bytes":	19968,
				"bits_per_second":	159742.57179011294,
				"packets":	39,
				"omitted":	false,
				"sender":	true
			}
		}, {
			"streams":	[{
					"socket":	5,
					"start":	10.001149,
					"end":	11.001146,
					"seconds":	0.99999701976776123,
					"bytes":	19968,
					"bits_per_second":	159744.47607563756,
					"packets":	39,
					"omitted":	false,
					"sender":	true
				}],
			"sum":	{
				"start":	10.001149,
				"end":	11.001146,
				"seconds":	0.99999701976776123,
				"bytes":	19968,
				"bits_per_second":	159744.47607563756,
				"packets":	39,
				"omitted":	false,
				"sender":	true
			}
		}, {
			"streams":	[{
					"socket":	5,
					"start":	11.001146,
					"end":	12.001149,
					"seconds":	1.0000029802322388,
					"bytes":	19968,
					"bits_per_second":	159743.52392720006,
					"packets":	39,
					"omitted":	false,
					"sender":	true
				}],
			"sum":	{
				"start":	11.001146,
				"end":	12.001149,
				"seconds":	1.0000029802322388,
				"bytes":	19968,
				"bits_per_second":	159743.52392720006,
				"packets":	39,
				"omitted":	false,
				"sender":	true
			}
		}, {
			"streams":	[{
					"socket":	5,
					"start":	12.001149,
					"end":	13.001144,
					"seconds":	0.999994993209839,
					"bytes":	19968,
					"bits_per_second":	159744.799808692,
					"packets":	39,
					"omitted":	false,
					"sender":	true
				}],
			"sum":	{
				"start":	12.001149,
				"end":	13.001144,
				"seconds":	0.999994993209839,
				"bytes":	19968,
				"bits_per_second":	159744.799808692,
				"packets":	39,
				"omitted":	false,
				"sender":	true
			}
		}, {
			"streams":	[{
					"socket":	5,
					"start":	13.001144,
					"end":	14.001145,
					"seconds":	1.0000009536743164,
					"bytes":	19968,
					"bits_per_second":	159743.84765639529,
					"packets":	39,
					"omitted":	false,
					"sender":	true
				}],
			"sum":	{
				"start":	13.001144,
				"end":	14.001145,
				"seconds":	1.0000009536743164,
				"bytes":	19968,
				"bits_per_second":	159743.84765639529,
				"packets":	39,
				"omitted":	false,
				"sender":	true
			}
		}, {
			"streams":	[{
					"socket":	5,
					"start":	14.001145,
					"end":	15.001143,
					"seconds":	0.99999797344207764,
					"bytes":	19968,
					"bits_per_second":	159744.32373112481,
					"packets":	39,
					"omitted":	false,
					"sender":	true
				}],
			"sum":	{
				"start":	14.001145,
				"end":	15.001143,
				"seconds":	0.99999797344207764,
				"bytes":	19968,
				"bits_per_second":	159744.32373112481,