{
	"start":	{
		"connected":	[{
				"socket":	5,
				"local_host":	"fd00::8",
				"local_port":	42391,
				"remote_host":	"fd00::4",
				"remote_port":	5123
			}],
		"version":	"iperf 3.18",
		"system_info":	"Linux RPI08 6.18.29+rpt-rpi-v7 #1 SMP Raspbian 1:6.18.29-1+rpt1 (2026-05-12) armv7l",
		"timestamp":	{
			"time":	"Wed, 20 May 2026 18:25:45 GMT",
			"timesecs":	1779301545
		},
		"connecting_to":	{
			"host":	"fd00::4",
			"port":	5123
		},
		"cookie":	"rr2erhvaqx6jehclkyuftrjzcz6lpisfy3xg",
		"target_bitrate":	30000,
		"fq_rate":	0,
		"sock_bufsize":	0,
		"sndbuf_actual":	180224,
		"rcvbuf_actual":	180224,
		"test_start":	{
			"protocol":	"UDP",
			"num_streams":	1,
			"blksize":	96,
			"omit":	0,
			"duration":	30,
			"bytes":	0,
			"blocks":	0,
			"reverse":	0,
			"tos":	0,
			"target_bitrate":	30000,
			"bidir":	0,
			"fqrate":	0,
			"interval":	1
		}
	},
	"intervals":	[{
			"streams":	[{
					"socket":	5,
					"start":	0,
					"end":	1.00109,
					"seconds":	1.0010900497436523,
					"bytes":	3840,
					"bits_per_second":	30686.550133892975,
					"packets":	40,
					"omitted":	false,
					"sender":	true
				}],
			"sum":	{
				"start":	0,
				"end":	1.00109,
				"seconds":	1.0010900497436523,
				"bytes":	3840,
				"bits_per_second":	30686.550133892975,
				"packets":	40,
				"omitted":	false,
				"sender":	true
			}
		}, {
			"streams":	[{
					"socket":	5,
					"start":	1.00109,
					"end":	2.00113,
					"seconds":	1.0000400543212891,
					"bytes":	3744,
					"bits_per_second":	29950.800341020276,
					"packets":	39,
					"omitted":	false,
					"sender":	true
				}],
			"sum":	{
				"start":	1.00109,
				"end":	2.00113,
				"seconds":	1.0000400543212891,
				"bytes":	3744,
				"bits_per_second":	29950.800341020276,
				"packets":	39,
				"omitted":	false,
				"sender":	true
			}
		}, {
			"streams":	[{
					"socket":	5,
					"start":	2.00113,
					"end":	3.001127,
					"seconds":	0.99999701976776123,
					"bytes":	3744,
					"bits_per_second":	29952.089264182043,
					"packets":	39,
					"omitted":	false,
					"sender":	true
				}],
			"sum":	{
				"start":	2.00113,
				"end":	3.001127,
				"seconds":	0.99999701976776123,
				"bytes":	3744,
				"bits_per_second":	29952.089264182043,
				"packets":	39,
				"omitted":	false,
				"sender":	true
			}
		}, {
			"streams":	[{
					"socket":	5,
					"start":	3.001127,
					"end":	4.001125,
					"seconds":	0.99999797344207764,
					"bytes":	3744,
					"bits_per_second":	29952.0606995859,
					"packets":	39,
					"omitted":	false,
					"sender":	true
				}],
			"sum":	{
				"start":	3.001127,
				"end":	4.001125,
				"seconds":	0.99999797344207764,
				"bytes":	3744,
				"bits_per_second":	29952.0606995859,
				"packets":	39,
				"omitted":	false,
				"sender":	true
			}
		}, {
			"streams":	[{
					"socket":	5,
					"start":	4.001125,
					"end":	5.001123,
					"seconds":	0.99999797344207764,
					"bytes":	3744,
					"bits_per_second":	29952.0606995859,
					"packets":	39,
					"omitted":	false,
					"sender":	true
				}],
			"sum":	{
				"start":	4.001125,
				"end":	5.001123,
				"seconds":	0.99999797344207764,
				"bytes":	3744,
				"bits_per_second":	29952.0606995859,
				"packets":	39,
				"omitted":	false,
				"sender":	true
			}
		}, {
			"streams":	[{
					"socket":	5,
					"start":	5.001123,
					"end":	6.00113,
					"seconds":	1.0000070333480835,
					"bytes":	3744,
					"bits_per_second":	29951.789338639857,
					"packets":	39,
					"omitted":	false,
					"sender":	true
				}],
			"sum":	{
				"start":	5.001123,
				"end":	6.00113,
				"seconds":	1.0000070333480835,
				"bytes":	3744,
				"bits_per_second":	29951.789338639857,
				"packets":	39,
				"omitted":	false,
				"sender":	true
			}
		}, {
			"streams":	[{
					"socket":	5,
					"start":	6.00113,
					"end":	7.001132,
					"seconds":	1.0000020265579224,
					"bytes":	3744,
					"bits_per_second":	29951.93930066012,
					"packets":	39,
					"omitted":	false,
					"sender":	true
				}],
			"sum":	{
				"start":	6.00113,
				"end":	7.001132,
				"seconds":	1.0000020265579224,
				"bytes":	3744,
				"bits_per_second":	29951.93930066012,
				"packets":	39,
				"omitted":	false,
				"sender":	true
			}
		}, {
			"streams":	[{
					"socket":	5,
					"start":	7.001132,
					"end":	8.001125,
					"seconds":	0.99999302625656128,
					"bytes":	3744,
					"bits_per_second":	29952.208879020145,
					"packets":	39,
					"omitted":	false,
					"sender":	true
				}],
			"sum":	{
				"start":	7.001132,
				"end":	8.001125,
				"seconds":	0.99999302625656128,
				"bytes":	3744,
				"bits_per_second":	29952.208879020145,
				"packets":	39,
				"omitted":	false,
				"sender":	true
			}
		}, {
			"streams":	[{
					"socket":	5,
					"start":	8.001125,
					"end":	9.001137,
					"seconds":	1.0000120401382446,
					"bytes":	3744,
					"bits_per_second":	29951.639378121235,
					"packets":	39,
					"omitted":	false,
					"sender":	true
				}],
			"sum":	{
				"start":	8.001125,
				"end":	9.001137,
				"seconds":	1.0000120401382446,
				"bytes":	3744,
				"bits_per_second":	29951.639378121235,
				"packets":	39,
				"omitted":	false,
				"sender":	true
			}
		}, {
			"streams":	[{
					"socket":	5,
					"start":	9.001137,
					"end":	10.001135,
					"seconds":	0.99999797344207764,
					"bytes":	3744,
					"bits_per_second":	29952.0606995859,
					"packets":	39,
					"omitted":	false,
					"sender":	true
				}],
			"sum":	{
				"start":	9.001137,
				"end":	10.001135,
				"seconds":	0.99999797344207764,
				"bytes":	3744,
				"bits_per_second":	29952.0606995859,
				"packets":	39,
				"omitted":	false,
				"sender":	true
			}
		}, {
			"streams":	[{
					"socket":	5,
					"start":	10.001135,
					"end":	11.001139,
					"seconds":	1.0000040531158447,
					"bytes":	3744,
					"bits_per_second":	29951.878601566259,
					"packets":	39,
					"omitted":	false,
					"sender":	true
				}],
			"sum":	{
				"start":	10.001135,
				"end":	11.001139,
				"seconds":	1.0000040531158447,
				"bytes":	3744,
				"bits_per_second":	29951.878601566259,
				"packets":	39,
				"omitted":	false,
				"sender":	true
			}
		}, {
			"streams":	[{
					"socket":	5,
					"start":	11.001139,
					"end":	12.001138,
					"seconds":	0.99999898672103882,
					"bytes":	3744,
					"bits_per_second":	29952.0303497622,
					"packets":	39,
					"omitted":	false,
					"sender":	true
				}],
			"sum":	{
				"start":	11.001139,
				"end":	12.001138,
				"seconds":	0.99999898672103882,
				"bytes":	3744,
				"bits_per_second":	29952.0303497622,
				"packets":	39,
				"omitted":	false,
				"sender":	true
			}
		}, {
			"streams":	[{
					"socket":	5,
					"start":	12.001138,
					"end":	13.001133,
					"seconds":	0.999994993209839,
					"bytes":	3744,
					"bits_per_second":	29952.149964129745,
					"packets":	39,
					"omitted":	false,
					"sender":	true
				}],
			"sum":	{
				"start":	12.001138,
				"end":	13.001133,
				"seconds":	0.999994993209839,
				"bytes":	3744,
				"bits_per_second":	29952.149964129745,
				"packets":	39,
				"omitted":	false,
				"sender":	true
			}
		}, {
			"streams":	[{
					"socket":	5,
					"start":	13.001133,
					"end":	14.001131,
					"seconds":	0.99999797344207764,
					"bytes":	3744,
					"bits_per_second":	29952.0606995859,
					"packets":	39,
					"omitted":	false,
					"sender":	true
				}],
			"sum":	{
				"start":	13.001133,
				"end":	14.001131,
				"seconds":	0.99999797344207764,
				"bytes":	3744,
				"bits_per_second":	29952.0606995859,
				"packets":	39,
				"omitted":	false,
				"sender":	true
			}
		}, {
			"streams":	[{
					"socket":	5,
					"start":	14.001131,
					"end":	15.001133,
					"seconds":	1.0000020265579224,
					"bytes":	3744,
					"bits_per_second":	29951.93930066012,
					"packets":	39,
					"omitted":	false,
					"sender":	true
				}],
			"sum":	{
				"start":	14.001131,
				"end":	15.001133,
				"seconds":	1.0000020265579224,
				"bytes":	3744,
				"bits_per_second":	29951.93930066012,
				"packets":	39,