{
	"start":	{
		"connected":	[{
				"socket":	5,
				"local_host":	"fd00::8",
				"local_port":	58767,
				"remote_host":	"fd00::4",
				"remote_port":	5123
			}],
		"version":	"iperf 3.18",
		"system_info":	"Linux RPI08 6.18.29+rpt-rpi-v7 #1 SMP Raspbian 1:6.18.29-1+rpt1 (2026-05-12) armv7l",
		"timestamp":	{
			"time":	"Wed, 20 May 2026 18:41:50 GMT",
			"timesecs":	1779302510
		},
		"connecting_to":	{
			"host":	"fd00::4",
			"port":	5123
		},
		"cookie":	"bmgp4ssls5wdh2np5yeurbxpkvkmtepjzr7r",
		"target_bitrate":	70000,
		"fq_rate":	0,
		"sock_bufsize":	0,
		"sndbuf_actual":	180224,
		"rcvbuf_actual":	180224,
		"test_start":	{
			"protocol":	"UDP",
			"num_streams":	1,
			"blksize":	128,
			"omit":	0,
			"duration":	30,
			"bytes":	0,
			"blocks":	0,
			"reverse":	0,
			"tos":	0,
			"target_bitrate":	70000,
			"bidir":	0,
			"fqrate":	0,
			"interval":	1
		}
	},
	"intervals":	[{
			"streams":	[{
					"socket":	5,
					"start":	0,
					"end":	1.001115,
					"seconds":	1.0011149644851685,
					"bytes":	8832,
					"bits_per_second":	70577.3088072212,
					"packets":	69,
					"omitted":	false,
					"sender":	true
				}],
			"sum":	{
				"start":	0,
				"end":	1.001115,
				"seconds":	1.0011149644851685,
				"bytes":	8832,
				"bits_per_second":	70577.3088072212,
				"packets":	69,
				"omitted":	false,
				"sender":	true
			}
		}, {
			"streams":	[{
					"socket":	5,
					"start":	1.001115,
					"end":	2.001143,
					"seconds":	1.0000280141830444,
					"bytes":	8704,
					"bits_per_second":	69630.049371051529,
					"packets":	68,
					"omitted":	false,
					"sender":	true
				}],
			"sum":	{
				"start":	1.001115,
				"end":	2.001143,
				"seconds":	1.0000280141830444,
				"bytes":	8704,
				"bits_per_second":	69630.049371051529,
				"packets":	68,
				"omitted":	false,
				"sender":	true
			}
		}, {
			"streams":	[{
					"socket":	5,
					"start":	2.001143,
					"end":	3.001139,
					"seconds":	0.9999960064888,
					"bytes":	8832,
					"bits_per_second":	70656.2821666542,
					"packets":	69,
					"omitted":	false,
					"sender":	true
				}],
			"sum":	{
				"start":	2.001143,
				"end":	3.001139,
				"seconds":	0.9999960064888,
				"bytes":	8832,
				"bits_per_second":	70656.2821666542,
				"packets":	69,
				"omitted":	false,
				"sender":	true
			}
		}, {
			"streams":	[{
					"socket":	5,
					"start":	3.001139,
					"end":	4.001147,
					"seconds":	1.0000079870224,
					"bytes":	8704,
					"bits_per_second":	69631.443852098222,
					"packets":	68,
					"omitted":	false,
					"sender":	true
				}],
			"sum":	{
				"start":	3.001139,
				"end":	4.001147,
				"seconds":	1.0000079870224,
				"bytes":	8704,
				"bits_per_second":	69631.443852098222,
				"packets":	68,
				"omitted":	false,
				"sender":	true
			}
		}, {
			"streams":	[{
					"socket":	5,
					"start":	4.001147,
					"end":	5.001144,
					"seconds":	0.99999701976776123,
					"bytes":	8704,
					"bits_per_second":	69632.2075201497,
					"packets":	68,
					"omitted":	false,
					"sender":	true
				}],
			"sum":	{
				"start":	4.001147,
				"end":	5.001144,
				"seconds":	0.99999701976776123,
				"bytes":	8704,
				"bits_per_second":	69632.2075201497,
				"packets":	68,
				"omitted":	false,
				"sender":	true
			}
		}, {
			"streams":	[{
					"socket":	5,
					"start":	5.001144,
					"end":	6.001184,
					"seconds":	1.0000400543212891,
					"bytes":	8832,
					"bits_per_second":	70653.1700352273,
					"packets":	69,
					"omitted":	false,
					"sender":	true
				}],
			"sum":	{
				"start":	5.001144,
				"end":	6.001184,
				"seconds":	1.0000400543212891,
				"bytes":	8832,
				"bits_per_second":	70653.1700352273,
				"packets":	69,
				"omitted":	false,
				"sender":	true
			}
		}, {
			"streams":	[{
					"socket":	5,
					"start":	6.001184,
					"end":	7.001133,
					"seconds":	0.99994897842407227,
					"bytes":	8704,
					"bits_per_second":	69635.552915650362,
					"packets":	68,
					"omitted":	false,
					"sender":	true
				}],
			"sum":	{
				"start":	6.001184,
				"end":	7.001133,
				"seconds":	0.99994897842407227,
				"bytes":	8704,
				"bits_per_second":	69635.552915650362,
				"packets":	68,
				"omitted":	false,
				"sender":	true
			}
		}, {
			"streams":	[{
					"socket":	5,
					"start":	7.001133,
					"end":	8.001142,
					"seconds":	1.0000089406967163,
					"bytes":	8704,
					"bits_per_second":	69631.3774469723,
					"packets":	68,
					"omitted":	false,
					"sender":	true
				}],
			"sum":	{
				"start":	7.001133,
				"end":	8.001142,
				"seconds":	1.0000089406967163,
				"bytes":	8704,
				"bits_per_second":	69631.3774469723,
				"packets":	68,
				"omitted":	false,
				"sender":	true
			}
		}, {
			"streams":	[{
					"socket":	5,
					"start":	8.001142,
					"end":	9.00114,
					"seconds":	0.99999797344207764,
					"bytes":	8832,
					"bits_per_second":	70656.143188766742,
					"packets":	69,
					"omitted":	false,
					"sender":	true
				}],
			"sum":	{
				"start":	8.001142,
				"end":	9.00114,
				"seconds":	0.99999797344207764,
				"bytes":	8832,
				"bits_per_second":	70656.143188766742,
				"packets":	69,
				"omitted":	false,
				"sender":	true
			}
		}, {
			"streams":	[{
					"socket":	5,
					"start":	9.00114,
					"end":	10.001142,
					"seconds":	1.0000020265579224,
					"bytes":	8704,
					"bits_per_second":	69631.858887004724,
					"packets":	68,
					"omitted":	false,
					"sender":	true
				}],
			"sum":	{
				"start":	9.00114,
				"end":	10.001142,
				"seconds":	1.0000020265579224,
				"bytes":	8704,
				"bits_per_second":	69631.858887004724,
				"packets":	68,
				"omitted":	false,
				"sender":	true
			}
		}, {
			"streams":	[{
					"socket":	5,
					"start":	10.001142,
					"end":	11.001136,
					"seconds":	0.99999397993087769,
					"bytes":	8832,
					"bits_per_second":	70656.425356564578,
					"packets":	69,
					"omitted":	false,
					"sender":	true
				}],
			"sum":	{
				"start":	10.001142,
				"end":	11.001136,
				"seconds":	0.99999397993087769,
				"bytes":	8832,
				"bits_per_second":	70656.425356564578,
				"packets":	69,
				"omitted":	false,
				"sender":	true
			}
		}, {
			"streams":	[{
					"socket":	5,
					"start":	11.001136,
					"end":	12.001132,
					"seconds":	0.9999960064888,
					"bytes":	8704,
					"bits_per_second":	69632.278077282375,
					"packets":	68,
					"omitted":	false,
					"sender":	true
				}],
			"sum":	{
				"start":	11.001136,
				"end":	12.001132,
				"seconds":	0.9999960064888,
				"bytes":	8704,
				"bits_per_second":	69632.278077282375,
				"packets":	68,
				"omitted":	false,
				"sender":	true
			}
		}, {
			"streams":	[{
					"socket":	5,
					"start":	12.001132,
					"end":	13.001134,
					"seconds":	1.0000020265579224,
					"bytes":	8704,
					"bits_per_second":	69631.858887004724,
					"packets":	68,
					"omitted":	false,
					"sender":	true
				}],
			"sum":	{
				"start":	12.001132,
				"end":	13.001134,
				"seconds":	1.0000020265579224,
				"bytes":	8704,
				"bits_per_second":	69631.858887004724,
				"packets":	68,
				"omitted":	false,
				"sender":	true
			}
		}, {
			"streams":	[{
					"socket":	5,
					"start":	13.001134,
					"end":	14.001143,
					"seconds":	1.0000089406967163,
					"bytes":	8832,
					"bits_per_second":	70655.368291780731,
					"packets":	69,
					"omitted":	false,
					"sender":	true
				}],
			"sum":	{
				"start":	13.001134,
				"end":	14.001143,
				"seconds":	1.0000089406967163,
				"bytes":	8832,
				"bits_per_second":	70655.368291780731,
				"packets":	69,
				"omitted":	false,
				"sender":	true
			}
		}, {
			"streams":	[{
					"socket":	5,
					"start":	14.001143,
					"end":	15.001129,
					"seconds":	0.99998599290847778,
					"bytes":	8704,
					"bits_per_second":	69632.975355458766,
					"packets":	68,
					"omitted":	false,
					"sender":	true
				}],
			"sum":	{
				"start":	14.001143,
				"end":	15.001129,
				"seconds":	0.99998599290847778,
				"bytes":	8704,
				"bits_per_second":	69632.975355458766,
				"packets":	68,
				"omitted":	false,