{
	"start":	{
		"connected":	[{
				"socket":	5,
				"local_host":	"fd00::8",
				"local_port":	51340,
				"remote_host":	"fd00::4",
				"remote_port":	5123
			}],
		"version":	"iperf 3.18",
		"system_info":	"Linux RPI08 6.18.29+rpt-rpi-v7 #1 SMP Raspbian 1:6.18.29-1+rpt1 (2026-05-12) armv7l",
		"timestamp":	{
			"time":	"Wed, 20 May 2026 18:25:11 GMT",
			"timesecs":	1779301511
		},
		"connecting_to":	{
			"host":	"fd00::4",
			"port":	5123
		},
		"cookie":	"s2daqgamvj4zq3biu2djt2exuxbpurwnf7om",
		"target_bitrate":	30000,
		"fq_rate":	0,
		"sock_bufsize":	0,
		"sndbuf_actual":	180224,
		"rcvbuf_actual":	180224,
		"test_start":	{
			"protocol":	"UDP",
			"num_streams":	1,
			"blksize":	40,
			"omit":	0,
			"duration":	30,
			"bytes":	0,
			"blocks":	0,
			"reverse":	0,
			"tos":	0,
			"target_bitrate":	30000,
			"bidir":	0,
			"fqrate":	0,
			"interval":	1
		}
	},
	"intervals":	[{
			"streams":	[{
					"socket":	5,
					"start":	0,
					"end":	1.000856,
					"seconds":	1.0008560419082642,
					"bytes":	3760,
					"bits_per_second":	30054.272283403025,
					"packets":	94,
					"omitted":	false,
					"sender":	true
				}],
			"sum":	{
				"start":	0,
				"end":	1.000856,
				"seconds":	1.0008560419082642,
				"bytes":	3760,
				"bits_per_second":	30054.272283403025,
				"packets":	94,
				"omitted":	false,
				"sender":	true
			}
		}, {
			"streams":	[{
					"socket":	5,
					"start":	1.000856,
					"end":	2.001144,
					"seconds":	1.0002880096435547,
					"bytes":	3760,
					"bits_per_second":	30071.339164326069,
					"packets":	94,
					"omitted":	false,
					"sender":	true
				}],
			"sum":	{
				"start":	1.000856,
				"end":	2.001144,
				"seconds":	1.0002880096435547,
				"bytes":	3760,
				"bits_per_second":	30071.339164326069,
				"packets":	94,
				"omitted":	false,
				"sender":	true
			}
		}, {
			"streams":	[{
					"socket":	5,
					"start":	2.001144,
					"end":	3.001131,
					"seconds":	0.999987006187439,
					"bytes":	3760,
					"bits_per_second":	30080.390858960585,
					"packets":	94,
					"omitted":	false,
					"sender":	true
				}],
			"sum":	{
				"start":	2.001144,
				"end":	3.001131,
				"seconds":	0.999987006187439,
				"bytes":	3760,
				"bits_per_second":	30080.390858960585,
				"packets":	94,
				"omitted":	false,
				"sender":	true
			}
		}, {
			"streams":	[{
					"socket":	5,
					"start":	3.001131,
					"end":	4.001133,
					"seconds":	1.0000020265579224,
					"bytes":	3760,
					"bits_per_second":	30079.93904126123,
					"packets":	94,
					"omitted":	false,
					"sender":	true
				}],
			"sum":	{
				"start":	3.001131,
				"end":	4.001133,
				"seconds":	1.0000020265579224,
				"bytes":	3760,
				"bits_per_second":	30079.93904126123,
				"packets":	94,
				"omitted":	false,
				"sender":	true
			}
		}, {
			"streams":	[{
					"socket":	5,
					"start":	4.001133,
					"end":	5.001129,
					"seconds":	0.9999960064888,
					"bytes":	3720,
					"bits_per_second":	29760.118847367929,
					"packets":	93,
					"omitted":	false,
					"sender":	true
				}],
			"sum":	{
				"start":	4.001133,
				"end":	5.001129,
				"seconds":	0.9999960064888,
				"bytes":	3720,
				"bits_per_second":	29760.118847367929,
				"packets":	93,
				"omitted":	false,
				"sender":	true
			}
		}, {
			"streams":	[{
					"socket":	5,
					"start":	5.001129,
					"end":	6.001127,
					"seconds":	0.99999797344207764,
					"bytes":	3760,
					"bits_per_second":	30080.060958985843,
					"packets":	94,
					"omitted":	false,
					"sender":	true
				}],
			"sum":	{
				"start":	5.001129,
				"end":	6.001127,
				"seconds":	0.99999797344207764,
				"bytes":	3760,
				"bits_per_second":	30080.060958985843,
				"packets":	94,
				"omitted":	false,
				"sender":	true
			}
		}, {
			"streams":	[{
					"socket":	5,
					"start":	6.001127,
					"end":	7.001127,
					"seconds":	1,
					"bytes":	3760,
					"bits_per_second":	30080,
					"packets":	94,
					"omitted":	false,
					"sender":	true
				}],
			"sum":	{
				"start":	6.001127,
				"end":	7.001127,
				"seconds":	1,
				"bytes":	3760,
				"bits_per_second":	30080,
				"packets":	94,
				"omitted":	false,
				"sender":	true
			}
		}, {
			"streams":	[{
					"socket":	5,
					"start":	7.001127,
					"end":	8.001131,
					"seconds":	1.0000040531158447,
					"bytes":	3760,
					"bits_per_second":	30079.878082769534,
					"packets":	94,
					"omitted":	false,
					"sender":	true
				}],
			"sum":	{
				"start":	7.001127,
				"end":	8.001131,
				"seconds":	1.0000040531158447,
				"bytes":	3760,
				"bits_per_second":	30079.878082769534,
				"packets":	94,
				"omitted":	false,
				"sender":	true
			}
		}, {
			"streams":	[{
					"socket":	5,
					"start":	8.001131,
					"end":	9.001125,
					"seconds":	0.99999397993087769,
					"bytes":	3720,
					"bits_per_second":	29760.179158335624,
					"packets":	93,
					"omitted":	false,
					"sender":	true
				}],
			"sum":	{
				"start":	8.001131,
				"end":	9.001125,
				"seconds":	0.99999397993087769,
				"bytes":	3720,
				"bits_per_second":	29760.179158335624,
				"packets":	93,
				"omitted":	false,
				"sender":	true
			}
		}, {
			"streams":	[{
					"socket":	5,
					"start":	9.001125,
					"end":	10.001127,
					"seconds":	1.0000020265579224,
					"bytes":	3760,
					"bits_per_second":	30079.93904126123,
					"packets":	94,
					"omitted":	false,
					"sender":	true
				}],
			"sum":	{
				"start":	9.001125,
				"end":	10.001127,
				"seconds":	1.0000020265579224,
				"bytes":	3760,
				"bits_per_second":	30079.93904126123,
				"packets":	94,
				"omitted":	false,
				"sender":	true
			}
		}, {
			"streams":	[{
					"socket":	5,
					"start":	10.001127,
					"end":	11.001135,
					"seconds":	1.0000079870224,
					"bytes":	3760,
					"bits_per_second":	30079.759752285074,
					"packets":	94,
					"omitted":	false,
					"sender":	true
				}],
			"sum":	{
				"start":	10.001127,
				"end":	11.001135,
				"seconds":	1.0000079870224,
				"bytes":	3760,
				"bits_per_second":	30079.759752285074,
				"packets":	94,
				"omitted":	false,
				"sender":	true
			}
		}, {
			"streams":	[{
					"socket":	5,
					"start":	11.001135,
					"end":	12.001136,
					"seconds":	1.0000009536743164,
					"bytes":	3760,
					"bits_per_second":	30079.97131350392,
					"packets":	94,
					"omitted":	false,
					"sender":	true
				}],
			"sum":	{
				"start":	11.001135,
				"end":	12.001136,
				"seconds":	1.0000009536743164,
				"bytes":	3760,
				"bits_per_second":	30079.97131350392,
				"packets":	94,
				"omitted":	false,
				"sender":	true
			}
		}, {
			"streams":	[{
					"socket":	5,
					"start":	12.001136,
					"end":	13.001125,
					"seconds":	0.99998897314071655,
					"bytes":	3720,
					"bits_per_second":	29760.328162950882,
					"packets":	93,
					"omitted":	false,
					"sender":	true
				}],
			"sum":	{
				"start":	12.001136,
				"end":	13.001125,
				"seconds":	0.99998897314071655,
				"bytes":	3720,
				"bits_per_second":	29760.328162950882,
				"packets":	93,
				"omitted":	false,
				"sender":	true
			}
		}, {
			"streams":	[{
					"socket":	5,
					"start":	13.001125,
					"end":	14.001129,
					"seconds":	1.0000040531158447,
					"bytes":	3760,
					"bits_per_second":	30079.878082769534,
					"packets":	94,
					"omitted":	false,
					"sender":	true
				}],
			"sum":	{
				"start":	13.001125,
				"end":	14.001129,
				"seconds":	1.0000040531158447,
				"bytes":	3760,
				"bits_per_second":	30079.878082769534,
				"packets":	94,
				"omitted":	false,
				"sender":	true
			}
		}, {
			"streams":	[{
					"socket":	5,
					"start":	14.001129,
					"end":	15.001128,
					"seconds":	0.99999898672103882,
					"bytes":	3760,
					"bits_per_second":	30080.030479462035,
					"packets":	94,
					"omitted":	false,
					"sender":	true
				}],
			"sum":	{
				"start":	14.001129,
				"end":	15.001128,
				"seconds":	0.99999898672103882,
				"bytes":	3760,
				"bits_per_second":	30080.030479462035,
				"packets":	94,
				"omitted":	false,