{
	"start":	{
		"connected":	[{
				"socket":	5,
				"local_host":	"fd00::8",
				"local_port":	40947,
				"remote_host":	"fd00::4",
				"remote_port":	5123
			}],
		"version":	"iperf 3.18",
		"system_info":	"Linux RPI08 6.18.29+rpt-rpi-v7 #1 SMP Raspbian 1:6.18.29-1+rpt1 (2026-05-12) armv7l",
		"timestamp":	{
			"time":	"Wed, 20 May 2026 18:46:27 GMT",
			"timesecs":	1779302787
		},
		"connecting_to":	{
			"host":	"fd00::4",
			"port":	5123
		},
		"cookie":	"mnlpo4yoviedhsj7dpwcbdycy6vhmu75dejr",
		"target_bitrate":	80000,
		"fq_rate":	0,
		"sock_bufsize":	0,
		"sndbuf_actual":	180224,
		"rcvbuf_actual":	180224,
		"test_start":	{
			"protocol":	"UDP",
			"num_streams":	1,
			"blksize":	512,
			"omit":	0,
			"duration":	30,
			"bytes":	0,
			"blocks":	0,
			"reverse":	0,
			"tos":	0,
			"target_bitrate":	80000,
			"bidir":	0,
			"fqrate":	0,
			"interval":	1
		}
	},
	"intervals":	[{
			"streams":	[{
					"socket":	5,
					"start":	0,
					"end":	1.00117,
					"seconds":	1.0011700391769409,
					"bytes":	10240,
					"bits_per_second":	81824.2624073591,
					"packets":	20,
					"omitted":	false,
					"sender":	true
				}],
			"sum":	{
				"start":	0,
				"end":	1.00117,
				"seconds":	1.0011700391769409,
				"bytes":	10240,
				"bits_per_second":	81824.2624073591,
				"packets":	20,
				"omitted":	false,
				"sender":	true
			}
		}, {
			"streams":	[{
					"socket":	5,
					"start":	1.00117,
					"end":	2.001141,
					"seconds":	0.99997097253799438,
					"bytes":	10240,
					"bits_per_second":	81922.377998714772,
					"packets":	20,
					"omitted":	false,
					"sender":	true
				}],
			"sum":	{
				"start":	1.00117,
				"end":	2.001141,
				"seconds":	0.99997097253799438,
				"bytes":	10240,
				"bits_per_second":	81922.377998714772,
				"packets":	20,
				"omitted":	false,
				"sender":	true
			}
		}, {
			"streams":	[{
					"socket":	5,
					"start":	2.001141,
					"end":	3.001196,
					"seconds":	1.0000549554824829,
					"bytes":	9728,
					"bits_per_second":	77819.723379555,
					"packets":	19,
					"omitted":	false,
					"sender":	true
				}],
			"sum":	{
				"start":	2.001141,
				"end":	3.001196,
				"seconds":	1.0000549554824829,
				"bytes":	9728,
				"bits_per_second":	77819.723379555,
				"packets":	19,
				"omitted":	false,
				"sender":	true
			}
		}, {
			"streams":	[{
					"socket":	5,
					"start":	3.001196,
					"end":	4.001144,
					"seconds":	0.999948024749756,
					"bytes":	10240,
					"bits_per_second":	81924.258033812366,
					"packets":	20,
					"omitted":	false,
					"sender":	true
				}],
			"sum":	{
				"start":	3.001196,
				"end":	4.001144,
				"seconds":	0.999948024749756,
				"bytes":	10240,
				"bits_per_second":	81924.258033812366,
				"packets":	20,
				"omitted":	false,
				"sender":	true
			}
		}, {
			"streams":	[{
					"socket":	5,
					"start":	4.001144,
					"end":	5.001147,
					"seconds":	1.0000029802322388,
					"bytes":	9728,
					"bits_per_second":	77823.768067097466,
					"packets":	19,
					"omitted":	false,
					"sender":	true
				}],
			"sum":	{
				"start":	4.001144,
				"end":	5.001147,
				"seconds":	1.0000029802322388,
				"bytes":	9728,
				"bits_per_second":	77823.768067097466,
				"packets":	19,
				"omitted":	false,
				"sender":	true
			}
		}, {
			"streams":	[{
					"socket":	5,
					"start":	5.001147,
					"end":	6.001139,
					"seconds":	0.9999920129776,
					"bytes":	10240,
					"bits_per_second":	81920.654302100927,
					"packets":	20,
					"omitted":	false,
					"sender":	true
				}],
			"sum":	{
				"start":	5.001147,
				"end":	6.001139,
				"seconds":	0.9999920129776,
				"bytes":	10240,
				"bits_per_second":	81920.654302100927,
				"packets":	20,
				"omitted":	false,
				"sender":	true
			}
		}, {
			"streams":	[{
					"socket":	5,
					"start":	6.001139,
					"end":	7.001152,
					"seconds":	1.000012993812561,
					"bytes":	9728,
					"bits_per_second":	77822.9887826708,
					"packets":	19,
					"omitted":	false,
					"sender":	true
				}],
			"sum":	{
				"start":	6.001139,
				"end":	7.001152,
				"seconds":	1.000012993812561,
				"bytes":	9728,
				"bits_per_second":	77822.9887826708,
				"packets":	19,
				"omitted":	false,
				"sender":	true
			}
		}, {
			"streams":	[{
					"socket":	5,
					"start":	7.001152,
					"end":	8.00118,
					"seconds":	1.0000280141830444,
					"bytes":	10240,
					"bits_per_second":	81917.705142413557,
					"packets":	20,
					"omitted":	false,
					"sender":	true
				}],
			"sum":	{
				"start":	7.001152,
				"end":	8.00118,
				"seconds":	1.0000280141830444,
				"bytes":	10240,
				"bits_per_second":	81917.705142413557,
				"packets":	20,
				"omitted":	false,
				"sender":	true
			}
		}, {
			"streams":	[{
					"socket":	5,
					"start":	8.00118,
					"end":	9.00114,
					"seconds":	0.99996000528335571,
					"bytes":	9728,
					"bits_per_second":	77827.1126733186,
					"packets":	19,
					"omitted":	false,
					"sender":	true
				}],
			"sum":	{
				"start":	8.00118,
				"end":	9.00114,
				"seconds":	0.99996000528335571,
				"bytes":	9728,
				"bits_per_second":	77827.1126733186,
				"packets":	19,
				"omitted":	false,
				"sender":	true
			}
		}, {
			"streams":	[{
					"socket":	5,
					"start":	9.00114,
					"end":	10.001134,
					"seconds":	0.99999397993087769,
					"bytes":	10240,
					"bits_per_second":	81920.4931670314,
					"packets":	20,
					"omitted":	false,
					"sender":	true
				}],
			"sum":	{
				"start":	9.00114,
				"end":	10.001134,
				"seconds":	0.99999397993087769,
				"bytes":	10240,
				"bits_per_second":	81920.4931670314,
				"packets":	20,
				"omitted":	false,
				"sender":	true
			}
		}, {
			"streams":	[{
					"socket":	5,
					"start":	10.001134,
					"end":	11.001143,
					"seconds":	1.0000089406967163,
					"bytes":	9728,
					"bits_per_second":	77823.304205439636,
					"packets":	19,
					"omitted":	false,
					"sender":	true
				}],
			"sum":	{
				"start":	10.001134,
				"end":	11.001143,
				"seconds":	1.0000089406967163,
				"bytes":	9728,
				"bits_per_second":	77823.304205439636,
				"packets":	19,
				"omitted":	false,
				"sender":	true
			}
		}, {
			"streams":	[{
					"socket":	5,
					"start":	11.001143,
					"end":	12.001137,
					"seconds":	0.99999397993087769,
					"bytes":	10240,
					"bits_per_second":	81920.4931670314,
					"packets":	20,
					"omitted":	false,
					"sender":	true
				}],
			"sum":	{
				"start":	11.001143,
				"end":	12.001137,
				"seconds":	0.99999397993087769,
				"bytes":	10240,
				"bits_per_second":	81920.4931670314,
				"packets":	20,
				"omitted":	false,
				"sender":	true
			}
		}, {
			"streams":	[{
					"socket":	5,
					"start":	12.001137,
					"end":	13.001143,
					"seconds":	1.0000059604644775,
					"bytes":	9728,
					"bits_per_second":	77823.536135577349,
					"packets":	19,
					"omitted":	false,
					"sender":	true
				}],
			"sum":	{
				"start":	12.001137,
				"end":	13.001143,
				"seconds":	1.0000059604644775,
				"bytes":	9728,
				"bits_per_second":	77823.536135577349,
				"packets":	19,
				"omitted":	false,
				"sender":	true
			}
		}, {
			"streams":	[{
					"socket":	5,
					"start":	13.001143,
					"end":	14.001139,
					"seconds":	0.9999960064888,
					"bytes":	10240,
					"bits_per_second":	81920.327149743971,
					"packets":	20,
					"omitted":	false,
					"sender":	true
				}],
			"sum":	{
				"start":	13.001143,
				"end":	14.001139,
				"seconds":	0.9999960064888,
				"bytes":	10240,
				"bits_per_second":	81920.327149743971,
				"packets":	20,
				"omitted":	false,
				"sender":	true
			}
		}, {
			"streams":	[{
					"socket":	5,
					"start":	14.001139,
					"end":	15.001143,
					"seconds":	1.0000040531158447,
					"bytes":	9728,
					"bits_per_second":	77823.684571590973,
					"packets":	19,
					"omitted":	false,
					"sender":	true
				}],
			"sum":	{
				"start":	14.001139,
				"end":	15.001143,
				"seconds":	1.0000040531158447,
				"bytes":	9728,
				"bits_per_second":	77823.684571590973,
				"packets":	19,
				"omitted":	false,