{
	"start":	{
		"connected":	[{
				"socket":	5,
				"local_host":	"fd00::8",
				"local_port":	41472,
				"remote_host":	"fd00::4",
				"remote_port":	5123
			}],
		"version":	"iperf 3.18",
		"system_info":	"Linux RPI08 6.18.29+rpt-rpi-v7 #1 SMP Raspbian 1:6.18.29-1+rpt1 (2026-05-12) armv7l",
		"timestamp":	{
			"time":	"Wed, 20 May 2026 18:29:16 GMT",
			"timesecs":	1779301756
		},
		"connecting_to":	{
			"host":	"fd00::4",
			"port":	5123
		},
		"cookie":	"cxfrsmxkg3bzgh2grvrnhq56ur4dwu42my2g",
		"target_bitrate":	40000,
		"fq_rate":	0,
		"sock_bufsize":	0,
		"sndbuf_actual":	180224,
		"rcvbuf_actual":	180224,
		"test_start":	{
			"protocol":	"UDP",
			"num_streams":	1,
			"blksize":	96,
			"omit":	0,
			"duration":	30,
			"bytes":	0,
			"blocks":	0,
			"reverse":	0,
			"tos":	0,
			"target_bitrate":	40000,
			"bidir":	0,
			"fqrate":	0,
			"interval":	1
		}
	},
	"intervals":	[{
			"streams":	[{
					"socket":	5,
					"start":	0,
					"end":	1.001111,
					"seconds":	1.0011110305786133,
					"bytes":	5088,
					"bits_per_second":	40658.8268001345,
					"packets":	53,
					"omitted":	false,
					"sender":	true
				}],
			"sum":	{
				"start":	0,
				"end":	1.001111,
				"seconds":	1.0011110305786133,
				"bytes":	5088,
				"bits_per_second":	40658.8268001345,
				"packets":	53,
				"omitted":	false,
				"sender":	true
			}
		}, {
			"streams":	[{
					"socket":	5,
					"start":	1.001111,
					"end":	2.00113,
					"seconds":	1.0000189542770386,
					"bytes":	4992,
					"bits_per_second":	39935.2430563395,
					"packets":	52,
					"omitted":	false,
					"sender":	true
				}],
			"sum":	{
				"start":	1.001111,
				"end":	2.00113,
				"seconds":	1.0000189542770386,
				"bytes":	4992,
				"bits_per_second":	39935.2430563395,
				"packets":	52,
				"omitted":	false,
				"sender":	true
			}
		}, {
			"streams":	[{
					"socket":	5,
					"start":	2.00113,
					"end":	3.001132,
					"seconds":	1.0000020265579224,
					"bytes":	4992,
					"bits_per_second":	39935.919067546827,
					"packets":	52,
					"omitted":	false,
					"sender":	true
				}],
			"sum":	{
				"start":	2.00113,
				"end":	3.001132,
				"seconds":	1.0000020265579224,
				"bytes":	4992,
				"bits_per_second":	39935.919067546827,
				"packets":	52,
				"omitted":	false,
				"sender":	true
			}
		}, {
			"streams":	[{
					"socket":	5,
					"start":	3.001132,
					"end":	4.001129,
					"seconds":	0.99999701976776123,
					"bytes":	4992,
					"bits_per_second":	39936.1190189094,
					"packets":	52,
					"omitted":	false,
					"sender":	true
				}],
			"sum":	{
				"start":	3.001132,
				"end":	4.001129,
				"seconds":	0.99999701976776123,
				"bytes":	4992,
				"bits_per_second":	39936.1190189094,
				"packets":	52,
				"omitted":	false,
				"sender":	true
			}
		}, {
			"streams":	[{
					"socket":	5,
					"start":	4.001129,
					"end":	5.001132,
					"seconds":	1.0000029802322388,
					"bytes":	4992,
					"bits_per_second":	39935.880981800015,
					"packets":	52,
					"omitted":	false,
					"sender":	true
				}],
			"sum":	{
				"start":	4.001129,
				"end":	5.001132,
				"seconds":	1.0000029802322388,
				"bytes":	4992,
				"bits_per_second":	39935.880981800015,
				"packets":	52,
				"omitted":	false,
				"sender":	true
			}
		}, {
			"streams":	[{
					"socket":	5,
					"start":	5.001132,
					"end":	6.001133,
					"seconds":	1.0000009536743164,
					"bytes":	4992,
					"bits_per_second":	39935.961914098822,
					"packets":	52,
					"omitted":	false,
					"sender":	true
				}],
			"sum":	{
				"start":	5.001132,
				"end":	6.001133,
				"seconds":	1.0000009536743164,
				"bytes":	4992,
				"bits_per_second":	39935.961914098822,
				"packets":	52,
				"omitted":	false,
				"sender":	true
			}
		}, {
			"streams":	[{
					"socket":	5,
					"start":	6.001133,
					"end":	7.001129,
					"seconds":	0.9999960064888,
					"bytes":	4992,
					"bits_per_second":	39936.1594855002,
					"packets":	52,
					"omitted":	false,
					"sender":	true
				}],
			"sum":	{
				"start":	6.001133,
				"end":	7.001129,
				"seconds":	0.9999960064888,
				"bytes":	4992,
				"bits_per_second":	39936.1594855002,
				"packets":	52,
				"omitted":	false,
				"sender":	true
			}
		}, {
			"streams":	[{
					"socket":	5,
					"start":	7.001129,
					"end":	8.001128,
					"seconds":	0.99999898672103882,
					"bytes":	4992,
					"bits_per_second":	39936.0404663496,
					"packets":	52,
					"omitted":	false,
					"sender":	true
				}],
			"sum":	{
				"start":	7.001129,
				"end":	8.001128,
				"seconds":	0.99999898672103882,
				"bytes":	4992,
				"bits_per_second":	39936.0404663496,
				"packets":	52,
				"omitted":	false,
				"sender":	true
			}
		}, {
			"streams":	[{
					"socket":	5,
					"start":	8.001128,
					"end":	9.001131,
					"seconds":	1.0000029802322388,
					"bytes":	4992,
					"bits_per_second":	39935.880981800015,
					"packets":	52,
					"omitted":	false,
					"sender":	true
				}],
			"sum":	{
				"start":	8.001128,
				"end":	9.001131,
				"seconds":	1.0000029802322388,
				"bytes":	4992,
				"bits_per_second":	39935.880981800015,
				"packets":	52,
				"omitted":	false,
				"sender":	true
			}
		}, {
			"streams":	[{
					"socket":	5,
					"start":	9.001131,
					"end":	10.001128,
					"seconds":	0.99999701976776123,
					"bytes":	4992,
					"bits_per_second":	39936.1190189094,
					"packets":	52,
					"omitted":	false,
					"sender":	true
				}],
			"sum":	{
				"start":	9.001131,
				"end":	10.001128,
				"seconds":	0.99999701976776123,
				"bytes":	4992,
				"bits_per_second":	39936.1190189094,
				"packets":	52,
				"omitted":	false,
				"sender":	true
			}
		}, {
			"streams":	[{
					"socket":	5,
					"start":	10.001128,
					"end":	11.001123,
					"seconds":	0.999994993209839,
					"bytes":	4992,
					"bits_per_second":	39936.199952173,
					"packets":	52,
					"omitted":	false,
					"sender":	true
				}],
			"sum":	{
				"start":	10.001128,
				"end":	11.001123,
				"seconds":	0.999994993209839,
				"bytes":	4992,
				"bits_per_second":	39936.199952173,
				"packets":	52,
				"omitted":	false,
				"sender":	true
			}
		}, {
			"streams":	[{
					"socket":	5,
					"start":	11.001123,
					"end":	12.001127,
					"seconds":	1.0000040531158447,
					"bytes":	5088,
					"bits_per_second":	40703.835022641331,
					"packets":	53,
					"omitted":	false,
					"sender":	true
				}],
			"sum":	{
				"start":	11.001123,
				"end":	12.001127,
				"seconds":	1.0000040531158447,
				"bytes":	5088,
				"bits_per_second":	40703.835022641331,
				"packets":	53,
				"omitted":	false,
				"sender":	true
			}
		}, {
			"streams":	[{
					"socket":	5,
					"start":	12.001127,
					"end":	13.001122,
					"seconds":	0.999994993209839,
					"bytes":	4992,
					"bits_per_second":	39936.199952173,
					"packets":	52,
					"omitted":	false,
					"sender":	true
				}],
			"sum":	{
				"start":	12.001127,
				"end":	13.001122,
				"seconds":	0.999994993209839,
				"bytes":	4992,
				"bits_per_second":	39936.199952173,
				"packets":	52,
				"omitted":	false,
				"sender":	true
			}
		}, {
			"streams":	[{
					"socket":	5,
					"start":	13.001122,
					"end":	14.001129,
					"seconds":	1.0000070333480835,
					"bytes":	4992,
					"bits_per_second":	39935.719118186476,
					"packets":	52,
					"omitted":	false,
					"sender":	true
				}],
			"sum":	{
				"start":	13.001122,
				"end":	14.001129,
				"seconds":	1.0000070333480835,
				"bytes":	4992,
				"bits_per_second":	39935.719118186476,
				"packets":	52,
				"omitted":	false,
				"sender":	true
			}
		}, {
			"streams":	[{
					"socket":	5,
					"start":	14.001129,
					"end":	15.001135,
					"seconds":	1.0000059604644775,
					"bytes":	4992,
					"bits_per_second":	39935.761964309429,
					"packets":	52,
					"omitted":	false,
					"sender":	true
				}],
			"sum":	{
				"start":	14.001129,
				"end":	15.001135,
				"seconds":	1.0000059604644775,
				"bytes":	4992,
				"bits_per_second":	39935.761964309429,
				"packets":	52,
				"omitted":	false,