{
	"start":	{
		"connected":	[{
				"socket":	5,
				"local_host":	"fd00::8",
				"local_port":	56492,
				"remote_host":	"fd00::4",
				"remote_port":	5123
			}],
		"version":	"iperf 3.18",
		"system_info":	"Linux RPI08 6.18.29+rpt-rpi-v7 #1 SMP Raspbian 1:6.18.29-1+rpt1 (2026-05-12) armv7l",
		"timestamp":	{
			"time":	"Wed, 20 May 2026 18:26:55 GMT",
			"timesecs":	1779301615
		},
		"connecting_to":	{
			"host":	"fd00::4",
			"port":	5123
		},
		"cookie":	"ipoxcqzgmsnoaac4kcff4d2mlyysvhzaqgo4",
		"target_bitrate":	30000,
		"fq_rate":	0,
		"sock_bufsize":	0,
		"sndbuf_actual":	180224,
		"rcvbuf_actual":	180224,
		"test_start":	{
			"protocol":	"UDP",
			"num_streams":	1,
			"blksize":	256,
			"omit":	0,
			"duration":	30,
			"bytes":	0,
			"blocks":	0,
			"reverse":	0,
			"tos":	0,
			"target_bitrate":	30000,
			"bidir":	0,
			"fqrate":	0,
			"interval":	1
		}
	},
	"intervals":	[{
			"streams":	[{
					"socket":	5,
					"start":	0,
					"end":	1.001143,
					"seconds":	1.0011429786682129,
					"bytes":	3840,
					"bits_per_second":	30684.9277821094,
					"packets":	15,
					"omitted":	false,
					"sender":	true
				}],
			"sum":	{
				"start":	0,
				"end":	1.001143,
				"seconds":	1.0011429786682129,
				"bytes":	3840,
				"bits_per_second":	30684.9277821094,
				"packets":	15,
				"omitted":	false,
				"sender":	true
			}
		}, {
			"streams":	[{
					"socket":	5,
					"start":	1.001143,
					"end":	2.001144,
					"seconds":	1.0000009536743164,
					"bytes":	3840,
					"bits_per_second":	30719.97070315294,
					"packets":	15,
					"omitted":	false,
					"sender":	true
				}],
			"sum":	{
				"start":	1.001143,
				"end":	2.001144,
				"seconds":	1.0000009536743164,
				"bytes":	3840,
				"bits_per_second":	30719.97070315294,
				"packets":	15,
				"omitted":	false,
				"sender":	true
			}
		}, {
			"streams":	[{
					"socket":	5,
					"start":	2.001144,
					"end":	3.001148,
					"seconds":	1.0000040531158447,
					"bytes":	3584,
					"bits_per_second":	28671.883789533513,
					"packets":	14,
					"omitted":	false,
					"sender":	true
				}],
			"sum":	{
				"start":	2.001144,
				"end":	3.001148,
				"seconds":	1.0000040531158447,
				"bytes":	3584,
				"bits_per_second":	28671.883789533513,
				"packets":	14,
				"omitted":	false,
				"sender":	true
			}
		}, {
			"streams":	[{
					"socket":	5,
					"start":	3.001148,
					"end":	4.00114,
					"seconds":	0.9999920129776,
					"bytes":	3840,
					"bits_per_second":	30720.245363287846,
					"packets":	15,
					"omitted":	false,
					"sender":	true
				}],
			"sum":	{
				"start":	3.001148,
				"end":	4.00114,
				"seconds":	0.9999920129776,
				"bytes":	3840,
				"bits_per_second":	30720.245363287846,
				"packets":	15,
				"omitted":	false,
				"sender":	true
			}
		}, {
			"streams":	[{
					"socket":	5,
					"start":	4.00114,
					"end":	5.001133,
					"seconds":	0.99999302625656128,
					"bytes":	3840,
					"bits_per_second":	30720.214234892457,
					"packets":	15,
					"omitted":	false,
					"sender":	true
				}],
			"sum":	{
				"start":	4.00114,
				"end":	5.001133,
				"seconds":	0.99999302625656128,
				"bytes":	3840,
				"bits_per_second":	30720.214234892457,
				"packets":	15,
				"omitted":	false,
				"sender":	true
			}
		}, {
			"streams":	[{
					"socket":	5,
					"start":	5.001133,
					"end":	6.001147,
					"seconds":	1.0000139474868774,
					"bytes":	3584,
					"bits_per_second":	28671.600103233806,
					"packets":	14,
					"omitted":	false,
					"sender":	true
				}],
			"sum":	{
				"start":	5.001133,
				"end":	6.001147,
				"seconds":	1.0000139474868774,
				"bytes":	3584,
				"bits_per_second":	28671.600103233806,
				"packets":	14,
				"omitted":	false,
				"sender":	true
			}
		}, {
			"streams":	[{
					"socket":	5,
					"start":	6.001147,
					"end":	7.001132,
					"seconds":	0.9999849796295166,
					"bytes":	3840,
					"bits_per_second":	30720.461432712142,
					"packets":	15,
					"omitted":	false,
					"sender":	true
				}],
			"sum":	{
				"start":	6.001147,
				"end":	7.001132,
				"seconds":	0.9999849796295166,
				"bytes":	3840,
				"bits_per_second":	30720.461432712142,
				"packets":	15,
				"omitted":	false,
				"sender":	true
			}
		}, {
			"streams":	[{
					"socket":	5,
					"start":	7.001132,
					"end":	8.001129,
					"seconds":	0.99999701976776123,
					"bytes":	3840,
					"bits_per_second":	30720.091553007223,
					"packets":	15,
					"omitted":	false,
					"sender":	true
				}],
			"sum":	{
				"start":	7.001132,
				"end":	8.001129,
				"seconds":	0.99999701976776123,
				"bytes":	3840,
				"bits_per_second":	30720.091553007223,
				"packets":	15,
				"omitted":	false,
				"sender":	true
			}
		}, {
			"streams":	[{
					"socket":	5,
					"start":	8.001129,
					"end":	9.001146,
					"seconds":	1.0000170469284058,
					"bytes":	3584,
					"bits_per_second":	28671.511238800627,
					"packets":	14,
					"omitted":	false,
					"sender":	true
				}],
			"sum":	{
				"start":	8.001129,
				"end":	9.001146,
				"seconds":	1.0000170469284058,
				"bytes":	3584,
				"bits_per_second":	28671.511238800627,
				"packets":	14,
				"omitted":	false,
				"sender":	true
			}
		}, {
			"streams":	[{
					"socket":	5,
					"start":	9.001146,
					"end":	10.001129,
					"seconds":	0.999983012676239,
					"bytes":	3840,
					"bits_per_second":	30720.521859450932,
					"packets":	15,
					"omitted":	false,
					"sender":	true
				}],
			"sum":	{
				"start":	9.001146,
				"end":	10.001129,
				"seconds":	0.999983012676239,
				"bytes":	3840,
				"bits_per_second":	30720.521859450932,
				"packets":	15,
				"omitted":	false,
				"sender":	true
			}
		}, {
			"streams":	[{
					"socket":	5,
					"start":	10.001129,
					"end":	11.001142,
					"seconds":	1.000012993812561,
					"bytes":	3840,
					"bits_per_second":	30719.6008352648,
					"packets":	15,
					"omitted":	false,
					"sender":	true
				}],
			"sum":	{
				"start":	10.001129,
				"end":	11.001142,
				"seconds":	1.000012993812561,
				"bytes":	3840,
				"bits_per_second":	30719.6008352648,
				"packets":	15,
				"omitted":	false,
				"sender":	true
			}
		}, {
			"streams":	[{
					"socket":	5,
					"start":	11.001142,
					"end":	12.001142,
					"seconds":	1,
					"bytes":	3584,
					"bits_per_second":	28672,
					"packets":	14,
					"omitted":	false,
					"sender":	true
				}],
			"sum":	{
				"start":	11.001142,
				"end":	12.001142,
				"seconds":	1,
				"bytes":	3584,
				"bits_per_second":	28672,
				"packets":	14,
				"omitted":	false,
				"sender":	true
			}
		}, {
			"streams":	[{
					"socket":	5,
					"start":	12.001142,
					"end":	13.001186,
					"seconds":	1.0000439882278442,
					"bytes":	3840,
					"bits_per_second":	30718.648741080109,
					"packets":	15,
					"omitted":	false,
					"sender":	true
				}],
			"sum":	{
				"start":	12.001142,
				"end":	13.001186,
				"seconds":	1.0000439882278442,
				"bytes":	3840,
				"bits_per_second":	30718.648741080109,
				"packets":	15,
				"omitted":	false,
				"sender":	true
			}
		}, {
			"streams":	[{
					"socket":	5,
					"start":	13.001186,
					"end":	14.001138,
					"seconds":	0.99995201826095581,
					"bytes":	3840,
					"bits_per_second":	30721.474069751868,
					"packets":	15,
					"omitted":	false,
					"sender":	true
				}],
			"sum":	{
				"start":	13.001186,
				"end":	14.001138,
				"seconds":	0.99995201826095581,
				"bytes":	3840,
				"bits_per_second":	30721.474069751868,
				"packets":	15,
				"omitted":	false,
				"sender":	true
			}
		}, {
			"streams":	[{
					"socket":	5,
					"start":	14.001138,
					"end":	15.001144,
					"seconds":	1.0000059604644775,
					"bytes":	3584,
					"bits_per_second":	28671.829102581127,
					"packets":	14,
					"omitted":	false,
					"sender":	true
				}],
			"sum":	{
				"start":	14.001138,
				"end":	15.001144,
				"seconds":	1.0000059604644775,
				"bytes":	3584,
				"bits_per_second":	28671.829102581127,
				"packets":	14,
				"omitted":	false,