{
	"start":	{
		"connected":	[{
				"socket":	5,
				"local_host":	"fd00::8",
				"local_port":	42519,
				"remote_host":	"fd00::4",
				"remote_port":	5123
			}],
		"version":	"iperf 3.18",
		"system_info":	"Linux RPI08 6.18.29+rpt-rpi-v7 #1 SMP Raspbian 1:6.18.29-1+rpt1 (2026-05-12) armv7l",
		"timestamp":	{
			"time":	"Wed, 20 May 2026 18:22:53 GMT",
			"timesecs":	1779301373
		},
		"connecting_to":	{
			"host":	"fd00::4",
			"port":	5123
		},
		"cookie":	"hdz3ikmku2xcd2fuz2avwnagsawkewgeqyjc",
		"target_bitrate":	10000,
		"fq_rate":	0,
		"sock_bufsize":	0,
		"sndbuf_actual":	180224,
		"rcvbuf_actual":	180224,
		"test_start":	{
			"protocol":	"UDP",
			"num_streams":	1,
			"blksize":	128,
			"omit":	0,
			"duration":	30,
			"bytes":	0,
			"blocks":	0,
			"reverse":	0,
			"tos":	0,
			"target_bitrate":	10000,
			"bidir":	0,
			"fqrate":	0,
			"interval":	1
		}
	},
	"intervals":	[{
			"streams":	[{
					"socket":	5,
					"start":	0,
					"end":	1.000846,
					"seconds":	1.0008460283279419,
					"bytes":	1280,
					"bits_per_second":	10231.343993148877,
					"packets":	10,
					"omitted":	false,
					"sender":	true
				}],
			"sum":	{
				"start":	0,
				"end":	1.000846,
				"seconds":	1.0008460283279419,
				"bytes":	1280,
				"bits_per_second":	10231.343993148877,
				"packets":	10,
				"omitted":	false,
				"sender":	true
			}
		}, {
			"streams":	[{
					"socket":	5,
					"start":	1.000846,
					"end":	2.00112,
					"seconds":	1.0002739429473877,
					"bytes":	1280,
					"bits_per_second":	10237.195592466416,
					"packets":	10,
					"omitted":	false,
					"sender":	true
				}],
			"sum":	{
				"start":	1.000846,
				"end":	2.00112,
				"seconds":	1.0002739429473877,
				"bytes":	1280,
				"bits_per_second":	10237.195592466416,
				"packets":	10,
				"omitted":	false,
				"sender":	true
			}
		}, {
			"streams":	[{
					"socket":	5,
					"start":	2.00112,
					"end":	3.001101,
					"seconds":	0.99998098611831665,
					"bytes":	1280,
					"bits_per_second":	10240.194705850552,
					"packets":	10,
					"omitted":	false,
					"sender":	true
				}],
			"sum":	{
				"start":	2.00112,
				"end":	3.001101,
				"seconds":	0.99998098611831665,
				"bytes":	1280,
				"bits_per_second":	10240.194705850552,
				"packets":	10,
				"omitted":	false,
				"sender":	true
			}
		}, {
			"streams":	[{
					"socket":	5,
					"start":	3.001101,
					"end":	4.001123,
					"seconds":	1.0000220537185669,
					"bytes":	1280,
					"bits_per_second":	10239.774174902159,
					"packets":	10,
					"omitted":	false,
					"sender":	true
				}],
			"sum":	{
				"start":	3.001101,
				"end":	4.001123,
				"seconds":	1.0000220537185669,
				"bytes":	1280,
				"bits_per_second":	10239.774174902159,
				"packets":	10,
				"omitted":	false,
				"sender":	true
			}
		}, {
			"streams":	[{
					"socket":	5,
					"start":	4.001123,
					"end":	5.001134,
					"seconds":	1.0000109672546387,
					"bytes":	1152,
					"bits_per_second":	9215.898926889744,
					"packets":	9,
					"omitted":	false,
					"sender":	true
				}],
			"sum":	{
				"start":	4.001123,
				"end":	5.001134,
				"seconds":	1.0000109672546387,
				"bytes":	1152,
				"bits_per_second":	9215.898926889744,
				"packets":	9,
				"omitted":	false,
				"sender":	true
			}
		}, {
			"streams":	[{
					"socket":	5,
					"start":	5.001134,
					"end":	6.001131,
					"seconds":	0.99999701976776123,
					"bytes":	1280,
					"bits_per_second":	10240.030517669074,
					"packets":	10,
					"omitted":	false,
					"sender":	true
				}],
			"sum":	{
				"start":	5.001134,
				"end":	6.001131,
				"seconds":	0.99999701976776123,
				"bytes":	1280,
				"bits_per_second":	10240.030517669074,
				"packets":	10,
				"omitted":	false,
				"sender":	true
			}
		}, {
			"streams":	[{
					"socket":	5,
					"start":	6.001131,
					"end":	7.001166,
					"seconds":	1.0000350475311279,
					"bytes":	1280,
					"bits_per_second":	10239.641125858903,
					"packets":	10,
					"omitted":	false,
					"sender":	true
				}],
			"sum":	{
				"start":	6.001131,
				"end":	7.001166,
				"seconds":	1.0000350475311279,
				"bytes":	1280,
				"bits_per_second":	10239.641125858903,
				"packets":	10,
				"omitted":	false,
				"sender":	true
			}
		}, {
			"streams":	[{
					"socket":	5,
					"start":	7.001166,
					"end":	8.001118,
					"seconds":	0.99995201826095581,
					"bytes":	1280,
					"bits_per_second":	10240.491356583956,
					"packets":	10,
					"omitted":	false,
					"sender":	true
				}],
			"sum":	{
				"start":	7.001166,
				"end":	8.001118,
				"seconds":	0.99995201826095581,
				"bytes":	1280,
				"bits_per_second":	10240.491356583956,
				"packets":	10,
				"omitted":	false,
				"sender":	true
			}
		}, {
			"streams":	[{
					"socket":	5,
					"start":	8.001118,
					"end":	9.001123,
					"seconds":	1.0000050067901611,
					"bytes":	1152,
					"bits_per_second":	9215.9538576529,
					"packets":	9,
					"omitted":	false,
					"sender":	true
				}],
			"sum":	{
				"start":	8.001118,
				"end":	9.001123,
				"seconds":	1.0000050067901611,
				"bytes":	1152,
				"bits_per_second":	9215.9538576529,
				"packets":	9,
				"omitted":	false,
				"sender":	true
			}
		}, {
			"streams":	[{
					"socket":	5,
					"start":	9.001123,
					"end":	10.001124,
					"seconds":	1.0000009536743164,
					"bytes":	1280,
					"bits_per_second":	10239.990234384313,
					"packets":	10,
					"omitted":	false,
					"sender":	true
				}],
			"sum":	{
				"start":	9.001123,
				"end":	10.001124,
				"seconds":	1.0000009536743164,
				"bytes":	1280,
				"bits_per_second":	10239.990234384313,
				"packets":	10,
				"omitted":	false,
				"sender":	true
			}
		}, {
			"streams":	[{
					"socket":	5,
					"start":	10.001124,
					"end":	11.001125,
					"seconds":	1.0000009536743164,
					"bytes":	1280,
					"bits_per_second":	10239.990234384313,
					"packets":	10,
					"omitted":	false,
					"sender":	true
				}],
			"sum":	{
				"start":	10.001124,
				"end":	11.001125,
				"seconds":	1.0000009536743164,
				"bytes":	1280,
				"bits_per_second":	10239.990234384313,
				"packets":	10,
				"omitted":	false,
				"sender":	true
			}
		}, {
			"streams":	[{
					"socket":	5,
					"start":	11.001125,
					"end":	12.00113,
					"seconds":	1.0000050067901611,
					"bytes":	1280,
					"bits_per_second":	10239.948730725444,
					"packets":	10,
					"omitted":	false,
					"sender":	true
				}],
			"sum":	{
				"start":	11.001125,
				"end":	12.00113,
				"seconds":	1.0000050067901611,
				"bytes":	1280,
				"bits_per_second":	10239.948730725444,
				"packets":	10,
				"omitted":	false,
				"sender":	true
			}
		}, {
			"streams":	[{
					"socket":	5,
					"start":	12.00113,
					"end":	13.001129,
					"seconds":	0.99999898672103882,
					"bytes":	1152,
					"bits_per_second":	9216.00933838837,
					"packets":	9,
					"omitted":	false,
					"sender":	true
				}],
			"sum":	{
				"start":	12.00113,
				"end":	13.001129,
				"seconds":	0.99999898672103882,
				"bytes":	1152,
				"bits_per_second":	9216.00933838837,
				"packets":	9,
				"omitted":	false,
				"sender":	true
			}
		}, {
			"streams":	[{
					"socket":	5,
					"start":	13.001129,
					"end":	14.001118,
					"seconds":	0.99998897314071655,
					"bytes":	1280,
					"bits_per_second":	10240.112916284175,
					"packets":	10,
					"omitted":	false,
					"sender":	true
				}],
			"sum":	{
				"start":	13.001129,
				"end":	14.001118,
				"seconds":	0.99998897314071655,
				"bytes":	1280,
				"bits_per_second":	10240.112916284175,
				"packets":	10,
				"omitted":	false,
				"sender":	true
			}
		}, {
			"streams":	[{
					"socket":	5,
					"start":	14.001118,
					"end":	15.001125,
					"seconds":	1.0000070333480835,
					"bytes":	1280,
					"bits_per_second":	10239.927979022174,
					"packets":	10,
					"omitted":	false,
					"sender":	true
				}],
			"sum":	{
				"start":	14.001118,
				"end":	15.001125,
				"seconds":	1.0000070333480835,
				"bytes":	1280,
				"bits_per_second":	10239.927979022174,
				"packets":	10,