{
	"start":	{
		"connected":	[{
				"socket":	5,
				"local_host":	"fd00::8",
				"local_port":	41802,
				"remote_host":	"fd00::4",
				"remote_port":	5123
			}],
		"version":	"iperf 3.18",
		"system_info":	"Linux RPI08 6.18.29+rpt-rpi-v7 #1 SMP Raspbian 1:6.18.29-1+rpt1 (2026-05-12) armv7l",
		"timestamp":	{
			"time":	"Wed, 20 May 2026 18:24:02 GMT",
			"timesecs":	1779301442
		},
		"connecting_to":	{
			"host":	"fd00::4",
			"port":	5123
		},
		"cookie":	"gff644sx6y5rrvz2z62r6676563r3x6zj2pv",
		"target_bitrate":	10000,
		"fq_rate":	0,
		"sock_bufsize":	0,
		"sndbuf_actual":	180224,
		"rcvbuf_actual":	180224,
		"test_start":	{
			"protocol":	"UDP",
			"num_streams":	1,
			"blksize":	512,
			"omit":	0,
			"duration":	30,
			"bytes":	0,
			"blocks":	0,
			"reverse":	0,
			"tos":	0,
			"target_bitrate":	10000,
			"bidir":	0,
			"fqrate":	0,
			"interval":	1
		}
	},
	"intervals":	[{
			"streams":	[{
					"socket":	5,
					"start":	0,
					"end":	1.000848,
					"seconds":	1.0008480548858643,
					"bytes":	1536,
					"bits_per_second":	12277.587931568005,
					"packets":	3,
					"omitted":	false,
					"sender":	true
				}],
			"sum":	{
				"start":	0,
				"end":	1.000848,
				"seconds":	1.0008480548858643,
				"bytes":	1536,
				"bits_per_second":	12277.587931568005,
				"packets":	3,
				"omitted":	false,
				"sender":	true
			}
		}, {
			"streams":	[{
					"socket":	5,
					"start":	1.000848,
					"end":	2.001083,
					"seconds":	1.0002349615097046,
					"bytes":	1024,
					"bits_per_second":	8190.0756474612781,
					"packets":	2,
					"omitted":	false,
					"sender":	true
				}],
			"sum":	{
				"start":	1.000848,
				"end":	2.001083,
				"seconds":	1.0002349615097046,
				"bytes":	1024,
				"bits_per_second":	8190.0756474612781,
				"packets":	2,
				"omitted":	false,
				"sender":	true
			}
		}, {
			"streams":	[{
					"socket":	5,
					"start":	2.001083,
					"end":	3.001124,
					"seconds":	1.0000410079956055,
					"bytes":	1536,
					"bits_per_second":	12287.496114413338,
					"packets":	3,
					"omitted":	false,
					"sender":	true
				}],
			"sum":	{
				"start":	2.001083,
				"end":	3.001124,
				"seconds":	1.0000410079956055,
				"bytes":	1536,
				"bits_per_second":	12287.496114413338,
				"packets":	3,
				"omitted":	false,
				"sender":	true
			}
		}, {
			"streams":	[{
					"socket":	5,
					"start":	3.001124,
					"end":	4.001123,
					"seconds":	0.99999898672103882,
					"bytes":	1024,
					"bits_per_second":	8192.00830078966,
					"packets":	2,
					"omitted":	false,
					"sender":	true
				}],
			"sum":	{
				"start":	3.001124,
				"end":	4.001123,
				"seconds":	0.99999898672103882,
				"bytes":	1024,
				"bits_per_second":	8192.00830078966,
				"packets":	2,
				"omitted":	false,
				"sender":	true
			}
		}, {
			"streams":	[{
					"socket":	5,
					"start":	4.001123,
					"end":	5.001119,
					"seconds":	0.9999960064888,
					"bytes":	1536,
					"bits_per_second":	12288.049072461596,
					"packets":	3,
					"omitted":	false,
					"sender":	true
				}],
			"sum":	{
				"start":	4.001123,
				"end":	5.001119,
				"seconds":	0.9999960064888,
				"bytes":	1536,
				"bits_per_second":	12288.049072461596,
				"packets":	3,
				"omitted":	false,
				"sender":	true
			}
		}, {
			"streams":	[{
					"socket":	5,
					"start":	5.001119,
					"end":	6.001108,
					"seconds":	0.99998897314071655,
					"bytes":	1024,
					"bits_per_second":	8192.09033302734,
					"packets":	2,
					"omitted":	false,
					"sender":	true
				}],
			"sum":	{
				"start":	5.001119,
				"end":	6.001108,
				"seconds":	0.99998897314071655,
				"bytes":	1024,
				"bits_per_second":	8192.09033302734,
				"packets":	2,
				"omitted":	false,
				"sender":	true
			}
		}, {
			"streams":	[{
					"socket":	5,
					"start":	6.001108,
					"end":	7.00111,
					"seconds":	1.0000020265579224,
					"bytes":	1536,
					"bits_per_second":	12287.975097706716,
					"packets":	3,
					"omitted":	false,
					"sender":	true
				}],
			"sum":	{
				"start":	6.001108,
				"end":	7.00111,
				"seconds":	1.0000020265579224,
				"bytes":	1536,
				"bits_per_second":	12287.975097706716,
				"packets":	3,
				"omitted":	false,
				"sender":	true
			}
		}, {
			"streams":	[{
					"socket":	5,
					"start":	7.00111,
					"end":	8.001131,
					"seconds":	1.0000209808349609,
					"bytes":	1024,
					"bits_per_second":	8191.8281286060055,
					"packets":	2,
					"omitted":	false,
					"sender":	true
				}],
			"sum":	{
				"start":	7.00111,
				"end":	8.001131,
				"seconds":	1.0000209808349609,
				"bytes":	1024,
				"bits_per_second":	8191.8281286060055,
				"packets":	2,
				"omitted":	false,
				"sender":	true
			}
		}, {
			"streams":	[{
					"socket":	5,
					"start":	8.001131,
					"end":	9.001128,
					"seconds":	0.99999701976776123,
					"bytes":	1024,
					"bits_per_second":	8192.02441413526,
					"packets":	2,
					"omitted":	false,
					"sender":	true
				}],
			"sum":	{
				"start":	8.001131,
				"end":	9.001128,
				"seconds":	0.99999701976776123,
				"bytes":	1024,
				"bits_per_second":	8192.02441413526,
				"packets":	2,
				"omitted":	false,
				"sender":	true
			}
		}, {
			"streams":	[{
					"socket":	5,
					"start":	9.001128,
					"end":	10.001122,
					"seconds":	0.99999397993087769,
					"bytes":	1536,
					"bits_per_second":	12288.073975054709,
					"packets":	3,
					"omitted":	false,
					"sender":	true
				}],
			"sum":	{
				"start":	9.001128,
				"end":	10.001122,
				"seconds":	0.99999397993087769,
				"bytes":	1536,
				"bits_per_second":	12288.073975054709,
				"packets":	3,
				"omitted":	false,
				"sender":	true
			}
		}, {
			"streams":	[{
					"socket":	5,
					"start":	10.001122,
					"end":	11.001108,
					"seconds":	0.99998599290847778,
					"bytes":	1024,
					"bits_per_second":	8192.11474770103,
					"packets":	2,
					"omitted":	false,
					"sender":	true
				}],
			"sum":	{
				"start":	10.001122,
				"end":	11.001108,
				"seconds":	0.99998599290847778,
				"bytes":	1024,
				"bits_per_second":	8192.11474770103,
				"packets":	2,
				"omitted":	false,
				"sender":	true
			}
		}, {
			"streams":	[{
					"socket":	5,
					"start":	11.001108,
					"end":	12.001125,
					"seconds":	1.0000170469284058,
					"bytes":	1536,
					"bits_per_second":	12287.790530914555,
					"packets":	3,
					"omitted":	false,
					"sender":	true
				}],
			"sum":	{
				"start":	11.001108,
				"end":	12.001125,
				"seconds":	1.0000170469284058,
				"bytes":	1536,
				"bits_per_second":	12287.790530914555,
				"packets":	3,
				"omitted":	false,
				"sender":	true
			}
		}, {
			"streams":	[{
					"socket":	5,
					"start":	12.001125,
					"end":	13.001119,
					"seconds":	0.99999397993087769,
					"bytes":	1024,
					"bits_per_second":	8192.04931670314,
					"packets":	2,
					"omitted":	false,
					"sender":	true
				}],
			"sum":	{
				"start":	12.001125,
				"end":	13.001119,
				"seconds":	0.99999397993087769,
				"bytes":	1024,
				"bits_per_second":	8192.04931670314,
				"packets":	2,
				"omitted":	false,
				"sender":	true
			}
		}, {
			"streams":	[{
					"socket":	5,
					"start":	13.001119,
					"end":	14.00113,
					"seconds":	1.0000109672546387,
					"bytes":	1536,
					"bits_per_second":	12287.865235852993,
					"packets":	3,
					"omitted":	false,
					"sender":	true
				}],
			"sum":	{
				"start":	13.001119,
				"end":	14.00113,
				"seconds":	1.0000109672546387,
				"bytes":	1536,
				"bits_per_second":	12287.865235852993,
				"packets":	3,
				"omitted":	false,
				"sender":	true
			}
		}, {
			"streams":	[{
					"socket":	5,
					"start":	14.00113,
					"end":	15.001116,
					"seconds":	0.99998599290847778,
					"bytes":	1024,
					"bits_per_second":	8192.11474770103,
					"packets":	2,
					"omitted":	false,
					"sender":	true
				}],
			"sum":	{
				"start":	14.00113,
				"end":	15.001116,
				"seconds":	0.99998599290847778,
				"bytes":	1024,
				"bits_per_second":	8192.11474770103,
				"packets":	2,
				"omitted":	false,