{
	"start":	{
		"connected":	[{
				"socket":	5,
				"local_host":	"fd00::8",
				"local_port":	48771,
				"remote_host":	"fd00::4",
				"remote_port":	5123
			}],
		"version":	"iperf 3.18",
		"system_info":	"Linux RPI08 6.18.29+rpt-rpi-v7 #1 SMP Raspbian 1:6.18.29-1+rpt1 (2026-05-12) armv7l",
		"timestamp":	{
			"time":	"Wed, 20 May 2026 18:24:37 GMT",
			"timesecs":	1779301477
		},
		"connecting_to":	{
			"host":	"fd00::4",
			"port":	5123
		},
		"cookie":	"3tjj3r3vqyixrk7cdyha5qdtkbpilwrfx3jl",
		"target_bitrate":	10000,
		"fq_rate":	0,
		"sock_bufsize":	0,
		"sndbuf_actual":	180224,
		"rcvbuf_actual":	180224,
		"test_start":	{
			"protocol":	"UDP",
			"num_streams":	1,
			"blksize":	1024,
			"omit":	0,
			"duration":	30,
			"bytes":	0,
			"blocks":	0,
			"reverse":	0,
			"tos":	0,
			"target_bitrate":	10000,
			"bidir":	0,
			"fqrate":	0,
			"interval":	1
		}
	},
	"intervals":	[{
			"streams":	[{
					"socket":	5,
					"start":	0,
					"end":	1.000855,
					"seconds":	1.0008549690246582,
					"bytes":	2048,
					"bits_per_second":	16370.004153515218,
					"packets":	2,
					"omitted":	false,
					"sender":	true
				}],
			"sum":	{
				"start":	0,
				"end":	1.000855,
				"seconds":	1.0008549690246582,
				"bytes":	2048,
				"bits_per_second":	16370.004153515218,
				"packets":	2,
				"omitted":	false,
				"sender":	true
			}
		}, {
			"streams":	[{
					"socket":	5,
					"start":	1.000855,
					"end":	2.001128,
					"seconds":	1.0002729892730713,
					"bytes":	1024,
					"bits_per_second":	8189.7642822019761,
					"packets":	1,
					"omitted":	false,
					"sender":	true
				}],
			"sum":	{
				"start":	1.000855,
				"end":	2.001128,
				"seconds":	1.0002729892730713,
				"bytes":	1024,
				"bits_per_second":	8189.7642822019761,
				"packets":	1,
				"omitted":	false,
				"sender":	true
			}
		}, {
			"streams":	[{
					"socket":	5,
					"start":	2.001128,
					"end":	3.001126,
					"seconds":	0.99999797344207764,
					"bytes":	1024,
					"bits_per_second":	8192.016601596144,
					"packets":	1,
					"omitted":	false,
					"sender":	true
				}],
			"sum":	{
				"start":	2.001128,
				"end":	3.001126,
				"seconds":	0.99999797344207764,
				"bytes":	1024,
				"bits_per_second":	8192.016601596144,
				"packets":	1,
				"omitted":	false,
				"sender":	true
			}
		}, {
			"streams":	[{
					"socket":	5,
					"start":	3.001126,
					"end":	4.001125,
					"seconds":	0.99999898672103882,
					"bytes":	1024,
					"bits_per_second":	8192.00830078966,
					"packets":	1,
					"omitted":	false,
					"sender":	true
				}],
			"sum":	{
				"start":	3.001126,
				"end":	4.001125,
				"seconds":	0.99999898672103882,
				"bytes":	1024,
				"bits_per_second":	8192.00830078966,
				"packets":	1,
				"omitted":	false,
				"sender":	true
			}
		}, {
			"streams":	[{
					"socket":	5,
					"start":	4.001125,
					"end":	5.001124,
					"seconds":	0.99999898672103882,
					"bytes":	2048,
					"bits_per_second":	16384.016601579322,
					"packets":	2,
					"omitted":	false,
					"sender":	true
				}],
			"sum":	{
				"start":	4.001125,
				"end":	5.001124,
				"seconds":	0.99999898672103882,
				"bytes":	2048,
				"bits_per_second":	16384.016601579322,
				"packets":	2,
				"omitted":	false,
				"sender":	true
			}
		}, {
			"streams":	[{
					"socket":	5,
					"start":	5.001124,
					"end":	6.001133,
					"seconds":	1.0000089406967163,
					"bytes":	1024,
					"bits_per_second":	8191.92675846733,
					"packets":	1,
					"omitted":	false,
					"sender":	true
				}],
			"sum":	{
				"start":	5.001124,
				"end":	6.001133,
				"seconds":	1.0000089406967163,
				"bytes":	1024,
				"bits_per_second":	8191.92675846733,
				"packets":	1,
				"omitted":	false,
				"sender":	true
			}
		}, {
			"streams":	[{
					"socket":	5,
					"start":	6.001133,
					"end":	7.00113,
					"seconds":	0.99999701976776123,
					"bytes":	1024,
					"bits_per_second":	8192.02441413526,
					"packets":	1,
					"omitted":	false,
					"sender":	true
				}],
			"sum":	{
				"start":	6.001133,
				"end":	7.00113,
				"seconds":	0.99999701976776123,
				"bytes":	1024,
				"bits_per_second":	8192.02441413526,
				"packets":	1,
				"omitted":	false,
				"sender":	true
			}
		}, {
			"streams":	[{
					"socket":	5,
					"start":	7.00113,
					"end":	8.001119,
					"seconds":	0.99998897314071655,
					"bytes":	1024,
					"bits_per_second":	8192.09033302734,
					"packets":	1,
					"omitted":	false,
					"sender":	true
				}],
			"sum":	{
				"start":	7.00113,
				"end":	8.001119,
				"seconds":	0.99998897314071655,
				"bytes":	1024,
				"bits_per_second":	8192.09033302734,
				"packets":	1,
				"omitted":	false,
				"sender":	true
			}
		}, {
			"streams":	[{
					"socket":	5,
					"start":	8.001119,
					"end":	9.001123,
					"seconds":	1.0000040531158447,
					"bytes":	1024,
					"bits_per_second":	8191.9667970095752,
					"packets":	1,
					"omitted":	false,
					"sender":	true
				}],
			"sum":	{
				"start":	8.001119,
				"end":	9.001123,
				"seconds":	1.0000040531158447,
				"bytes":	1024,
				"bits_per_second":	8191.9667970095752,
				"packets":	1,
				"omitted":	false,
				"sender":	true
			}
		}, {
			"streams":	[{
					"socket":	5,
					"start":	9.001123,
					"end":	10.001129,
					"seconds":	1.0000059604644775,
					"bytes":	2048,
					"bits_per_second":	16383.902344332073,
					"packets":	2,
					"omitted":	false,
					"sender":	true
				}],
			"sum":	{
				"start":	9.001123,
				"end":	10.001129,
				"seconds":	1.0000059604644775,
				"bytes":	2048,
				"bits_per_second":	16383.902344332073,
				"packets":	2,
				"omitted":	false,
				"sender":	true
			}
		}, {
			"streams":	[{
					"socket":	5,
					"start":	10.001129,
					"end":	11.001133,
					"seconds":	1.0000040531158447,
					"bytes":	1024,
					"bits_per_second":	8191.9667970095752,
					"packets":	1,
					"omitted":	false,
					"sender":	true
				}],
			"sum":	{
				"start":	10.001129,
				"end":	11.001133,
				"seconds":	1.0000040531158447,
				"bytes":	1024,
				"bits_per_second":	8191.9667970095752,
				"packets":	1,
				"omitted":	false,
				"sender":	true
			}
		}, {
			"streams":	[{
					"socket":	5,
					"start":	11.001133,
					"end":	12.001121,
					"seconds":	0.9999880194664,
					"bytes":	1024,
					"bits_per_second":	8192.09814570709,
					"packets":	1,
					"omitted":	false,
					"sender":	true
				}],
			"sum":	{
				"start":	11.001133,
				"end":	12.001121,
				"seconds":	0.9999880194664,
				"bytes":	1024,
				"bits_per_second":	8192.09814570709,
				"packets":	1,
				"omitted":	false,
				"sender":	true
			}
		}, {
			"streams":	[{
					"socket":	5,
					"start":	12.001121,
					"end":	13.001124,
					"seconds":	1.0000029802322388,
					"bytes":	1024,
					"bits_per_second":	8191.97558601026,
					"packets":	1,
					"omitted":	false,
					"sender":	true
				}],
			"sum":	{
				"start":	12.001121,
				"end":	13.001124,
				"seconds":	1.0000029802322388,
				"bytes":	1024,
				"bits_per_second":	8191.97558601026,
				"packets":	1,
				"omitted":	false,
				"sender":	true
			}
		}, {
			"streams":	[{
					"socket":	5,
					"start":	13.001124,
					"end":	14.001131,
					"seconds":	1.0000070333480835,
					"bytes":	2048,
					"bits_per_second":	16383.884766435478,
					"packets":	2,
					"omitted":	false,
					"sender":	true
				}],
			"sum":	{
				"start":	13.001124,
				"end":	14.001131,
				"seconds":	1.0000070333480835,
				"bytes":	2048,
				"bits_per_second":	16383.884766435478,
				"packets":	2,
				"omitted":	false,
				"sender":	true
			}
		}, {
			"streams":	[{
					"socket":	5,
					"start":	14.001131,
					"end":	15.001123,
					"seconds":	0.9999920129776,
					"bytes":	1024,
					"bits_per_second":	8192.06543021009,
					"packets":	1,
					"omitted":	false,
					"sender":	true
				}],
			"sum":	{
				"start":	14.001131,
				"end":	15.001123,
				"seconds":	0.9999920129776,
				"bytes":	1024,
				"bits_per_second":	8192.06543021009,
				"packets":	1,
				"omitted":	false,