{
	"start":	{
		"connected":	[{
				"socket":	5,
				"local_host":	"fd00::8",
				"local_port":	57013,
				"remote_host":	"fd00::4",
				"remote_port":	5123
			}],
		"version":	"iperf 3.18",
		"system_info":	"Linux RPI08 6.18.29+rpt-rpi-v7 #1 SMP Raspbian 1:6.18.29-1+rpt1 (2026-05-12) armv7l",
		"timestamp":	{
			"time":	"Wed, 20 May 2026 18:32:47 GMT",
			"timesecs":	1779301967
		},
		"connecting_to":	{
			"host":	"fd00::4",
			"port":	5123
		},
		"cookie":	"hrtk65fupjnr4o63n6vdptvktnzyohdjsxo4",
		"target_bitrate":	50000,
		"fq_rate":	0,
		"sock_bufsize":	0,
		"sndbuf_actual":	180224,
		"rcvbuf_actual":	180224,
		"test_start":	{
			"protocol":	"UDP",
			"num_streams":	1,
			"blksize":	96,
			"omit":	0,
			"duration":	30,
			"bytes":	0,
			"blocks":	0,
			"reverse":	0,
			"tos":	0,
			"target_bitrate":	50000,
			"bidir":	0,
			"fqrate":	0,
			"interval":	1
		}
	},
	"intervals":	[{
			"streams":	[{
					"socket":	5,
					"start":	0,
					"end":	1.000858,
					"seconds":	1.000857949256897,
					"bytes":	6336,
					"bits_per_second":	50644.549546350827,
					"packets":	66,
					"omitted":	false,
					"sender":	true
				}],
			"sum":	{
				"start":	0,
				"end":	1.000858,
				"seconds":	1.000857949256897,
				"bytes":	6336,
				"bits_per_second":	50644.549546350827,
				"packets":	66,
				"omitted":	false,
				"sender":	true
			}
		}, {
			"streams":	[{
					"socket":	5,
					"start":	1.000858,
					"end":	2.001137,
					"seconds":	1.0002789497375488,
					"bytes":	6240,
					"bits_per_second":	49906.078712441071,
					"packets":	65,
					"omitted":	false,
					"sender":	true
				}],
			"sum":	{
				"start":	1.000858,
				"end":	2.001137,
				"seconds":	1.0002789497375488,
				"bytes":	6240,
				"bits_per_second":	49906.078712441071,
				"packets":	65,
				"omitted":	false,
				"sender":	true
			}
		}, {
			"streams":	[{
					"socket":	5,
					"start":	2.001137,
					"end":	3.001136,
					"seconds":	0.99999898672103882,
					"bytes":	6240,
					"bits_per_second":	49920.050582937,
					"packets":	65,
					"omitted":	false,
					"sender":	true
				}],
			"sum":	{
				"start":	2.001137,
				"end":	3.001136,
				"seconds":	0.99999898672103882,
				"bytes":	6240,
				"bits_per_second":	49920.050582937,
				"packets":	65,
				"omitted":	false,
				"sender":	true
			}
		}, {
			"streams":	[{
					"socket":	5,
					"start":	3.001136,
					"end":	4.001125,
					"seconds":	0.99998897314071655,
					"bytes":	6240,
					"bits_per_second":	49920.550466885354,
					"packets":	65,
					"omitted":	false,
					"sender":	true
				}],
			"sum":	{
				"start":	3.001136,
				"end":	4.001125,
				"seconds":	0.99998897314071655,
				"bytes":	6240,
				"bits_per_second":	49920.550466885354,
				"packets":	65,
				"omitted":	false,
				"sender":	true
			}
		}, {
			"streams":	[{
					"socket":	5,
					"start":	4.001125,
					"end":	5.001131,
					"seconds":	1.0000059604644775,
					"bytes":	6240,
					"bits_per_second":	49919.702455386789,
					"packets":	65,
					"omitted":	false,
					"sender":	true
				}],
			"sum":	{
				"start":	4.001125,
				"end":	5.001131,
				"seconds":	1.0000059604644775,
				"bytes":	6240,
				"bits_per_second":	49919.702455386789,
				"packets":	65,
				"omitted":	false,
				"sender":	true
			}
		}, {
			"streams":	[{
					"socket":	5,
					"start":	5.001131,
					"end":	6.00113,
					"seconds":	0.99999898672103882,
					"bytes":	6240,
					"bits_per_second":	49920.050582937,
					"packets":	65,
					"omitted":	false,
					"sender":	true
				}],
			"sum":	{
				"start":	5.001131,
				"end":	6.00113,
				"seconds":	0.99999898672103882,
				"bytes":	6240,
				"bits_per_second":	49920.050582937,
				"packets":	65,
				"omitted":	false,
				"sender":	true
			}
		}, {
			"streams":	[{
					"socket":	5,
					"start":	6.00113,
					"end":	7.00114,
					"seconds":	1.0000100135803223,
					"bytes":	6240,
					"bits_per_second":	49919.500127075829,
					"packets":	65,
					"omitted":	false,
					"sender":	true
				}],
			"sum":	{
				"start":	6.00113,
				"end":	7.00114,
				"seconds":	1.0000100135803223,
				"bytes":	6240,
				"bits_per_second":	49919.500127075829,
				"packets":	65,
				"omitted":	false,
				"sender":	true
			}
		}, {
			"streams":	[{
					"socket":	5,
					"start":	7.00114,
					"end":	8.001124,
					"seconds":	0.9999840259552002,
					"bytes":	6240,
					"bits_per_second":	49920.7974370547,
					"packets":	65,
					"omitted":	false,
					"sender":	true
				}],
			"sum":	{
				"start":	7.00114,
				"end":	8.001124,
				"seconds":	0.9999840259552002,
				"bytes":	6240,
				"bits_per_second":	49920.7974370547,
				"packets":	65,
				"omitted":	false,
				"sender":	true
			}
		}, {
			"streams":	[{
					"socket":	5,
					"start":	8.001124,
					"end":	9.001109,
					"seconds":	0.9999849796295166,
					"bytes":	6240,
					"bits_per_second":	49920.749828157226,
					"packets":	66,
					"omitted":	false,
					"sender":	true
				}],
			"sum":	{
				"start":	8.001124,
				"end":	9.001109,
				"seconds":	0.9999849796295166,
				"bytes":	6240,
				"bits_per_second":	49920.749828157226,
				"packets":	66,
				"omitted":	false,
				"sender":	true
			}
		}, {
			"streams":	[{
					"socket":	5,
					"start":	9.001109,
					"end":	10.001131,
					"seconds":	1.0000220537185669,
					"bytes":	6336,
					"bits_per_second":	50686.882165765681,
					"packets":	65,
					"omitted":	false,
					"sender":	true
				}],
			"sum":	{
				"start":	9.001109,
				"end":	10.001131,
				"seconds":	1.0000220537185669,
				"bytes":	6336,
				"bits_per_second":	50686.882165765681,
				"packets":	65,
				"omitted":	false,
				"sender":	true
			}
		}, {
			"streams":	[{
					"socket":	5,
					"start":	10.001131,
					"end":	11.001129,
					"seconds":	0.99999797344207764,
					"bytes":	6240,
					"bits_per_second":	49920.1011659765,
					"packets":	65,
					"omitted":	false,
					"sender":	true
				}],
			"sum":	{
				"start":	10.001131,
				"end":	11.001129,
				"seconds":	0.99999797344207764,
				"bytes":	6240,
				"bits_per_second":	49920.1011659765,
				"packets":	65,
				"omitted":	false,
				"sender":	true
			}
		}, {
			"streams":	[{
					"socket":	5,
					"start":	11.001129,
					"end":	12.001124,
					"seconds":	0.999994993209839,
					"bytes":	6240,
					"bits_per_second":	49920.249940216243,
					"packets":	65,
					"omitted":	false,
					"sender":	true
				}],
			"sum":	{
				"start":	11.001129,
				"end":	12.001124,
				"seconds":	0.999994993209839,
				"bytes":	6240,
				"bits_per_second":	49920.249940216243,
				"packets":	65,
				"omitted":	false,
				"sender":	true
			}
		}, {
			"streams":	[{
					"socket":	5,
					"start":	12.001124,
					"end":	13.001126,
					"seconds":	1.0000020265579224,
					"bytes":	6240,
					"bits_per_second":	49919.89883443353,
					"packets":	65,
					"omitted":	false,
					"sender":	true
				}],
			"sum":	{
				"start":	12.001124,
				"end":	13.001126,
				"seconds":	1.0000020265579224,
				"bytes":	6240,
				"bits_per_second":	49919.89883443353,
				"packets":	65,
				"omitted":	false,
				"sender":	true
			}
		}, {
			"streams":	[{
					"socket":	5,
					"start":	13.001126,
					"end":	14.001124,
					"seconds":	0.99999797344207764,
					"bytes":	6240,
					"bits_per_second":	49920.1011659765,
					"packets":	65,
					"omitted":	false,
					"sender":	true
				}],
			"sum":	{
				"start":	13.001126,
				"end":	14.001124,
				"seconds":	0.99999797344207764,
				"bytes":	6240,
				"bits_per_second":	49920.1011659765,
				"packets":	65,
				"omitted":	false,
				"sender":	true
			}
		}, {
			"streams":	[{
					"socket":	5,
					"start":	14.001124,
					"end":	15.001128,
					"seconds":	1.0000040531158447,
					"bytes":	6240,
					"bits_per_second":	49919.7976692771,
					"packets":	65,
					"omitted":	false,
					"sender":	true
				}],
			"sum":	{
				"start":	14.001124,
				"end":	15.001128,
				"seconds":	1.0000040531158447,
				"bytes":	6240,
				"bits_per_second":	49919.7976692771,
				"packets":	65,
				"omitted":	false,