{
	"start":	{
		"connected":	[{
				"socket":	5,
				"local_host":	"fd00::8",
				"local_port":	44598,
				"remote_host":	"fd00::4",
				"remote_port":	5123
			}],
		"version":	"iperf 3.18",
		"system_info":	"Linux RPI08 6.18.29+rpt-rpi-v7 #1 SMP Raspbian 1:6.18.29-1+rpt1 (2026-05-12) armv7l",
		"timestamp":	{
			"time":	"Wed, 20 May 2026 18:45:51 GMT",
			"timesecs":	1779302751
		},
		"connecting_to":	{
			"host":	"fd00::4",
			"port":	5123
		},
		"cookie":	"epws2vtind77c6kc3td4nz6xav2zki5awdvl",
		"target_bitrate":	80000,
		"fq_rate":	0,
		"sock_bufsize":	0,
		"sndbuf_actual":	180224,
		"rcvbuf_actual":	180224,
		"test_start":	{
			"protocol":	"UDP",
			"num_streams":	1,
			"blksize":	256,
			"omit":	0,
			"duration":	30,
			"bytes":	0,
			"blocks":	0,
			"reverse":	0,
			"tos":	0,
			"target_bitrate":	80000,
			"bidir":	0,
			"fqrate":	0,
			"interval":	1
		}
	},
	"intervals":	[{
			"streams":	[{
					"socket":	5,
					"start":	0,
					"end":	1.001123,
					"seconds":	1.0011229515075684,
					"bytes":	10240,
					"bits_per_second":	81828.110999391763,
					"packets":	40,
					"omitted":	false,
					"sender":	true
				}],
			"sum":	{
				"start":	0,
				"end":	1.001123,
				"seconds":	1.0011229515075684,
				"bytes":	10240,
				"bits_per_second":	81828.110999391763,
				"packets":	40,
				"omitted":	false,
				"sender":	true
			}
		}, {
			"streams":	[{
					"socket":	5,
					"start":	1.001123,
					"end":	2.001133,
					"seconds":	1.0000100135803223,
					"bytes":	9984,
					"bits_per_second":	79871.2002033213,
					"packets":	39,
					"omitted":	false,
					"sender":	true
				}],
			"sum":	{
				"start":	1.001123,
				"end":	2.001133,
				"seconds":	1.0000100135803223,
				"bytes":	9984,
				"bits_per_second":	79871.2002033213,
				"packets":	39,
				"omitted":	false,
				"sender":	true
			}
		}, {
			"streams":	[{
					"socket":	5,
					"start":	2.001133,
					"end":	3.001126,
					"seconds":	0.99999302625656128,
					"bytes":	9984,
					"bits_per_second":	79872.5570107204,
					"packets":	39,
					"omitted":	false,
					"sender":	true
				}],
			"sum":	{
				"start":	2.001133,
				"end":	3.001126,
				"seconds":	0.99999302625656128,
				"bytes":	9984,
				"bits_per_second":	79872.5570107204,
				"packets":	39,
				"omitted":	false,
				"sender":	true
			}
		}, {
			"streams":	[{
					"socket":	5,
					"start":	3.001126,
					"end":	4.001136,
					"seconds":	1.0000100135803223,
					"bytes":	9984,
					"bits_per_second":	79871.2002033213,
					"packets":	39,
					"omitted":	false,
					"sender":	true
				}],
			"sum":	{
				"start":	3.001126,
				"end":	4.001136,
				"seconds":	1.0000100135803223,
				"bytes":	9984,
				"bits_per_second":	79871.2002033213,
				"packets":	39,
				"omitted":	false,
				"sender":	true
			}
		}, {
			"streams":	[{
					"socket":	5,
					"start":	4.001136,
					"end":	5.001136,
					"seconds":	1,
					"bytes":	9984,
					"bits_per_second":	79872,
					"packets":	39,
					"omitted":	false,
					"sender":	true
				}],
			"sum":	{
				"start":	4.001136,
				"end":	5.001136,
				"seconds":	1,
				"bytes":	9984,
				"bits_per_second":	79872,
				"packets":	39,
				"omitted":	false,
				"sender":	true
			}
		}, {
			"streams":	[{
					"socket":	5,
					"start":	5.001136,
					"end":	6.001133,
					"seconds":	0.99999701976776123,
					"bytes":	9984,
					"bits_per_second":	79872.2380378188,
					"packets":	39,
					"omitted":	false,
					"sender":	true
				}],
			"sum":	{
				"start":	5.001136,
				"end":	6.001133,
				"seconds":	0.99999701976776123,
				"bytes":	9984,
				"bits_per_second":	79872.2380378188,
				"packets":	39,
				"omitted":	false,
				"sender":	true
			}
		}, {
			"streams":	[{
					"socket":	5,
					"start":	6.001133,
					"end":	7.001145,
					"seconds":	1.0000120401382446,
					"bytes":	9984,
					"bits_per_second":	79871.0383416566,
					"packets":	39,
					"omitted":	false,
					"sender":	true
				}],
			"sum":	{
				"start":	6.001133,
				"end":	7.001145,
				"seconds":	1.0000120401382446,
				"bytes":	9984,
				"bits_per_second":	79871.0383416566,
				"packets":	39,
				"omitted":	false,
				"sender":	true
			}
		}, {
			"streams":	[{
					"socket":	5,
					"start":	7.001145,
					"end":	8.001136,
					"seconds":	0.999990999698639,
					"bytes":	9984,
					"bits_per_second":	79872.718878540443,
					"packets":	39,
					"omitted":	false,
					"sender":	true
				}],
			"sum":	{
				"start":	7.001145,
				"end":	8.001136,
				"seconds":	0.999990999698639,
				"bytes":	9984,
				"bits_per_second":	79872.718878540443,
				"packets":	39,
				"omitted":	false,
				"sender":	true
			}
		}, {
			"streams":	[{
					"socket":	5,
					"start":	8.001136,
					"end":	9.001132,
					"seconds":	0.9999960064888,
					"bytes":	9984,
					"bits_per_second":	79872.3189710004,
					"packets":	39,
					"omitted":	false,
					"sender":	true
				}],
			"sum":	{
				"start":	8.001136,
				"end":	9.001132,
				"seconds":	0.9999960064888,
				"bytes":	9984,
				"bits_per_second":	79872.3189710004,
				"packets":	39,
				"omitted":	false,
				"sender":	true
			}
		}, {
			"streams":	[{
					"socket":	5,
					"start":	9.001132,
					"end":	10.001136,
					"seconds":	1.0000040531158447,
					"bytes":	9984,
					"bits_per_second":	79871.676270843367,
					"packets":	39,
					"omitted":	false,
					"sender":	true
				}],
			"sum":	{
				"start":	9.001132,
				"end":	10.001136,
				"seconds":	1.0000040531158447,
				"bytes":	9984,
				"bits_per_second":	79871.676270843367,
				"packets":	39,
				"omitted":	false,
				"sender":	true
			}
		}, {
			"streams":	[{
					"socket":	5,
					"start":	10.001136,
					"end":	11.001133,
					"seconds":	0.99999701976776123,
					"bytes":	9984,
					"bits_per_second":	79872.2380378188,
					"packets":	39,
					"omitted":	false,
					"sender":	true
				}],
			"sum":	{
				"start":	10.001136,
				"end":	11.001133,
				"seconds":	0.99999701976776123,
				"bytes":	9984,
				"bits_per_second":	79872.2380378188,
				"packets":	39,
				"omitted":	false,
				"sender":	true
			}
		}, {
			"streams":	[{
					"socket":	5,
					"start":	11.001133,
					"end":	12.001133,
					"seconds":	1,
					"bytes":	9984,
					"bits_per_second":	79872,
					"packets":	39,
					"omitted":	false,
					"sender":	true
				}],
			"sum":	{
				"start":	11.001133,
				"end":	12.001133,
				"seconds":	1,
				"bytes":	9984,
				"bits_per_second":	79872,
				"packets":	39,
				"omitted":	false,
				"sender":	true
			}
		}, {
			"streams":	[{
					"socket":	5,
					"start":	12.001133,
					"end":	13.001141,
					"seconds":	1.0000079870224,
					"bytes":	9984,
					"bits_per_second":	79871.362065642068,
					"packets":	39,
					"omitted":	false,
					"sender":	true
				}],
			"sum":	{
				"start":	12.001133,
				"end":	13.001141,
				"seconds":	1.0000079870224,
				"bytes":	9984,
				"bits_per_second":	79871.362065642068,
				"packets":	39,
				"omitted":	false,
				"sender":	true
			}
		}, {
			"streams":	[{
					"socket":	5,
					"start":	13.001141,
					"end":	14.001137,
					"seconds":	0.9999960064888,
					"bytes":	9984,
					"bits_per_second":	79872.3189710004,
					"packets":	39,
					"omitted":	false,
					"sender":	true
				}],
			"sum":	{
				"start":	13.001141,
				"end":	14.001137,
				"seconds":	0.9999960064888,
				"bytes":	9984,
				"bits_per_second":	79872.3189710004,
				"packets":	39,
				"omitted":	false,
				"sender":	true
			}
		}, {
			"streams":	[{
					"socket":	5,
					"start":	14.001137,
					"end":	15.001139,
					"seconds":	1.0000020265579224,
					"bytes":	9984,
					"bits_per_second":	79871.838135093654,
					"packets":	39,
					"omitted":	false,
					"sender":	true
				}],
			"sum":	{
				"start":	14.001137,
				"end":	15.001139,
				"seconds":	1.0000020265579224,
				"bytes":	9984,
				"bits_per_second":	79871.838135093654,
				"packets":	39,
				"omitted":	false,
				"sender":	true
			}
		}, {
			"streams":	[{
					"socket":	5,
					"start":	15.001139,
					"end":	16.001134,