{
	"start":	{
		"connected":	[{
				"socket":	5,
				"local_host":	"fd00::8",
				"local_port":	54706,
				"remote_host":	"fd00::4",
				"remote_port":	5123
			}],
		"version":	"iperf 3.18",
		"system_info":	"Linux RPI08 6.18.29+rpt-rpi-v7 #1 SMP Raspbian 1:6.18.29-1+rpt1 (2026-05-12) armv7l",
		"timestamp":	{
			"time":	"Wed, 20 May 2026 18:35:38 GMT",
			"timesecs":	1779302138
		},
		"connecting_to":	{
			"host":	"fd00::4",
			"port":	5123
		},
		"cookie":	"q4ndtxr37kmvjmjwxjic45vqsjgs7vojyydy",
		"target_bitrate":	50000,
		"fq_rate":	0,
		"sock_bufsize":	0,
		"sndbuf_actual":	180224,
		"rcvbuf_actual":	180224,
		"test_start":	{
			"protocol":	"UDP",
			"num_streams":	1,
			"blksize":	1024,
			"omit":	0,
			"duration":	30,
			"bytes":	0,
			"blocks":	0,
			"reverse":	0,
			"tos":	0,
			"target_bitrate":	50000,
			"bidir":	0,
			"fqrate":	0,
			"interval":	1
		}
	},
	"intervals":	[{
			"streams":	[{
					"socket":	5,
					"start":	0,
					"end":	1.000866,
					"seconds":	1.0008660554885864,
					"bytes":	7168,
					"bits_per_second":	57294.379887832984,
					"packets":	7,
					"omitted":	false,
					"sender":	true
				}],
			"sum":	{
				"start":	0,
				"end":	1.000866,
				"seconds":	1.0008660554885864,
				"bytes":	7168,
				"bits_per_second":	57294.379887832984,
				"packets":	7,
				"omitted":	false,
				"sender":	true
			}
		}, {
			"streams":	[{
					"socket":	5,
					"start":	1.000866,
					"end":	2.00113,
					"seconds":	1.000264048576355,
					"bytes":	6144,
					"bits_per_second":	49139.024910428932,
					"packets":	6,
					"omitted":	false,
					"sender":	true
				}],
			"sum":	{
				"start":	1.000866,
				"end":	2.00113,
				"seconds":	1.000264048576355,
				"bytes":	6144,
				"bits_per_second":	49139.024910428932,
				"packets":	6,
				"omitted":	false,
				"sender":	true
			}
		}, {
			"streams":	[{
					"socket":	5,
					"start":	2.00113,
					"end":	3.000813,
					"seconds":	0.99968302249908447,
					"bytes":	6144,
					"bits_per_second":	49167.585018225131,
					"packets":	6,
					"omitted":	false,
					"sender":	true
				}],
			"sum":	{
				"start":	2.00113,
				"end":	3.000813,
				"seconds":	0.99968302249908447,
				"bytes":	6144,
				"bits_per_second":	49167.585018225131,
				"packets":	6,
				"omitted":	false,
				"sender":	true
			}
		}, {
			"streams":	[{
					"socket":	5,
					"start":	3.000813,
					"end":	4.001135,
					"seconds":	1.0003219842910767,
					"bytes":	6144,
					"bits_per_second":	49136.1789222635,
					"packets":	6,
					"omitted":	false,
					"sender":	true
				}],
			"sum":	{
				"start":	3.000813,
				"end":	4.001135,
				"seconds":	1.0003219842910767,
				"bytes":	6144,
				"bits_per_second":	49136.1789222635,
				"packets":	6,
				"omitted":	false,
				"sender":	true
			}
		}, {
			"streams":	[{
					"socket":	5,
					"start":	4.001135,
					"end":	5.001128,
					"seconds":	0.99999302625656128,
					"bytes":	6144,
					"bits_per_second":	49152.342775827929,
					"packets":	6,
					"omitted":	false,
					"sender":	true
				}],
			"sum":	{
				"start":	4.001135,
				"end":	5.001128,
				"seconds":	0.99999302625656128,
				"bytes":	6144,
				"bits_per_second":	49152.342775827929,
				"packets":	6,
				"omitted":	false,
				"sender":	true
			}
		}, {
			"streams":	[{
					"socket":	5,
					"start":	5.001128,
					"end":	6.001134,
					"seconds":	1.0000059604644775,
					"bytes":	6144,
					"bits_per_second":	49151.707032996223,
					"packets":	6,
					"omitted":	false,
					"sender":	true
				}],
			"sum":	{
				"start":	5.001128,
				"end":	6.001134,
				"seconds":	1.0000059604644775,
				"bytes":	6144,
				"bits_per_second":	49151.707032996223,
				"packets":	6,
				"omitted":	false,
				"sender":	true
			}
		}, {
			"streams":	[{
					"socket":	5,
					"start":	6.001134,
					"end":	7.001139,
					"seconds":	1.0000050067901611,
					"bytes":	6144,
					"bits_per_second":	49151.753907482132,
					"packets":	6,
					"omitted":	false,
					"sender":	true
				}],
			"sum":	{
				"start":	6.001134,
				"end":	7.001139,
				"seconds":	1.0000050067901611,
				"bytes":	6144,
				"bits_per_second":	49151.753907482132,
				"packets":	6,
				"omitted":	false,
				"sender":	true
			}
		}, {
			"streams":	[{
					"socket":	5,
					"start":	7.001139,
					"end":	8.001137,
					"seconds":	0.99999797344207764,
					"bytes":	6144,
					"bits_per_second":	49152.099609576864,
					"packets":	6,
					"omitted":	false,
					"sender":	true
				}],
			"sum":	{
				"start":	7.001139,
				"end":	8.001137,
				"seconds":	0.99999797344207764,
				"bytes":	6144,
				"bits_per_second":	49152.099609576864,
				"packets":	6,
				"omitted":	false,
				"sender":	true
			}
		}, {
			"streams":	[{
					"socket":	5,
					"start":	8.001137,
					"end":	9.000816,
					"seconds":	0.99967902898788452,
					"bytes":	6144,
					"bits_per_second":	49167.781432569886,
					"packets":	6,
					"omitted":	false,
					"sender":	true
				}],
			"sum":	{
				"start":	8.001137,
				"end":	9.000816,
				"seconds":	0.99967902898788452,
				"bytes":	6144,
				"bits_per_second":	49167.781432569886,
				"packets":	6,
				"omitted":	false,
				"sender":	true
			}
		}, {
			"streams":	[{
					"socket":	5,
					"start":	9.000816,
					"end":	10.000809,
					"seconds":	0.99999302625656128,
					"bytes":	7168,
					"bits_per_second":	57344.399905132588,
					"packets":	7,
					"omitted":	false,
					"sender":	true
				}],
			"sum":	{
				"start":	9.000816,
				"end":	10.000809,
				"seconds":	0.99999302625656128,
				"bytes":	7168,
				"bits_per_second":	57344.399905132588,
				"packets":	7,
				"omitted":	false,
				"sender":	true
			}
		}, {
			"streams":	[{
					"socket":	5,
					"start":	10.000809,
					"end":	11.000858,
					"seconds":	1.0000489950180054,
					"bytes":	6144,
					"bits_per_second":	49149.591914859178,
					"packets":	6,
					"omitted":	false,
					"sender":	true
				}],
			"sum":	{
				"start":	10.000809,
				"end":	11.000858,
				"seconds":	1.0000489950180054,
				"bytes":	6144,
				"bits_per_second":	49149.591914859178,
				"packets":	6,
				"omitted":	false,
				"sender":	true
			}
		}, {
			"streams":	[{
					"socket":	5,
					"start":	11.000858,
					"end":	12.00082,
					"seconds":	0.9999619722366333,
					"bytes":	6144,
					"bits_per_second":	49153.869211706944,
					"packets":	6,
					"omitted":	false,
					"sender":	true
				}],
			"sum":	{
				"start":	11.000858,
				"end":	12.00082,
				"seconds":	0.9999619722366333,
				"bytes":	6144,
				"bits_per_second":	49153.869211706944,
				"packets":	6,
				"omitted":	false,
				"sender":	true
			}
		}, {
			"streams":	[{
					"socket":	5,
					"start":	12.00082,
					"end":	13.000819,
					"seconds":	0.99999898672103882,
					"bytes":	6144,
					"bits_per_second":	49152.049804737966,
					"packets":	6,
					"omitted":	false,
					"sender":	true
				}],
			"sum":	{
				"start":	12.00082,
				"end":	13.000819,
				"seconds":	0.99999898672103882,
				"bytes":	6144,
				"bits_per_second":	49152.049804737966,
				"packets":	6,
				"omitted":	false,
				"sender":	true
			}
		}, {
			"streams":	[{
					"socket":	5,
					"start":	13.000819,
					"end":	14.001129,
					"seconds":	1.000309944152832,
					"bytes":	6144,
					"bits_per_second":	49136.770345342411,
					"packets":	6,
					"omitted":	false,
					"sender":	true
				}],
			"sum":	{
				"start":	13.000819,
				"end":	14.001129,
				"seconds":	1.000309944152832,
				"bytes":	6144,
				"bits_per_second":	49136.770345342411,
				"packets":	6,
				"omitted":	false,
				"sender":	true
			}
		}, {
			"streams":	[{
					"socket":	5,
					"start":	14.001129,
					"end":	15.000848,
					"seconds":	0.99971902370452881,
					"bytes":	6144,
					"bits_per_second":	49165.814428401914,
					"packets":	6,
					"omitted":	false,
					"sender":	true
				}],
			"sum":	{
				"start":	14.001129,
				"end":	15.000848,
				"seconds":	0.99971902370452881,
				"bytes":	6144,
				"bits_per_second":	49165.814428401914,
				"packets":	6,
				"omitted":	false,