{
	"start":	{
		"connected":	[{
				"socket":	5,
				"local_host":	"fd00::8",
				"local_port":	59647,
				"remote_host":	"fd00::4",
				"remote_port":	5123
			}],
		"version":	"iperf 3.18",
		"system_info":	"Linux RPI08 6.18.29+rpt-rpi-v7 #1 SMP Raspbian 1:6.18.29-1+rpt1 (2026-05-12) armv7l",
		"timestamp":	{
			"time":	"Wed, 20 May 2026 18:31:02 GMT",
			"timesecs":	1779301862
		},
		"connecting_to":	{
			"host":	"fd00::4",
			"port":	5123
		},
		"cookie":	"txgkdzw2xjrnb5hmgr5opkmfgrkwufrq26iw",
		"target_bitrate":	40000,
		"fq_rate":	0,
		"sock_bufsize":	0,
		"sndbuf_actual":	180224,
		"rcvbuf_actual":	180224,
		"test_start":	{
			"protocol":	"UDP",
			"num_streams":	1,
			"blksize":	512,
			"omit":	0,
			"duration":	30,
			"bytes":	0,
			"blocks":	0,
			"reverse":	0,
			"tos":	0,
			"target_bitrate":	40000,
			"bidir":	0,
			"fqrate":	0,
			"interval":	1
		}
	},
	"intervals":	[{
			"streams":	[{
					"socket":	5,
					"start":	0,
					"end":	1.001105,
					"seconds":	1.0011049509048462,
					"bytes":	5120,
					"bits_per_second":	40914.791164481212,
					"packets":	10,
					"omitted":	false,
					"sender":	true
				}],
			"sum":	{
				"start":	0,
				"end":	1.001105,
				"seconds":	1.0011049509048462,
				"bytes":	5120,
				"bits_per_second":	40914.791164481212,
				"packets":	10,
				"omitted":	false,
				"sender":	true
			}
		}, {
			"streams":	[{
					"socket":	5,
					"start":	1.001105,
					"end":	2.001147,
					"seconds":	1.0000419616699219,
					"bytes":	5120,
					"bits_per_second":	40958.2813221186,
					"packets":	10,
					"omitted":	false,
					"sender":	true
				}],
			"sum":	{
				"start":	1.001105,
				"end":	2.001147,
				"seconds":	1.0000419616699219,
				"bytes":	5120,
				"bits_per_second":	40958.2813221186,
				"packets":	10,
				"omitted":	false,
				"sender":	true
			}
		}, {
			"streams":	[{
					"socket":	5,
					"start":	2.001147,
					"end":	3.001105,
					"seconds":	0.99995797872543335,
					"bytes":	5120,
					"bits_per_second":	40961.721263735948,
					"packets":	10,
					"omitted":	false,
					"sender":	true
				}],
			"sum":	{
				"start":	2.001147,
				"end":	3.001105,
				"seconds":	0.99995797872543335,
				"bytes":	5120,
				"bits_per_second":	40961.721263735948,
				"packets":	10,
				"omitted":	false,
				"sender":	true
			}
		}, {
			"streams":	[{
					"socket":	5,
					"start":	3.001105,
					"end":	4.001125,
					"seconds":	1.0000200271606445,
					"bytes":	5120,
					"bits_per_second":	40959.1797039282,
					"packets":	10,
					"omitted":	false,
					"sender":	true
				}],
			"sum":	{
				"start":	3.001105,
				"end":	4.001125,
				"seconds":	1.0000200271606445,
				"bytes":	5120,
				"bits_per_second":	40959.1797039282,
				"packets":	10,
				"omitted":	false,
				"sender":	true
			}
		}, {
			"streams":	[{
					"socket":	5,
					"start":	4.001125,
					"end":	5.001139,
					"seconds":	1.0000139474868774,
					"bytes":	4608,
					"bits_per_second":	36863.4858470149,
					"packets":	9,
					"omitted":	false,
					"sender":	true
				}],
			"sum":	{
				"start":	4.001125,
				"end":	5.001139,
				"seconds":	1.0000139474868774,
				"bytes":	4608,
				"bits_per_second":	36863.4858470149,
				"packets":	9,
				"omitted":	false,
				"sender":	true
			}
		}, {
			"streams":	[{
					"socket":	5,
					"start":	5.001139,
					"end":	6.001141,
					"seconds":	1.0000020265579224,
					"bytes":	5120,
					"bits_per_second":	40959.91699235572,
					"packets":	10,
					"omitted":	false,
					"sender":	true
				}],
			"sum":	{
				"start":	5.001139,
				"end":	6.001141,
				"seconds":	1.0000020265579224,
				"bytes":	5120,
				"bits_per_second":	40959.91699235572,
				"packets":	10,
				"omitted":	false,
				"sender":	true
			}
		}, {
			"streams":	[{
					"socket":	5,
					"start":	6.001141,
					"end":	7.001113,
					"seconds":	0.99997198581695557,
					"bytes":	5120,
					"bits_per_second":	40961.147493083583,
					"packets":	10,
					"omitted":	false,
					"sender":	true
				}],
			"sum":	{
				"start":	6.001141,
				"end":	7.001113,
				"seconds":	0.99997198581695557,
				"bytes":	5120,
				"bits_per_second":	40961.147493083583,
				"packets":	10,
				"omitted":	false,
				"sender":	true
			}
		}, {
			"streams":	[{
					"socket":	5,
					"start":	7.001113,
					"end":	8.001186,
					"seconds":	1.0000729560852051,
					"bytes":	5120,
					"bits_per_second":	40957.0119367474,
					"packets":	10,
					"omitted":	false,
					"sender":	true
				}],
			"sum":	{
				"start":	7.001113,
				"end":	8.001186,
				"seconds":	1.0000729560852051,
				"bytes":	5120,
				"bits_per_second":	40957.0119367474,
				"packets":	10,
				"omitted":	false,
				"sender":	true
			}
		}, {
			"streams":	[{
					"socket":	5,
					"start":	8.001186,
					"end":	9.001139,
					"seconds":	0.99995297193527222,
					"bytes":	4608,
					"bits_per_second":	36865.733724111815,
					"packets":	9,
					"omitted":	false,
					"sender":	true
				}],
			"sum":	{
				"start":	8.001186,
				"end":	9.001139,
				"seconds":	0.99995297193527222,
				"bytes":	4608,
				"bits_per_second":	36865.733724111815,
				"packets":	9,
				"omitted":	false,
				"sender":	true
			}
		}, {
			"streams":	[{
					"socket":	5,
					"start":	9.001139,
					"end":	10.001137,
					"seconds":	0.99999797344207764,
					"bytes":	5120,
					"bits_per_second":	40960.08300798072,
					"packets":	10,
					"omitted":	false,
					"sender":	true
				}],
			"sum":	{
				"start":	9.001139,
				"end":	10.001137,
				"seconds":	0.99999797344207764,
				"bytes":	5120,
				"bits_per_second":	40960.08300798072,
				"packets":	10,
				"omitted":	false,
				"sender":	true
			}
		}, {
			"streams":	[{
					"socket":	5,
					"start":	10.001137,
					"end":	11.001139,
					"seconds":	1.0000020265579224,
					"bytes":	5120,
					"bits_per_second":	40959.91699235572,
					"packets":	10,
					"omitted":	false,
					"sender":	true
				}],
			"sum":	{
				"start":	10.001137,
				"end":	11.001139,
				"seconds":	1.0000020265579224,
				"bytes":	5120,
				"bits_per_second":	40959.91699235572,
				"packets":	10,
				"omitted":	false,
				"sender":	true
			}
		}, {
			"streams":	[{
					"socket":	5,
					"start":	11.001139,
					"end":	12.00117,
					"seconds":	1.0000309944152832,
					"bytes":	5120,
					"bits_per_second":	40958.730508097156,
					"packets":	10,
					"omitted":	false,
					"sender":	true
				}],
			"sum":	{
				"start":	11.001139,
				"end":	12.00117,
				"seconds":	1.0000309944152832,
				"bytes":	5120,
				"bits_per_second":	40958.730508097156,
				"packets":	10,
				"omitted":	false,
				"sender":	true
			}
		}, {
			"streams":	[{
					"socket":	5,
					"start":	12.00117,
					"end":	13.001136,
					"seconds":	0.999966025352478,
					"bytes":	4608,
					"bits_per_second":	36865.252483958953,
					"packets":	9,
					"omitted":	false,
					"sender":	true
				}],
			"sum":	{
				"start":	12.00117,
				"end":	13.001136,
				"seconds":	0.999966025352478,
				"bytes":	4608,
				"bits_per_second":	36865.252483958953,
				"packets":	9,
				"omitted":	false,
				"sender":	true
			}
		}, {
			"streams":	[{
					"socket":	5,
					"start":	13.001136,
					"end":	14.001135,
					"seconds":	0.99999898672103882,
					"bytes":	5120,
					"bits_per_second":	40960.0415039483,
					"packets":	10,
					"omitted":	false,
					"sender":	true
				}],
			"sum":	{
				"start":	13.001136,
				"end":	14.001135,
				"seconds":	0.99999898672103882,
				"bytes":	5120,
				"bits_per_second":	40960.0415039483,
				"packets":	10,
				"omitted":	false,
				"sender":	true
			}
		}, {
			"streams":	[{
					"socket":	5,
					"start":	14.001135,
					"end":	15.001129,
					"seconds":	0.99999397993087769,
					"bytes":	5120,
					"bits_per_second":	40960.2465835157,
					"packets":	10,
					"omitted":	false,
					"sender":	true
				}],
			"sum":	{
				"start":	14.001135,
				"end":	15.001129,
				"seconds":	0.99999397993087769,
				"bytes":	5120,
				"bits_per_second":	40960.2465835157,
				"packets":	10,
				"omitted":	false,