{
	"start":	{
		"connected":	[{
				"socket":	5,
				"local_host":	"fd00::8",
				"local_port":	39401,
				"remote_host":	"fd00::4",
				"remote_port":	5123
			}],
		"version":	"iperf 3.18",
		"system_info":	"Linux RPI08 6.18.29+rpt-rpi-v7 #1 SMP Raspbian 1:6.18.29-1+rpt1 (2026-05-12) armv7l",
		"timestamp":	{
			"time":	"Wed, 20 May 2026 18:30:28 GMT",
			"timesecs":	1779301828
		},
		"connecting_to":	{
			"host":	"fd00::4",
			"port":	5123
		},
		"cookie":	"sxq2bte4oy7kkduxstqcbk4wcz2pxpxupzos",
		"target_bitrate":	40000,
		"fq_rate":	0,
		"sock_bufsize":	0,
		"sndbuf_actual":	180224,
		"rcvbuf_actual":	180224,
		"test_start":	{
			"protocol":	"UDP",
			"num_streams":	1,
			"blksize":	256,
			"omit":	0,
			"duration":	30,
			"bytes":	0,
			"blocks":	0,
			"reverse":	0,
			"tos":	0,
			"target_bitrate":	40000,
			"bidir":	0,
			"fqrate":	0,
			"interval":	1
		}
	},
	"intervals":	[{
			"streams":	[{
					"socket":	5,
					"start":	0,
					"end":	1.000669,
					"seconds":	1.000669002532959,
					"bytes":	5120,
					"bits_per_second":	40932.615976231267,
					"packets":	20,
					"omitted":	false,
					"sender":	true
				}],
			"sum":	{
				"start":	0,
				"end":	1.000669,
				"seconds":	1.000669002532959,
				"bytes":	5120,
				"bits_per_second":	40932.615976231267,
				"packets":	20,
				"omitted":	false,
				"sender":	true
			}
		}, {
			"streams":	[{
					"socket":	5,
					"start":	1.000669,
					"end":	2.000662,
					"seconds":	0.99999302625656128,
					"bytes":	5120,
					"bits_per_second":	40960.285646523276,
					"packets":	20,
					"omitted":	false,
					"sender":	true
				}],
			"sum":	{
				"start":	1.000669,
				"end":	2.000662,
				"seconds":	0.99999302625656128,
				"bytes":	5120,
				"bits_per_second":	40960.285646523276,
				"packets":	20,
				"omitted":	false,
				"sender":	true
			}
		}, {
			"streams":	[{
					"socket":	5,
					"start":	2.000662,
					"end":	3.000672,
					"seconds":	1.0000100135803223,
					"bytes":	4864,
					"bits_per_second":	38911.61035546424,
					"packets":	19,
					"omitted":	false,
					"sender":	true
				}],
			"sum":	{
				"start":	2.000662,
				"end":	3.000672,
				"seconds":	1.0000100135803223,
				"bytes":	4864,
				"bits_per_second":	38911.61035546424,
				"packets":	19,
				"omitted":	false,
				"sender":	true
			}
		}, {
			"streams":	[{
					"socket":	5,
					"start":	3.000672,
					"end":	4.000666,
					"seconds":	0.99999397993087769,
					"bytes":	5120,
					"bits_per_second":	40960.2465835157,
					"packets":	20,
					"omitted":	false,
					"sender":	true
				}],
			"sum":	{
				"start":	3.000672,
				"end":	4.000666,
				"seconds":	0.99999397993087769,
				"bytes":	5120,
				"bits_per_second":	40960.2465835157,
				"packets":	20,
				"omitted":	false,
				"sender":	true
			}
		}, {
			"streams":	[{
					"socket":	5,
					"start":	4.000666,
					"end":	5.001138,
					"seconds":	1.0004719495773315,
					"bytes":	4864,
					"bits_per_second":	38893.6441610773,
					"packets":	19,
					"omitted":	false,
					"sender":	true
				}],
			"sum":	{
				"start":	4.000666,
				"end":	5.001138,
				"seconds":	1.0004719495773315,
				"bytes":	4864,
				"bits_per_second":	38893.6441610773,
				"packets":	19,
				"omitted":	false,
				"sender":	true
			}
		}, {
			"streams":	[{
					"socket":	5,
					"start":	5.001138,
					"end":	6.00114,
					"seconds":	1.0000020265579224,
					"bytes":	5120,
					"bits_per_second":	40959.91699235572,
					"packets":	20,
					"omitted":	false,
					"sender":	true
				}],
			"sum":	{
				"start":	5.001138,
				"end":	6.00114,
				"seconds":	1.0000020265579224,
				"bytes":	5120,
				"bits_per_second":	40959.91699235572,
				"packets":	20,
				"omitted":	false,
				"sender":	true
			}
		}, {
			"streams":	[{
					"socket":	5,
					"start":	6.00114,
					"end":	7.001126,
					"seconds":	0.99998599290847778,
					"bytes":	4864,
					"bits_per_second":	38912.5450515799,
					"packets":	19,
					"omitted":	false,
					"sender":	true
				}],
			"sum":	{
				"start":	6.00114,
				"end":	7.001126,
				"seconds":	0.99998599290847778,
				"bytes":	4864,
				"bits_per_second":	38912.5450515799,
				"packets":	19,
				"omitted":	false,
				"sender":	true
			}
		}, {
			"streams":	[{
					"socket":	5,
					"start":	7.001126,
					"end":	8.001134,
					"seconds":	1.0000079870224,
					"bytes":	5120,
					"bits_per_second":	40959.67285417542,
					"packets":	20,
					"omitted":	false,
					"sender":	true
				}],
			"sum":	{
				"start":	7.001126,
				"end":	8.001134,
				"seconds":	1.0000079870224,
				"bytes":	5120,
				"bits_per_second":	40959.67285417542,
				"packets":	20,
				"omitted":	false,
				"sender":	true
			}
		}, {
			"streams":	[{
					"socket":	5,
					"start":	8.001134,
					"end":	9.001123,
					"seconds":	0.99998897314071655,
					"bytes":	4864,
					"bits_per_second":	38912.429081879862,
					"packets":	19,
					"omitted":	false,
					"sender":	true
				}],
			"sum":	{
				"start":	8.001134,
				"end":	9.001123,
				"seconds":	0.99998897314071655,
				"bytes":	4864,
				"bits_per_second":	38912.429081879862,
				"packets":	19,
				"omitted":	false,
				"sender":	true
			}
		}, {
			"streams":	[{
					"socket":	5,
					"start":	9.001123,
					"end":	10.001128,
					"seconds":	1.0000050067901611,
					"bytes":	5120,
					"bits_per_second":	40959.794922901776,
					"packets":	20,
					"omitted":	false,
					"sender":	true
				}],
			"sum":	{
				"start":	9.001123,
				"end":	10.001128,
				"seconds":	1.0000050067901611,
				"bytes":	5120,
				"bits_per_second":	40959.794922901776,
				"packets":	20,
				"omitted":	false,
				"sender":	true
			}
		}, {
			"streams":	[{
					"socket":	5,
					"start":	10.001128,
					"end":	11.001177,
					"seconds":	1.0000489950180054,
					"bytes":	4864,
					"bits_per_second":	38910.093599263513,
					"packets":	19,
					"omitted":	false,
					"sender":	true
				}],
			"sum":	{
				"start":	10.001128,
				"end":	11.001177,
				"seconds":	1.0000489950180054,
				"bytes":	4864,
				"bits_per_second":	38910.093599263513,
				"packets":	19,
				"omitted":	false,
				"sender":	true
			}
		}, {
			"streams":	[{
					"socket":	5,
					"start":	11.001177,
					"end":	12.001135,
					"seconds":	0.99995797872543335,
					"bytes":	5120,
					"bits_per_second":	40961.721263735948,
					"packets":	20,
					"omitted":	false,
					"sender":	true
				}],
			"sum":	{
				"start":	11.001177,
				"end":	12.001135,
				"seconds":	0.99995797872543335,
				"bytes":	5120,
				"bits_per_second":	40961.721263735948,
				"packets":	20,
				"omitted":	false,
				"sender":	true
			}
		}, {
			"streams":	[{
					"socket":	5,
					"start":	12.001135,
					"end":	13.001135,
					"seconds":	1,
					"bytes":	4864,
					"bits_per_second":	38912,
					"packets":	19,
					"omitted":	false,
					"sender":	true
				}],
			"sum":	{
				"start":	12.001135,
				"end":	13.001135,
				"seconds":	1,
				"bytes":	4864,
				"bits_per_second":	38912,
				"packets":	19,
				"omitted":	false,
				"sender":	true
			}
		}, {
			"streams":	[{
					"socket":	5,
					"start":	13.001135,
					"end":	14.001134,
					"seconds":	0.99999898672103882,
					"bytes":	5120,
					"bits_per_second":	40960.0415039483,
					"packets":	20,
					"omitted":	false,
					"sender":	true
				}],
			"sum":	{
				"start":	13.001135,
				"end":	14.001134,
				"seconds":	0.99999898672103882,
				"bytes":	5120,
				"bits_per_second":	40960.0415039483,
				"packets":	20,
				"omitted":	false,
				"sender":	true
			}
		}, {
			"streams":	[{
					"socket":	5,
					"start":	14.001134,
					"end":	15.001142,
					"seconds":	1.0000079870224,
					"bytes":	4864,
					"bits_per_second":	38911.689211466648,
					"packets":	19,
					"omitted":	false,
					"sender":	true
				}],
			"sum":	{
				"start":	14.001134,
				"end":	15.001142,
				"seconds":	1.0000079870224,
				"bytes":	4864,
				"bits_per_second":	38911.689211466648,
				"packets":	19,
				"omitted":	false,