{
	"start":	{
		"connected":	[{
				"socket":	5,
				"local_host":	"fd00::8",
				"local_port":	55514,
				"remote_host":	"fd00::4",
				"remote_port":	5123
			}],
		"version":	"iperf 3.18",
		"system_info":	"Linux RPI08 6.18.29+rpt-rpi-v7 #1 SMP Raspbian 1:6.18.29-1+rpt1 (2026-05-12) armv7l",
		"timestamp":	{
			"time":	"Wed, 20 May 2026 18:42:25 GMT",
			"timesecs":	1779302545
		},
		"connecting_to":	{
			"host":	"fd00::4",
			"port":	5123
		},
		"cookie":	"jd4eoqvswsssmc2euodyhqcwqb4rcksruj3b",
		"target_bitrate":	70000,
		"fq_rate":	0,
		"sock_bufsize":	0,
		"sndbuf_actual":	180224,
		"rcvbuf_actual":	180224,
		"test_start":	{
			"protocol":	"UDP",
			"num_streams":	1,
			"blksize":	256,
			"omit":	0,
			"duration":	30,
			"bytes":	0,
			"blocks":	0,
			"reverse":	0,
			"tos":	0,
			"target_bitrate":	70000,
			"bidir":	0,
			"fqrate":	0,
			"interval":	1
		}
	},
	"intervals":	[{
			"streams":	[{
					"socket":	5,
					"start":	0,
					"end":	1.001091,
					"seconds":	1.0010910034179688,
					"bytes":	8960,
					"bits_per_second":	71601.882101893832,
					"packets":	35,
					"omitted":	false,
					"sender":	true
				}],
			"sum":	{
				"start":	0,
				"end":	1.001091,
				"seconds":	1.0010910034179688,
				"bytes":	8960,
				"bits_per_second":	71601.882101893832,
				"packets":	35,
				"omitted":	false,
				"sender":	true
			}
		}, {
			"streams":	[{
					"socket":	5,
					"start":	1.001091,
					"end":	2.001132,
					"seconds":	1.0000410079956055,
					"bytes":	8704,
					"bits_per_second":	69629.144648342248,
					"packets":	34,
					"omitted":	false,
					"sender":	true
				}],
			"sum":	{
				"start":	1.001091,
				"end":	2.001132,
				"seconds":	1.0000410079956055,
				"bytes":	8704,
				"bits_per_second":	69629.144648342248,
				"packets":	34,
				"omitted":	false,
				"sender":	true
			}
		}, {
			"streams":	[{
					"socket":	5,
					"start":	2.001132,
					"end":	3.00113,
					"seconds":	0.99999797344207764,
					"bytes":	8704,
					"bits_per_second":	69632.141113567224,
					"packets":	34,
					"omitted":	false,
					"sender":	true
				}],
			"sum":	{
				"start":	2.001132,
				"end":	3.00113,
				"seconds":	0.99999797344207764,
				"bytes":	8704,
				"bits_per_second":	69632.141113567224,
				"packets":	34,
				"omitted":	false,
				"sender":	true
			}
		}, {
			"streams":	[{
					"socket":	5,
					"start":	3.00113,
					"end":	4.001122,
					"seconds":	0.9999920129776,
					"bytes":	8704,
					"bits_per_second":	69632.5561567858,
					"packets":	34,
					"omitted":	false,
					"sender":	true
				}],
			"sum":	{
				"start":	3.00113,
				"end":	4.001122,
				"seconds":	0.9999920129776,
				"bytes":	8704,
				"bits_per_second":	69632.5561567858,
				"packets":	34,
				"omitted":	false,
				"sender":	true
			}
		}, {
			"streams":	[{
					"socket":	5,
					"start":	4.001122,
					"end":	5.001122,
					"seconds":	1,
					"bytes":	8704,
					"bits_per_second":	69632,
					"packets":	34,
					"omitted":	false,
					"sender":	true
				}],
			"sum":	{
				"start":	4.001122,
				"end":	5.001122,
				"seconds":	1,
				"bytes":	8704,
				"bits_per_second":	69632,
				"packets":	34,
				"omitted":	false,
				"sender":	true
			}
		}, {
			"streams":	[{
					"socket":	5,
					"start":	5.001122,
					"end":	6.001122,
					"seconds":	1,
					"bytes":	8960,
					"bits_per_second":	71680,
					"packets":	35,
					"omitted":	false,
					"sender":	true
				}],
			"sum":	{
				"start":	5.001122,
				"end":	6.001122,
				"seconds":	1,
				"bytes":	8960,
				"bits_per_second":	71680,
				"packets":	35,
				"omitted":	false,
				"sender":	true
			}
		}, {
			"streams":	[{
					"socket":	5,
					"start":	6.001122,
					"end":	7.001119,
					"seconds":	0.99999701976776123,
					"bytes":	8704,
					"bits_per_second":	69632.2075201497,
					"packets":	34,
					"omitted":	false,
					"sender":	true
				}],
			"sum":	{
				"start":	6.001122,
				"end":	7.001119,
				"seconds":	0.99999701976776123,
				"bytes":	8704,
				"bits_per_second":	69632.2075201497,
				"packets":	34,
				"omitted":	false,
				"sender":	true
			}
		}, {
			"streams":	[{
					"socket":	5,
					"start":	7.001119,
					"end":	8.001115,
					"seconds":	0.9999960064888,
					"bytes":	8704,
					"bits_per_second":	69632.278077282375,
					"packets":	34,
					"omitted":	false,
					"sender":	true
				}],
			"sum":	{
				"start":	7.001119,
				"end":	8.001115,
				"seconds":	0.9999960064888,
				"bytes":	8704,
				"bits_per_second":	69632.278077282375,
				"packets":	34,
				"omitted":	false,
				"sender":	true
			}
		}, {
			"streams":	[{
					"socket":	5,
					"start":	8.001115,
					"end":	9.001125,
					"seconds":	1.0000100135803223,
					"bytes":	8704,
					"bits_per_second":	69631.302741357053,
					"packets":	34,
					"omitted":	false,
					"sender":	true
				}],
			"sum":	{
				"start":	8.001115,
				"end":	9.001125,
				"seconds":	1.0000100135803223,
				"bytes":	8704,
				"bits_per_second":	69631.302741357053,
				"packets":	34,
				"omitted":	false,
				"sender":	true
			}
		}, {
			"streams":	[{
					"socket":	5,
					"start":	9.001125,
					"end":	10.001122,
					"seconds":	0.99999701976776123,
					"bytes":	8704,
					"bits_per_second":	69632.2075201497,
					"packets":	34,
					"omitted":	false,
					"sender":	true
				}],
			"sum":	{
				"start":	9.001125,
				"end":	10.001122,
				"seconds":	0.99999701976776123,
				"bytes":	8704,
				"bits_per_second":	69632.2075201497,
				"packets":	34,
				"omitted":	false,
				"sender":	true
			}
		}, {
			"streams":	[{
					"socket":	5,
					"start":	10.001122,
					"end":	11.000858,
					"seconds":	0.99973601102828979,
					"bytes":	8704,
					"bits_per_second":	69650.386934025926,
					"packets":	35,
					"omitted":	false,
					"sender":	true
				}],
			"sum":	{
				"start":	10.001122,
				"end":	11.000858,
				"seconds":	0.99973601102828979,
				"bytes":	8704,
				"bits_per_second":	69650.386934025926,
				"packets":	35,
				"omitted":	false,
				"sender":	true
			}
		}, {
			"streams":	[{
					"socket":	5,
					"start":	11.000858,
					"end":	12.001137,
					"seconds":	1.0002789497375488,
					"bytes":	8960,
					"bits_per_second":	71660.010458889752,
					"packets":	34,
					"omitted":	false,
					"sender":	true
				}],
			"sum":	{
				"start":	11.000858,
				"end":	12.001137,
				"seconds":	1.0002789497375488,
				"bytes":	8960,
				"bits_per_second":	71660.010458889752,
				"packets":	34,
				"omitted":	false,
				"sender":	true
			}
		}, {
			"streams":	[{
					"socket":	5,
					"start":	12.001137,
					"end":	13.001136,
					"seconds":	0.99999898672103882,
					"bytes":	8704,
					"bits_per_second":	69632.0705567121,
					"packets":	34,
					"omitted":	false,
					"sender":	true
				}],
			"sum":	{
				"start":	12.001137,
				"end":	13.001136,
				"seconds":	0.99999898672103882,
				"bytes":	8704,
				"bits_per_second":	69632.0705567121,
				"packets":	34,
				"omitted":	false,
				"sender":	true
			}
		}, {
			"streams":	[{
					"socket":	5,
					"start":	13.001136,
					"end":	14.001134,
					"seconds":	0.99999797344207764,
					"bytes":	8704,
					"bits_per_second":	69632.141113567224,
					"packets":	34,
					"omitted":	false,
					"sender":	true
				}],
			"sum":	{
				"start":	13.001136,
				"end":	14.001134,
				"seconds":	0.99999797344207764,
				"bytes":	8704,
				"bits_per_second":	69632.141113567224,
				"packets":	34,
				"omitted":	false,
				"sender":	true
			}
		}, {
			"streams":	[{
					"socket":	5,
					"start":	14.001134,
					"end":	15.001132,
					"seconds":	0.99999797344207764,
					"bytes":	8704,
					"bits_per_second":	69632.141113567224,
					"packets":	34,
					"omitted":	false,
					"sender":	true
				}],
			"sum":	{
				"start":	14.001134,
				"end":	15.001132,
				"seconds":	0.99999797344207764,
				"bytes":	8704,
				"bits_per_second":	69632.141113567224,
				"packets":	34,
				"omitted":	false,
				"sender":	true
			}
		}, {
			"streams":	[{
					"socket":	5,
					"start":	15.001132,