{
	"start":	{
		"connected":	[{
				"socket":	5,
				"local_host":	"fd00::8",
				"local_port":	36152,
				"remote_host":	"fd00::4",
				"remote_port":	5123
			}],
		"version":	"iperf 3.18",
		"system_info":	"Linux RPI08 6.18.29+rpt-rpi-v7 #1 SMP Raspbian 1:6.18.29-1+rpt1 (2026-05-12) armv7l",
		"timestamp":	{
			"time":	"Wed, 20 May 2026 18:33:54 GMT",
			"timesecs":	1779302034
		},
		"connecting_to":	{
			"host":	"fd00::4",
			"port":	5123
		},
		"cookie":	"lqdhvsq6vd7omakzztekiwtpvziwyz3sfk2b",
		"target_bitrate":	50000,
		"fq_rate":	0,
		"sock_bufsize":	0,
		"sndbuf_actual":	180224,
		"rcvbuf_actual":	180224,
		"test_start":	{
			"protocol":	"UDP",
			"num_streams":	1,
			"blksize":	128,
			"omit":	0,
			"duration":	30,
			"bytes":	0,
			"blocks":	0,
			"reverse":	0,
			"tos":	0,
			"target_bitrate":	50000,
			"bidir":	0,
			"fqrate":	0,
			"interval":	1
		}
	},
	"intervals":	[{
			"streams":	[{
					"socket":	5,
					"start":	0,
					"end":	1.00093,
					"seconds":	1.0009299516677856,
					"bytes":	6272,
					"bits_per_second":	50129.382097513357,
					"packets":	49,
					"omitted":	false,
					"sender":	true
				}],
			"sum":	{
				"start":	0,
				"end":	1.00093,
				"seconds":	1.0009299516677856,
				"bytes":	6272,
				"bits_per_second":	50129.382097513357,
				"packets":	49,
				"omitted":	false,
				"sender":	true
			}
		}, {
			"streams":	[{
					"socket":	5,
					"start":	1.00093,
					"end":	2.001132,
					"seconds":	1.000201940536499,
					"bytes":	6272,
					"bits_per_second":	50165.8694774038,
					"packets":	49,
					"omitted":	false,
					"sender":	true
				}],
			"sum":	{
				"start":	1.00093,
				"end":	2.001132,
				"seconds":	1.000201940536499,
				"bytes":	6272,
				"bits_per_second":	50165.8694774038,
				"packets":	49,
				"omitted":	false,
				"sender":	true
			}
		}, {
			"streams":	[{
					"socket":	5,
					"start":	2.001132,
					"end":	3.001133,
					"seconds":	1.0000009536743164,
					"bytes":	6272,
					"bits_per_second":	50175.952148483135,
					"packets":	49,
					"omitted":	false,
					"sender":	true
				}],
			"sum":	{
				"start":	2.001132,
				"end":	3.001133,
				"seconds":	1.0000009536743164,
				"bytes":	6272,
				"bits_per_second":	50175.952148483135,
				"packets":	49,
				"omitted":	false,
				"sender":	true
			}
		}, {
			"streams":	[{
					"socket":	5,
					"start":	3.001133,
					"end":	4.001151,
					"seconds":	1.0000180006027222,
					"bytes":	6272,
					"bits_per_second":	50175.096818015634,
					"packets":	49,
					"omitted":	false,
					"sender":	true
				}],
			"sum":	{
				"start":	3.001133,
				"end":	4.001151,
				"seconds":	1.0000180006027222,
				"bytes":	6272,
				"bits_per_second":	50175.096818015634,
				"packets":	49,
				"omitted":	false,
				"sender":	true
			}
		}, {
			"streams":	[{
					"socket":	5,
					"start":	4.001151,
					"end":	5.00113,
					"seconds":	0.999979019165039,
					"bytes":	6272,
					"bits_per_second":	50177.052756462712,
					"packets":	49,
					"omitted":	false,
					"sender":	true
				}],
			"sum":	{
				"start":	4.001151,
				"end":	5.00113,
				"seconds":	0.999979019165039,
				"bytes":	6272,
				"bits_per_second":	50177.052756462712,
				"packets":	49,
				"omitted":	false,
				"sender":	true
			}
		}, {
			"streams":	[{
					"socket":	5,
					"start":	5.00113,
					"end":	6.00113,
					"seconds":	1,
					"bytes":	6272,
					"bits_per_second":	50176,
					"packets":	49,
					"omitted":	false,
					"sender":	true
				}],
			"sum":	{
				"start":	5.00113,
				"end":	6.00113,
				"seconds":	1,
				"bytes":	6272,
				"bits_per_second":	50176,
				"packets":	49,
				"omitted":	false,
				"sender":	true
			}
		}, {
			"streams":	[{
					"socket":	5,
					"start":	6.00113,
					"end":	7.00113,
					"seconds":	1,
					"bytes":	6144,
					"bits_per_second":	49152,
					"packets":	48,
					"omitted":	false,
					"sender":	true
				}],
			"sum":	{
				"start":	6.00113,
				"end":	7.00113,
				"seconds":	1,
				"bytes":	6144,
				"bits_per_second":	49152,
				"packets":	48,
				"omitted":	false,
				"sender":	true
			}
		}, {
			"streams":	[{
					"socket":	5,
					"start":	7.00113,
					"end":	8.001135,
					"seconds":	1.0000050067901611,
					"bytes":	6272,
					"bits_per_second":	50175.748780554677,
					"packets":	49,
					"omitted":	false,
					"sender":	true
				}],
			"sum":	{
				"start":	7.00113,
				"end":	8.001135,
				"seconds":	1.0000050067901611,
				"bytes":	6272,
				"bits_per_second":	50175.748780554677,
				"packets":	49,
				"omitted":	false,
				"sender":	true
			}
		}, {
			"streams":	[{
					"socket":	5,
					"start":	8.001135,
					"end":	9.001129,
					"seconds":	0.99999397993087769,
					"bytes":	6272,
					"bits_per_second":	50176.302064806732,
					"packets":	49,
					"omitted":	false,
					"sender":	true
				}],
			"sum":	{
				"start":	8.001135,
				"end":	9.001129,
				"seconds":	0.99999397993087769,
				"bytes":	6272,
				"bits_per_second":	50176.302064806732,
				"packets":	49,
				"omitted":	false,
				"sender":	true
			}
		}, {
			"streams":	[{
					"socket":	5,
					"start":	9.001129,
					"end":	10.001133,
					"seconds":	1.0000040531158447,
					"bytes":	6272,
					"bits_per_second":	50175.796631683654,
					"packets":	49,
					"omitted":	false,
					"sender":	true
				}],
			"sum":	{
				"start":	9.001129,
				"end":	10.001133,
				"seconds":	1.0000040531158447,
				"bytes":	6272,
				"bits_per_second":	50175.796631683654,
				"packets":	49,
				"omitted":	false,
				"sender":	true
			}
		}, {
			"streams":	[{
					"socket":	5,
					"start":	10.001133,
					"end":	11.001128,
					"seconds":	0.999994993209839,
					"bytes":	6272,
					"bits_per_second":	50176.251221960942,
					"packets":	49,
					"omitted":	false,
					"sender":	true
				}],
			"sum":	{
				"start":	10.001133,
				"end":	11.001128,
				"seconds":	0.999994993209839,
				"bytes":	6272,
				"bits_per_second":	50176.251221960942,
				"packets":	49,
				"omitted":	false,
				"sender":	true
			}
		}, {
			"streams":	[{
					"socket":	5,
					"start":	11.001128,
					"end":	12.001157,
					"seconds":	1.0000289678573608,
					"bytes":	6144,
					"bits_per_second":	49150.576213119057,
					"packets":	48,
					"omitted":	false,
					"sender":	true
				}],
			"sum":	{
				"start":	11.001128,
				"end":	12.001157,
				"seconds":	1.0000289678573608,
				"bytes":	6144,
				"bits_per_second":	49150.576213119057,
				"packets":	48,
				"omitted":	false,
				"sender":	true
			}
		}, {
			"streams":	[{
					"socket":	5,
					"start":	12.001157,
					"end":	13.00114,
					"seconds":	0.999983012676239,
					"bytes":	6272,
					"bits_per_second":	50176.852370436522,
					"packets":	49,
					"omitted":	false,
					"sender":	true
				}],
			"sum":	{
				"start":	12.001157,
				"end":	13.00114,
				"seconds":	0.999983012676239,
				"bytes":	6272,
				"bits_per_second":	50176.852370436522,
				"packets":	49,
				"omitted":	false,
				"sender":	true
			}
		}, {
			"streams":	[{
					"socket":	5,
					"start":	13.00114,
					"end":	14.001175,
					"seconds":	1.0000350475311279,
					"bytes":	6272,
					"bits_per_second":	50174.241516708622,
					"packets":	49,
					"omitted":	false,
					"sender":	true
				}],
			"sum":	{
				"start":	13.00114,
				"end":	14.001175,
				"seconds":	1.0000350475311279,
				"bytes":	6272,
				"bits_per_second":	50174.241516708622,
				"packets":	49,
				"omitted":	false,
				"sender":	true
			}
		}, {
			"streams":	[{
					"socket":	5,
					"start":	14.001175,
					"end":	15.00116,
					"seconds":	0.9999849796295166,
					"bytes":	6272,
					"bits_per_second":	50176.753673429826,
					"packets":	49,
					"omitted":	false,
					"sender":	true
				}],
			"sum":	{
				"start":	14.001175,
				"end":	15.00116,
				"seconds":	0.9999849796295166,
				"bytes":	6272,
				"bits_per_second":	50176.753673429826,
				"packets":	49,
				"omitted":	false,
				"sender":	true
			}
		}, {
			"streams":	[{
					"socket":	5,
					"start":	15.00116,
					"end":	16.001181,