{
	"start":	{
		"connected":	[{
				"socket":	5,
				"local_host":	"fd00::8",
				"local_port":	45648,
				"remote_host":	"fd00::2",
				"remote_port":	5123
			}],
		"version":	"iperf 3.18",
		"system_info":	"Linux RPI08 6.18.29+rpt-rpi-v7 #1 SMP Raspbian 1:6.18.29-1+rpt1 (2026-05-12) armv7l",
		"timestamp":	{
			"time":	"Wed, 20 May 2026 20:07:55 GMT",
			"timesecs":	1779307675
		},
		"connecting_to":	{
			"host":	"fd00::2",
			"port":	5123
		},
		"cookie":	"wieajqb2mmw37qrbcxrxgyotbzczxxxcqffa",
		"target_bitrate":	60000,
		"fq_rate":	0,
		"sock_bufsize":	0,
		"sndbuf_actual":	180224,
		"rcvbuf_actual":	180224,
		"test_start":	{
			"protocol":	"UDP",
			"num_streams":	1,
			"blksize":	512,
			"omit":	0,
			"duration":	30,
			"bytes":	0,
			"blocks":	0,
			"reverse":	0,
			"tos":	0,
			"target_bitrate":	60000,
			"bidir":	0,
			"fqrate":	0,
			"interval":	1
		}
	},
	"intervals":	[{
			"streams":	[{
					"socket":	5,
					"start":	0,
					"end":	1.001138,
					"seconds":	1.0011379718780518,
					"bytes":	7680,
					"bits_per_second":	61370.162480945219,
					"packets":	15,
					"omitted":	false,
					"sender":	true
				}],
			"sum":	{
				"start":	0,
				"end":	1.001138,
				"seconds":	1.0011379718780518,
				"bytes":	7680,
				"bits_per_second":	61370.162480945219,
				"packets":	15,
				"omitted":	false,
				"sender":	true
			}
		}, {
			"streams":	[{
					"socket":	5,
					"start":	1.001138,
					"end":	2.001143,
					"seconds":	1.0000050067901611,
					"bytes":	7680,
					"bits_per_second":	61439.692384352667,
					"packets":	15,
					"omitted":	false,
					"sender":	true
				}],
			"sum":	{
				"start":	1.001138,
				"end":	2.001143,
				"seconds":	1.0000050067901611,
				"bytes":	7680,
				"bits_per_second":	61439.692384352667,
				"packets":	15,
				"omitted":	false,
				"sender":	true
			}
		}, {
			"streams":	[{
					"socket":	5,
					"start":	2.001143,
					"end":	3.001144,
					"seconds":	1.0000009536743164,
					"bytes":	7168,
					"bits_per_second":	57343.945312552154,
					"packets":	14,
					"omitted":	false,
					"sender":	true
				}],
			"sum":	{
				"start":	2.001143,
				"end":	3.001144,
				"seconds":	1.0000009536743164,
				"bytes":	7168,
				"bits_per_second":	57343.945312552154,
				"packets":	14,
				"omitted":	false,
				"sender":	true
			}
		}, {
			"streams":	[{
					"socket":	5,
					"start":	3.001144,
					"end":	4.001145,
					"seconds":	1.0000009536743164,
					"bytes":	7680,
					"bits_per_second":	61439.941406305879,
					"packets":	15,
					"omitted":	false,
					"sender":	true
				}],
			"sum":	{
				"start":	3.001144,
				"end":	4.001145,
				"seconds":	1.0000009536743164,
				"bytes":	7680,
				"bits_per_second":	61439.941406305879,
				"packets":	15,
				"omitted":	false,
				"sender":	true
			}
		}, {
			"streams":	[{
					"socket":	5,
					"start":	4.001145,
					"end":	5.001181,
					"seconds":	1.0000360012054443,
					"bytes":	7680,
					"bits_per_second":	61437.7881655662,
					"packets":	15,
					"omitted":	false,
					"sender":	true
				}],
			"sum":	{
				"start":	4.001145,
				"end":	5.001181,
				"seconds":	1.0000360012054443,
				"bytes":	7680,
				"bits_per_second":	61437.7881655662,
				"packets":	15,
				"omitted":	false,
				"sender":	true
			}
		}, {
			"streams":	[{
					"socket":	5,
					"start":	5.001181,
					"end":	6.001142,
					"seconds":	0.999961018562317,
					"bytes":	7168,
					"bits_per_second":	57346.235438703116,
					"packets":	14,
					"omitted":	false,
					"sender":	true
				}],
			"sum":	{
				"start":	5.001181,
				"end":	6.001142,
				"seconds":	0.999961018562317,
				"bytes":	7168,
				"bits_per_second":	57346.235438703116,
				"packets":	14,
				"omitted":	false,
				"sender":	true
			}
		}, {
			"streams":	[{
					"socket":	5,
					"start":	6.001142,
					"end":	7.00114,
					"seconds":	0.99999797344207764,
					"bytes":	7680,
					"bits_per_second":	61440.12451197108,
					"packets":	15,
					"omitted":	false,
					"sender":	true
				}],
			"sum":	{
				"start":	6.001142,
				"end":	7.00114,
				"seconds":	0.99999797344207764,
				"bytes":	7680,
				"bits_per_second":	61440.12451197108,
				"packets":	15,
				"omitted":	false,
				"sender":	true
			}
		}, {
			"streams":	[{
					"socket":	5,
					"start":	7.00114,
					"end":	8.001138,
					"seconds":	0.99999797344207764,
					"bytes":	7680,
					"bits_per_second":	61440.12451197108,
					"packets":	15,
					"omitted":	false,
					"sender":	true
				}],
			"sum":	{
				"start":	7.00114,
				"end":	8.001138,
				"seconds":	0.99999797344207764,
				"bytes":	7680,
				"bits_per_second":	61440.12451197108,
				"packets":	15,
				"omitted":	false,
				"sender":	true
			}
		}, {
			"streams":	[{
					"socket":	5,
					"start":	8.001138,
					"end":	9.001142,
					"seconds":	1.0000040531158447,
					"bytes":	7168,
					"bits_per_second":	57343.767579067026,
					"packets":	14,
					"omitted":	false,
					"sender":	true
				}],
			"sum":	{
				"start":	8.001138,
				"end":	9.001142,
				"seconds":	1.0000040531158447,
				"bytes":	7168,
				"bits_per_second":	57343.767579067026,
				"packets":	14,
				"omitted":	false,
				"sender":	true
			}
		}, {
			"streams":	[{
					"socket":	5,
					"start":	9.001142,
					"end":	10.001136,
					"seconds":	0.99999397993087769,
					"bytes":	7680,
					"bits_per_second":	61440.369875273551,
					"packets":	15,
					"omitted":	false,
					"sender":	true
				}],
			"sum":	{
				"start":	9.001142,
				"end":	10.001136,
				"seconds":	0.99999397993087769,
				"bytes":	7680,
				"bits_per_second":	61440.369875273551,
				"packets":	15,
				"omitted":	false,
				"sender":	true
			}
		}, {
			"streams":	[{
					"socket":	5,
					"start":	10.001136,
					"end":	11.001134,
					"seconds":	0.99999797344207764,
					"bytes":	7680,
					"bits_per_second":	61440.12451197108,
					"packets":	15,
					"omitted":	false,
					"sender":	true
				}],
			"sum":	{
				"start":	10.001136,
				"end":	11.001134,
				"seconds":	0.99999797344207764,
				"bytes":	7680,
				"bits_per_second":	61440.12451197108,
				"packets":	15,
				"omitted":	false,
				"sender":	true
			}
		}, {
			"streams":	[{
					"socket":	5,
					"start":	11.001134,
					"end":	12.001139,
					"seconds":	1.0000050067901611,
					"bytes":	7168,
					"bits_per_second":	57343.7128920625,
					"packets":	14,
					"omitted":	false,
					"sender":	true
				}],
			"sum":	{
				"start":	11.001134,
				"end":	12.001139,
				"seconds":	1.0000050067901611,
				"bytes":	7168,
				"bits_per_second":	57343.7128920625,
				"packets":	14,
				"omitted":	false,
				"sender":	true
			}
		}, {
			"streams":	[{
					"socket":	5,
					"start":	12.001139,
					"end":	13.00114,
					"seconds":	1.0000009536743164,
					"bytes":	7680,
					"bits_per_second":	61439.941406305879,
					"packets":	15,
					"omitted":	false,
					"sender":	true
				}],
			"sum":	{
				"start":	12.001139,
				"end":	13.00114,
				"seconds":	1.0000009536743164,
				"bytes":	7680,
				"bits_per_second":	61439.941406305879,
				"packets":	15,
				"omitted":	false,
				"sender":	true
			}
		}, {
			"streams":	[{
					"socket":	5,
					"start":	13.00114,
					"end":	14.00114,
					"seconds":	1,
					"bytes":	7680,
					"bits_per_second":	61440,
					"packets":	15,
					"omitted":	false,
					"sender":	true
				}],
			"sum":	{
				"start":	13.00114,
				"end":	14.00114,
				"seconds":	1,
				"bytes":	7680,
				"bits_per_second":	61440,
				"packets":	15,
				"omitted":	false,
				"sender":	true
			}
		}, {
			"streams":	[{
					"socket":	5,
					"start":	14.00114,
					"end":	15.001138,
					"seconds":	0.99999797344207764,
					"bytes":	7168,
					"bits_per_second":	57344.116211173,
					"packets":	14,
					"omitted":	false,
					"sender":	true
				}],
			"sum":	{
				"start":	14.00114,
				"end":	15.001138,
				"seconds":	0.99999797344207764,
				"bytes":	7168,
				"bits_per_second":	57344.116211173,
				"packets":	14,
				"omitted":	false,