{
	"start":	{
		"connected":	[{
				"socket":	5,
				"local_host":	"fd00::8",
				"local_port":	39501,
				"remote_host":	"fd00::2",
				"remote_port":	5123
			}],
		"version":	"iperf 3.18",
		"system_info":	"Linux RPI08 6.18.29+rpt-rpi-v7 #1 SMP Raspbian 1:6.18.29-1+rpt1 (2026-05-12) armv7l",
		"timestamp":	{
			"time":	"Wed, 20 May 2026 20:03:45 GMT",
			"timesecs":	1779307425
		},
		"connecting_to":	{
			"host":	"fd00::2",
			"port":	5123
		},
		"cookie":	"u2ctqgzyt2ejv6wbwba5jyvxvy6cwqdybjh4",
		"target_bitrate":	60000,
		"fq_rate":	0,
		"sock_bufsize":	0,
		"sndbuf_actual":	180224,
		"rcvbuf_actual":	180224,
		"test_start":	{
			"protocol":	"UDP",
			"num_streams":	1,
			"blksize":	40,
			"omit":	0,
			"duration":	30,
			"bytes":	0,
			"blocks":	0,
			"reverse":	0,
			"tos":	0,
			"target_bitrate":	60000,
			"bidir":	0,
			"fqrate":	0,
			"interval":	1
		}
	},
	"intervals":	[{
			"streams":	[{
					"socket":	5,
					"start":	0,
					"end":	1.001135,
					"seconds":	1.001134991645813,
					"bytes":	7520,
					"bits_per_second":	60091.79631320262,
					"packets":	188,
					"omitted":	false,
					"sender":	true
				}],
			"sum":	{
				"start":	0,
				"end":	1.001135,
				"seconds":	1.001134991645813,
				"bytes":	7520,
				"bits_per_second":	60091.79631320262,
				"packets":	188,
				"omitted":	false,
				"sender":	true
			}
		}, {
			"streams":	[{
					"socket":	5,
					"start":	1.001135,
					"end":	2.001141,
					"seconds":	1.0000059604644775,
					"bytes":	7520,
					"bits_per_second":	60159.641420594329,
					"packets":	188,
					"omitted":	false,
					"sender":	true
				}],
			"sum":	{
				"start":	1.001135,
				"end":	2.001141,
				"seconds":	1.0000059604644775,
				"bytes":	7520,
				"bits_per_second":	60159.641420594329,
				"packets":	188,
				"omitted":	false,
				"sender":	true
			}
		}, {
			"streams":	[{
					"socket":	5,
					"start":	2.001141,
					"end":	3.001142,
					"seconds":	1.0000009536743164,
					"bytes":	7480,
					"bits_per_second":	59839.94293218333,
					"packets":	187,
					"omitted":	false,
					"sender":	true
				}],
			"sum":	{
				"start":	2.001141,
				"end":	3.001142,
				"seconds":	1.0000009536743164,
				"bytes":	7480,
				"bits_per_second":	59839.94293218333,
				"packets":	187,
				"omitted":	false,
				"sender":	true
			}
		}, {
			"streams":	[{
					"socket":	5,
					"start":	3.001142,
					"end":	4.001144,
					"seconds":	1.0000020265579224,
					"bytes":	7520,
					"bits_per_second":	60159.87808252246,
					"packets":	188,
					"omitted":	false,
					"sender":	true
				}],
			"sum":	{
				"start":	3.001142,
				"end":	4.001144,
				"seconds":	1.0000020265579224,
				"bytes":	7520,
				"bits_per_second":	60159.87808252246,
				"packets":	188,
				"omitted":	false,
				"sender":	true
			}
		}, {
			"streams":	[{
					"socket":	5,
					"start":	4.001144,
					"end":	5.001144,
					"seconds":	1,
					"bytes":	7480,
					"bits_per_second":	59840,
					"packets":	187,
					"omitted":	false,
					"sender":	true
				}],
			"sum":	{
				"start":	4.001144,
				"end":	5.001144,
				"seconds":	1,
				"bytes":	7480,
				"bits_per_second":	59840,
				"packets":	187,
				"omitted":	false,
				"sender":	true
			}
		}, {
			"streams":	[{
					"socket":	5,
					"start":	5.001144,
					"end":	6.001138,
					"seconds":	0.99999397993087769,
					"bytes":	7520,
					"bits_per_second":	60160.362169538683,
					"packets":	188,
					"omitted":	false,
					"sender":	true
				}],
			"sum":	{
				"start":	5.001144,
				"end":	6.001138,
				"seconds":	0.99999397993087769,
				"bytes":	7520,
				"bits_per_second":	60160.362169538683,
				"packets":	188,
				"omitted":	false,
				"sender":	true
			}
		}, {
			"streams":	[{
					"socket":	5,
					"start":	6.001138,
					"end":	7.001139,
					"seconds":	1.0000009536743164,
					"bytes":	7480,
					"bits_per_second":	59839.94293218333,
					"packets":	187,
					"omitted":	false,
					"sender":	true
				}],
			"sum":	{
				"start":	6.001138,
				"end":	7.001139,
				"seconds":	1.0000009536743164,
				"bytes":	7480,
				"bits_per_second":	59839.94293218333,
				"packets":	187,
				"omitted":	false,
				"sender":	true
			}
		}, {
			"streams":	[{
					"socket":	5,
					"start":	7.001139,
					"end":	8.00114,
					"seconds":	1.0000009536743164,
					"bytes":	7520,
					"bits_per_second":	60159.94262700784,
					"packets":	188,
					"omitted":	false,
					"sender":	true
				}],
			"sum":	{
				"start":	7.001139,
				"end":	8.00114,
				"seconds":	1.0000009536743164,
				"bytes":	7520,
				"bits_per_second":	60159.94262700784,
				"packets":	188,
				"omitted":	false,
				"sender":	true
			}
		}, {
			"streams":	[{
					"socket":	5,
					"start":	8.00114,
					"end":	9.00114,
					"seconds":	1,
					"bytes":	7480,
					"bits_per_second":	59840,
					"packets":	187,
					"omitted":	false,
					"sender":	true
				}],
			"sum":	{
				"start":	8.00114,
				"end":	9.00114,
				"seconds":	1,
				"bytes":	7480,
				"bits_per_second":	59840,
				"packets":	187,
				"omitted":	false,
				"sender":	true
			}
		}, {
			"streams":	[{
					"socket":	5,
					"start":	9.00114,
					"end":	10.001132,
					"seconds":	0.9999920129776,
					"bytes":	7520,
					"bits_per_second":	60160.480503105369,
					"packets":	188,
					"omitted":	false,
					"sender":	true
				}],
			"sum":	{
				"start":	9.00114,
				"end":	10.001132,
				"seconds":	0.9999920129776,
				"bytes":	7520,
				"bits_per_second":	60160.480503105369,
				"packets":	188,
				"omitted":	false,
				"sender":	true
			}
		}, {
			"streams":	[{
					"socket":	5,
					"start":	10.001132,
					"end":	11.001133,
					"seconds":	1.0000009536743164,
					"bytes":	7480,
					"bits_per_second":	59839.94293218333,
					"packets":	187,
					"omitted":	false,
					"sender":	true
				}],
			"sum":	{
				"start":	10.001132,
				"end":	11.001133,
				"seconds":	1.0000009536743164,
				"bytes":	7480,
				"bits_per_second":	59839.94293218333,
				"packets":	187,
				"omitted":	false,
				"sender":	true
			}
		}, {
			"streams":	[{
					"socket":	5,
					"start":	11.001133,
					"end":	12.001137,
					"seconds":	1.0000040531158447,
					"bytes":	7520,
					"bits_per_second":	60159.756165539067,
					"packets":	188,
					"omitted":	false,
					"sender":	true
				}],
			"sum":	{
				"start":	11.001133,
				"end":	12.001137,
				"seconds":	1.0000040531158447,
				"bytes":	7520,
				"bits_per_second":	60159.756165539067,
				"packets":	188,
				"omitted":	false,
				"sender":	true
			}
		}, {
			"streams":	[{
					"socket":	5,
					"start":	12.001137,
					"end":	13.001137,
					"seconds":	1,
					"bytes":	7480,
					"bits_per_second":	59840,
					"packets":	187,
					"omitted":	false,
					"sender":	true
				}],
			"sum":	{
				"start":	12.001137,
				"end":	13.001137,
				"seconds":	1,
				"bytes":	7480,
				"bits_per_second":	59840,
				"packets":	187,
				"omitted":	false,
				"sender":	true
			}
		}, {
			"streams":	[{
					"socket":	5,
					"start":	13.001137,
					"end":	14.001138,
					"seconds":	1.0000009536743164,
					"bytes":	7520,
					"bits_per_second":	60159.94262700784,
					"packets":	188,
					"omitted":	false,
					"sender":	true
				}],
			"sum":	{
				"start":	13.001137,
				"end":	14.001138,
				"seconds":	1.0000009536743164,
				"bytes":	7520,
				"bits_per_second":	60159.94262700784,
				"packets":	188,
				"omitted":	false,
				"sender":	true
			}
		}, {
			"streams":	[{
					"socket":	5,
					"start":	14.001138,
					"end":	15.001145,
					"seconds":	1.0000070333480835,
					"bytes":	7480,
					"bits_per_second":	59839.579127410827,
					"packets":	187,
					"omitted":	false,
					"sender":	true
				}],
			"sum":	{
				"start":	14.001138,
				"end":	15.001145,
				"seconds":	1.0000070333480835,
				"bytes":	7480,
				"bits_per_second":	59839.579127410827,
				"packets":	187,
				"omitted":	false,
				"sender":	true
			}
		}, {
			"streams":	[{
					"socket":	5,
					"start":	15.001145,
					"end":	16.00115,
					"seconds":	1.0000050067901611,