{
	"start":	{
		"connected":	[{
				"socket":	5,
				"local_host":	"fd00::8",
				"local_port":	43597,
				"remote_host":	"fd00::2",
				"remote_port":	5123
			}],
		"version":	"iperf 3.18",
		"system_info":	"Linux RPI08 6.18.29+rpt-rpi-v7 #1 SMP Raspbian 1:6.18.29-1+rpt1 (2026-05-12) armv7l",
		"timestamp":	{
			"time":	"Wed, 20 May 2026 19:46:52 GMT",
			"timesecs":	1779306412
		},
		"connecting_to":	{
			"host":	"fd00::2",
			"port":	5123
		},
		"cookie":	"it3kjako2bqyf3q5zccfxdudvbuwkg5dmdeu",
		"target_bitrate":	10000,
		"fq_rate":	0,
		"sock_bufsize":	0,
		"sndbuf_actual":	180224,
		"rcvbuf_actual":	180224,
		"test_start":	{
			"protocol":	"UDP",
			"num_streams":	1,
			"blksize":	512,
			"omit":	0,
			"duration":	30,
			"bytes":	0,
			"blocks":	0,
			"reverse":	0,
			"tos":	0,
			"target_bitrate":	10000,
			"bidir":	0,
			"fqrate":	0,
			"interval":	1
		}
	},
	"intervals":	[{
			"streams":	[{
					"socket":	5,
					"start":	0,
					"end":	1.001148,
					"seconds":	1.001147985458374,
					"bytes":	1536,
					"bits_per_second":	12273.909730112435,
					"packets":	3,
					"omitted":	false,
					"sender":	true
				}],
			"sum":	{
				"start":	0,
				"end":	1.001148,
				"seconds":	1.001147985458374,
				"bytes":	1536,
				"bits_per_second":	12273.909730112435,
				"packets":	3,
				"omitted":	false,
				"sender":	true
			}
		}, {
			"streams":	[{
					"socket":	5,
					"start":	1.001148,
					"end":	2.001156,
					"seconds":	1.0000079870224,
					"bytes":	1024,
					"bits_per_second":	8191.9345708350838,
					"packets":	2,
					"omitted":	false,
					"sender":	true
				}],
			"sum":	{
				"start":	1.001148,
				"end":	2.001156,
				"seconds":	1.0000079870224,
				"bytes":	1024,
				"bits_per_second":	8191.9345708350838,
				"packets":	2,
				"omitted":	false,
				"sender":	true
			}
		}, {
			"streams":	[{
					"socket":	5,
					"start":	2.001156,
					"end":	3.001142,
					"seconds":	0.99998599290847778,
					"bytes":	1536,
					"bits_per_second":	12288.172121551548,
					"packets":	3,
					"omitted":	false,
					"sender":	true
				}],
			"sum":	{
				"start":	2.001156,
				"end":	3.001142,
				"seconds":	0.99998599290847778,
				"bytes":	1536,
				"bits_per_second":	12288.172121551548,
				"packets":	3,
				"omitted":	false,
				"sender":	true
			}
		}, {
			"streams":	[{
					"socket":	5,
					"start":	3.001142,
					"end":	4.001144,
					"seconds":	1.0000020265579224,
					"bytes":	1024,
					"bits_per_second":	8191.983398471144,
					"packets":	2,
					"omitted":	false,
					"sender":	true
				}],
			"sum":	{
				"start":	3.001142,
				"end":	4.001144,
				"seconds":	1.0000020265579224,
				"bytes":	1024,
				"bits_per_second":	8191.983398471144,
				"packets":	2,
				"omitted":	false,
				"sender":	true
			}
		}, {
			"streams":	[{
					"socket":	5,
					"start":	4.001144,
					"end":	5.001141,
					"seconds":	0.99999701976776123,
					"bytes":	1536,
					"bits_per_second":	12288.036621202889,
					"packets":	3,
					"omitted":	false,
					"sender":	true
				}],
			"sum":	{
				"start":	4.001144,
				"end":	5.001141,
				"seconds":	0.99999701976776123,
				"bytes":	1536,
				"bits_per_second":	12288.036621202889,
				"packets":	3,
				"omitted":	false,
				"sender":	true
			}
		}, {
			"streams":	[{
					"socket":	5,
					"start":	5.001141,
					"end":	6.00115,
					"seconds":	1.0000089406967163,
					"bytes":	1024,
					"bits_per_second":	8191.92675846733,
					"packets":	2,
					"omitted":	false,
					"sender":	true
				}],
			"sum":	{
				"start":	5.001141,
				"end":	6.00115,
				"seconds":	1.0000089406967163,
				"bytes":	1024,
				"bits_per_second":	8191.92675846733,
				"packets":	2,
				"omitted":	false,
				"sender":	true
			}
		}, {
			"streams":	[{
					"socket":	5,
					"start":	6.00115,
					"end":	7.001146,
					"seconds":	0.9999960064888,
					"bytes":	1536,
					"bits_per_second":	12288.049072461596,
					"packets":	3,
					"omitted":	false,
					"sender":	true
				}],
			"sum":	{
				"start":	6.00115,
				"end":	7.001146,
				"seconds":	0.9999960064888,
				"bytes":	1536,
				"bits_per_second":	12288.049072461596,
				"packets":	3,
				"omitted":	false,
				"sender":	true
			}
		}, {
			"streams":	[{
					"socket":	5,
					"start":	7.001146,
					"end":	8.001152,
					"seconds":	1.0000059604644775,
					"bytes":	1024,
					"bits_per_second":	8191.9511721660365,
					"packets":	2,
					"omitted":	false,
					"sender":	true
				}],
			"sum":	{
				"start":	7.001146,
				"end":	8.001152,
				"seconds":	1.0000059604644775,
				"bytes":	1024,
				"bits_per_second":	8191.9511721660365,
				"packets":	2,
				"omitted":	false,
				"sender":	true
			}
		}, {
			"streams":	[{
					"socket":	5,
					"start":	8.001152,
					"end":	9.001146,
					"seconds":	0.99999397993087769,
					"bytes":	1024,
					"bits_per_second":	8192.04931670314,
					"packets":	2,
					"omitted":	false,
					"sender":	true
				}],
			"sum":	{
				"start":	8.001152,
				"end":	9.001146,
				"seconds":	0.99999397993087769,
				"bytes":	1024,
				"bits_per_second":	8192.04931670314,
				"packets":	2,
				"omitted":	false,
				"sender":	true
			}
		}, {
			"streams":	[{
					"socket":	5,
					"start":	9.001146,
					"end":	10.001143,
					"seconds":	0.99999701976776123,
					"bytes":	1536,
					"bits_per_second":	12288.036621202889,
					"packets":	3,
					"omitted":	false,
					"sender":	true
				}],
			"sum":	{
				"start":	9.001146,
				"end":	10.001143,
				"seconds":	0.99999701976776123,
				"bytes":	1536,
				"bits_per_second":	12288.036621202889,
				"packets":	3,
				"omitted":	false,
				"sender":	true
			}
		}, {
			"streams":	[{
					"socket":	5,
					"start":	10.001143,
					"end":	11.000942,
					"seconds":	0.99979901313781738,
					"bytes":	1024,
					"bits_per_second":	8193.64681536325,
					"packets":	2,
					"omitted":	false,
					"sender":	true
				}],
			"sum":	{
				"start":	10.001143,
				"end":	11.000942,
				"seconds":	0.99979901313781738,
				"bytes":	1024,
				"bits_per_second":	8193.64681536325,
				"packets":	2,
				"omitted":	false,
				"sender":	true
			}
		}, {
			"streams":	[{
					"socket":	5,
					"start":	11.000942,
					"end":	12.001137,
					"seconds":	1.0001950263977051,
					"bytes":	1536,
					"bits_per_second":	12285.603982911582,
					"packets":	3,
					"omitted":	false,
					"sender":	true
				}],
			"sum":	{
				"start":	11.000942,
				"end":	12.001137,
				"seconds":	1.0001950263977051,
				"bytes":	1536,
				"bits_per_second":	12285.603982911582,
				"packets":	3,
				"omitted":	false,
				"sender":	true
			}
		}, {
			"streams":	[{
					"socket":	5,
					"start":	12.001137,
					"end":	13.001153,
					"seconds":	1.0000159740448,
					"bytes":	1024,
					"bits_per_second":	8191.86914271532,
					"packets":	2,
					"omitted":	false,
					"sender":	true
				}],
			"sum":	{
				"start":	12.001137,
				"end":	13.001153,
				"seconds":	1.0000159740448,
				"bytes":	1024,
				"bits_per_second":	8191.86914271532,
				"packets":	2,
				"omitted":	false,
				"sender":	true
			}
		}, {
			"streams":	[{
					"socket":	5,
					"start":	13.001153,
					"end":	14.001155,
					"seconds":	1.0000020265579224,
					"bytes":	1536,
					"bits_per_second":	12287.975097706716,
					"packets":	3,
					"omitted":	false,
					"sender":	true
				}],
			"sum":	{
				"start":	13.001153,
				"end":	14.001155,
				"seconds":	1.0000020265579224,
				"bytes":	1536,
				"bits_per_second":	12287.975097706716,
				"packets":	3,
				"omitted":	false,
				"sender":	true
			}
		}, {
			"streams":	[{
					"socket":	5,
					"start":	14.001155,
					"end":	15.001145,
					"seconds":	0.99998998641967773,
					"bytes":	1024,
					"bits_per_second":	8192.0820320714356,
					"packets":	2,
					"omitted":	false,
					"sender":	true
				}],
			"sum":	{
				"start":	14.001155,
				"end":	15.001145,
				"seconds":	0.99998998641967773,
				"bytes":	1024,
				"bits_per_second":	8192.0820320714356,
				"packets":	2,
				"omitted":	false,