{
	"start":	{
		"connected":	[{
				"socket":	5,
				"local_host":	"fd00::8",
				"local_port":	39916,
				"remote_host":	"fd00::2",
				"remote_port":	5123
			}],
		"version":	"iperf 3.18",
		"system_info":	"Linux RPI08 6.18.29+rpt-rpi-v7 #1 SMP Raspbian 1:6.18.29-1+rpt1 (2026-05-12) armv7l",
		"timestamp":	{
			"time":	"Wed, 20 May 2026 19:43:24 GMT",
			"timesecs":	1779306204
		},
		"connecting_to":	{
			"host":	"fd00::2",
			"port":	5123
		},
		"cookie":	"rcljhilqv5og4k7imj3b5n52b6c5ms3u6rgy",
		"target_bitrate":	10000,
		"fq_rate":	0,
		"sock_bufsize":	0,
		"sndbuf_actual":	180224,
		"rcvbuf_actual":	180224,
		"test_start":	{
			"protocol":	"UDP",
			"num_streams":	1,
			"blksize":	40,
			"omit":	0,
			"duration":	30,
			"bytes":	0,
			"blocks":	0,
			"reverse":	0,
			"tos":	0,
			"target_bitrate":	10000,
			"bidir":	0,
			"fqrate":	0,
			"interval":	1
		}
	},
	"intervals":	[{
			"streams":	[{
					"socket":	5,
					"start":	0,
					"end":	1.001098,
					"seconds":	1.0010980367660522,
					"bytes":	1280,
					"bits_per_second":	10228.768436185634,
					"packets":	32,
					"omitted":	false,
					"sender":	true
				}],
			"sum":	{
				"start":	0,
				"end":	1.001098,
				"seconds":	1.0010980367660522,
				"bytes":	1280,
				"bits_per_second":	10228.768436185634,
				"packets":	32,
				"omitted":	false,
				"sender":	true
			}
		}, {
			"streams":	[{
					"socket":	5,
					"start":	1.001098,
					"end":	2.001139,
					"seconds":	1.0000410079956055,
					"bytes":	1240,
					"bits_per_second":	9919.5932173649344,
					"packets":	31,
					"omitted":	false,
					"sender":	true
				}],
			"sum":	{
				"start":	1.001098,
				"end":	2.001139,
				"seconds":	1.0000410079956055,
				"bytes":	1240,
				"bits_per_second":	9919.5932173649344,
				"packets":	31,
				"omitted":	false,
				"sender":	true
			}
		}, {
			"streams":	[{
					"socket":	5,
					"start":	2.001139,
					"end":	3.001179,
					"seconds":	1.0000400543212891,
					"bytes":	1240,
					"bits_per_second":	9919.6026770473145,
					"packets":	31,
					"omitted":	false,
					"sender":	true
				}],
			"sum":	{
				"start":	2.001139,
				"end":	3.001179,
				"seconds":	1.0000400543212891,
				"bytes":	1240,
				"bits_per_second":	9919.6026770473145,
				"packets":	31,
				"omitted":	false,
				"sender":	true
			}
		}, {
			"streams":	[{
					"socket":	5,
					"start":	3.001179,
					"end":	4.001119,
					"seconds":	0.99993997812271118,
					"bytes":	1280,
					"bits_per_second":	10240.614660916539,
					"packets":	32,
					"omitted":	false,
					"sender":	true
				}],
			"sum":	{
				"start":	3.001179,
				"end":	4.001119,
				"seconds":	0.99993997812271118,
				"bytes":	1280,
				"bits_per_second":	10240.614660916539,
				"packets":	32,
				"omitted":	false,
				"sender":	true
			}
		}, {
			"streams":	[{
					"socket":	5,
					"start":	4.001119,
					"end":	5.001143,
					"seconds":	1.0000239610672,
					"bytes":	1240,
					"bits_per_second":	9919.76231190864,
					"packets":	31,
					"omitted":	false,
					"sender":	true
				}],
			"sum":	{
				"start":	4.001119,
				"end":	5.001143,
				"seconds":	1.0000239610672,
				"bytes":	1240,
				"bits_per_second":	9919.76231190864,
				"packets":	31,
				"omitted":	false,
				"sender":	true
			}
		}, {
			"streams":	[{
					"socket":	5,
					"start":	5.001143,
					"end":	6.001137,
					"seconds":	0.99999397993087769,
					"bytes":	1240,
					"bits_per_second":	9920.05971944521,
					"packets":	31,
					"omitted":	false,
					"sender":	true
				}],
			"sum":	{
				"start":	5.001143,
				"end":	6.001137,
				"seconds":	0.99999397993087769,
				"bytes":	1240,
				"bits_per_second":	9920.05971944521,
				"packets":	31,
				"omitted":	false,
				"sender":	true
			}
		}, {
			"streams":	[{
					"socket":	5,
					"start":	6.001137,
					"end":	7.001108,
					"seconds":	0.99997097253799438,
					"bytes":	1240,
					"bits_per_second":	9920.2879607818668,
					"packets":	31,
					"omitted":	false,
					"sender":	true
				}],
			"sum":	{
				"start":	6.001137,
				"end":	7.001108,
				"seconds":	0.99997097253799438,
				"bytes":	1240,
				"bits_per_second":	9920.2879607818668,
				"packets":	31,
				"omitted":	false,
				"sender":	true
			}
		}, {
			"streams":	[{
					"socket":	5,
					"start":	7.001108,
					"end":	8.001125,
					"seconds":	1.0000170469284058,
					"bytes":	1280,
					"bits_per_second":	10239.825442428795,
					"packets":	32,
					"omitted":	false,
					"sender":	true
				}],
			"sum":	{
				"start":	7.001108,
				"end":	8.001125,
				"seconds":	1.0000170469284058,
				"bytes":	1280,
				"bits_per_second":	10239.825442428795,
				"packets":	32,
				"omitted":	false,
				"sender":	true
			}
		}, {
			"streams":	[{
					"socket":	5,
					"start":	8.001125,
					"end":	9.001121,
					"seconds":	0.9999960064888,
					"bytes":	1240,
					"bits_per_second":	9920.03961578931,
					"packets":	31,
					"omitted":	false,
					"sender":	true
				}],
			"sum":	{
				"start":	8.001125,
				"end":	9.001121,
				"seconds":	0.9999960064888,
				"bytes":	1240,
				"bits_per_second":	9920.03961578931,
				"packets":	31,
				"omitted":	false,
				"sender":	true
			}
		}, {
			"streams":	[{
					"socket":	5,
					"start":	9.001121,
					"end":	10.001129,
					"seconds":	1.0000079870224,
					"bytes":	1240,
					"bits_per_second":	9919.92076937061,
					"packets":	31,
					"omitted":	false,
					"sender":	true
				}],
			"sum":	{
				"start":	9.001121,
				"end":	10.001129,
				"seconds":	1.0000079870224,
				"bytes":	1240,
				"bits_per_second":	9919.92076937061,
				"packets":	31,
				"omitted":	false,
				"sender":	true
			}
		}, {
			"streams":	[{
					"socket":	5,
					"start":	10.001129,
					"end":	11.001128,
					"seconds":	0.99999898672103882,
					"bytes":	1240,
					"bits_per_second":	9920.01005173748,
					"packets":	31,
					"omitted":	false,
					"sender":	true
				}],
			"sum":	{
				"start":	10.001129,
				"end":	11.001128,
				"seconds":	0.99999898672103882,
				"bytes":	1240,
				"bits_per_second":	9920.01005173748,
				"packets":	31,
				"omitted":	false,
				"sender":	true
			}
		}, {
			"streams":	[{
					"socket":	5,
					"start":	11.001128,
					"end":	12.001129,
					"seconds":	1.0000009536743164,
					"bytes":	1280,
					"bits_per_second":	10239.990234384313,
					"packets":	32,
					"omitted":	false,
					"sender":	true
				}],
			"sum":	{
				"start":	11.001128,
				"end":	12.001129,
				"seconds":	1.0000009536743164,
				"bytes":	1280,
				"bits_per_second":	10239.990234384313,
				"packets":	32,
				"omitted":	false,
				"sender":	true
			}
		}, {
			"streams":	[{
					"socket":	5,
					"start":	12.001129,
					"end":	13.001129,
					"seconds":	1,
					"bytes":	1240,
					"bits_per_second":	9920,
					"packets":	31,
					"omitted":	false,
					"sender":	true
				}],
			"sum":	{
				"start":	12.001129,
				"end":	13.001129,
				"seconds":	1,
				"bytes":	1240,
				"bits_per_second":	9920,
				"packets":	31,
				"omitted":	false,
				"sender":	true
			}
		}, {
			"streams":	[{
					"socket":	5,
					"start":	13.001129,
					"end":	14.001134,
					"seconds":	1.0000050067901611,
					"bytes":	1240,
					"bits_per_second":	9919.9503328902738,
					"packets":	31,
					"omitted":	false,
					"sender":	true
				}],
			"sum":	{
				"start":	13.001129,
				"end":	14.001134,
				"seconds":	1.0000050067901611,
				"bytes":	1240,
				"bits_per_second":	9919.9503328902738,
				"packets":	31,
				"omitted":	false,
				"sender":	true
			}
		}, {
			"streams":	[{
					"socket":	5,
					"start":	14.001134,
					"end":	15.001131,
					"seconds":	0.99999701976776123,
					"bytes":	1240,
					"bits_per_second":	9920.0295639919168,
					"packets":	31,
					"omitted":	false,
					"sender":	true
				}],
			"sum":	{
				"start":	14.001134,
				"end":	15.001131,
				"seconds":	0.99999701976776123,
				"bytes":	1240,
				"bits_per_second":	9920.0295639919168,
				"packets":	31,
				"omitted":	false,