{
	"start":	{
		"connected":	[{
				"socket":	5,
				"local_host":	"fd00::8",
				"local_port":	46797,
				"remote_host":	"fd00::2",
				"remote_port":	5123
			}],
		"version":	"iperf 3.18",
		"system_info":	"Linux RPI08 6.18.29+rpt-rpi-v7 #1 SMP Raspbian 1:6.18.29-1+rpt1 (2026-05-12) armv7l",
		"timestamp":	{
			"time":	"Wed, 20 May 2026 19:57:46 GMT",
			"timesecs":	1779307066
		},
		"connecting_to":	{
			"host":	"fd00::2",
			"port":	5123
		},
		"cookie":	"dt56php6lu7dm4thk6mkji4wc5j4afwdepee",
		"target_bitrate":	40000,
		"fq_rate":	0,
		"sock_bufsize":	0,
		"sndbuf_actual":	180224,
		"rcvbuf_actual":	180224,
		"test_start":	{
			"protocol":	"UDP",
			"num_streams":	1,
			"blksize":	512,
			"omit":	0,
			"duration":	30,
			"bytes":	0,
			"blocks":	0,
			"reverse":	0,
			"tos":	0,
			"target_bitrate":	40000,
			"bidir":	0,
			"fqrate":	0,
			"interval":	1
		}
	},
	"intervals":	[{
			"streams":	[{
					"socket":	5,
					"start":	0,
					"end":	1.000796,
					"seconds":	1.0007959604263306,
					"bytes":	5120,
					"bits_per_second":	40927.423390629381,
					"packets":	10,
					"omitted":	false,
					"sender":	true
				}],
			"sum":	{
				"start":	0,
				"end":	1.000796,
				"seconds":	1.0007959604263306,
				"bytes":	5120,
				"bits_per_second":	40927.423390629381,
				"packets":	10,
				"omitted":	false,
				"sender":	true
			}
		}, {
			"streams":	[{
					"socket":	5,
					"start":	1.000796,
					"end":	2.00114,
					"seconds":	1.0003440380096436,
					"bytes":	5120,
					"bits_per_second":	40945.9130495714,
					"packets":	10,
					"omitted":	false,
					"sender":	true
				}],
			"sum":	{
				"start":	1.000796,
				"end":	2.00114,
				"seconds":	1.0003440380096436,
				"bytes":	5120,
				"bits_per_second":	40945.9130495714,
				"packets":	10,
				"omitted":	false,
				"sender":	true
			}
		}, {
			"streams":	[{
					"socket":	5,
					"start":	2.00114,
					"end":	3.001145,
					"seconds":	1.0000050067901611,
					"bytes":	5120,
					"bits_per_second":	40959.794922901776,
					"packets":	10,
					"omitted":	false,
					"sender":	true
				}],
			"sum":	{
				"start":	2.00114,
				"end":	3.001145,
				"seconds":	1.0000050067901611,
				"bytes":	5120,
				"bits_per_second":	40959.794922901776,
				"packets":	10,
				"omitted":	false,
				"sender":	true
			}
		}, {
			"streams":	[{
					"socket":	5,
					"start":	3.001145,
					"end":	4.001148,
					"seconds":	1.0000029802322388,
					"bytes":	5120,
					"bits_per_second":	40959.8779300513,
					"packets":	10,
					"omitted":	false,
					"sender":	true
				}],
			"sum":	{
				"start":	3.001145,
				"end":	4.001148,
				"seconds":	1.0000029802322388,
				"bytes":	5120,
				"bits_per_second":	40959.8779300513,
				"packets":	10,
				"omitted":	false,
				"sender":	true
			}
		}, {
			"streams":	[{
					"socket":	5,
					"start":	4.001148,
					"end":	5.001146,
					"seconds":	0.99999797344207764,
					"bytes":	4608,
					"bits_per_second":	36864.074707182648,
					"packets":	9,
					"omitted":	false,
					"sender":	true
				}],
			"sum":	{
				"start":	4.001148,
				"end":	5.001146,
				"seconds":	0.99999797344207764,
				"bytes":	4608,
				"bits_per_second":	36864.074707182648,
				"packets":	9,
				"omitted":	false,
				"sender":	true
			}
		}, {
			"streams":	[{
					"socket":	5,
					"start":	5.001146,
					"end":	6.001143,
					"seconds":	0.99999701976776123,
					"bytes":	5120,
					"bits_per_second":	40960.1220706763,
					"packets":	10,
					"omitted":	false,
					"sender":	true
				}],
			"sum":	{
				"start":	5.001146,
				"end":	6.001143,
				"seconds":	0.99999701976776123,
				"bytes":	5120,
				"bits_per_second":	40960.1220706763,
				"packets":	10,
				"omitted":	false,
				"sender":	true
			}
		}, {
			"streams":	[{
					"socket":	5,
					"start":	6.001143,
					"end":	7.00114,
					"seconds":	0.99999701976776123,
					"bytes":	5120,
					"bits_per_second":	40960.1220706763,
					"packets":	10,
					"omitted":	false,
					"sender":	true
				}],
			"sum":	{
				"start":	6.001143,
				"end":	7.00114,
				"seconds":	0.99999701976776123,
				"bytes":	5120,
				"bits_per_second":	40960.1220706763,
				"packets":	10,
				"omitted":	false,
				"sender":	true
			}
		}, {
			"streams":	[{
					"socket":	5,
					"start":	7.00114,
					"end":	8.001146,
					"seconds":	1.0000059604644775,
					"bytes":	5120,
					"bits_per_second":	40959.755860830184,
					"packets":	10,
					"omitted":	false,
					"sender":	true
				}],
			"sum":	{
				"start":	7.00114,
				"end":	8.001146,
				"seconds":	1.0000059604644775,
				"bytes":	5120,
				"bits_per_second":	40959.755860830184,
				"packets":	10,
				"omitted":	false,
				"sender":	true
			}
		}, {
			"streams":	[{
					"socket":	5,
					"start":	8.001146,
					"end":	9.001193,
					"seconds":	1.000046968460083,
					"bytes":	4608,
					"bits_per_second":	36862.268636007,
					"packets":	9,
					"omitted":	false,
					"sender":	true
				}],
			"sum":	{
				"start":	8.001146,
				"end":	9.001193,
				"seconds":	1.000046968460083,
				"bytes":	4608,
				"bits_per_second":	36862.268636007,
				"packets":	9,
				"omitted":	false,
				"sender":	true
			}
		}, {
			"streams":	[{
					"socket":	5,
					"start":	9.001193,
					"end":	10.001144,
					"seconds":	0.99995100498199463,
					"bytes":	5120,
					"bits_per_second":	40962.00693426728,
					"packets":	10,
					"omitted":	false,
					"sender":	true
				}],
			"sum":	{
				"start":	9.001193,
				"end":	10.001144,
				"seconds":	0.99995100498199463,
				"bytes":	5120,
				"bits_per_second":	40962.00693426728,
				"packets":	10,
				"omitted":	false,
				"sender":	true
			}
		}, {
			"streams":	[{
					"socket":	5,
					"start":	10.001144,
					"end":	11.00114,
					"seconds":	0.9999960064888,
					"bytes":	5120,
					"bits_per_second":	40960.163574871985,
					"packets":	10,
					"omitted":	false,
					"sender":	true
				}],
			"sum":	{
				"start":	10.001144,
				"end":	11.00114,
				"seconds":	0.9999960064888,
				"bytes":	5120,
				"bits_per_second":	40960.163574871985,
				"packets":	10,
				"omitted":	false,
				"sender":	true
			}
		}, {
			"streams":	[{
					"socket":	5,
					"start":	11.00114,
					"end":	12.00114,
					"seconds":	1,
					"bytes":	5120,
					"bits_per_second":	40960,
					"packets":	10,
					"omitted":	false,
					"sender":	true
				}],
			"sum":	{
				"start":	11.00114,
				"end":	12.00114,
				"seconds":	1,
				"bytes":	5120,
				"bits_per_second":	40960,
				"packets":	10,
				"omitted":	false,
				"sender":	true
			}
		}, {
			"streams":	[{
					"socket":	5,
					"start":	12.00114,
					"end":	13.001139,
					"seconds":	0.99999898672103882,
					"bytes":	4608,
					"bits_per_second":	36864.037353553475,
					"packets":	9,
					"omitted":	false,
					"sender":	true
				}],
			"sum":	{
				"start":	12.00114,
				"end":	13.001139,
				"seconds":	0.99999898672103882,
				"bytes":	4608,
				"bits_per_second":	36864.037353553475,
				"packets":	9,
				"omitted":	false,
				"sender":	true
			}
		}, {
			"streams":	[{
					"socket":	5,
					"start":	13.001139,
					"end":	14.001138,
					"seconds":	0.99999898672103882,
					"bytes":	5120,
					"bits_per_second":	40960.0415039483,
					"packets":	10,
					"omitted":	false,
					"sender":	true
				}],
			"sum":	{
				"start":	13.001139,
				"end":	14.001138,
				"seconds":	0.99999898672103882,
				"bytes":	5120,
				"bits_per_second":	40960.0415039483,
				"packets":	10,
				"omitted":	false,
				"sender":	true
			}
		}, {
			"streams":	[{
					"socket":	5,
					"start":	14.001138,
					"end":	15.00114,
					"seconds":	1.0000020265579224,
					"bytes":	5120,
					"bits_per_second":	40959.91699235572,
					"packets":	10,
					"omitted":	false,
					"sender":	true
				}],
			"sum":	{
				"start":	14.001138,
				"end":	15.00114,
				"seconds":	1.0000020265579224,
				"bytes":	5120,
				"bits_per_second":	40959.91699235572,
				"packets":	10,
				"omitted":	false,
				"sender":	true
			}
		}, {
			"streams":	[{
					"socket":	5,