{
	"start":	{
		"connected":	[{
				"socket":	5,
				"local_host":	"fd00::8",
				"local_port":	33445,
				"remote_host":	"fd00::2",
				"remote_port":	5123
			}],
		"version":	"iperf 3.18",
		"system_info":	"Linux RPI08 6.18.29+rpt-rpi-v7 #1 SMP Raspbian 1:6.18.29-1+rpt1 (2026-05-12) armv7l",
		"timestamp":	{
			"time":	"Wed, 20 May 2026 19:57:10 GMT",
			"timesecs":	1779307030
		},
		"connecting_to":	{
			"host":	"fd00::2",
			"port":	5123
		},
		"cookie":	"hvcfalpljcmaqutk5q24ceccg4wutpxhevki",
		"target_bitrate":	40000,
		"fq_rate":	0,
		"sock_bufsize":	0,
		"sndbuf_actual":	180224,
		"rcvbuf_actual":	180224,
		"test_start":	{
			"protocol":	"UDP",
			"num_streams":	1,
			"blksize":	256,
			"omit":	0,
			"duration":	30,
			"bytes":	0,
			"blocks":	0,
			"reverse":	0,
			"tos":	0,
			"target_bitrate":	40000,
			"bidir":	0,
			"fqrate":	0,
			"interval":	1
		}
	},
	"intervals":	[{
			"streams":	[{
					"socket":	5,
					"start":	0,
					"end":	1.000784,
					"seconds":	1.0007840394973755,
					"bytes":	5120,
					"bits_per_second":	40927.9109013083,
					"packets":	20,
					"omitted":	false,
					"sender":	true
				}],
			"sum":	{
				"start":	0,
				"end":	1.000784,
				"seconds":	1.0007840394973755,
				"bytes":	5120,
				"bits_per_second":	40927.9109013083,
				"packets":	20,
				"omitted":	false,
				"sender":	true
			}
		}, {
			"streams":	[{
					"socket":	5,
					"start":	1.000784,
					"end":	2.001138,
					"seconds":	1.0003540515899658,
					"bytes":	5120,
					"bits_per_second":	40945.503179497347,
					"packets":	20,
					"omitted":	false,
					"sender":	true
				}],
			"sum":	{
				"start":	1.000784,
				"end":	2.001138,
				"seconds":	1.0003540515899658,
				"bytes":	5120,
				"bits_per_second":	40945.503179497347,
				"packets":	20,
				"omitted":	false,
				"sender":	true
			}
		}, {
			"streams":	[{
					"socket":	5,
					"start":	2.001138,
					"end":	3.00114,
					"seconds":	1.0000020265579224,
					"bytes":	4864,
					"bits_per_second":	38911.921142737934,
					"packets":	19,
					"omitted":	false,
					"sender":	true
				}],
			"sum":	{
				"start":	2.001138,
				"end":	3.00114,
				"seconds":	1.0000020265579224,
				"bytes":	4864,
				"bits_per_second":	38911.921142737934,
				"packets":	19,
				"omitted":	false,
				"sender":	true
			}
		}, {
			"streams":	[{
					"socket":	5,
					"start":	3.00114,
					"end":	4.001141,
					"seconds":	1.0000009536743164,
					"bytes":	5120,
					"bits_per_second":	40959.960937537253,
					"packets":	20,
					"omitted":	false,
					"sender":	true
				}],
			"sum":	{
				"start":	3.00114,
				"end":	4.001141,
				"seconds":	1.0000009536743164,
				"bytes":	5120,
				"bits_per_second":	40959.960937537253,
				"packets":	20,
				"omitted":	false,
				"sender":	true
			}
		}, {
			"streams":	[{
					"socket":	5,
					"start":	4.001141,
					"end":	5.001134,
					"seconds":	0.99999302625656128,
					"bytes":	4864,
					"bits_per_second":	38912.271364197113,
					"packets":	19,
					"omitted":	false,
					"sender":	true
				}],
			"sum":	{
				"start":	4.001141,
				"end":	5.001134,
				"seconds":	0.99999302625656128,
				"bytes":	4864,
				"bits_per_second":	38912.271364197113,
				"packets":	19,
				"omitted":	false,
				"sender":	true
			}
		}, {
			"streams":	[{
					"socket":	5,
					"start":	5.001134,
					"end":	6.001134,
					"seconds":	1,
					"bytes":	5120,
					"bits_per_second":	40960,
					"packets":	20,
					"omitted":	false,
					"sender":	true
				}],
			"sum":	{
				"start":	5.001134,
				"end":	6.001134,
				"seconds":	1,
				"bytes":	5120,
				"bits_per_second":	40960,
				"packets":	20,
				"omitted":	false,
				"sender":	true
			}
		}, {
			"streams":	[{
					"socket":	5,
					"start":	6.001134,
					"end":	7.001142,
					"seconds":	1.0000079870224,
					"bytes":	4864,
					"bits_per_second":	38911.689211466648,
					"packets":	19,
					"omitted":	false,
					"sender":	true
				}],
			"sum":	{
				"start":	6.001134,
				"end":	7.001142,
				"seconds":	1.0000079870224,
				"bytes":	4864,
				"bits_per_second":	38911.689211466648,
				"packets":	19,
				"omitted":	false,
				"sender":	true
			}
		}, {
			"streams":	[{
					"socket":	5,
					"start":	7.001142,
					"end":	8.001134,
					"seconds":	0.9999920129776,
					"bytes":	5120,
					"bits_per_second":	40960.327151050464,
					"packets":	20,
					"omitted":	false,
					"sender":	true
				}],
			"sum":	{
				"start":	7.001142,
				"end":	8.001134,
				"seconds":	0.9999920129776,
				"bytes":	5120,
				"bits_per_second":	40960.327151050464,
				"packets":	20,
				"omitted":	false,
				"sender":	true
			}
		}, {
			"streams":	[{
					"socket":	5,
					"start":	8.001134,
					"end":	9.001167,
					"seconds":	1.0000330209732056,
					"bytes":	4864,
					"bits_per_second":	38910.715130318269,
					"packets":	19,
					"omitted":	false,
					"sender":	true
				}],
			"sum":	{
				"start":	8.001134,
				"end":	9.001167,
				"seconds":	1.0000330209732056,
				"bytes":	4864,
				"bits_per_second":	38910.715130318269,
				"packets":	19,
				"omitted":	false,
				"sender":	true
			}
		}, {
			"streams":	[{
					"socket":	5,
					"start":	9.001167,
					"end":	10.001132,
					"seconds":	0.999965012073517,
					"bytes":	5120,
					"bits_per_second":	40961.4331556119,
					"packets":	20,
					"omitted":	false,
					"sender":	true
				}],
			"sum":	{
				"start":	9.001167,
				"end":	10.001132,
				"seconds":	0.999965012073517,
				"bytes":	5120,
				"bits_per_second":	40961.4331556119,
				"packets":	20,
				"omitted":	false,
				"sender":	true
			}
		}, {
			"streams":	[{
					"socket":	5,
					"start":	10.001132,
					"end":	11.001129,
					"seconds":	0.99999701976776123,
					"bytes":	4864,
					"bits_per_second":	38912.115967142483,
					"packets":	19,
					"omitted":	false,
					"sender":	true
				}],
			"sum":	{
				"start":	10.001132,
				"end":	11.001129,
				"seconds":	0.99999701976776123,
				"bytes":	4864,
				"bits_per_second":	38912.115967142483,
				"packets":	19,
				"omitted":	false,
				"sender":	true
			}
		}, {
			"streams":	[{
					"socket":	5,
					"start":	11.001129,
					"end":	12.001144,
					"seconds":	1.0000150203704834,
					"bytes":	5120,
					"bits_per_second":	40959.3847748659,
					"packets":	20,
					"omitted":	false,
					"sender":	true
				}],
			"sum":	{
				"start":	11.001129,
				"end":	12.001144,
				"seconds":	1.0000150203704834,
				"bytes":	5120,
				"bits_per_second":	40959.3847748659,
				"packets":	20,
				"omitted":	false,
				"sender":	true
			}
		}, {
			"streams":	[{
					"socket":	5,
					"start":	12.001144,
					"end":	13.001184,
					"seconds":	1.0000400543212891,
					"bytes":	4864,
					"bits_per_second":	38910.441468675912,
					"packets":	19,
					"omitted":	false,
					"sender":	true
				}],
			"sum":	{
				"start":	12.001144,
				"end":	13.001184,
				"seconds":	1.0000400543212891,
				"bytes":	4864,
				"bits_per_second":	38910.441468675912,
				"packets":	19,
				"omitted":	false,
				"sender":	true
			}
		}, {
			"streams":	[{
					"socket":	5,
					"start":	13.001184,
					"end":	14.001139,
					"seconds":	0.99995499849319458,
					"bytes":	5120,
					"bits_per_second":	40961.843344672037,
					"packets":	20,
					"omitted":	false,
					"sender":	true
				}],
			"sum":	{
				"start":	13.001184,
				"end":	14.001139,
				"seconds":	0.99995499849319458,
				"bytes":	5120,
				"bits_per_second":	40961.843344672037,
				"packets":	20,
				"omitted":	false,
				"sender":	true
			}
		}, {
			"streams":	[{
					"socket":	5,
					"start":	14.001139,
					"end":	15.001128,
					"seconds":	0.99998897314071655,
					"bytes":	4864,
					"bits_per_second":	38912.429081879862,
					"packets":	19,
					"omitted":	false,
					"sender":	true
				}],
			"sum":	{
				"start":	14.001139,
				"end":	15.001128,
				"seconds":	0.99998897314071655,
				"bytes":	4864,
				"bits_per_second":	38912.429081879862,
				"packets":	19,
				"omitted":	false,