{
	"start":	{
		"connected":	[{
				"socket":	5,
				"local_host":	"fd00::8",
				"local_port":	34828,
				"remote_host":	"fd00::2",
				"remote_port":	5123
			}],
		"version":	"iperf 3.18",
		"system_info":	"Linux RPI08 6.18.29+rpt-rpi-v7 #1 SMP Raspbian 1:6.18.29-1+rpt1 (2026-05-12) armv7l",
		"timestamp":	{
			"time":	"Wed, 20 May 2026 19:58:21 GMT",
			"timesecs":	1779307101
		},
		"connecting_to":	{
			"host":	"fd00::2",
			"port":	5123
		},
		"cookie":	"xrhwndpd767w2gnqe3ngv5r76l4cshchxpss",
		"target_bitrate":	40000,
		"fq_rate":	0,
		"sock_bufsize":	0,
		"sndbuf_actual":	180224,
		"rcvbuf_actual":	180224,
		"test_start":	{
			"protocol":	"UDP",
			"num_streams":	1,
			"blksize":	1024,
			"omit":	0,
			"duration":	30,
			"bytes":	0,
			"blocks":	0,
			"reverse":	0,
			"tos":	0,
			"target_bitrate":	40000,
			"bidir":	0,
			"fqrate":	0,
			"interval":	1
		}
	},
	"intervals":	[{
			"streams":	[{
					"socket":	5,
					"start":	0,
					"end":	1.000805,
					"seconds":	1.0008050203323364,
					"bytes":	5120,
					"bits_per_second":	40927.052890280713,
					"packets":	5,
					"omitted":	false,
					"sender":	true
				}],
			"sum":	{
				"start":	0,
				"end":	1.000805,
				"seconds":	1.0008050203323364,
				"bytes":	5120,
				"bits_per_second":	40927.052890280713,
				"packets":	5,
				"omitted":	false,
				"sender":	true
			}
		}, {
			"streams":	[{
					"socket":	5,
					"start":	1.000805,
					"end":	2.001138,
					"seconds":	1.0003329515457153,
					"bytes":	5120,
					"bits_per_second":	40946.3668438679,
					"packets":	5,
					"omitted":	false,
					"sender":	true
				}],
			"sum":	{
				"start":	1.000805,
				"end":	2.001138,
				"seconds":	1.0003329515457153,
				"bytes":	5120,
				"bits_per_second":	40946.3668438679,
				"packets":	5,
				"omitted":	false,
				"sender":	true
			}
		}, {
			"streams":	[{
					"socket":	5,
					"start":	2.001138,
					"end":	3.001161,
					"seconds":	1.0000230073928833,
					"bytes":	5120,
					"bits_per_second":	40959.05763886877,
					"packets":	5,
					"omitted":	false,
					"sender":	true
				}],
			"sum":	{
				"start":	2.001138,
				"end":	3.001161,
				"seconds":	1.0000230073928833,
				"bytes":	5120,
				"bits_per_second":	40959.05763886877,
				"packets":	5,
				"omitted":	false,
				"sender":	true
			}
		}, {
			"streams":	[{
					"socket":	5,
					"start":	3.001161,
					"end":	4.001194,
					"seconds":	1.0000330209732056,
					"bytes":	5120,
					"bits_per_second":	40958.647505598179,
					"packets":	5,
					"omitted":	false,
					"sender":	true
				}],
			"sum":	{
				"start":	3.001161,
				"end":	4.001194,
				"seconds":	1.0000330209732056,
				"bytes":	5120,
				"bits_per_second":	40958.647505598179,
				"packets":	5,
				"omitted":	false,
				"sender":	true
			}
		}, {
			"streams":	[{
					"socket":	5,
					"start":	4.001194,
					"end":	5.001139,
					"seconds":	0.99994498491287231,
					"bytes":	5120,
					"bits_per_second":	40962.253541947553,
					"packets":	5,
					"omitted":	false,
					"sender":	true
				}],
			"sum":	{
				"start":	4.001194,
				"end":	5.001139,
				"seconds":	0.99994498491287231,
				"bytes":	5120,
				"bits_per_second":	40962.253541947553,
				"packets":	5,
				"omitted":	false,
				"sender":	true
			}
		}, {
			"streams":	[{
					"socket":	5,
					"start":	5.001139,
					"end":	6.001151,
					"seconds":	1.0000120401382446,
					"bytes":	5120,
					"bits_per_second":	40959.5068418752,
					"packets":	5,
					"omitted":	false,
					"sender":	true
				}],
			"sum":	{
				"start":	5.001139,
				"end":	6.001151,
				"seconds":	1.0000120401382446,
				"bytes":	5120,
				"bits_per_second":	40959.5068418752,
				"packets":	5,
				"omitted":	false,
				"sender":	true
			}
		}, {
			"streams":	[{
					"socket":	5,
					"start":	6.001151,
					"end":	7.001146,
					"seconds":	0.999994993209839,
					"bytes":	5120,
					"bits_per_second":	40960.2050791518,
					"packets":	5,
					"omitted":	false,
					"sender":	true
				}],
			"sum":	{
				"start":	6.001151,
				"end":	7.001146,
				"seconds":	0.999994993209839,
				"bytes":	5120,
				"bits_per_second":	40960.2050791518,
				"packets":	5,
				"omitted":	false,
				"sender":	true
			}
		}, {
			"streams":	[{
					"socket":	5,
					"start":	7.001146,
					"end":	8.00114,
					"seconds":	0.99999397993087769,
					"bytes":	5120,
					"bits_per_second":	40960.2465835157,
					"packets":	5,
					"omitted":	false,
					"sender":	true
				}],
			"sum":	{
				"start":	7.001146,
				"end":	8.00114,
				"seconds":	0.99999397993087769,
				"bytes":	5120,
				"bits_per_second":	40960.2465835157,
				"packets":	5,
				"omitted":	false,
				"sender":	true
			}
		}, {
			"streams":	[{
					"socket":	5,
					"start":	8.00114,
					"end":	9.00115,
					"seconds":	1.0000100135803223,
					"bytes":	4096,
					"bits_per_second":	32767.671878285673,
					"packets":	4,
					"omitted":	false,
					"sender":	true
				}],
			"sum":	{
				"start":	8.00114,
				"end":	9.00115,
				"seconds":	1.0000100135803223,
				"bytes":	4096,
				"bits_per_second":	32767.671878285673,
				"packets":	4,
				"omitted":	false,
				"sender":	true
			}
		}, {
			"streams":	[{
					"socket":	5,
					"start":	9.00115,
					"end":	10.00114,
					"seconds":	0.99998998641967773,
					"bytes":	5120,
					"bits_per_second":	40960.410160357176,
					"packets":	5,
					"omitted":	false,
					"sender":	true
				}],
			"sum":	{
				"start":	9.00115,
				"end":	10.00114,
				"seconds":	0.99998998641967773,
				"bytes":	5120,
				"bits_per_second":	40960.410160357176,
				"packets":	5,
				"omitted":	false,
				"sender":	true
			}
		}, {
			"streams":	[{
					"socket":	5,
					"start":	10.00114,
					"end":	11.001136,
					"seconds":	0.9999960064888,
					"bytes":	5120,
					"bits_per_second":	40960.163574871985,
					"packets":	5,
					"omitted":	false,
					"sender":	true
				}],
			"sum":	{
				"start":	10.00114,
				"end":	11.001136,
				"seconds":	0.9999960064888,
				"bytes":	5120,
				"bits_per_second":	40960.163574871985,
				"packets":	5,
				"omitted":	false,
				"sender":	true
			}
		}, {
			"streams":	[{
					"socket":	5,
					"start":	11.001136,
					"end":	12.001137,
					"seconds":	1.0000009536743164,
					"bytes":	5120,
					"bits_per_second":	40959.960937537253,
					"packets":	5,
					"omitted":	false,
					"sender":	true
				}],
			"sum":	{
				"start":	11.001136,
				"end":	12.001137,
				"seconds":	1.0000009536743164,
				"bytes":	5120,
				"bits_per_second":	40959.960937537253,
				"packets":	5,
				"omitted":	false,
				"sender":	true
			}
		}, {
			"streams":	[{
					"socket":	5,
					"start":	12.001137,
					"end":	13.00114,
					"seconds":	1.0000029802322388,
					"bytes":	5120,
					"bits_per_second":	40959.8779300513,
					"packets":	5,
					"omitted":	false,
					"sender":	true
				}],
			"sum":	{
				"start":	12.001137,
				"end":	13.00114,
				"seconds":	1.0000029802322388,
				"bytes":	5120,
				"bits_per_second":	40959.8779300513,
				"packets":	5,
				"omitted":	false,
				"sender":	true
			}
		}, {
			"streams":	[{
					"socket":	5,
					"start":	13.00114,
					"end":	14.001143,
					"seconds":	1.0000029802322388,
					"bytes":	5120,
					"bits_per_second":	40959.8779300513,
					"packets":	5,
					"omitted":	false,
					"sender":	true
				}],
			"sum":	{
				"start":	13.00114,
				"end":	14.001143,
				"seconds":	1.0000029802322388,
				"bytes":	5120,
				"bits_per_second":	40959.8779300513,
				"packets":	5,
				"omitted":	false,
				"sender":	true
			}
		}, {
			"streams":	[{
					"socket":	5,
					"start":	14.001143,
					"end":	15.001148,
					"seconds":	1.0000050067901611,
					"bytes":	5120,
					"bits_per_second":	40959.794922901776,
					"packets":	5,
					"omitted":	false,
					"sender":	true
				}],
			"sum":	{
				"start":	14.001143,
				"end":	15.001148,
				"seconds":	1.0000050067901611,
				"bytes":	5120,
				"bits_per_second":	40959.794922901776,
				"packets":	5,
				"omitted":	false,