{
	"start":	{
		"connected":	[{
				"socket":	5,
				"local_host":	"fd00::8",
				"local_port":	34730,
				"remote_host":	"fd00::2",
				"remote_port":	5123
			}],
		"version":	"iperf 3.18",
		"system_info":	"Linux RPI08 6.18.29+rpt-rpi-v7 #1 SMP Raspbian 1:6.18.29-1+rpt1 (2026-05-12) armv7l",
		"timestamp":	{
			"time":	"Wed, 20 May 2026 19:51:31 GMT",
			"timesecs":	1779306691
		},
		"connecting_to":	{
			"host":	"fd00::2",
			"port":	5123
		},
		"cookie":	"u3e73h5kqrqytbieqo2ronjyy4ledbtvug7u",
		"target_bitrate":	30000,
		"fq_rate":	0,
		"sock_bufsize":	0,
		"sndbuf_actual":	180224,
		"rcvbuf_actual":	180224,
		"test_start":	{
			"protocol":	"UDP",
			"num_streams":	1,
			"blksize":	512,
			"omit":	0,
			"duration":	30,
			"bytes":	0,
			"blocks":	0,
			"reverse":	0,
			"tos":	0,
			"target_bitrate":	30000,
			"bidir":	0,
			"fqrate":	0,
			"interval":	1
		}
	},
	"intervals":	[{
			"streams":	[{
					"socket":	5,
					"start":	0,
					"end":	1.000814,
					"seconds":	1.0008139610290527,
					"bytes":	4096,
					"bits_per_second":	32741.349817210208,
					"packets":	8,
					"omitted":	false,
					"sender":	true
				}],
			"sum":	{
				"start":	0,
				"end":	1.000814,
				"seconds":	1.0008139610290527,
				"bytes":	4096,
				"bits_per_second":	32741.349817210208,
				"packets":	8,
				"omitted":	false,
				"sender":	true
			}
		}, {
			"streams":	[{
					"socket":	5,
					"start":	1.000814,
					"end":	2.001146,
					"seconds":	1.0003319978713989,
					"bytes":	3584,
					"bits_per_second":	28662.484116284388,
					"packets":	7,
					"omitted":	false,
					"sender":	true
				}],
			"sum":	{
				"start":	1.000814,
				"end":	2.001146,
				"seconds":	1.0003319978713989,
				"bytes":	3584,
				"bits_per_second":	28662.484116284388,
				"packets":	7,
				"omitted":	false,
				"sender":	true
			}
		}, {
			"streams":	[{
					"socket":	5,
					"start":	2.001146,
					"end":	3.00115,
					"seconds":	1.0000040531158447,
					"bytes":	3584,
					"bits_per_second":	28671.883789533513,
					"packets":	7,
					"omitted":	false,
					"sender":	true
				}],
			"sum":	{
				"start":	2.001146,
				"end":	3.00115,
				"seconds":	1.0000040531158447,
				"bytes":	3584,
				"bits_per_second":	28671.883789533513,
				"packets":	7,
				"omitted":	false,
				"sender":	true
			}
		}, {
			"streams":	[{
					"socket":	5,
					"start":	3.00115,
					"end":	4.001142,
					"seconds":	0.9999920129776,
					"bytes":	4096,
					"bits_per_second":	32768.261720840368,
					"packets":	8,
					"omitted":	false,
					"sender":	true
				}],
			"sum":	{
				"start":	3.00115,
				"end":	4.001142,
				"seconds":	0.9999920129776,
				"bytes":	4096,
				"bits_per_second":	32768.261720840368,
				"packets":	8,
				"omitted":	false,
				"sender":	true
			}
		}, {
			"streams":	[{
					"socket":	5,
					"start":	4.001142,
					"end":	5.001154,
					"seconds":	1.0000120401382446,
					"bytes":	3584,
					"bits_per_second":	28671.654789312634,
					"packets":	7,
					"omitted":	false,
					"sender":	true
				}],
			"sum":	{
				"start":	4.001142,
				"end":	5.001154,
				"seconds":	1.0000120401382446,
				"bytes":	3584,
				"bits_per_second":	28671.654789312634,
				"packets":	7,
				"omitted":	false,
				"sender":	true
			}
		}, {
			"streams":	[{
					"socket":	5,
					"start":	5.001154,
					"end":	6.001176,
					"seconds":	1.0000220537185669,
					"bytes":	3584,
					"bits_per_second":	28671.367689726041,
					"packets":	7,
					"omitted":	false,
					"sender":	true
				}],
			"sum":	{
				"start":	5.001154,
				"end":	6.001176,
				"seconds":	1.0000220537185669,
				"bytes":	3584,
				"bits_per_second":	28671.367689726041,
				"packets":	7,
				"omitted":	false,
				"sender":	true
			}
		}, {
			"streams":	[{
					"socket":	5,
					"start":	6.001176,
					"end":	7.001134,
					"seconds":	0.99995797872543335,
					"bytes":	4096,
					"bits_per_second":	32769.377010988756,
					"packets":	8,
					"omitted":	false,
					"sender":	true
				}],
			"sum":	{
				"start":	6.001176,
				"end":	7.001134,
				"seconds":	0.99995797872543335,
				"bytes":	4096,
				"bits_per_second":	32769.377010988756,
				"packets":	8,
				"omitted":	false,
				"sender":	true
			}
		}, {
			"streams":	[{
					"socket":	5,
					"start":	7.001134,
					"end":	8.001142,
					"seconds":	1.0000079870224,
					"bytes":	3584,
					"bits_per_second":	28671.7709979228,
					"packets":	7,
					"omitted":	false,
					"sender":	true
				}],
			"sum":	{
				"start":	7.001134,
				"end":	8.001142,
				"seconds":	1.0000079870224,
				"bytes":	3584,
				"bits_per_second":	28671.7709979228,
				"packets":	7,
				"omitted":	false,
				"sender":	true
			}
		}, {
			"streams":	[{
					"socket":	5,
					"start":	8.001142,
					"end":	9.001135,
					"seconds":	0.99999302625656128,
					"bytes":	3584,
					"bits_per_second":	28672.199952566294,
					"packets":	7,
					"omitted":	false,
					"sender":	true
				}],
			"sum":	{
				"start":	8.001142,
				"end":	9.001135,
				"seconds":	0.99999302625656128,
				"bytes":	3584,
				"bits_per_second":	28672.199952566294,
				"packets":	7,
				"omitted":	false,
				"sender":	true
			}
		}, {
			"streams":	[{
					"socket":	5,
					"start":	9.001135,
					"end":	10.001129,
					"seconds":	0.99999397993087769,
					"bytes":	4096,
					"bits_per_second":	32768.19726681256,
					"packets":	8,
					"omitted":	false,
					"sender":	true
				}],
			"sum":	{
				"start":	9.001135,
				"end":	10.001129,
				"seconds":	0.99999397993087769,
				"bytes":	4096,
				"bits_per_second":	32768.19726681256,
				"packets":	8,
				"omitted":	false,
				"sender":	true
			}
		}, {
			"streams":	[{
					"socket":	5,
					"start":	10.001129,
					"end":	11.001146,
					"seconds":	1.0000170469284058,
					"bytes":	3584,
					"bits_per_second":	28671.511238800627,
					"packets":	7,
					"omitted":	false,
					"sender":	true
				}],
			"sum":	{
				"start":	10.001129,
				"end":	11.001146,
				"seconds":	1.0000170469284058,
				"bytes":	3584,
				"bits_per_second":	28671.511238800627,
				"packets":	7,
				"omitted":	false,
				"sender":	true
			}
		}, {
			"streams":	[{
					"socket":	5,
					"start":	11.001146,
					"end":	12.001142,
					"seconds":	0.9999960064888,
					"bytes":	3584,
					"bits_per_second":	28672.114502410393,
					"packets":	7,
					"omitted":	false,
					"sender":	true
				}],
			"sum":	{
				"start":	11.001146,
				"end":	12.001142,
				"seconds":	0.9999960064888,
				"bytes":	3584,
				"bits_per_second":	28672.114502410393,
				"packets":	7,
				"omitted":	false,
				"sender":	true
			}
		}, {
			"streams":	[{
					"socket":	5,
					"start":	12.001142,
					"end":	13.001138,
					"seconds":	0.9999960064888,
					"bytes":	4096,
					"bits_per_second":	32768.130859897588,
					"packets":	8,
					"omitted":	false,
					"sender":	true
				}],
			"sum":	{
				"start":	12.001142,
				"end":	13.001138,
				"seconds":	0.9999960064888,
				"bytes":	4096,
				"bits_per_second":	32768.130859897588,
				"packets":	8,
				"omitted":	false,
				"sender":	true
			}
		}, {
			"streams":	[{
					"socket":	5,
					"start":	13.001138,
					"end":	14.001146,
					"seconds":	1.0000079870224,
					"bytes":	3584,
					"bits_per_second":	28671.7709979228,
					"packets":	7,
					"omitted":	false,
					"sender":	true
				}],
			"sum":	{
				"start":	13.001138,
				"end":	14.001146,
				"seconds":	1.0000079870224,
				"bytes":	3584,
				"bits_per_second":	28671.7709979228,
				"packets":	7,
				"omitted":	false,
				"sender":	true
			}
		}, {
			"streams":	[{
					"socket":	5,
					"start":	14.001146,
					"end":	15.001141,
					"seconds":	0.999994993209839,
					"bytes":	3584,
					"bits_per_second":	28672.143555406252,
					"packets":	7,
					"omitted":	false,
					"sender":	true
				}],
			"sum":	{
				"start":	14.001146,
				"end":	15.001141,
				"seconds":	0.999994993209839,
				"bytes":	3584,
				"bits_per_second":	28672.143555406252,
				"packets":	7,
				"omitted":	false,