{
	"start":	{
		"connected":	[{
				"socket":	5,
				"local_host":	"fd00::8",
				"local_port":	47476,
				"remote_host":	"fd00::2",
				"remote_port":	5123
			}],
		"version":	"iperf 3.18",
		"system_info":	"Linux RPI08 6.18.29+rpt-rpi-v7 #1 SMP Raspbian 1:6.18.29-1+rpt1 (2026-05-12) armv7l",
		"timestamp":	{
			"time":	"Wed, 20 May 2026 20:12:40 GMT",
			"timesecs":	1779307960
		},
		"connecting_to":	{
			"host":	"fd00::2",
			"port":	5123
		},
		"cookie":	"t5a4e5yllp5iyng24ow7ik4yl2xazl6yfuvi",
		"target_bitrate":	80000,
		"fq_rate":	0,
		"sock_bufsize":	0,
		"sndbuf_actual":	180224,
		"rcvbuf_actual":	180224,
		"test_start":	{
			"protocol":	"UDP",
			"num_streams":	1,
			"blksize":	40,
			"omit":	0,
			"duration":	30,
			"bytes":	0,
			"blocks":	0,
			"reverse":	0,
			"tos":	0,
			"target_bitrate":	80000,
			"bidir":	0,
			"fqrate":	0,
			"interval":	1
		}
	},
	"intervals":	[{
			"streams":	[{
					"socket":	5,
					"start":	0,
					"end":	1.001146,
					"seconds":	1.0011459589004517,
					"bytes":	10040,
					"bits_per_second":	80228.06193835575,
					"packets":	251,
					"omitted":	false,
					"sender":	true
				}],
			"sum":	{
				"start":	0,
				"end":	1.001146,
				"seconds":	1.0011459589004517,
				"bytes":	10040,
				"bits_per_second":	80228.06193835575,
				"packets":	251,
				"omitted":	false,
				"sender":	true
			}
		}, {
			"streams":	[{
					"socket":	5,
					"start":	1.001146,
					"end":	2.001155,
					"seconds":	1.0000089406967163,
					"bytes":	2680,
					"bits_per_second":	21439.808313176218,
					"packets":	68,
					"omitted":	false,
					"sender":	true
				}],
			"sum":	{
				"start":	1.001146,
				"end":	2.001155,
				"seconds":	1.0000089406967163,
				"bytes":	2680,
				"bits_per_second":	21439.808313176218,
				"packets":	68,
				"omitted":	false,
				"sender":	true
			}
		}, {
			"streams":	[{
					"socket":	5,
					"start":	2.001155,
					"end":	3.001151,
					"seconds":	0.9999960064888,
					"bytes":	8760,
					"bits_per_second":	70080.279866382538,
					"packets":	219,
					"omitted":	false,
					"sender":	true
				}],
			"sum":	{
				"start":	2.001155,
				"end":	3.001151,
				"seconds":	0.9999960064888,
				"bytes":	8760,
				"bits_per_second":	70080.279866382538,
				"packets":	219,
				"omitted":	false,
				"sender":	true
			}
		}, {
			"streams":	[{
					"socket":	5,
					"start":	3.001151,
					"end":	4.001151,
					"seconds":	1,
					"bytes":	8840,
					"bits_per_second":	70720,
					"packets":	221,
					"omitted":	false,
					"sender":	true
				}],
			"sum":	{
				"start":	3.001151,
				"end":	4.001151,
				"seconds":	1,
				"bytes":	8840,
				"bits_per_second":	70720,
				"packets":	221,
				"omitted":	false,
				"sender":	true
			}
		}, {
			"streams":	[{
					"socket":	5,
					"start":	4.001151,
					"end":	5.001153,
					"seconds":	1.0000020265579224,
					"bytes":	13400,
					"bits_per_second":	107199.782753431,
					"packets":	335,
					"omitted":	false,
					"sender":	true
				}],
			"sum":	{
				"start":	4.001151,
				"end":	5.001153,
				"seconds":	1.0000020265579224,
				"bytes":	13400,
				"bits_per_second":	107199.782753431,
				"packets":	335,
				"omitted":	false,
				"sender":	true
			}
		}, {
			"streams":	[{
					"socket":	5,
					"start":	5.001153,
					"end":	6.001153,
					"seconds":	1,
					"bytes":	9080,
					"bits_per_second":	72640,
					"packets":	227,
					"omitted":	false,
					"sender":	true
				}],
			"sum":	{
				"start":	5.001153,
				"end":	6.001153,
				"seconds":	1,
				"bytes":	9080,
				"bits_per_second":	72640,
				"packets":	227,
				"omitted":	false,
				"sender":	true
			}
		}, {
			"streams":	[{
					"socket":	5,
					"start":	6.001153,
					"end":	7.001146,
					"seconds":	0.99999302625656128,
					"bytes":	17240,
					"bits_per_second":	137920.9618254026,
					"packets":	430,
					"omitted":	false,
					"sender":	true
				}],
			"sum":	{
				"start":	6.001153,
				"end":	7.001146,
				"seconds":	0.99999302625656128,
				"bytes":	17240,
				"bits_per_second":	137920.9618254026,
				"packets":	430,
				"omitted":	false,
				"sender":	true
			}
		}, {
			"streams":	[{
					"socket":	5,
					"start":	7.001146,
					"end":	8.001144,
					"seconds":	0.99999797344207764,
					"bytes":	10000,
					"bits_per_second":	80000.162124962342,
					"packets":	250,
					"omitted":	false,
					"sender":	true
				}],
			"sum":	{
				"start":	7.001146,
				"end":	8.001144,
				"seconds":	0.99999797344207764,
				"bytes":	10000,
				"bits_per_second":	80000.162124962342,
				"packets":	250,
				"omitted":	false,
				"sender":	true
			}
		}, {
			"streams":	[{
					"socket":	5,
					"start":	8.001144,
					"end":	9.001142,
					"seconds":	0.99999797344207764,
					"bytes":	10000,
					"bits_per_second":	80000.162124962342,
					"packets":	250,
					"omitted":	false,
					"sender":	true
				}],
			"sum":	{
				"start":	8.001144,
				"end":	9.001142,
				"seconds":	0.99999797344207764,
				"bytes":	10000,
				"bits_per_second":	80000.162124962342,
				"packets":	250,
				"omitted":	false,
				"sender":	true
			}
		}, {
			"streams":	[{
					"socket":	5,
					"start":	9.001142,
					"end":	10.001136,
					"seconds":	0.99999397993087769,
					"bytes":	10000,
					"bits_per_second":	80000.4816084291,
					"packets":	250,
					"omitted":	false,
					"sender":	true
				}],
			"sum":	{
				"start":	9.001142,
				"end":	10.001136,
				"seconds":	0.99999397993087769,
				"bytes":	10000,
				"bits_per_second":	80000.4816084291,
				"packets":	250,
				"omitted":	false,
				"sender":	true
			}
		}, {
			"streams":	[{
					"socket":	5,
					"start":	10.001136,
					"end":	11.001143,
					"seconds":	1.0000070333480835,
					"bytes":	10000,
					"bits_per_second":	79999.437336110728,
					"packets":	250,
					"omitted":	false,
					"sender":	true
				}],
			"sum":	{
				"start":	10.001136,
				"end":	11.001143,
				"seconds":	1.0000070333480835,
				"bytes":	10000,
				"bits_per_second":	79999.437336110728,
				"packets":	250,
				"omitted":	false,
				"sender":	true
			}
		}, {
			"streams":	[{
					"socket":	5,
					"start":	11.001143,
					"end":	12.001146,
					"seconds":	1.0000029802322388,
					"bytes":	10000,
					"bits_per_second":	79999.761582131439,
					"packets":	250,
					"omitted":	false,
					"sender":	true
				}],
			"sum":	{
				"start":	11.001143,
				"end":	12.001146,
				"seconds":	1.0000029802322388,
				"bytes":	10000,
				"bits_per_second":	79999.761582131439,
				"packets":	250,
				"omitted":	false,
				"sender":	true
			}
		}, {
			"streams":	[{
					"socket":	5,
					"start":	12.001146,
					"end":	13.001129,
					"seconds":	0.999983012676239,
					"bytes":	10000,
					"bits_per_second":	80001.3590089868,
					"packets":	250,
					"omitted":	false,
					"sender":	true
				}],
			"sum":	{
				"start":	12.001146,
				"end":	13.001129,
				"seconds":	0.999983012676239,
				"bytes":	10000,
				"bits_per_second":	80001.3590089868,
				"packets":	250,
				"omitted":	false,
				"sender":	true
			}
		}, {
			"streams":	[{
					"socket":	5,
					"start":	13.001129,
					"end":	14.001128,
					"seconds":	0.99999898672103882,
					"bytes":	10000,
					"bits_per_second":	80000.08106239904,
					"packets":	250,
					"omitted":	false,
					"sender":	true
				}],
			"sum":	{
				"start":	13.001129,
				"end":	14.001128,
				"seconds":	0.99999898672103882,
				"bytes":	10000,
				"bits_per_second":	80000.08106239904,
				"packets":	250,
				"omitted":	false,
				"sender":	true
			}
		}, {
			"streams":	[{
					"socket":	5,
					"start":	14.001128,
					"end":	15.001143,
					"seconds":	1.0000150203704834,
					"bytes":	10000,
					"bits_per_second":	79998.79838841,
					"packets":	250,
					"omitted":	false,
					"sender":	true
				}],
			"sum":	{
				"start":	14.001128,
				"end":	15.001143,
				"seconds":	1.0000150203704834,
				"bytes":	10000,
				"bits_per_second":	79998.79838841,
				"packets":	250,
				"omitted":	false,
				"sender":	true
			}
		}, {
			"streams":	[{
					"socket":	5,