{
	"start":	{
		"connected":	[{
				"socket":	5,
				"local_host":	"fd00::8",
				"local_port":	47124,
				"remote_host":	"fd00::2",
				"remote_port":	5123
			}],
		"version":	"iperf 3.18",
		"system_info":	"Linux RPI08 6.18.29+rpt-rpi-v7 #1 SMP Raspbian 1:6.18.29-1+rpt1 (2026-05-12) armv7l",
		"timestamp":	{
			"time":	"Wed, 20 May 2026 19:50:55 GMT",
			"timesecs":	1779306655
		},
		"connecting_to":	{
			"host":	"fd00::2",
			"port":	5123
		},
		"cookie":	"4anxn6z5ys6r5z55ndkprmac6bnwsbebmllj",
		"target_bitrate":	30000,
		"fq_rate":	0,
		"sock_bufsize":	0,
		"sndbuf_actual":	180224,
		"rcvbuf_actual":	180224,
		"test_start":	{
			"protocol":	"UDP",
			"num_streams":	1,
			"blksize":	256,
			"omit":	0,
			"duration":	30,
			"bytes":	0,
			"blocks":	0,
			"reverse":	0,
			"tos":	0,
			"target_bitrate":	30000,
			"bidir":	0,
			"fqrate":	0,
			"interval":	1
		}
	},
	"intervals":	[{
			"streams":	[{
					"socket":	5,
					"start":	0,
					"end":	1.001149,
					"seconds":	1.00114905834198,
					"bytes":	3840,
					"bits_per_second":	30684.741441874714,
					"packets":	15,
					"omitted":	false,
					"sender":	true
				}],
			"sum":	{
				"start":	0,
				"end":	1.001149,
				"seconds":	1.00114905834198,
				"bytes":	3840,
				"bits_per_second":	30684.741441874714,
				"packets":	15,
				"omitted":	false,
				"sender":	true
			}
		}, {
			"streams":	[{
					"socket":	5,
					"start":	1.001149,
					"end":	2.001143,
					"seconds":	0.99999397993087769,
					"bytes":	3840,
					"bits_per_second":	30720.184937636775,
					"packets":	15,
					"omitted":	false,
					"sender":	true
				}],
			"sum":	{
				"start":	1.001149,
				"end":	2.001143,
				"seconds":	0.99999397993087769,
				"bytes":	3840,
				"bits_per_second":	30720.184937636775,
				"packets":	15,
				"omitted":	false,
				"sender":	true
			}
		}, {
			"streams":	[{
					"socket":	5,
					"start":	2.001143,
					"end":	3.001154,
					"seconds":	1.0000109672546387,
					"bytes":	3584,
					"bits_per_second":	28671.685550323651,
					"packets":	14,
					"omitted":	false,
					"sender":	true
				}],
			"sum":	{
				"start":	2.001143,
				"end":	3.001154,
				"seconds":	1.0000109672546387,
				"bytes":	3584,
				"bits_per_second":	28671.685550323651,
				"packets":	14,
				"omitted":	false,
				"sender":	true
			}
		}, {
			"streams":	[{
					"socket":	5,
					"start":	3.001154,
					"end":	4.001141,
					"seconds":	0.999987006187439,
					"bytes":	3840,
					"bits_per_second":	30720.399175108683,
					"packets":	15,
					"omitted":	false,
					"sender":	true
				}],
			"sum":	{
				"start":	3.001154,
				"end":	4.001141,
				"seconds":	0.999987006187439,
				"bytes":	3840,
				"bits_per_second":	30720.399175108683,
				"packets":	15,
				"omitted":	false,
				"sender":	true
			}
		}, {
			"streams":	[{
					"socket":	5,
					"start":	4.001141,
					"end":	5.001151,
					"seconds":	1.0000100135803223,
					"bytes":	3840,
					"bits_per_second":	30719.69238589282,
					"packets":	15,
					"omitted":	false,
					"sender":	true
				}],
			"sum":	{
				"start":	4.001141,
				"end":	5.001151,
				"seconds":	1.0000100135803223,
				"bytes":	3840,
				"bits_per_second":	30719.69238589282,
				"packets":	15,
				"omitted":	false,
				"sender":	true
			}
		}, {
			"streams":	[{
					"socket":	5,
					"start":	5.001151,
					"end":	6.00114,
					"seconds":	0.99998897314071655,
					"bytes":	3584,
					"bits_per_second":	28672.31616559569,
					"packets":	14,
					"omitted":	false,
					"sender":	true
				}],
			"sum":	{
				"start":	5.001151,
				"end":	6.00114,
				"seconds":	0.99998897314071655,
				"bytes":	3584,
				"bits_per_second":	28672.31616559569,
				"packets":	14,
				"omitted":	false,
				"sender":	true
			}
		}, {
			"streams":	[{
					"socket":	5,
					"start":	6.00114,
					"end":	7.001139,
					"seconds":	0.99999898672103882,
					"bytes":	3840,
					"bits_per_second":	30720.031127961229,
					"packets":	15,
					"omitted":	false,
					"sender":	true
				}],
			"sum":	{
				"start":	6.00114,
				"end":	7.001139,
				"seconds":	0.99999898672103882,
				"bytes":	3840,
				"bits_per_second":	30720.031127961229,
				"packets":	15,
				"omitted":	false,
				"sender":	true
			}
		}, {
			"streams":	[{
					"socket":	5,
					"start":	7.001139,
					"end":	8.00114,
					"seconds":	1.0000009536743164,
					"bytes":	3840,
					"bits_per_second":	30719.97070315294,
					"packets":	15,
					"omitted":	false,
					"sender":	true
				}],
			"sum":	{
				"start":	7.001139,
				"end":	8.00114,
				"seconds":	1.0000009536743164,
				"bytes":	3840,
				"bits_per_second":	30719.97070315294,
				"packets":	15,
				"omitted":	false,
				"sender":	true
			}
		}, {
			"streams":	[{
					"socket":	5,
					"start":	8.00114,
					"end":	9.001142,
					"seconds":	1.0000020265579224,
					"bytes":	3584,
					"bits_per_second":	28671.941894649,
					"packets":	14,
					"omitted":	false,
					"sender":	true
				}],
			"sum":	{
				"start":	8.00114,
				"end":	9.001142,
				"seconds":	1.0000020265579224,
				"bytes":	3584,
				"bits_per_second":	28671.941894649,
				"packets":	14,
				"omitted":	false,
				"sender":	true
			}
		}, {
			"streams":	[{
					"socket":	5,
					"start":	9.001142,
					"end":	10.001174,
					"seconds":	1.0000319480895996,
					"bytes":	3840,
					"bits_per_second":	30719.0185860418,
					"packets":	15,
					"omitted":	false,
					"sender":	true
				}],
			"sum":	{
				"start":	9.001142,
				"end":	10.001174,
				"seconds":	1.0000319480895996,
				"bytes":	3840,
				"bits_per_second":	30719.0185860418,
				"packets":	15,
				"omitted":	false,
				"sender":	true
			}
		}, {
			"streams":	[{
					"socket":	5,
					"start":	10.001174,
					"end":	11.001154,
					"seconds":	0.99997997283935547,
					"bytes":	3840,
					"bits_per_second":	30720.615246696645,
					"packets":	15,
					"omitted":	false,
					"sender":	true
				}],
			"sum":	{
				"start":	10.001174,
				"end":	11.001154,
				"seconds":	0.99997997283935547,
				"bytes":	3840,
				"bits_per_second":	30720.615246696645,
				"packets":	15,
				"omitted":	false,
				"sender":	true
			}
		}, {
			"streams":	[{
					"socket":	5,
					"start":	11.001154,
					"end":	12.001139,
					"seconds":	0.9999849796295166,
					"bytes":	3584,
					"bits_per_second":	28672.430670531332,
					"packets":	14,
					"omitted":	false,
					"sender":	true
				}],
			"sum":	{
				"start":	11.001154,
				"end":	12.001139,
				"seconds":	0.9999849796295166,
				"bytes":	3584,
				"bits_per_second":	28672.430670531332,
				"packets":	14,
				"omitted":	false,
				"sender":	true
			}
		}, {
			"streams":	[{
					"socket":	5,
					"start":	12.001139,
					"end":	13.001136,
					"seconds":	0.99999701976776123,
					"bytes":	3840,
					"bits_per_second":	30720.091553007223,
					"packets":	15,
					"omitted":	false,
					"sender":	true
				}],
			"sum":	{
				"start":	12.001139,
				"end":	13.001136,
				"seconds":	0.99999701976776123,
				"bytes":	3840,
				"bits_per_second":	30720.091553007223,
				"packets":	15,
				"omitted":	false,
				"sender":	true
			}
		}, {
			"streams":	[{
					"socket":	5,
					"start":	13.001136,
					"end":	14.001132,
					"seconds":	0.9999960064888,
					"bytes":	3840,
					"bits_per_second":	30720.122681153993,
					"packets":	15,
					"omitted":	false,
					"sender":	true
				}],
			"sum":	{
				"start":	13.001136,
				"end":	14.001132,
				"seconds":	0.9999960064888,
				"bytes":	3840,
				"bits_per_second":	30720.122681153993,
				"packets":	15,
				"omitted":	false,
				"sender":	true
			}
		}, {
			"streams":	[{
					"socket":	5,
					"start":	14.001132,
					"end":	15.001143,
					"seconds":	1.0000109672546387,
					"bytes":	3584,
					"bits_per_second":	28671.685550323651,
					"packets":	14,
					"omitted":	false,
					"sender":	true
				}],
			"sum":	{
				"start":	14.001132,
				"end":	15.001143,
				"seconds":	1.0000109672546387,
				"bytes":	3584,
				"bits_per_second":	28671.685550323651,
				"packets":	14,