{
	"start":	{
		"connected":	[{
				"socket":	5,
				"local_host":	"fd00::8",
				"local_port":	60757,
				"remote_host":	"fd00::2",
				"remote_port":	5123
			}],
		"version":	"iperf 3.18",
		"system_info":	"Linux RPI08 6.18.29+rpt-rpi-v7 #1 SMP Raspbian 1:6.18.29-1+rpt1 (2026-05-12) armv7l",
		"timestamp":	{
			"time":	"Wed, 20 May 2026 20:00:14 GMT",
			"timesecs":	1779307214
		},
		"connecting_to":	{
			"host":	"fd00::2",
			"port":	5123
		},
		"cookie":	"a2kl5fg4w6gsm34nhsjlnfqfrvsg5blvg2xg",
		"target_bitrate":	50000,
		"fq_rate":	0,
		"sock_bufsize":	0,
		"sndbuf_actual":	180224,
		"rcvbuf_actual":	180224,
		"test_start":	{
			"protocol":	"UDP",
			"num_streams":	1,
			"blksize":	40,
			"omit":	0,
			"duration":	30,
			"bytes":	0,
			"blocks":	0,
			"reverse":	0,
			"tos":	0,
			"target_bitrate":	50000,
			"bidir":	0,
			"fqrate":	0,
			"interval":	1
		}
	},
	"intervals":	[{
			"streams":	[{
					"socket":	5,
					"start":	0,
					"end":	1.00113,
					"seconds":	1.0011299848556519,
					"bytes":	6280,
					"bits_per_second":	50183.293638182127,
					"packets":	157,
					"omitted":	false,
					"sender":	true
				}],
			"sum":	{
				"start":	0,
				"end":	1.00113,
				"seconds":	1.0011299848556519,
				"bytes":	6280,
				"bits_per_second":	50183.293638182127,
				"packets":	157,
				"omitted":	false,
				"sender":	true
			}
		}, {
			"streams":	[{
					"socket":	5,
					"start":	1.00113,
					"end":	2.001133,
					"seconds":	1.0000029802322388,
					"bytes":	6240,
					"bits_per_second":	49919.851227250016,
					"packets":	156,
					"omitted":	false,
					"sender":	true
				}],
			"sum":	{
				"start":	1.00113,
				"end":	2.001133,
				"seconds":	1.0000029802322388,
				"bytes":	6240,
				"bits_per_second":	49919.851227250016,
				"packets":	156,
				"omitted":	false,
				"sender":	true
			}
		}, {
			"streams":	[{
					"socket":	5,
					"start":	2.001133,
					"end":	3.001138,
					"seconds":	1.0000050067901611,
					"bytes":	6240,
					"bits_per_second":	49919.750062286541,
					"packets":	156,
					"omitted":	false,
					"sender":	true
				}],
			"sum":	{
				"start":	2.001133,
				"end":	3.001138,
				"seconds":	1.0000050067901611,
				"bytes":	6240,
				"bits_per_second":	49919.750062286541,
				"packets":	156,
				"omitted":	false,
				"sender":	true
			}
		}, {
			"streams":	[{
					"socket":	5,
					"start":	3.001138,
					"end":	4.000204,
					"seconds":	0.99906599521636963,
					"bytes":	6280,
					"bits_per_second":	50286.968268917437,
					"packets":	157,
					"omitted":	false,
					"sender":	true
				}],
			"sum":	{
				"start":	3.001138,
				"end":	4.000204,
				"seconds":	0.99906599521636963,
				"bytes":	6280,
				"bits_per_second":	50286.968268917437,
				"packets":	157,
				"omitted":	false,
				"sender":	true
			}
		}, {
			"streams":	[{
					"socket":	5,
					"start":	4.000204,
					"end":	5.000198,
					"seconds":	0.99999397993087769,
					"bytes":	6240,
					"bits_per_second":	49920.30052365976,
					"packets":	156,
					"omitted":	false,
					"sender":	true
				}],
			"sum":	{
				"start":	4.000204,
				"end":	5.000198,
				"seconds":	0.99999397993087769,
				"bytes":	6240,
				"bits_per_second":	49920.30052365976,
				"packets":	156,
				"omitted":	false,
				"sender":	true
			}
		}, {
			"streams":	[{
					"socket":	5,
					"start":	5.000198,
					"end":	6.001142,
					"seconds":	1.0009440183639526,
					"bytes":	6240,
					"bits_per_second":	49872.919048554242,
					"packets":	156,
					"omitted":	false,
					"sender":	true
				}],
			"sum":	{
				"start":	5.000198,
				"end":	6.001142,
				"seconds":	1.0009440183639526,
				"bytes":	6240,
				"bits_per_second":	49872.919048554242,
				"packets":	156,
				"omitted":	false,
				"sender":	true
			}
		}, {
			"streams":	[{
					"socket":	5,
					"start":	6.001142,
					"end":	7.001139,
					"seconds":	0.99999701976776123,
					"bytes":	6240,
					"bits_per_second":	49920.148773636742,
					"packets":	156,
					"omitted":	false,
					"sender":	true
				}],
			"sum":	{
				"start":	6.001142,
				"end":	7.001139,
				"seconds":	0.99999701976776123,
				"bytes":	6240,
				"bits_per_second":	49920.148773636742,
				"packets":	156,
				"omitted":	false,
				"sender":	true
			}
		}, {
			"streams":	[{
					"socket":	5,
					"start":	7.001139,
					"end":	8.001149,
					"seconds":	1.0000100135803223,
					"bytes":	6280,
					"bits_per_second":	50239.496922762213,
					"packets":	157,
					"omitted":	false,
					"sender":	true
				}],
			"sum":	{
				"start":	7.001139,
				"end":	8.001149,
				"seconds":	1.0000100135803223,
				"bytes":	6280,
				"bits_per_second":	50239.496922762213,
				"packets":	157,
				"omitted":	false,
				"sender":	true
			}
		}, {
			"streams":	[{
					"socket":	5,
					"start":	8.001149,
					"end":	9.001138,
					"seconds":	0.99998897314071655,
					"bytes":	6240,
					"bits_per_second":	49920.550466885354,
					"packets":	156,
					"omitted":	false,
					"sender":	true
				}],
			"sum":	{
				"start":	8.001149,
				"end":	9.001138,
				"seconds":	0.99998897314071655,
				"bytes":	6240,
				"bits_per_second":	49920.550466885354,
				"packets":	156,
				"omitted":	false,
				"sender":	true
			}
		}, {
			"streams":	[{
					"socket":	5,
					"start":	9.001138,
					"end":	10.001148,
					"seconds":	1.0000100135803223,
					"bytes":	6240,
					"bits_per_second":	49919.500127075829,
					"packets":	156,
					"omitted":	false,
					"sender":	true
				}],
			"sum":	{
				"start":	9.001138,
				"end":	10.001148,
				"seconds":	1.0000100135803223,
				"bytes":	6240,
				"bits_per_second":	49919.500127075829,
				"packets":	156,
				"omitted":	false,
				"sender":	true
			}
		}, {
			"streams":	[{
					"socket":	5,
					"start":	10.001148,
					"end":	11.001148,
					"seconds":	1,
					"bytes":	6240,
					"bits_per_second":	49920,
					"packets":	156,
					"omitted":	false,
					"sender":	true
				}],
			"sum":	{
				"start":	10.001148,
				"end":	11.001148,
				"seconds":	1,
				"bytes":	6240,
				"bits_per_second":	49920,
				"packets":	156,
				"omitted":	false,
				"sender":	true
			}
		}, {
			"streams":	[{
					"socket":	5,
					"start":	11.001148,
					"end":	12.00114,
					"seconds":	0.9999920129776,
					"bytes":	6280,
					"bits_per_second":	50240.401271210336,
					"packets":	157,
					"omitted":	false,
					"sender":	true
				}],
			"sum":	{
				"start":	11.001148,
				"end":	12.00114,
				"seconds":	0.9999920129776,
				"bytes":	6280,
				"bits_per_second":	50240.401271210336,
				"packets":	157,
				"omitted":	false,
				"sender":	true
			}
		}, {
			"streams":	[{
					"socket":	5,
					"start":	12.00114,
					"end":	13.000166,
					"seconds":	0.99902600049972534,
					"bytes":	6240,
					"bits_per_second":	49968.669459082535,
					"packets":	156,
					"omitted":	false,
					"sender":	true
				}],
			"sum":	{
				"start":	12.00114,
				"end":	13.000166,
				"seconds":	0.99902600049972534,
				"bytes":	6240,
				"bits_per_second":	49968.669459082535,
				"packets":	156,
				"omitted":	false,
				"sender":	true
			}
		}, {
			"streams":	[{
					"socket":	5,
					"start":	13.000166,
					"end":	14.000163,
					"seconds":	0.99999701976776123,
					"bytes":	6240,
					"bits_per_second":	49920.148773636742,
					"packets":	156,
					"omitted":	false,
					"sender":	true
				}],
			"sum":	{
				"start":	13.000166,
				"end":	14.000163,
				"seconds":	0.99999701976776123,
				"bytes":	6240,
				"bits_per_second":	49920.148773636742,
				"packets":	156,
				"omitted":	false,
				"sender":	true
			}
		}, {
			"streams":	[{
					"socket":	5,
					"start":	14.000163,
					"end":	15.000174,
					"seconds":	1.0000109672546387,
					"bytes":	6240,
					"bits_per_second":	49919.452520652783,
					"packets":	156,
					"omitted":	false,
					"sender":	true
				}],
			"sum":	{
				"start":	14.000163,
				"end":	15.000174,
				"seconds":	1.0000109672546387,
				"bytes":	6240,
				"bits_per_second":	49919.452520652783,
				"packets":	156,
				"omitted":	false,