{
	"start":	{
		"connected":	[{
				"socket":	5,
				"local_host":	"fd00::2",
				"local_port":	43349,
				"remote_host":	"fd00::4",
				"remote_port":	5124
			}],
		"version":	"iperf 3.18",
		"system_info":	"Linux rpi02 6.12.75+rpt-rpi-v6 #1 Raspbian 1:6.12.75-1+rpt1 (2026-03-11) armv6l",
		"timestamp":	{
			"time":	"Fri, 15 May 2026 19:50:25 GMT",
			"timesecs":	1778874625
		},
		"connecting_to":	{
			"host":	"fd00::4",
			"port":	5124
		},
		"cookie":	"363elusyeudk6kpoozthd6fiiuckasowbzp6",
		"target_bitrate":	30000,
		"fq_rate":	0,
		"sock_bufsize":	0,
		"sndbuf_actual":	180224,
		"rcvbuf_actual":	180224,
		"test_start":	{
			"protocol":	"UDP",
			"num_streams":	1,
			"blksize":	256,
			"omit":	0,
			"duration":	30,
			"bytes":	0,
			"blocks":	0,
			"reverse":	0,
			"tos":	0,
			"target_bitrate":	30000,
			"bidir":	0,
			"fqrate":	0,
			"interval":	1
		}
	},
	"intervals":	[{
			"streams":	[{
					"socket":	5,
					"start":	0,
					"end":	1.001183,
					"seconds":	1.001183032989502,
					"bytes":	3840,
					"bits_per_second":	30683.70017045836,
					"packets":	15,
					"omitted":	false,
					"sender":	true
				}],
			"sum":	{
				"start":	0,
				"end":	1.001183,
				"seconds":	1.001183032989502,
				"bytes":	3840,
				"bits_per_second":	30683.70017045836,
				"packets":	15,
				"omitted":	false,
				"sender":	true
			}
		}, {
			"streams":	[{
					"socket":	5,
					"start":	1.001183,
					"end":	2.001238,
					"seconds":	1.0000549554824829,
					"bytes":	3840,
					"bits_per_second":	30718.311860350655,
					"packets":	15,
					"omitted":	false,
					"sender":	true
				}],
			"sum":	{
				"start":	1.001183,
				"end":	2.001238,
				"seconds":	1.0000549554824829,
				"bytes":	3840,
				"bits_per_second":	30718.311860350655,
				"packets":	15,
				"omitted":	false,
				"sender":	true
			}
		}, {
			"streams":	[{
					"socket":	5,
					"start":	2.001238,
					"end":	3.001237,
					"seconds":	0.99999898672103882,
					"bytes":	3584,
					"bits_per_second":	28672.029052763814,
					"packets":	14,
					"omitted":	false,
					"sender":	true
				}],
			"sum":	{
				"start":	2.001238,
				"end":	3.001237,
				"seconds":	0.99999898672103882,
				"bytes":	3584,
				"bits_per_second":	28672.029052763814,
				"packets":	14,
				"omitted":	false,
				"sender":	true
			}
		}, {
			"streams":	[{
					"socket":	5,
					"start":	3.001237,
					"end":	4.001244,
					"seconds":	1.0000070333480835,
					"bytes":	3840,
					"bits_per_second":	30719.783937066521,
					"packets":	15,
					"omitted":	false,
					"sender":	true
				}],
			"sum":	{
				"start":	3.001237,
				"end":	4.001244,
				"seconds":	1.0000070333480835,
				"bytes":	3840,
				"bits_per_second":	30719.783937066521,
				"packets":	15,
				"omitted":	false,
				"sender":	true
			}
		}, {
			"streams":	[{
					"socket":	5,
					"start":	4.001244,
					"end":	5.0013,
					"seconds":	1.0000560283660889,
					"bytes":	3840,
					"bits_per_second":	30718.27890502389,
					"packets":	15,
					"omitted":	false,
					"sender":	true
				}],
			"sum":	{
				"start":	4.001244,
				"end":	5.0013,
				"seconds":	1.0000560283660889,
				"bytes":	3840,
				"bits_per_second":	30718.27890502389,
				"packets":	15,
				"omitted":	false,
				"sender":	true
			}
		}, {
			"streams":	[{
					"socket":	5,
					"start":	5.0013,
					"end":	6.001253,
					"seconds":	0.99995297193527222,
					"bytes":	3584,
					"bits_per_second":	28673.348452086968,
					"packets":	14,
					"omitted":	false,
					"sender":	true
				}],
			"sum":	{
				"start":	5.0013,
				"end":	6.001253,
				"seconds":	0.99995297193527222,
				"bytes":	3584,
				"bits_per_second":	28673.348452086968,
				"packets":	14,
				"omitted":	false,
				"sender":	true
			}
		}, {
			"streams":	[{
					"socket":	5,
					"start":	6.001253,
					"end":	7.001233,
					"seconds":	0.99997997283935547,
					"bytes":	3840,
					"bits_per_second":	30720.615246696645,
					"packets":	15,
					"omitted":	false,
					"sender":	true
				}],
			"sum":	{
				"start":	6.001253,
				"end":	7.001233,
				"seconds":	0.99997997283935547,
				"bytes":	3840,
				"bits_per_second":	30720.615246696645,
				"packets":	15,
				"omitted":	false,
				"sender":	true
			}
		}, {
			"streams":	[{
					"socket":	5,
					"start":	7.001233,
					"end":	8.001238,
					"seconds":	1.0000050067901611,
					"bytes":	3840,
					"bits_per_second":	30719.846192176334,
					"packets":	15,
					"omitted":	false,
					"sender":	true
				}],
			"sum":	{
				"start":	7.001233,
				"end":	8.001238,
				"seconds":	1.0000050067901611,
				"bytes":	3840,
				"bits_per_second":	30719.846192176334,
				"packets":	15,
				"omitted":	false,
				"sender":	true
			}
		}, {
			"streams":	[{
					"socket":	5,
					"start":	8.001238,
					"end":	9.001237,
					"seconds":	0.99999898672103882,
					"bytes":	3584,
					"bits_per_second":	28672.029052763814,
					"packets":	14,
					"omitted":	false,
					"sender":	true
				}],
			"sum":	{
				"start":	8.001238,
				"end":	9.001237,
				"seconds":	0.99999898672103882,
				"bytes":	3584,
				"bits_per_second":	28672.029052763814,
				"packets":	14,
				"omitted":	false,
				"sender":	true
			}
		}, {
			"streams":	[{
					"socket":	5,
					"start":	9.001237,
					"end":	10.00124,
					"seconds":	1.0000029802322388,
					"bytes":	3840,
					"bits_per_second":	30719.908447538473,
					"packets":	15,
					"omitted":	false,
					"sender":	true
				}],
			"sum":	{
				"start":	9.001237,
				"end":	10.00124,
				"seconds":	1.0000029802322388,
				"bytes":	3840,
				"bits_per_second":	30719.908447538473,
				"packets":	15,
				"omitted":	false,
				"sender":	true
			}
		}, {
			"streams":	[{
					"socket":	5,
					"start":	10.00124,
					"end":	11.00124,
					"seconds":	1,
					"bytes":	3840,
					"bits_per_second":	30720,
					"packets":	15,
					"omitted":	false,
					"sender":	true
				}],
			"sum":	{
				"start":	10.00124,
				"end":	11.00124,
				"seconds":	1,
				"bytes":	3840,
				"bits_per_second":	30720,
				"packets":	15,
				"omitted":	false,
				"sender":	true
			}
		}, {
			"streams":	[{
					"socket":	5,
					"start":	11.00124,
					"end":	12.00124,
					"seconds":	1,
					"bytes":	3584,
					"bits_per_second":	28672,
					"packets":	14,
					"omitted":	false,
					"sender":	true
				}],
			"sum":	{
				"start":	11.00124,
				"end":	12.00124,
				"seconds":	1,
				"bytes":	3584,
				"bits_per_second":	28672,
				"packets":	14,
				"omitted":	false,
				"sender":	true
			}
		}, {
			"streams":	[{
					"socket":	5,
					"start":	12.00124,
					"end":	13.001236,
					"seconds":	0.9999960064888,
					"bytes":	3840,
					"bits_per_second":	30720.122681153993,
					"packets":	15,
					"omitted":	false,
					"sender":	true
				}],
			"sum":	{
				"start":	12.00124,
				"end":	13.001236,
				"seconds":	0.9999960064888,
				"bytes":	3840,
				"bits_per_second":	30720.122681153993,
				"packets":	15,
				"omitted":	false,
				"sender":	true
			}
		}, {
			"streams":	[{
					"socket":	5,
					"start":	13.001236,
					"end":	14.001235,
					"seconds":	0.99999898672103882,
					"bytes":	3840,
					"bits_per_second":	30720.031127961229,
					"packets":	15,
					"omitted":	false,
					"sender":	true
				}],
			"sum":	{
				"start":	13.001236,
				"end":	14.001235,
				"seconds":	0.99999898672103882,
				"bytes":	3840,
				"bits_per_second":	30720.031127961229,
				"packets":	15,
				"omitted":	false,
				"sender":	true
			}
		}, {
			"streams":	[{
					"socket":	5,
					"start":	14.001235,
					"end":	15.001242,
					"seconds":	1.0000070333480835,
					"bytes":	3584,
					"bits_per_second":	28671.798341262085,
					"packets":	14,
					"omitted":	false,
					"sender":	true
				}],
			"sum":	{
				"start":	14.001235,
				"end":	15.001242,
				"seconds":	1.0000070333480835,
				"bytes":	3584,
				"bits_per_second":	28671.798341262085,
				"packets":	14,
				"omitted":	false,
				"sender":	true
			}
		}, {
			"streams":	[{
					"socket":	5,
					"start":	15.001242,
					"end":	16.00124,