{
	"start":	{
		"connected":	[{
				"socket":	5,
				"local_host":	"fd00::2",
				"local_port":	52929,
				"remote_host":	"fd00::4",
				"remote_port":	5124
			}],
		"version":	"iperf 3.18",
		"system_info":	"Linux rpi02 6.12.75+rpt-rpi-v6 #1 Raspbian 1:6.12.75-1+rpt1 (2026-03-11) armv6l",
		"timestamp":	{
			"time":	"Fri, 15 May 2026 19:55:19 GMT",
			"timesecs":	1778874919
		},
		"connecting_to":	{
			"host":	"fd00::4",
			"port":	5124
		},
		"cookie":	"iysbfc5uxbpue5wvlhj52oizvgcvrph666r4",
		"target_bitrate":	50000,
		"fq_rate":	0,
		"sock_bufsize":	0,
		"sndbuf_actual":	180224,
		"rcvbuf_actual":	180224,
		"test_start":	{
			"protocol":	"UDP",
			"num_streams":	1,
			"blksize":	256,
			"omit":	0,
			"duration":	30,
			"bytes":	0,
			"blocks":	0,
			"reverse":	0,
			"tos":	0,
			"target_bitrate":	50000,
			"bidir":	0,
			"fqrate":	0,
			"interval":	1
		}
	},
	"intervals":	[{
			"streams":	[{
					"socket":	5,
					"start":	0,
					"end":	1.001221,
					"seconds":	1.0012209415435791,
					"bytes":	6400,
					"bits_per_second":	51137.5640236461,
					"packets":	25,
					"omitted":	false,
					"sender":	true
				}],
			"sum":	{
				"start":	0,
				"end":	1.001221,
				"seconds":	1.0012209415435791,
				"bytes":	6400,
				"bits_per_second":	51137.5640236461,
				"packets":	25,
				"omitted":	false,
				"sender":	true
			}
		}, {
			"streams":	[{
					"socket":	5,
					"start":	1.001221,
					"end":	2.001262,
					"seconds":	1.0000410079956055,
					"bytes":	6144,
					"bits_per_second":	49149.984457653351,
					"packets":	24,
					"omitted":	false,
					"sender":	true
				}],
			"sum":	{
				"start":	1.001221,
				"end":	2.001262,
				"seconds":	1.0000410079956055,
				"bytes":	6144,
				"bits_per_second":	49149.984457653351,
				"packets":	24,
				"omitted":	false,
				"sender":	true
			}
		}, {
			"streams":	[{
					"socket":	5,
					"start":	2.001262,
					"end":	3.001254,
					"seconds":	0.9999920129776,
					"bytes":	6400,
					"bits_per_second":	51200.408938813081,
					"packets":	25,
					"omitted":	false,
					"sender":	true
				}],
			"sum":	{
				"start":	2.001262,
				"end":	3.001254,
				"seconds":	0.9999920129776,
				"bytes":	6400,
				"bits_per_second":	51200.408938813081,
				"packets":	25,
				"omitted":	false,
				"sender":	true
			}
		}, {
			"streams":	[{
					"socket":	5,
					"start":	3.001254,
					"end":	4.001269,
					"seconds":	1.0000150203704834,
					"bytes":	6144,
					"bits_per_second":	49151.2617298391,
					"packets":	24,
					"omitted":	false,
					"sender":	true
				}],
			"sum":	{
				"start":	3.001254,
				"end":	4.001269,
				"seconds":	1.0000150203704834,
				"bytes":	6144,
				"bits_per_second":	49151.2617298391,
				"packets":	24,
				"omitted":	false,
				"sender":	true
			}
		}, {
			"streams":	[{
					"socket":	5,
					"start":	4.001269,
					"end":	5.001244,
					"seconds":	0.999975025653839,
					"bytes":	6400,
					"bits_per_second":	51201.2787184586,
					"packets":	25,
					"omitted":	false,
					"sender":	true
				}],
			"sum":	{
				"start":	4.001269,
				"end":	5.001244,
				"seconds":	0.999975025653839,
				"bytes":	6400,
				"bits_per_second":	51201.2787184586,
				"packets":	25,
				"omitted":	false,
				"sender":	true
			}
		}, {
			"streams":	[{
					"socket":	5,
					"start":	5.001244,
					"end":	6.001266,
					"seconds":	1.0000220537185669,
					"bytes":	6144,
					"bits_per_second":	49150.916039530362,
					"packets":	24,
					"omitted":	false,
					"sender":	true
				}],
			"sum":	{
				"start":	5.001244,
				"end":	6.001266,
				"seconds":	1.0000220537185669,
				"bytes":	6144,
				"bits_per_second":	49150.916039530362,
				"packets":	24,
				"omitted":	false,
				"sender":	true
			}
		}, {
			"streams":	[{
					"socket":	5,
					"start":	6.001266,
					"end":	7.001259,
					"seconds":	0.99999302625656128,
					"bytes":	6144,
					"bits_per_second":	49152.342775827929,
					"packets":	24,
					"omitted":	false,
					"sender":	true
				}],
			"sum":	{
				"start":	6.001266,
				"end":	7.001259,
				"seconds":	0.99999302625656128,
				"bytes":	6144,
				"bits_per_second":	49152.342775827929,
				"packets":	24,
				"omitted":	false,
				"sender":	true
			}
		}, {
			"streams":	[{
					"socket":	5,
					"start":	7.001259,
					"end":	8.0013,
					"seconds":	1.0000410079956055,
					"bytes":	6400,
					"bits_per_second":	51197.900476722243,
					"packets":	25,
					"omitted":	false,
					"sender":	true
				}],
			"sum":	{
				"start":	7.001259,
				"end":	8.0013,
				"seconds":	1.0000410079956055,
				"bytes":	6400,
				"bits_per_second":	51197.900476722243,
				"packets":	25,
				"omitted":	false,
				"sender":	true
			}
		}, {
			"streams":	[{
					"socket":	5,
					"start":	8.0013,
					"end":	9.001257,
					"seconds":	0.999957025051117,
					"bytes":	6144,
					"bits_per_second":	49154.112395467586,
					"packets":	24,
					"omitted":	false,
					"sender":	true
				}],
			"sum":	{
				"start":	8.0013,
				"end":	9.001257,
				"seconds":	0.999957025051117,
				"bytes":	6144,
				"bits_per_second":	49154.112395467586,
				"packets":	24,
				"omitted":	false,
				"sender":	true
			}
		}, {
			"streams":	[{
					"socket":	5,
					"start":	9.001257,
					"end":	10.001268,
					"seconds":	1.0000109672546387,
					"bytes":	6400,
					"bits_per_second":	51199.4384827208,
					"packets":	25,
					"omitted":	false,
					"sender":	true
				}],
			"sum":	{
				"start":	9.001257,
				"end":	10.001268,
				"seconds":	1.0000109672546387,
				"bytes":	6400,
				"bits_per_second":	51199.4384827208,
				"packets":	25,
				"omitted":	false,
				"sender":	true
			}
		}, {
			"streams":	[{
					"socket":	5,
					"start":	10.001268,
					"end":	11.001268,
					"seconds":	1,
					"bytes":	6144,
					"bits_per_second":	49152,
					"packets":	24,
					"omitted":	false,
					"sender":	true
				}],
			"sum":	{
				"start":	10.001268,
				"end":	11.001268,
				"seconds":	1,
				"bytes":	6144,
				"bits_per_second":	49152,
				"packets":	24,
				"omitted":	false,
				"sender":	true
			}
		}, {
			"streams":	[{
					"socket":	5,
					"start":	11.001268,
					"end":	12.001255,
					"seconds":	0.999987006187439,
					"bytes":	6144,
					"bits_per_second":	49152.6386801739,
					"packets":	24,
					"omitted":	false,
					"sender":	true
				}],
			"sum":	{
				"start":	11.001268,
				"end":	12.001255,
				"seconds":	0.999987006187439,
				"bytes":	6144,
				"bits_per_second":	49152.6386801739,
				"packets":	24,
				"omitted":	false,
				"sender":	true
			}
		}, {
			"streams":	[{
					"socket":	5,
					"start":	12.001255,
					"end":	13.001307,
					"seconds":	1.0000519752502441,
					"bytes":	6400,
					"bits_per_second":	51197.339005493355,
					"packets":	25,
					"omitted":	false,
					"sender":	true
				}],
			"sum":	{
				"start":	12.001255,
				"end":	13.001307,
				"seconds":	1.0000519752502441,
				"bytes":	6400,
				"bits_per_second":	51197.339005493355,
				"packets":	25,
				"omitted":	false,
				"sender":	true
			}
		}, {
			"streams":	[{
					"socket":	5,
					"start":	13.001307,
					"end":	14.001258,
					"seconds":	0.99995100498199463,
					"bytes":	6144,
					"bits_per_second":	49154.40832112074,
					"packets":	24,
					"omitted":	false,
					"sender":	true
				}],
			"sum":	{
				"start":	13.001307,
				"end":	14.001258,
				"seconds":	0.99995100498199463,
				"bytes":	6144,
				"bits_per_second":	49154.40832112074,
				"packets":	24,
				"omitted":	false,
				"sender":	true
			}
		}, {
			"streams":	[{
					"socket":	5,
					"start":	14.001258,
					"end":	15.001263,
					"seconds":	1.0000050067901611,
					"bytes":	6400,
					"bits_per_second":	51199.743653627222,
					"packets":	25,
					"omitted":	false,
					"sender":	true
				}],
			"sum":	{
				"start":	14.001258,
				"end":	15.001263,
				"seconds":	1.0000050067901611,
				"bytes":	6400,
				"bits_per_second":	51199.743653627222,
				"packets":	25,
				"omitted":	false,
				"sender":	true
			}
		}, {
			"streams":	[{
					"socket":	5,