{
	"start":	{
		"connected":	[{
				"socket":	5,
				"local_host":	"fd00::8",
				"local_port":	39242,
				"remote_host":	"fd00::4",
				"remote_port":	5123
			}],
		"version":	"iperf 3.18",
		"system_info":	"Linux RPI08 6.18.29+rpt-rpi-v7 #1 SMP Raspbian 1:6.18.29-1+rpt1 (2026-05-12) armv7l",
		"timestamp":	{
			"time":	"Wed, 20 May 2026 18:47:01 GMT",
			"timesecs":	1779302821
		},
		"connecting_to":	{
			"host":	"fd00::4",
			"port":	5123
		},
		"cookie":	"ld5g6ecravuylstiurt5plyf3lq5fwsv24qv",
		"target_bitrate":	80000,
		"fq_rate":	0,
		"sock_bufsize":	0,
		"sndbuf_actual":	180224,
		"rcvbuf_actual":	180224,
		"test_start":	{
			"protocol":	"UDP",
			"num_streams":	1,
			"blksize":	1024,
			"omit":	0,
			"duration":	30,
			"bytes":	0,
			"blocks":	0,
			"reverse":	0,
			"tos":	0,
			"target_bitrate":	80000,
			"bidir":	0,
			"fqrate":	0,
			"interval":	1
		}
	},
	"intervals":	[{
			"streams":	[{
					"socket":	5,
					"start":	0,
					"end":	1.001109,
					"seconds":	1.0011090040206909,
					"bytes":	10240,
					"bits_per_second":	81829.251031595835,
					"packets":	10,
					"omitted":	false,
					"sender":	true
				}],
			"sum":	{
				"start":	0,
				"end":	1.001109,
				"seconds":	1.0011090040206909,
				"bytes":	10240,
				"bits_per_second":	81829.251031595835,
				"packets":	10,
				"omitted":	false,
				"sender":	true
			}
		}, {
			"streams":	[{
					"socket":	5,
					"start":	1.001109,
					"end":	2.001135,
					"seconds":	1.0000259876251221,
					"bytes":	10240,
					"bits_per_second":	81917.871149073777,
					"packets":	10,
					"omitted":	false,
					"sender":	true
				}],
			"sum":	{
				"start":	1.001109,
				"end":	2.001135,
				"seconds":	1.0000259876251221,
				"bytes":	10240,
				"bits_per_second":	81917.871149073777,
				"packets":	10,
				"omitted":	false,
				"sender":	true
			}
		}, {
			"streams":	[{
					"socket":	5,
					"start":	2.001135,
					"end":	3.001143,
					"seconds":	1.0000079870224,
					"bytes":	10240,
					"bits_per_second":	81919.34570835084,
					"packets":	10,
					"omitted":	false,
					"sender":	true
				}],
			"sum":	{
				"start":	2.001135,
				"end":	3.001143,
				"seconds":	1.0000079870224,
				"bytes":	10240,
				"bits_per_second":	81919.34570835084,
				"packets":	10,
				"omitted":	false,
				"sender":	true
			}
		}, {
			"streams":	[{
					"socket":	5,
					"start":	3.001143,
					"end":	4.001135,
					"seconds":	0.9999920129776,
					"bytes":	10240,
					"bits_per_second":	81920.654302100927,
					"packets":	10,
					"omitted":	false,
					"sender":	true
				}],
			"sum":	{
				"start":	3.001143,
				"end":	4.001135,
				"seconds":	0.9999920129776,
				"bytes":	10240,
				"bits_per_second":	81920.654302100927,
				"packets":	10,
				"omitted":	false,
				"sender":	true
			}
		}, {
			"streams":	[{
					"socket":	5,
					"start":	4.001135,
					"end":	5.001135,
					"seconds":	1,
					"bytes":	9216,
					"bits_per_second":	73728,
					"packets":	9,
					"omitted":	false,
					"sender":	true
				}],
			"sum":	{
				"start":	4.001135,
				"end":	5.001135,
				"seconds":	1,
				"bytes":	9216,
				"bits_per_second":	73728,
				"packets":	9,
				"omitted":	false,
				"sender":	true
			}
		}, {
			"streams":	[{
					"socket":	5,
					"start":	5.001135,
					"end":	6.001138,
					"seconds":	1.0000029802322388,
					"bytes":	10240,
					"bits_per_second":	81919.7558601026,
					"packets":	10,
					"omitted":	false,
					"sender":	true
				}],
			"sum":	{
				"start":	5.001135,
				"end":	6.001138,
				"seconds":	1.0000029802322388,
				"bytes":	10240,
				"bits_per_second":	81919.7558601026,
				"packets":	10,
				"omitted":	false,
				"sender":	true
			}
		}, {
			"streams":	[{
					"socket":	5,
					"start":	6.001138,
					"end":	7.001129,
					"seconds":	0.999990999698639,
					"bytes":	10240,
					"bits_per_second":	81920.737311323523,
					"packets":	10,
					"omitted":	false,
					"sender":	true
				}],
			"sum":	{
				"start":	6.001138,
				"end":	7.001129,
				"seconds":	0.999990999698639,
				"bytes":	10240,
				"bits_per_second":	81920.737311323523,
				"packets":	10,
				"omitted":	false,
				"sender":	true
			}
		}, {
			"streams":	[{
					"socket":	5,
					"start":	7.001129,
					"end":	8.001131,
					"seconds":	1.0000020265579224,
					"bytes":	10240,
					"bits_per_second":	81919.83398471144,
					"packets":	10,
					"omitted":	false,
					"sender":	true
				}],
			"sum":	{
				"start":	7.001129,
				"end":	8.001131,
				"seconds":	1.0000020265579224,
				"bytes":	10240,
				"bits_per_second":	81919.83398471144,
				"packets":	10,
				"omitted":	false,
				"sender":	true
			}
		}, {
			"streams":	[{
					"socket":	5,
					"start":	8.001131,
					"end":	9.001138,
					"seconds":	1.0000070333480835,
					"bytes":	9216,
					"bits_per_second":	73727.481448959647,
					"packets":	9,
					"omitted":	false,
					"sender":	true
				}],
			"sum":	{
				"start":	8.001131,
				"end":	9.001138,
				"seconds":	1.0000070333480835,
				"bytes":	9216,
				"bits_per_second":	73727.481448959647,
				"packets":	9,
				"omitted":	false,
				"sender":	true
			}
		}, {
			"streams":	[{
					"socket":	5,
					"start":	9.001138,
					"end":	10.001139,
					"seconds":	1.0000009536743164,
					"bytes":	10240,
					"bits_per_second":	81919.9218750745,
					"packets":	10,
					"omitted":	false,
					"sender":	true
				}],
			"sum":	{
				"start":	9.001138,
				"end":	10.001139,
				"seconds":	1.0000009536743164,
				"bytes":	10240,
				"bits_per_second":	81919.9218750745,
				"packets":	10,
				"omitted":	false,
				"sender":	true
			}
		}, {
			"streams":	[{
					"socket":	5,
					"start":	10.001139,
					"end":	11.001219,
					"seconds":	1.0000799894332886,
					"bytes":	10240,
					"bits_per_second":	81913.4477897326,
					"packets":	10,
					"omitted":	false,
					"sender":	true
				}],
			"sum":	{
				"start":	10.001139,
				"end":	11.001219,
				"seconds":	1.0000799894332886,
				"bytes":	10240,
				"bits_per_second":	81913.4477897326,
				"packets":	10,
				"omitted":	false,
				"sender":	true
			}
		}, {
			"streams":	[{
					"socket":	5,
					"start":	11.001219,
					"end":	12.001121,
					"seconds":	0.99990200996398926,
					"bytes":	10240,
					"bits_per_second":	81928.0281304268,
					"packets":	10,
					"omitted":	false,
					"sender":	true
				}],
			"sum":	{
				"start":	11.001219,
				"end":	12.001121,
				"seconds":	0.99990200996398926,
				"bytes":	10240,
				"bits_per_second":	81928.0281304268,
				"packets":	10,
				"omitted":	false,
				"sender":	true
			}
		}, {
			"streams":	[{
					"socket":	5,
					"start":	12.001121,
					"end":	13.001119,
					"seconds":	0.99999797344207764,
					"bytes":	9216,
					"bits_per_second":	73728.1494143653,
					"packets":	9,
					"omitted":	false,
					"sender":	true
				}],
			"sum":	{
				"start":	12.001121,
				"end":	13.001119,
				"seconds":	0.99999797344207764,
				"bytes":	9216,
				"bits_per_second":	73728.1494143653,
				"packets":	9,
				"omitted":	false,
				"sender":	true
			}
		}, {
			"streams":	[{
					"socket":	5,
					"start":	13.001119,
					"end":	14.001122,
					"seconds":	1.0000029802322388,
					"bytes":	10240,
					"bits_per_second":	81919.7558601026,
					"packets":	10,
					"omitted":	false,
					"sender":	true
				}],
			"sum":	{
				"start":	13.001119,
				"end":	14.001122,
				"seconds":	1.0000029802322388,
				"bytes":	10240,
				"bits_per_second":	81919.7558601026,
				"packets":	10,
				"omitted":	false,
				"sender":	true
			}
		}, {
			"streams":	[{
					"socket":	5,
					"start":	14.001122,
					"end":	15.001133,
					"seconds":	1.0000109672546387,
					"bytes":	10240,
					"bits_per_second":	81919.1015723533,
					"packets":	10,
					"omitted":	false,
					"sender":	true
				}],
			"sum":	{
				"start":	14.001122,
				"end":	15.001133,
				"seconds":	1.0000109672546387,
				"bytes":	10240,
				"bits_per_second":	81919.1015723533,
				"packets":	10,
				"omitted":	false,