{
	"start":	{
		"connected":	[{
				"socket":	5,
				"local_host":	"fd00::8",
				"local_port":	48385,
				"remote_host":	"fd00::4",
				"remote_port":	5123
			}],
		"version":	"iperf 3.18",
		"system_info":	"Linux RPI08 6.18.29+rpt-rpi-v7 #1 SMP Raspbian 1:6.18.29-1+rpt1 (2026-05-12) armv7l",
		"timestamp":	{
			"time":	"Wed, 20 May 2026 18:27:29 GMT",
			"timesecs":	1779301649
		},
		"connecting_to":	{
			"host":	"fd00::4",
			"port":	5123
		},
		"cookie":	"hawazpqgev2cnsjopavlvx7k6kf3mfdbvnjj",
		"target_bitrate":	30000,
		"fq_rate":	0,
		"sock_bufsize":	0,
		"sndbuf_actual":	180224,
		"rcvbuf_actual":	180224,
		"test_start":	{
			"protocol":	"UDP",
			"num_streams":	1,
			"blksize":	512,
			"omit":	0,
			"duration":	30,
			"bytes":	0,
			"blocks":	0,
			"reverse":	0,
			"tos":	0,
			"target_bitrate":	30000,
			"bidir":	0,
			"fqrate":	0,
			"interval":	1
		}
	},
	"intervals":	[{
			"streams":	[{
					"socket":	5,
					"start":	0,
					"end":	1.001117,
					"seconds":	1.0011169910430908,
					"bytes":	4096,
					"bits_per_second":	32731.439275501794,
					"packets":	8,
					"omitted":	false,
					"sender":	true
				}],
			"sum":	{
				"start":	0,
				"end":	1.001117,
				"seconds":	1.0011169910430908,
				"bytes":	4096,
				"bits_per_second":	32731.439275501794,
				"packets":	8,
				"omitted":	false,
				"sender":	true
			}
		}, {
			"streams":	[{
					"socket":	5,
					"start":	1.001117,
					"end":	2.001157,
					"seconds":	1.0000400543212891,
					"bytes":	3584,
					"bits_per_second":	28670.851608498044,
					"packets":	7,
					"omitted":	false,
					"sender":	true
				}],
			"sum":	{
				"start":	1.001117,
				"end":	2.001157,
				"seconds":	1.0000400543212891,
				"bytes":	3584,
				"bits_per_second":	28670.851608498044,
				"packets":	7,
				"omitted":	false,
				"sender":	true
			}
		}, {
			"streams":	[{
					"socket":	5,
					"start":	2.001157,
					"end":	3.001146,
					"seconds":	0.99998897314071655,
					"bytes":	3584,
					"bits_per_second":	28672.31616559569,
					"packets":	7,
					"omitted":	false,
					"sender":	true
				}],
			"sum":	{
				"start":	2.001157,
				"end":	3.001146,
				"seconds":	0.99998897314071655,
				"bytes":	3584,
				"bits_per_second":	28672.31616559569,
				"packets":	7,
				"omitted":	false,
				"sender":	true
			}
		}, {
			"streams":	[{
					"socket":	5,
					"start":	3.001146,
					"end":	4.001136,
					"seconds":	0.99998998641967773,
					"bytes":	4096,
					"bits_per_second":	32768.328128285742,
					"packets":	8,
					"omitted":	false,
					"sender":	true
				}],
			"sum":	{
				"start":	3.001146,
				"end":	4.001136,
				"seconds":	0.99998998641967773,
				"bytes":	4096,
				"bits_per_second":	32768.328128285742,
				"packets":	8,
				"omitted":	false,
				"sender":	true
			}
		}, {
			"streams":	[{
					"socket":	5,
					"start":	4.001136,
					"end":	5.001135,
					"seconds":	0.99999898672103882,
					"bytes":	3584,
					"bits_per_second":	28672.029052763814,
					"packets":	7,
					"omitted":	false,
					"sender":	true
				}],
			"sum":	{
				"start":	4.001136,
				"end":	5.001135,
				"seconds":	0.99999898672103882,
				"bytes":	3584,
				"bits_per_second":	28672.029052763814,
				"packets":	7,
				"omitted":	false,
				"sender":	true
			}
		}, {
			"streams":	[{
					"socket":	5,
					"start":	5.001135,
					"end":	6.001139,
					"seconds":	1.0000040531158447,
					"bytes":	3584,
					"bits_per_second":	28671.883789533513,
					"packets":	7,
					"omitted":	false,
					"sender":	true
				}],
			"sum":	{
				"start":	5.001135,
				"end":	6.001139,
				"seconds":	1.0000040531158447,
				"bytes":	3584,
				"bits_per_second":	28671.883789533513,
				"packets":	7,
				"omitted":	false,
				"sender":	true
			}
		}, {
			"streams":	[{
					"socket":	5,
					"start":	6.001139,
					"end":	7.001135,
					"seconds":	0.9999960064888,
					"bytes":	4096,
					"bits_per_second":	32768.130859897588,
					"packets":	8,
					"omitted":	false,
					"sender":	true
				}],
			"sum":	{
				"start":	6.001139,
				"end":	7.001135,
				"seconds":	0.9999960064888,
				"bytes":	4096,
				"bits_per_second":	32768.130859897588,
				"packets":	8,
				"omitted":	false,
				"sender":	true
			}
		}, {
			"streams":	[{
					"socket":	5,
					"start":	7.001135,
					"end":	8.001143,
					"seconds":	1.0000079870224,
					"bytes":	3584,
					"bits_per_second":	28671.7709979228,
					"packets":	7,
					"omitted":	false,
					"sender":	true
				}],
			"sum":	{
				"start":	7.001135,
				"end":	8.001143,
				"seconds":	1.0000079870224,
				"bytes":	3584,
				"bits_per_second":	28671.7709979228,
				"packets":	7,
				"omitted":	false,
				"sender":	true
			}
		}, {
			"streams":	[{
					"socket":	5,
					"start":	8.001143,
					"end":	9.001138,
					"seconds":	0.999994993209839,
					"bytes":	3584,
					"bits_per_second":	28672.143555406252,
					"packets":	7,
					"omitted":	false,
					"sender":	true
				}],
			"sum":	{
				"start":	8.001143,
				"end":	9.001138,
				"seconds":	0.999994993209839,
				"bytes":	3584,
				"bits_per_second":	28672.143555406252,
				"packets":	7,
				"omitted":	false,
				"sender":	true
			}
		}, {
			"streams":	[{
					"socket":	5,
					"start":	9.001138,
					"end":	10.001141,
					"seconds":	1.0000029802322388,
					"bytes":	4096,
					"bits_per_second":	32767.902344041038,
					"packets":	8,
					"omitted":	false,
					"sender":	true
				}],
			"sum":	{
				"start":	9.001138,
				"end":	10.001141,
				"seconds":	1.0000029802322388,
				"bytes":	4096,
				"bits_per_second":	32767.902344041038,
				"packets":	8,
				"omitted":	false,
				"sender":	true
			}
		}, {
			"streams":	[{
					"socket":	5,
					"start":	10.001141,
					"end":	11.001146,
					"seconds":	1.0000050067901611,
					"bytes":	3584,
					"bits_per_second":	28671.856446031245,
					"packets":	7,
					"omitted":	false,
					"sender":	true
				}],
			"sum":	{
				"start":	10.001141,
				"end":	11.001146,
				"seconds":	1.0000050067901611,
				"bytes":	3584,
				"bits_per_second":	28671.856446031245,
				"packets":	7,
				"omitted":	false,
				"sender":	true
			}
		}, {
			"streams":	[{
					"socket":	5,
					"start":	11.001146,
					"end":	12.00114,
					"seconds":	0.99999397993087769,
					"bytes":	3584,
					"bits_per_second":	28672.172608460991,
					"packets":	7,
					"omitted":	false,
					"sender":	true
				}],
			"sum":	{
				"start":	11.001146,
				"end":	12.00114,
				"seconds":	0.99999397993087769,
				"bytes":	3584,
				"bits_per_second":	28672.172608460991,
				"packets":	7,
				"omitted":	false,
				"sender":	true
			}
		}, {
			"streams":	[{
					"socket":	5,
					"start":	12.00114,
					"end":	13.001137,
					"seconds":	0.99999701976776123,
					"bytes":	4096,
					"bits_per_second":	32768.097656541038,
					"packets":	8,
					"omitted":	false,
					"sender":	true
				}],
			"sum":	{
				"start":	12.00114,
				"end":	13.001137,
				"seconds":	0.99999701976776123,
				"bytes":	4096,
				"bits_per_second":	32768.097656541038,
				"packets":	8,
				"omitted":	false,
				"sender":	true
			}
		}, {
			"streams":	[{
					"socket":	5,
					"start":	13.001137,
					"end":	14.001138,
					"seconds":	1.0000009536743164,
					"bytes":	3584,
					"bits_per_second":	28671.972656276077,
					"packets":	7,
					"omitted":	false,
					"sender":	true
				}],
			"sum":	{
				"start":	13.001137,
				"end":	14.001138,
				"seconds":	1.0000009536743164,
				"bytes":	3584,
				"bits_per_second":	28671.972656276077,
				"packets":	7,
				"omitted":	false,
				"sender":	true
			}
		}, {
			"streams":	[{
					"socket":	5,
					"start":	14.001138,
					"end":	15.001141,
					"seconds":	1.0000029802322388,
					"bytes":	3584,
					"bits_per_second":	28671.914551035909,
					"packets":	7,
					"omitted":	false,
					"sender":	true
				}],
			"sum":	{
				"start":	14.001138,
				"end":	15.001141,
				"seconds":	1.0000029802322388,
				"bytes":	3584,
				"bits_per_second":	28671.914551035909,
				"packets":	7,
				"omitted":	false,