{
	"start":	{
		"connected":	[{
				"socket":	5,
				"local_host":	"fd00::8",
				"local_port":	36135,
				"remote_host":	"fd00::4",
				"remote_port":	5123
			}],
		"version":	"iperf 3.18",
		"system_info":	"Linux RPI08 6.18.29+rpt-rpi-v7 #1 SMP Raspbian 1:6.18.29-1+rpt1 (2026-05-12) armv7l",
		"timestamp":	{
			"time":	"Wed, 20 May 2026 18:37:50 GMT",
			"timesecs":	1779302270
		},
		"connecting_to":	{
			"host":	"fd00::4",
			"port":	5123
		},
		"cookie":	"ulfqnysejbux3njndp7m3cnan5s4cltehr6h",
		"target_bitrate":	60000,
		"fq_rate":	0,
		"sock_bufsize":	0,
		"sndbuf_actual":	180224,
		"rcvbuf_actual":	180224,
		"test_start":	{
			"protocol":	"UDP",
			"num_streams":	1,
			"blksize":	96,
			"omit":	0,
			"duration":	30,
			"bytes":	0,
			"blocks":	0,
			"reverse":	0,
			"tos":	0,
			"target_bitrate":	60000,
			"bidir":	0,
			"fqrate":	0,
			"interval":	1
		}
	},
	"intervals":	[{
			"streams":	[{
					"socket":	5,
					"start":	0,
					"end":	1.001077,
					"seconds":	1.0010770559310913,
					"bytes":	7584,
					"bits_per_second":	60606.723169346449,
					"packets":	79,
					"omitted":	false,
					"sender":	true
				}],
			"sum":	{
				"start":	0,
				"end":	1.001077,
				"seconds":	1.0010770559310913,
				"bytes":	7584,
				"bits_per_second":	60606.723169346449,
				"packets":	79,
				"omitted":	false,
				"sender":	true
			}
		}, {
			"streams":	[{
					"socket":	5,
					"start":	1.001077,
					"end":	2.001124,
					"seconds":	1.000046968460083,
					"bytes":	7488,
					"bits_per_second":	59901.186533511376,
					"packets":	78,
					"omitted":	false,
					"sender":	true
				}],
			"sum":	{
				"start":	1.001077,
				"end":	2.001124,
				"seconds":	1.000046968460083,
				"bytes":	7488,
				"bits_per_second":	59901.186533511376,
				"packets":	78,
				"omitted":	false,
				"sender":	true
			}
		}, {
			"streams":	[{
					"socket":	5,
					"start":	2.001124,
					"end":	3.001129,
					"seconds":	1.0000050067901611,
					"bytes":	7488,
					"bits_per_second":	59903.700074743851,
					"packets":	78,
					"omitted":	false,
					"sender":	true
				}],
			"sum":	{
				"start":	2.001124,
				"end":	3.001129,
				"seconds":	1.0000050067901611,
				"bytes":	7488,
				"bits_per_second":	59903.700074743851,
				"packets":	78,
				"omitted":	false,
				"sender":	true
			}
		}, {
			"streams":	[{
					"socket":	5,
					"start":	3.001129,
					"end":	4.001117,
					"seconds":	0.9999880194664,
					"bytes":	7488,
					"bits_per_second":	59904.717690483078,
					"packets":	78,
					"omitted":	false,
					"sender":	true
				}],
			"sum":	{
				"start":	3.001129,
				"end":	4.001117,
				"seconds":	0.9999880194664,
				"bytes":	7488,
				"bits_per_second":	59904.717690483078,
				"packets":	78,
				"omitted":	false,
				"sender":	true
			}
		}, {
			"streams":	[{
					"socket":	5,
					"start":	4.001117,
					"end":	5.001116,
					"seconds":	0.99999898672103882,
					"bytes":	7488,
					"bits_per_second":	59904.0606995244,
					"packets":	78,
					"omitted":	false,
					"sender":	true
				}],
			"sum":	{
				"start":	4.001117,
				"end":	5.001116,
				"seconds":	0.99999898672103882,
				"bytes":	7488,
				"bits_per_second":	59904.0606995244,
				"packets":	78,
				"omitted":	false,
				"sender":	true
			}
		}, {
			"streams":	[{
					"socket":	5,
					"start":	5.001116,
					"end":	6.001117,
					"seconds":	1.0000009536743164,
					"bytes":	7488,
					"bits_per_second":	59903.942871148232,
					"packets":	78,
					"omitted":	false,
					"sender":	true
				}],
			"sum":	{
				"start":	5.001116,
				"end":	6.001117,
				"seconds":	1.0000009536743164,
				"bytes":	7488,
				"bits_per_second":	59903.942871148232,
				"packets":	78,
				"omitted":	false,
				"sender":	true
			}
		}, {
			"streams":	[{
					"socket":	5,
					"start":	6.001117,
					"end":	7.00111,
					"seconds":	0.99999302625656128,
					"bytes":	7488,
					"bits_per_second":	59904.4177580403,
					"packets":	78,
					"omitted":	false,
					"sender":	true
				}],
			"sum":	{
				"start":	6.001117,
				"end":	7.00111,
				"seconds":	0.99999302625656128,
				"bytes":	7488,
				"bits_per_second":	59904.4177580403,
				"packets":	78,
				"omitted":	false,
				"sender":	true
			}
		}, {
			"streams":	[{
					"socket":	5,
					"start":	7.00111,
					"end":	8.000175,
					"seconds":	0.99906498193740845,
					"bytes":	7488,
					"bits_per_second":	59960.0637426335,
					"packets":	79,
					"omitted":	false,
					"sender":	true
				}],
			"sum":	{
				"start":	7.00111,
				"end":	8.000175,
				"seconds":	0.99906498193740845,
				"bytes":	7488,
				"bits_per_second":	59960.0637426335,
				"packets":	79,
				"omitted":	false,
				"sender":	true
			}
		}, {
			"streams":	[{
					"socket":	5,
					"start":	8.000175,
					"end":	9.001126,
					"seconds":	1.0009510517120361,
					"bytes":	7488,
					"bits_per_second":	59847.082329889789,
					"packets":	78,
					"omitted":	false,
					"sender":	true
				}],
			"sum":	{
				"start":	8.000175,
				"end":	9.001126,
				"seconds":	1.0009510517120361,
				"bytes":	7488,
				"bits_per_second":	59847.082329889789,
				"packets":	78,
				"omitted":	false,
				"sender":	true
			}
		}, {
			"streams":	[{
					"socket":	5,
					"start":	9.001126,
					"end":	10.001125,
					"seconds":	0.99999898672103882,
					"bytes":	7488,
					"bits_per_second":	59904.0606995244,
					"packets":	78,
					"omitted":	false,
					"sender":	true
				}],
			"sum":	{
				"start":	9.001126,
				"end":	10.001125,
				"seconds":	0.99999898672103882,
				"bytes":	7488,
				"bits_per_second":	59904.0606995244,
				"packets":	78,
				"omitted":	false,
				"sender":	true
			}
		}, {
			"streams":	[{
					"socket":	5,
					"start":	10.001125,
					"end":	11.001135,
					"seconds":	1.0000100135803223,
					"bytes":	7488,
					"bits_per_second":	59903.400152491,
					"packets":	78,
					"omitted":	false,
					"sender":	true
				}],
			"sum":	{
				"start":	10.001125,
				"end":	11.001135,
				"seconds":	1.0000100135803223,
				"bytes":	7488,
				"bits_per_second":	59903.400152491,
				"packets":	78,
				"omitted":	false,
				"sender":	true
			}
		}, {
			"streams":	[{
					"socket":	5,
					"start":	11.001135,
					"end":	12.001129,
					"seconds":	0.99999397993087769,
					"bytes":	7488,
					"bits_per_second":	59904.3606283917,
					"packets":	78,
					"omitted":	false,
					"sender":	true
				}],
			"sum":	{
				"start":	11.001135,
				"end":	12.001129,
				"seconds":	0.99999397993087769,
				"bytes":	7488,
				"bits_per_second":	59904.3606283917,
				"packets":	78,
				"omitted":	false,
				"sender":	true
			}
		}, {
			"streams":	[{
					"socket":	5,
					"start":	12.001129,
					"end":	13.00112,
					"seconds":	0.999990999698639,
					"bytes":	7488,
					"bits_per_second":	59904.539158905325,
					"packets":	78,
					"omitted":	false,
					"sender":	true
				}],
			"sum":	{
				"start":	12.001129,
				"end":	13.00112,
				"seconds":	0.999990999698639,
				"bytes":	7488,
				"bits_per_second":	59904.539158905325,
				"packets":	78,
				"omitted":	false,
				"sender":	true
			}
		}, {
			"streams":	[{
					"socket":	5,
					"start":	13.00112,
					"end":	14.001135,
					"seconds":	1.0000150203704834,
					"bytes":	7488,
					"bits_per_second":	59903.1002332414,
					"packets":	78,
					"omitted":	false,
					"sender":	true
				}],
			"sum":	{
				"start":	13.00112,
				"end":	14.001135,
				"seconds":	1.0000150203704834,
				"bytes":	7488,
				"bits_per_second":	59903.1002332414,
				"packets":	78,
				"omitted":	false,
				"sender":	true
			}
		}, {
			"streams":	[{
					"socket":	5,
					"start":	14.001135,
					"end":	15.001123,
					"seconds":	0.9999880194664,
					"bytes":	7488,
					"bits_per_second":	59904.717690483078,
					"packets":	78,
					"omitted":	false,
					"sender":	true
				}],
			"sum":	{
				"start":	14.001135,
				"end":	15.001123,
				"seconds":	0.9999880194664,
				"bytes":	7488,
				"bits_per_second":	59904.717690483078,
				"packets":	78,
				"omitted":	false,