{
	"start":	{
		"connected":	[{
				"socket":	5,
				"local_host":	"192.168.10.8",
				"local_port":	50881,
				"remote_host":	"192.168.10.4",
				"remote_port":	5123
			}],
		"version":	"iperf 3.18",
		"system_info":	"Linux RPI08 6.12.47+rpt-rpi-v7 #1 SMP Raspbian 1:6.12.47-1+rpt1 (2025-09-16) armv7l",
		"timestamp":	{
			"time":	"Sun, 10 May 2026 13:41:33 GMT",
			"timesecs":	1778420493
		},
		"connecting_to":	{
			"host":	"192.168.10.4",
			"port":	5123
		},
		"cookie":	"3fy4nbqjsins6zsveki2vwd3qyhydxzlhaxw",
		"target_bitrate":	20000,
		"fq_rate":	0,
		"sock_bufsize":	0,
		"sndbuf_actual":	180224,
		"rcvbuf_actual":	180224,
		"test_start":	{
			"protocol":	"UDP",
			"num_streams":	1,
			"blksize":	64,
			"omit":	0,
			"duration":	10,
			"bytes":	0,
			"blocks":	0,
			"reverse":	0,
			"tos":	0,
			"target_bitrate":	20000,
			"bidir":	0,
			"fqrate":	0,
			"interval":	1
		}
	},
	"intervals":	[{
			"streams":	[{
					"socket":	5,
					"start":	0,
					"end":	1.001198,
					"seconds":	1.0011980533599854,
					"bytes":	2560,
					"bits_per_second":	20455.493227608506,
					"packets":	40,
					"omitted":	false,
					"sender":	true
				}],
			"sum":	{
				"start":	0,
				"end":	1.001198,
				"seconds":	1.0011980533599854,
				"bytes":	2560,
				"bits_per_second":	20455.493227608506,
				"packets":	40,
				"omitted":	false,
				"sender":	true
			}
		}, {
			"streams":	[{
					"socket":	5,
					"start":	1.001198,
					"end":	2.00114,
					"seconds":	0.99994200468063354,
					"bytes":	2496,
					"bits_per_second":	19969.158117702515,
					"packets":	39,
					"omitted":	false,
					"sender":	true
				}],
			"sum":	{
				"start":	1.001198,
				"end":	2.00114,
				"seconds":	0.99994200468063354,
				"bytes":	2496,
				"bits_per_second":	19969.158117702515,
				"packets":	39,
				"omitted":	false,
				"sender":	true
			}
		}, {
			"streams":	[{
					"socket":	5,
					"start":	2.00114,
					"end":	3.001136,
					"seconds":	0.9999960064888,
					"bytes":	2496,
					"bits_per_second":	19968.0797427501,
					"packets":	39,
					"omitted":	false,
					"sender":	true
				}],
			"sum":	{
				"start":	2.00114,
				"end":	3.001136,
				"seconds":	0.9999960064888,
				"bytes":	2496,
				"bits_per_second":	19968.0797427501,
				"packets":	39,
				"omitted":	false,
				"sender":	true
			}
		}, {
			"streams":	[{
					"socket":	5,
					"start":	3.001136,
					"end":	4.001139,
					"seconds":	1.0000029802322388,
					"bytes":	2496,
					"bits_per_second":	19967.940490900008,
					"packets":	39,
					"omitted":	false,
					"sender":	true
				}],
			"sum":	{
				"start":	3.001136,
				"end":	4.001139,
				"seconds":	1.0000029802322388,
				"bytes":	2496,
				"bits_per_second":	19967.940490900008,
				"packets":	39,
				"omitted":	false,
				"sender":	true
			}
		}, {
			"streams":	[{
					"socket":	5,
					"start":	4.001139,
					"end":	5.00114,
					"seconds":	1.0000009536743164,
					"bytes":	2496,
					"bits_per_second":	19967.980957049411,
					"packets":	39,
					"omitted":	false,
					"sender":	true
				}],
			"sum":	{
				"start":	4.001139,
				"end":	5.00114,
				"seconds":	1.0000009536743164,
				"bytes":	2496,
				"bits_per_second":	19967.980957049411,
				"packets":	39,
				"omitted":	false,
				"sender":	true
			}
		}, {
			"streams":	[{
					"socket":	5,
					"start":	5.00114,
					"end":	6.001138,
					"seconds":	0.99999797344207764,
					"bytes":	2496,
					"bits_per_second":	19968.0404663906,
					"packets":	39,
					"omitted":	false,
					"sender":	true
				}],
			"sum":	{
				"start":	5.00114,
				"end":	6.001138,
				"seconds":	0.99999797344207764,
				"bytes":	2496,
				"bits_per_second":	19968.0404663906,
				"packets":	39,
				"omitted":	false,
				"sender":	true
			}
		}, {
			"streams":	[{
					"socket":	5,
					"start":	6.001138,
					"end":	7.001146,
					"seconds":	1.0000079870224,
					"bytes":	2496,
					"bits_per_second":	19967.840516410517,
					"packets":	39,
					"omitted":	false,
					"sender":	true
				}],
			"sum":	{
				"start":	6.001138,
				"end":	7.001146,
				"seconds":	1.0000079870224,
				"bytes":	2496,
				"bits_per_second":	19967.840516410517,
				"packets":	39,
				"omitted":	false,
				"sender":	true
			}
		}, {
			"streams":	[{
					"socket":	5,
					"start":	7.001146,
					"end":	8.001142,
					"seconds":	0.9999960064888,
					"bytes":	2496,
					"bits_per_second":	19968.0797427501,
					"packets":	39,
					"omitted":	false,
					"sender":	true
				}],
			"sum":	{
				"start":	7.001146,
				"end":	8.001142,
				"seconds":	0.9999960064888,
				"bytes":	2496,
				"bits_per_second":	19968.0797427501,
				"packets":	39,
				"omitted":	false,
				"sender":	true
			}
		}, {
			"streams":	[{
					"socket":	5,
					"start":	8.001142,
					"end":	9.001136,
					"seconds":	0.99999397993087769,
					"bytes":	2496,
					"bits_per_second":	19968.1202094639,
					"packets":	39,
					"omitted":	false,
					"sender":	true
				}],
			"sum":	{
				"start":	8.001142,
				"end":	9.001136,
				"seconds":	0.99999397993087769,
				"bytes":	2496,
				"bits_per_second":	19968.1202094639,
				"packets":	39,
				"omitted":	false,
				"sender":	true
			}
		}, {
			"streams":	[{
					"socket":	5,
					"start":	9.001136,
					"end":	10.003342,
					"seconds":	1.0022059679031372,
					"bytes":	2496,
					"bits_per_second":	19924.04818919408,
					"packets":	39,
					"omitted":	false,
					"sender":	true
				}],
			"sum":	{
				"start":	9.001136,
				"end":	10.003342,
				"seconds":	1.0022059679031372,
				"bytes":	2496,
				"bits_per_second":	19924.04818919408,
				"packets":	39,
				"omitted":	false,
				"sender":	true
			}
		}],
	"end":	{
		"streams":	[{
				"udp":	{
					"socket":	5,
					"start":	0,
					"end":	10.003342,
					"seconds":	10.003342,
					"bytes":	25024,
					"bits_per_second":	20012.51181855024,
					"jitter_ms":	0.027913044667575961,
					"lost_packets":	0,
					"packets":	391,
					"lost_percent":	0,
					"out_of_order":	0,
					"sender":	true
				}
			}],
		"sum":	{
			"start":	0,
			"end":	10.004504,
			"seconds":	10.004504,
			"bytes":	25024,
			"bits_per_second":	20012.51181855024,
			"jitter_ms":	0.027913044667575961,
			"lost_packets":	0,
			"packets":	391,
			"lost_percent":	0,
			"sender":	true
		},
		"sum_sent":	{
			"start":	0,
			"end":	10.003342,
			"seconds":	10.003342,
			"bytes":	25024,
			"bits_per_second":	20012.51181855024,
			"jitter_ms":	0,
			"lost_packets":	0,
			"packets":	391,
			"lost_percent":	0,
			"sender":	true
		},
		"sum_received":	{
			"start":	0,
			"end":	10.004504,
			"seconds":	10.004504,
			"bytes":	25024,
			"bits_per_second":	20010.187411589817,
			"jitter_ms":	0.027913044667575961,
			"lost_packets":	0,
			"packets":	391,
			"lost_percent":	0,
			"sender":	false
		},
		"cpu_utilization_percent":	{
			"host_total":	0.51350404053934062,
			"host_user":	0.10897564788819479,
			"host_system":	0.404538381253152,
			"remote_total":	0.65115301871049169,
			"remote_user":	0.20259137851693795,
			"remote_system":	0.448581630462291
		}
	},