{
	"start":	{
		"connected":	[{
				"socket":	5,
				"local_host":	"192.168.10.8",
				"local_port":	44719,
				"remote_host":	"192.168.10.4",
				"remote_port":	5123
			}],
		"version":	"iperf 3.18",
		"system_info":	"Linux RPI08 6.12.47+rpt-rpi-v7 #1 SMP Raspbian 1:6.12.47-1+rpt1 (2025-09-16) armv7l",
		"timestamp":	{
			"time":	"Sun, 10 May 2026 13:44:54 GMT",
			"timesecs":	1778420694
		},
		"connecting_to":	{
			"host":	"192.168.10.4",
			"port":	5123
		},
		"cookie":	"hovonrk2laolvmeaec7rjxkjhylat2gbojjv",
		"target_bitrate":	80000,
		"fq_rate":	0,
		"sock_bufsize":	0,
		"sndbuf_actual":	180224,
		"rcvbuf_actual":	180224,
		"test_start":	{
			"protocol":	"UDP",
			"num_streams":	1,
			"blksize":	64,
			"omit":	0,
			"duration":	10,
			"bytes":	0,
			"blocks":	0,
			"reverse":	0,
			"tos":	0,
			"target_bitrate":	80000,
			"bidir":	0,
			"fqrate":	0,
			"interval":	1
		}
	},
	"intervals":	[{
			"streams":	[{
					"socket":	5,
					"start":	0,
					"end":	1.001233,
					"seconds":	1.0012329816818237,
					"bytes":	10048,
					"bits_per_second":	80285.010053279271,
					"packets":	157,
					"omitted":	false,
					"sender":	true
				}],
			"sum":	{
				"start":	0,
				"end":	1.001233,
				"seconds":	1.0012329816818237,
				"bytes":	10048,
				"bits_per_second":	80285.010053279271,
				"packets":	157,
				"omitted":	false,
				"sender":	true
			}
		}, {
			"streams":	[{
					"socket":	5,
					"start":	1.001233,
					"end":	2.001177,
					"seconds":	0.999943971633911,
					"bytes":	9984,
					"bits_per_second":	79876.4753484027,
					"packets":	156,
					"omitted":	false,
					"sender":	true
				}],
			"sum":	{
				"start":	1.001233,
				"end":	2.001177,
				"seconds":	0.999943971633911,
				"bytes":	9984,
				"bits_per_second":	79876.4753484027,
				"packets":	156,
				"omitted":	false,
				"sender":	true
			}
		}, {
			"streams":	[{
					"socket":	5,
					"start":	2.001177,
					"end":	3.001172,
					"seconds":	0.999994993209839,
					"bytes":	9984,
					"bits_per_second":	79872.399904346,
					"packets":	156,
					"omitted":	false,
					"sender":	true
				}],
			"sum":	{
				"start":	2.001177,
				"end":	3.001172,
				"seconds":	0.999994993209839,
				"bytes":	9984,
				"bits_per_second":	79872.399904346,
				"packets":	156,
				"omitted":	false,
				"sender":	true
			}
		}, {
			"streams":	[{
					"socket":	5,
					"start":	3.001172,
					"end":	4.001177,
					"seconds":	1.0000050067901611,
					"bytes":	10048,
					"bits_per_second":	80383.597536194735,
					"packets":	157,
					"omitted":	false,
					"sender":	true
				}],
			"sum":	{
				"start":	3.001172,
				"end":	4.001177,
				"seconds":	1.0000050067901611,
				"bytes":	10048,
				"bits_per_second":	80383.597536194735,
				"packets":	157,
				"omitted":	false,
				"sender":	true
			}
		}, {
			"streams":	[{
					"socket":	5,
					"start":	4.001177,
					"end":	5.001172,
					"seconds":	0.999994993209839,
					"bytes":	9984,
					"bits_per_second":	79872.399904346,
					"packets":	156,
					"omitted":	false,
					"sender":	true
				}],
			"sum":	{
				"start":	4.001177,
				"end":	5.001172,
				"seconds":	0.999994993209839,
				"bytes":	9984,
				"bits_per_second":	79872.399904346,
				"packets":	156,
				"omitted":	false,
				"sender":	true
			}
		}, {
			"streams":	[{
					"socket":	5,
					"start":	5.001172,
					"end":	6.00118,
					"seconds":	1.0000079870224,
					"bytes":	9984,
					"bits_per_second":	79871.362065642068,
					"packets":	156,
					"omitted":	false,
					"sender":	true
				}],
			"sum":	{
				"start":	5.001172,
				"end":	6.00118,
				"seconds":	1.0000079870224,
				"bytes":	9984,
				"bits_per_second":	79871.362065642068,
				"packets":	156,
				"omitted":	false,
				"sender":	true
			}
		}, {
			"streams":	[{
					"socket":	5,
					"start":	6.00118,
					"end":	7.001177,
					"seconds":	0.99999701976776123,
					"bytes":	9984,
					"bits_per_second":	79872.2380378188,
					"packets":	156,
					"omitted":	false,
					"sender":	true
				}],
			"sum":	{
				"start":	6.00118,
				"end":	7.001177,
				"seconds":	0.99999701976776123,
				"bytes":	9984,
				"bits_per_second":	79872.2380378188,
				"packets":	156,
				"omitted":	false,
				"sender":	true
			}
		}, {
			"streams":	[{
					"socket":	5,
					"start":	7.001177,
					"end":	8.001177,
					"seconds":	1,
					"bytes":	10048,
					"bits_per_second":	80384,
					"packets":	157,
					"omitted":	false,
					"sender":	true
				}],
			"sum":	{
				"start":	7.001177,
				"end":	8.001177,
				"seconds":	1,
				"bytes":	10048,
				"bits_per_second":	80384,
				"packets":	157,
				"omitted":	false,
				"sender":	true
			}
		}, {
			"streams":	[{
					"socket":	5,
					"start":	8.001177,
					"end":	9.001176,
					"seconds":	0.99999898672103882,
					"bytes":	9984,
					"bits_per_second":	79872.0809326992,
					"packets":	156,
					"omitted":	false,
					"sender":	true
				}],
			"sum":	{
				"start":	8.001177,
				"end":	9.001176,
				"seconds":	0.99999898672103882,
				"bytes":	9984,
				"bits_per_second":	79872.0809326992,
				"packets":	156,
				"omitted":	false,
				"sender":	true
			}
		}, {
			"streams":	[{
					"socket":	5,
					"start":	9.001176,
					"end":	10.003755,
					"seconds":	1.0025789737701416,
					"bytes":	9984,
					"bits_per_second":	79666.5420776239,
					"packets":	156,
					"omitted":	false,
					"sender":	true
				}],
			"sum":	{
				"start":	9.001176,
				"end":	10.003755,
				"seconds":	1.0025789737701416,
				"bytes":	9984,
				"bits_per_second":	79666.5420776239,
				"packets":	156,
				"omitted":	false,
				"sender":	true
			}
		}],
	"end":	{
		"streams":	[{
				"udp":	{
					"socket":	5,
					"start":	0,
					"end":	10.003755,
					"seconds":	10.003755,
					"bytes":	100032,
					"bits_per_second":	79995.5616665942,
					"jitter_ms":	0.025197833871195438,
					"lost_packets":	0,
					"packets":	1563,
					"lost_percent":	0,
					"out_of_order":	0,
					"sender":	true
				}
			}],
		"sum":	{
			"start":	0,
			"end":	10.004904,
			"seconds":	10.004904,
			"bytes":	100032,
			"bits_per_second":	79995.5616665942,
			"jitter_ms":	0.025197833871195438,
			"lost_packets":	0,
			"packets":	1563,
			"lost_percent":	0,
			"sender":	true
		},
		"sum_sent":	{
			"start":	0,
			"end":	10.003755,
			"seconds":	10.003755,
			"bytes":	100032,
			"bits_per_second":	79995.5616665942,
			"jitter_ms":	0,
			"lost_packets":	0,
			"packets":	1563,
			"lost_percent":	0,
			"sender":	true
		},
		"sum_received":	{
			"start":	0,
			"end":	10.004904,
			"seconds":	10.004904,
			"bytes":	100032,
			"bits_per_second":	79986.374681856,
			"jitter_ms":	0.025197833871195438,
			"lost_packets":	0,
			"packets":	1563,
			"lost_percent":	0,
			"sender":	false
		},
		"cpu_utilization_percent":	{
			"host_total":	1.6695224633813486,
			"host_user":	1.1129816834831745,
			"host_system":	0.55649084174158725,
			"remote_total":	2.1921822756430567,
			"remote_user":	0.5234763804970467,
			"remote_system":	1.6687358789008115
		}
	},