{
	"start":	{
		"connected":	[{
				"socket":	5,
				"local_host":	"192.168.10.8",
				"local_port":	55064,
				"remote_host":	"192.168.10.4",
				"remote_port":	5123
			}],
		"version":	"iperf 3.18",
		"system_info":	"Linux RPI08 6.12.47+rpt-rpi-v7 #1 SMP Raspbian 1:6.12.47-1+rpt1 (2025-09-16) armv7l",
		"timestamp":	{
			"time":	"Sun, 10 May 2026 13:40:53 GMT",
			"timesecs":	1778420453
		},
		"connecting_to":	{
			"host":	"192.168.10.4",
			"port":	5123
		},
		"cookie":	"agyehpvj7ah46vnsnu3dtjkffgowne5tbles",
		"target_bitrate":	15000,
		"fq_rate":	0,
		"sock_bufsize":	0,
		"sndbuf_actual":	180224,
		"rcvbuf_actual":	180224,
		"test_start":	{
			"protocol":	"UDP",
			"num_streams":	1,
			"blksize":	128,
			"omit":	0,
			"duration":	10,
			"bytes":	0,
			"blocks":	0,
			"reverse":	0,
			"tos":	0,
			"target_bitrate":	15000,
			"bidir":	0,
			"fqrate":	0,
			"interval":	1
		}
	},
	"intervals":	[{
			"streams":	[{
					"socket":	5,
					"start":	0,
					"end":	1.00113,
					"seconds":	1.0011299848556519,
					"bytes":	1920,
					"bits_per_second":	15342.663023138484,
					"packets":	15,
					"omitted":	false,
					"sender":	true
				}],
			"sum":	{
				"start":	0,
				"end":	1.00113,
				"seconds":	1.0011299848556519,
				"bytes":	1920,
				"bits_per_second":	15342.663023138484,
				"packets":	15,
				"omitted":	false,
				"sender":	true
			}
		}, {
			"streams":	[{
					"socket":	5,
					"start":	1.00113,
					"end":	2.001131,
					"seconds":	1.0000009536743164,
					"bytes":	1920,
					"bits_per_second":	15359.98535157647,
					"packets":	15,
					"omitted":	false,
					"sender":	true
				}],
			"sum":	{
				"start":	1.00113,
				"end":	2.001131,
				"seconds":	1.0000009536743164,
				"bytes":	1920,
				"bits_per_second":	15359.98535157647,
				"packets":	15,
				"omitted":	false,
				"sender":	true
			}
		}, {
			"streams":	[{
					"socket":	5,
					"start":	2.001131,
					"end":	3.001129,
					"seconds":	0.99999797344207764,
					"bytes":	1792,
					"bits_per_second":	14336.029052793252,
					"packets":	14,
					"omitted":	false,
					"sender":	true
				}],
			"sum":	{
				"start":	2.001131,
				"end":	3.001129,
				"seconds":	0.99999797344207764,
				"bytes":	1792,
				"bits_per_second":	14336.029052793252,
				"packets":	14,
				"omitted":	false,
				"sender":	true
			}
		}, {
			"streams":	[{
					"socket":	5,
					"start":	3.001129,
					"end":	4.001133,
					"seconds":	1.0000040531158447,
					"bytes":	1920,
					"bits_per_second":	15359.937744392953,
					"packets":	15,
					"omitted":	false,
					"sender":	true
				}],
			"sum":	{
				"start":	3.001129,
				"end":	4.001133,
				"seconds":	1.0000040531158447,
				"bytes":	1920,
				"bits_per_second":	15359.937744392953,
				"packets":	15,
				"omitted":	false,
				"sender":	true
			}
		}, {
			"streams":	[{
					"socket":	5,
					"start":	4.001133,
					"end":	5.001146,
					"seconds":	1.000012993812561,
					"bytes":	1920,
					"bits_per_second":	15359.8004176324,
					"packets":	15,
					"omitted":	false,
					"sender":	true
				}],
			"sum":	{
				"start":	4.001133,
				"end":	5.001146,
				"seconds":	1.000012993812561,
				"bytes":	1920,
				"bits_per_second":	15359.8004176324,
				"packets":	15,
				"omitted":	false,
				"sender":	true
			}
		}, {
			"streams":	[{
					"socket":	5,
					"start":	5.001146,
					"end":	6.001139,
					"seconds":	0.99999302625656128,
					"bytes":	1792,
					"bits_per_second":	14336.099976283147,
					"packets":	14,
					"omitted":	false,
					"sender":	true
				}],
			"sum":	{
				"start":	5.001146,
				"end":	6.001139,
				"seconds":	0.99999302625656128,
				"bytes":	1792,
				"bits_per_second":	14336.099976283147,
				"packets":	14,
				"omitted":	false,
				"sender":	true
			}
		}, {
			"streams":	[{
					"socket":	5,
					"start":	6.001139,
					"end":	7.001136,
					"seconds":	0.99999701976776123,
					"bytes":	1920,
					"bits_per_second":	15360.045776503612,
					"packets":	15,
					"omitted":	false,
					"sender":	true
				}],
			"sum":	{
				"start":	6.001139,
				"end":	7.001136,
				"seconds":	0.99999701976776123,
				"bytes":	1920,
				"bits_per_second":	15360.045776503612,
				"packets":	15,
				"omitted":	false,
				"sender":	true
			}
		}, {
			"streams":	[{
					"socket":	5,
					"start":	7.001136,
					"end":	8.001131,
					"seconds":	0.999994993209839,
					"bytes":	1920,
					"bits_per_second":	15360.07690468192,
					"packets":	15,
					"omitted":	false,
					"sender":	true
				}],
			"sum":	{
				"start":	7.001136,
				"end":	8.001131,
				"seconds":	0.999994993209839,
				"bytes":	1920,
				"bits_per_second":	15360.07690468192,
				"packets":	15,
				"omitted":	false,
				"sender":	true
			}
		}, {
			"streams":	[{
					"socket":	5,
					"start":	8.001131,
					"end":	9.001144,
					"seconds":	1.000012993812561,
					"bytes":	1792,
					"bits_per_second":	14335.813723123572,
					"packets":	14,
					"omitted":	false,
					"sender":	true
				}],
			"sum":	{
				"start":	8.001131,
				"end":	9.001144,
				"seconds":	1.000012993812561,
				"bytes":	1792,
				"bits_per_second":	14335.813723123572,
				"packets":	14,
				"omitted":	false,
				"sender":	true
			}
		}, {
			"streams":	[{
					"socket":	5,
					"start":	9.001144,
					"end":	10.002967,
					"seconds":	1.0018229484558105,
					"bytes":	1920,
					"bits_per_second":	15332.050462285368,
					"packets":	15,
					"omitted":	false,
					"sender":	true
				}],
			"sum":	{
				"start":	9.001144,
				"end":	10.002967,
				"seconds":	1.0018229484558105,
				"bytes":	1920,
				"bits_per_second":	15332.050462285368,
				"packets":	15,
				"omitted":	false,
				"sender":	true
			}
		}],
	"end":	{
		"streams":	[{
				"udp":	{
					"socket":	5,
					"start":	0,
					"end":	10.002967,
					"seconds":	10.002967,
					"bytes":	18816,
					"bits_per_second":	15048.335158958336,
					"jitter_ms":	0.020584844351777064,
					"lost_packets":	0,
					"packets":	147,
					"lost_percent":	0,
					"out_of_order":	0,
					"sender":	true
				}
			}],
		"sum":	{
			"start":	0,
			"end":	10.004119,
			"seconds":	10.004119,
			"bytes":	18816,
			"bits_per_second":	15048.335158958336,
			"jitter_ms":	0.020584844351777064,
			"lost_packets":	0,
			"packets":	147,
			"lost_percent":	0,
			"sender":	true
		},
		"sum_sent":	{
			"start":	0,
			"end":	10.002967,
			"seconds":	10.002967,
			"bytes":	18816,
			"bits_per_second":	15048.335158958336,
			"jitter_ms":	0,
			"lost_packets":	0,
			"packets":	147,
			"lost_percent":	0,
			"sender":	true
		},
		"sum_received":	{
			"start":	0,
			"end":	10.004119,
			"seconds":	10.004119,
			"bytes":	18816,
			"bits_per_second":	15046.602304510772,
			"jitter_ms":	0.020584844351777064,
			"lost_packets":	0,
			"packets":	147,
			"lost_percent":	0,
			"sender":	false
		},
		"cpu_utilization_percent":	{
			"host_total":	0.256941069767047,
			"host_user":	0.12848551803496966,
			"host_system":	0.12848551803496966,
			"remote_total":	0.30668729840005449,
			"remote_user":	0.30670728909838252,
			"remote_system":	0
		}
	},