{
	"start":	{
		"connected":	[{
				"socket":	5,
				"local_host":	"192.168.10.8",
				"local_port":	56695,
				"remote_host":	"192.168.10.4",
				"remote_port":	5123
			}],
		"version":	"iperf 3.18",
		"system_info":	"Linux RPI08 6.12.47+rpt-rpi-v7 #1 SMP Raspbian 1:6.12.47-1+rpt1 (2025-09-16) armv7l",
		"timestamp":	{
			"time":	"Sun, 10 May 2026 13:44:14 GMT",
			"timesecs":	1778420654
		},
		"connecting_to":	{
			"host":	"192.168.10.4",
			"port":	5123
		},
		"cookie":	"coljna2acgptrqiaqwaqaukqn7scpi3iryld",
		"target_bitrate":	60000,
		"fq_rate":	0,
		"sock_bufsize":	0,
		"sndbuf_actual":	180224,
		"rcvbuf_actual":	180224,
		"test_start":	{
			"protocol":	"UDP",
			"num_streams":	1,
			"blksize":	128,
			"omit":	0,
			"duration":	10,
			"bytes":	0,
			"blocks":	0,
			"reverse":	0,
			"tos":	0,
			"target_bitrate":	60000,
			"bidir":	0,
			"fqrate":	0,
			"interval":	1
		}
	},
	"intervals":	[{
			"streams":	[{
					"socket":	5,
					"start":	0,
					"end":	1.001168,
					"seconds":	1.0011680126190186,
					"bytes":	7552,
					"bits_per_second":	60345.515676189032,
					"packets":	59,
					"omitted":	false,
					"sender":	true
				}],
			"sum":	{
				"start":	0,
				"end":	1.001168,
				"seconds":	1.0011680126190186,
				"bytes":	7552,
				"bits_per_second":	60345.515676189032,
				"packets":	59,
				"omitted":	false,
				"sender":	true
			}
		}, {
			"streams":	[{
					"socket":	5,
					"start":	1.001168,
					"end":	2.001163,
					"seconds":	0.999994993209839,
					"bytes":	7552,
					"bits_per_second":	60416.302491748887,
					"packets":	59,
					"omitted":	false,
					"sender":	true
				}],
			"sum":	{
				"start":	1.001168,
				"end":	2.001163,
				"seconds":	0.999994993209839,
				"bytes":	7552,
				"bits_per_second":	60416.302491748887,
				"packets":	59,
				"omitted":	false,
				"sender":	true
			}
		}, {
			"streams":	[{
					"socket":	5,
					"start":	2.001163,
					"end":	3.00117,
					"seconds":	1.0000070333480835,
					"bytes":	7424,
					"bits_per_second":	59391.5822783286,
					"packets":	58,
					"omitted":	false,
					"sender":	true
				}],
			"sum":	{
				"start":	2.001163,
				"end":	3.00117,
				"seconds":	1.0000070333480835,
				"bytes":	7424,
				"bits_per_second":	59391.5822783286,
				"packets":	58,
				"omitted":	false,
				"sender":	true
			}
		}, {
			"streams":	[{
					"socket":	5,
					"start":	3.00117,
					"end":	4.001167,
					"seconds":	0.99999701976776123,
					"bytes":	7552,
					"bits_per_second":	60416.180054247539,
					"packets":	59,
					"omitted":	false,
					"sender":	true
				}],
			"sum":	{
				"start":	3.00117,
				"end":	4.001167,
				"seconds":	0.99999701976776123,
				"bytes":	7552,
				"bits_per_second":	60416.180054247539,
				"packets":	59,
				"omitted":	false,
				"sender":	true
			}
		}, {
			"streams":	[{
					"socket":	5,
					"start":	4.001167,
					"end":	5.001173,
					"seconds":	1.0000059604644775,
					"bytes":	7552,
					"bits_per_second":	60415.639894724518,
					"packets":	59,
					"omitted":	false,
					"sender":	true
				}],
			"sum":	{
				"start":	4.001167,
				"end":	5.001173,
				"seconds":	1.0000059604644775,
				"bytes":	7552,
				"bits_per_second":	60415.639894724518,
				"packets":	59,
				"omitted":	false,
				"sender":	true
			}
		}, {
			"streams":	[{
					"socket":	5,
					"start":	5.001173,
					"end":	6.001163,
					"seconds":	0.99998998641967773,
					"bytes":	7424,
					"bits_per_second":	59392.5947325179,
					"packets":	58,
					"omitted":	false,
					"sender":	true
				}],
			"sum":	{
				"start":	5.001173,
				"end":	6.001163,
				"seconds":	0.99998998641967773,
				"bytes":	7424,
				"bits_per_second":	59392.5947325179,
				"packets":	58,
				"omitted":	false,
				"sender":	true
			}
		}, {
			"streams":	[{
					"socket":	5,
					"start":	6.001163,
					"end":	7.001167,
					"seconds":	1.0000040531158447,
					"bytes":	7552,
					"bits_per_second":	60415.755127945617,
					"packets":	59,
					"omitted":	false,
					"sender":	true
				}],
			"sum":	{
				"start":	6.001163,
				"end":	7.001167,
				"seconds":	1.0000040531158447,
				"bytes":	7552,
				"bits_per_second":	60415.755127945617,
				"packets":	59,
				"omitted":	false,
				"sender":	true
			}
		}, {
			"streams":	[{
					"socket":	5,
					"start":	7.001167,
					"end":	8.001169,
					"seconds":	1.0000020265579224,
					"bytes":	7424,
					"bits_per_second":	59391.8796389158,
					"packets":	58,
					"omitted":	false,
					"sender":	true
				}],
			"sum":	{
				"start":	7.001167,
				"end":	8.001169,
				"seconds":	1.0000020265579224,
				"bytes":	7424,
				"bits_per_second":	59391.8796389158,
				"packets":	58,
				"omitted":	false,
				"sender":	true
			}
		}, {
			"streams":	[{
					"socket":	5,
					"start":	8.001169,
					"end":	9.00117,
					"seconds":	1.0000009536743164,
					"bytes":	7552,
					"bits_per_second":	60415.942382867448,
					"packets":	59,
					"omitted":	false,
					"sender":	true
				}],
			"sum":	{
				"start":	8.001169,
				"end":	9.00117,
				"seconds":	1.0000009536743164,
				"bytes":	7552,
				"bits_per_second":	60415.942382867448,
				"packets":	59,
				"omitted":	false,
				"sender":	true
			}
		}, {
			"streams":	[{
					"socket":	5,
					"start":	9.00117,
					"end":	10.00253,
					"seconds":	1.0013600587844849,
					"bytes":	7552,
					"bits_per_second":	60333.94229178346,
					"packets":	59,
					"omitted":	false,
					"sender":	true
				}],
			"sum":	{
				"start":	9.00117,
				"end":	10.00253,
				"seconds":	1.0013600587844849,
				"bytes":	7552,
				"bits_per_second":	60333.94229178346,
				"packets":	59,
				"omitted":	false,
				"sender":	true
			}
		}],
	"end":	{
		"streams":	[{
				"udp":	{
					"socket":	5,
					"start":	0,
					"end":	10.00253,
					"seconds":	10.00253,
					"bytes":	75136,
					"bits_per_second":	60093.596320131,
					"jitter_ms":	0.077359527495371241,
					"lost_packets":	0,
					"packets":	587,
					"lost_percent":	0,
					"out_of_order":	0,
					"sender":	true
				}
			}],
		"sum":	{
			"start":	0,
			"end":	10.003816,
			"seconds":	10.003816,
			"bytes":	75136,
			"bits_per_second":	60093.596320131,
			"jitter_ms":	0.077359527495371241,
			"lost_packets":	0,
			"packets":	587,
			"lost_percent":	0,
			"sender":	true
		},
		"sum_sent":	{
			"start":	0,
			"end":	10.00253,
			"seconds":	10.00253,
			"bytes":	75136,
			"bits_per_second":	60093.596320131,
			"jitter_ms":	0,
			"lost_packets":	0,
			"packets":	587,
			"lost_percent":	0,
			"sender":	true
		},
		"sum_received":	{
			"start":	0,
			"end":	10.003816,
			"seconds":	10.003816,
			"bytes":	75136,
			"bits_per_second":	60085.87123153804,
			"jitter_ms":	0.077359527495371241,
			"lost_packets":	0,
			"packets":	587,
			"lost_percent":	0,
			"sender":	false
		},
		"cpu_utilization_percent":	{
			"host_total":	0.69154179357752166,
			"host_user":	0.69167165120162255,
			"host_system":	0,
			"remote_total":	0.91233320638576276,
			"remote_user":	0.0682518120016433,
			"remote_system":	0.8441113819992343
		}
	},