{
	"start":	{
		"connected":	[{
				"socket":	5,
				"local_host":	"192.168.10.8",
				"local_port":	54284,
				"remote_host":	"192.168.10.4",
				"remote_port":	5123
			}],
		"version":	"iperf 3.18",
		"system_info":	"Linux RPI08 6.12.47+rpt-rpi-v7 #1 SMP Raspbian 1:6.12.47-1+rpt1 (2025-09-16) armv7l",
		"timestamp":	{
			"time":	"Sun, 10 May 2026 13:40:03 GMT",
			"timesecs":	1778420403
		},
		"connecting_to":	{
			"host":	"192.168.10.4",
			"port":	5123
		},
		"cookie":	"mpunt5zgsmzd4k4fr4amtxli4tlomgufndz6",
		"target_bitrate":	10000,
		"fq_rate":	0,
		"sock_bufsize":	0,
		"sndbuf_actual":	180224,
		"rcvbuf_actual":	180224,
		"test_start":	{
			"protocol":	"UDP",
			"num_streams":	1,
			"blksize":	128,
			"omit":	0,
			"duration":	10,
			"bytes":	0,
			"blocks":	0,
			"reverse":	0,
			"tos":	0,
			"target_bitrate":	10000,
			"bidir":	0,
			"fqrate":	0,
			"interval":	1
		}
	},
	"intervals":	[{
			"streams":	[{
					"socket":	5,
					"start":	0,
					"end":	1.001141,
					"seconds":	1.0011409521102905,
					"bytes":	1280,
					"bits_per_second":	10228.329965341296,
					"packets":	10,
					"omitted":	false,
					"sender":	true
				}],
			"sum":	{
				"start":	0,
				"end":	1.001141,
				"seconds":	1.0011409521102905,
				"bytes":	1280,
				"bits_per_second":	10228.329965341296,
				"packets":	10,
				"omitted":	false,
				"sender":	true
			}
		}, {
			"streams":	[{
					"socket":	5,
					"start":	1.001141,
					"end":	2.001132,
					"seconds":	0.999990999698639,
					"bytes":	1280,
					"bits_per_second":	10240.09216391544,
					"packets":	10,
					"omitted":	false,
					"sender":	true
				}],
			"sum":	{
				"start":	1.001141,
				"end":	2.001132,
				"seconds":	0.999990999698639,
				"bytes":	1280,
				"bits_per_second":	10240.09216391544,
				"packets":	10,
				"omitted":	false,
				"sender":	true
			}
		}, {
			"streams":	[{
					"socket":	5,
					"start":	2.001132,
					"end":	3.001128,
					"seconds":	0.9999960064888,
					"bytes":	1280,
					"bits_per_second":	10240.040893717996,
					"packets":	10,
					"omitted":	false,
					"sender":	true
				}],
			"sum":	{
				"start":	2.001132,
				"end":	3.001128,
				"seconds":	0.9999960064888,
				"bytes":	1280,
				"bits_per_second":	10240.040893717996,
				"packets":	10,
				"omitted":	false,
				"sender":	true
			}
		}, {
			"streams":	[{
					"socket":	5,
					"start":	3.001128,
					"end":	4.001128,
					"seconds":	1,
					"bytes":	1280,
					"bits_per_second":	10240,
					"packets":	10,
					"omitted":	false,
					"sender":	true
				}],
			"sum":	{
				"start":	3.001128,
				"end":	4.001128,
				"seconds":	1,
				"bytes":	1280,
				"bits_per_second":	10240,
				"packets":	10,
				"omitted":	false,
				"sender":	true
			}
		}, {
			"streams":	[{
					"socket":	5,
					"start":	4.001128,
					"end":	5.001132,
					"seconds":	1.0000040531158447,
					"bytes":	1152,
					"bits_per_second":	9215.9626466357731,
					"packets":	9,
					"omitted":	false,
					"sender":	true
				}],
			"sum":	{
				"start":	4.001128,
				"end":	5.001132,
				"seconds":	1.0000040531158447,
				"bytes":	1152,
				"bits_per_second":	9215.9626466357731,
				"packets":	9,
				"omitted":	false,
				"sender":	true
			}
		}, {
			"streams":	[{
					"socket":	5,
					"start":	5.001132,
					"end":	6.001142,
					"seconds":	1.0000100135803223,
					"bytes":	1280,
					"bits_per_second":	10239.897461964272,
					"packets":	10,
					"omitted":	false,
					"sender":	true
				}],
			"sum":	{
				"start":	5.001132,
				"end":	6.001142,
				"seconds":	1.0000100135803223,
				"bytes":	1280,
				"bits_per_second":	10239.897461964272,
				"packets":	10,
				"omitted":	false,
				"sender":	true
			}
		}, {
			"streams":	[{
					"socket":	5,
					"start":	6.001142,
					"end":	7.001134,
					"seconds":	0.9999920129776,
					"bytes":	1280,
					"bits_per_second":	10240.081787762616,
					"packets":	10,
					"omitted":	false,
					"sender":	true
				}],
			"sum":	{
				"start":	6.001142,
				"end":	7.001134,
				"seconds":	0.9999920129776,
				"bytes":	1280,
				"bits_per_second":	10240.081787762616,
				"packets":	10,
				"omitted":	false,
				"sender":	true
			}
		}, {
			"streams":	[{
					"socket":	5,
					"start":	7.001134,
					"end":	8.001138,
					"seconds":	1.0000040531158447,
					"bytes":	1280,
					"bits_per_second":	10239.95849626197,
					"packets":	10,
					"omitted":	false,
					"sender":	true
				}],
			"sum":	{
				"start":	7.001134,
				"end":	8.001138,
				"seconds":	1.0000040531158447,
				"bytes":	1280,
				"bits_per_second":	10239.95849626197,
				"packets":	10,
				"omitted":	false,
				"sender":	true
			}
		}, {
			"streams":	[{
					"socket":	5,
					"start":	8.001138,
					"end":	9.001133,
					"seconds":	0.999994993209839,
					"bytes":	1152,
					"bits_per_second":	9216.046142809153,
					"packets":	9,
					"omitted":	false,
					"sender":	true
				}],
			"sum":	{
				"start":	8.001138,
				"end":	9.001133,
				"seconds":	0.999994993209839,
				"bytes":	1152,
				"bits_per_second":	9216.046142809153,
				"packets":	9,
				"omitted":	false,
				"sender":	true
			}
		}, {
			"streams":	[{
					"socket":	5,
					"start":	9.001133,
					"end":	10.003339,
					"seconds":	1.0022059679031372,
					"bytes":	1280,
					"bits_per_second":	10217.460609843118,
					"packets":	10,
					"omitted":	false,
					"sender":	true
				}],
			"sum":	{
				"start":	9.001133,
				"end":	10.003339,
				"seconds":	1.0022059679031372,
				"bytes":	1280,
				"bits_per_second":	10217.460609843118,
				"packets":	10,
				"omitted":	false,
				"sender":	true
			}
		}],
	"end":	{
		"streams":	[{
				"udp":	{
					"socket":	5,
					"start":	0,
					"end":	10.003339,
					"seconds":	10.003339,
					"bytes":	12544,
					"bits_per_second":	10031.850365163071,
					"jitter_ms":	0.031311879014698146,
					"lost_packets":	0,
					"packets":	98,
					"lost_percent":	0,
					"out_of_order":	0,
					"sender":	true
				}
			}],
		"sum":	{
			"start":	0,
			"end":	10.004297,
			"seconds":	10.004297,
			"bytes":	12544,
			"bits_per_second":	10031.850365163071,
			"jitter_ms":	0.031311879014698146,
			"lost_packets":	0,
			"packets":	98,
			"lost_percent":	0,
			"sender":	true
		},
		"sum_sent":	{
			"start":	0,
			"end":	10.003339,
			"seconds":	10.003339,
			"bytes":	12544,
			"bits_per_second":	10031.850365163071,
			"jitter_ms":	0,
			"lost_packets":	0,
			"packets":	98,
			"lost_percent":	0,
			"sender":	true
		},
		"sum_received":	{
			"start":	0,
			"end":	10.004297,
			"seconds":	10.004297,
			"bytes":	12544,
			"bits_per_second":	10030.889726684445,
			"jitter_ms":	0.031311879014698146,
			"lost_packets":	0,
			"packets":	98,
			"lost_percent":	0,
			"sender":	false
		},
		"cpu_utilization_percent":	{
			"host_total":	0.18446839630260128,
			"host_user":	0.054537440102458472,
			"host_system":	0.12994094474228612,
			"remote_total":	0.23269853740058513,
			"remote_user":	0.14676969731498613,
			"remote_system":	0.085968820934772247
		}
	},