{
	"start":	{
		"connected":	[{
				"socket":	5,
				"local_host":	"fd00::4d2:ff:fe00:4",
				"local_port":	42887,
				"remote_host":	"fd00::2",
				"remote_port":	5124
			}],
		"version":	"iperf 3.18",
		"system_info":	"Linux rpi04 6.12.47+rpt-rpi-v6 #1 Raspbian 1:6.12.47-1+rpt1 (2025-09-16) armv6l",
		"timestamp":	{
			"time":	"Wed, 22 Apr 2026 08:52:14 GMT",
			"timesecs":	1776847934
		},
		"connecting_to":	{
			"host":	"fd00::2",
			"port":	5124
		},
		"cookie":	"6vvvd6zkkomzz2it3l46iaeliz6c6kknhchy",
		"target_bitrate":	50000,
		"fq_rate":	0,
		"sock_bufsize":	0,
		"sndbuf_actual":	180224,
		"rcvbuf_actual":	180224,
		"test_start":	{
			"protocol":	"UDP",
			"num_streams":	1,
			"blksize":	1208,
			"omit":	0,
			"duration":	10,
			"bytes":	0,
			"blocks":	0,
			"reverse":	0,
			"tos":	0,
			"target_bitrate":	50000,
			"bidir":	0,
			"fqrate":	0,
			"interval":	1
		}
	},
	"intervals":	[{
			"streams":	[{
					"socket":	5,
					"start":	0,
					"end":	1.001077,
					"seconds":	1.0010770559310913,
					"bytes":	7248,
					"bits_per_second":	57921.6151808311,
					"packets":	6,
					"omitted":	false,
					"sender":	true
				}],
			"sum":	{
				"start":	0,
				"end":	1.001077,
				"seconds":	1.0010770559310913,
				"bytes":	7248,
				"bits_per_second":	57921.6151808311,
				"packets":	6,
				"omitted":	false,
				"sender":	true
			}
		}, {
			"streams":	[{
					"socket":	5,
					"start":	1.001077,
					"end":	2.00129,
					"seconds":	1.0002130270004272,
					"bytes":	6040,
					"bits_per_second":	48309.708727658232,
					"packets":	5,
					"omitted":	false,
					"sender":	true
				}],
			"sum":	{
				"start":	1.001077,
				"end":	2.00129,
				"seconds":	1.0002130270004272,
				"bytes":	6040,
				"bits_per_second":	48309.708727658232,
				"packets":	5,
				"omitted":	false,
				"sender":	true
			}
		}, {
			"streams":	[{
					"socket":	5,
					"start":	2.00129,
					"end":	3.001334,
					"seconds":	1.0000439882278442,
					"bytes":	6040,
					"bits_per_second":	48317.874582323922,
					"packets":	5,
					"omitted":	false,
					"sender":	true
				}],
			"sum":	{
				"start":	2.00129,
				"end":	3.001334,
				"seconds":	1.0000439882278442,
				"bytes":	6040,
				"bits_per_second":	48317.874582323922,
				"packets":	5,
				"omitted":	false,
				"sender":	true
			}
		}, {
			"streams":	[{
					"socket":	5,
					"start":	3.001334,
					"end":	4.001309,
					"seconds":	0.999975025653839,
					"bytes":	6040,
					"bits_per_second":	48321.2067905453,
					"packets":	5,
					"omitted":	false,
					"sender":	true
				}],
			"sum":	{
				"start":	3.001334,
				"end":	4.001309,
				"seconds":	0.999975025653839,
				"bytes":	6040,
				"bits_per_second":	48321.2067905453,
				"packets":	5,
				"omitted":	false,
				"sender":	true
			}
		}, {
			"streams":	[{
					"socket":	5,
					"start":	4.001309,
					"end":	5.00131,
					"seconds":	1.0000009536743164,
					"bytes":	6040,
					"bits_per_second":	48319.953918500978,
					"packets":	5,
					"omitted":	false,
					"sender":	true
				}],
			"sum":	{
				"start":	4.001309,
				"end":	5.00131,
				"seconds":	1.0000009536743164,
				"bytes":	6040,
				"bits_per_second":	48319.953918500978,
				"packets":	5,
				"omitted":	false,
				"sender":	true
			}
		}, {
			"streams":	[{
					"socket":	5,
					"start":	5.00131,
					"end":	6.001337,
					"seconds":	1.0000269412994385,
					"bytes":	7248,
					"bits_per_second":	57982.437877778961,
					"packets":	6,
					"omitted":	false,
					"sender":	true
				}],
			"sum":	{
				"start":	5.00131,
				"end":	6.001337,
				"seconds":	1.0000269412994385,
				"bytes":	7248,
				"bits_per_second":	57982.437877778961,
				"packets":	6,
				"omitted":	false,
				"sender":	true
			}
		}, {
			"streams":	[{
					"socket":	5,
					"start":	6.001337,
					"end":	7.001287,
					"seconds":	0.99994999170303345,
					"bytes":	6040,
					"bits_per_second":	48322.416521755564,
					"packets":	5,
					"omitted":	false,
					"sender":	true
				}],
			"sum":	{
				"start":	6.001337,
				"end":	7.001287,
				"seconds":	0.99994999170303345,
				"bytes":	6040,
				"bits_per_second":	48322.416521755564,
				"packets":	5,
				"omitted":	false,
				"sender":	true
			}
		}, {
			"streams":	[{
					"socket":	5,
					"start":	7.001287,
					"end":	8.00128,
					"seconds":	0.99999302625656128,
					"bytes":	6040,
					"bits_per_second":	48320.336973632926,
					"packets":	5,
					"omitted":	false,
					"sender":	true
				}],
			"sum":	{
				"start":	7.001287,
				"end":	8.00128,
				"seconds":	0.99999302625656128,
				"bytes":	6040,
				"bits_per_second":	48320.336973632926,
				"packets":	5,
				"omitted":	false,
				"sender":	true
			}
		}, {
			"streams":	[{
					"socket":	5,
					"start":	8.00128,
					"end":	9.001343,
					"seconds":	1.0000629425048828,
					"bytes":	6040,
					"bits_per_second":	48316.9588095842,
					"packets":	5,
					"omitted":	false,
					"sender":	true
				}],
			"sum":	{
				"start":	8.00128,
				"end":	9.001343,
				"seconds":	1.0000629425048828,
				"bytes":	6040,
				"bits_per_second":	48316.9588095842,
				"packets":	5,
				"omitted":	false,
				"sender":	true
			}
		}, {
			"streams":	[{
					"socket":	5,
					"start":	9.001343,
					"end":	10.004202,
					"seconds":	1.0028589963912964,
					"bytes":	6040,
					"bits_per_second":	48182.247129332689,
					"packets":	5,
					"omitted":	false,
					"sender":	true
				}],
			"sum":	{
				"start":	9.001343,
				"end":	10.004202,
				"seconds":	1.0028589963912964,
				"bytes":	6040,
				"bits_per_second":	48182.247129332689,
				"packets":	5,
				"omitted":	false,
				"sender":	true
			}
		}],
	"end":	{
		"streams":	[{
				"udp":	{
					"socket":	5,
					"start":	0,
					"end":	10.004202,
					"seconds":	10.004202,
					"bytes":	62816,
					"bits_per_second":	50231.692642751521,
					"jitter_ms":	5.16475980325187,
					"lost_packets":	4,
					"packets":	52,
					"lost_percent":	7.6923076923076925,
					"out_of_order":	0,
					"sender":	true
				}
			}],
		"sum":	{
			"start":	0,
			"end":	10.026504,
			"seconds":	10.026504,
			"bytes":	62816,
			"bits_per_second":	50231.692642751521,
			"jitter_ms":	5.16475980325187,
			"lost_packets":	4,
			"packets":	52,
			"lost_percent":	7.6923076923076925,
			"sender":	true
		},
		"sum_sent":	{
			"start":	0,
			"end":	10.004202,
			"seconds":	10.004202,
			"bytes":	62816,
			"bits_per_second":	50231.692642751521,
			"jitter_ms":	0,
			"lost_packets":	0,
			"packets":	52,
			"lost_percent":	0,
			"sender":	true
		},
		"sum_received":	{
			"start":	0,
			"end":	10.026504,
			"seconds":	10.026504,
			"bytes":	57984,
			"bits_per_second":	46264.580356223865,
			"jitter_ms":	5.16475980325187,
			"lost_packets":	4,
			"packets":	52,
			"lost_percent":	7.6923076923076925,
			"sender":	false
		},
		"cpu_utilization_percent":	{
			"host_total":	0.42643910601908064,
			"host_user":	0,
			"host_system":	0.42636994945939821,
			"remote_total":	0.15032829273615045,
			"remote_user":	0.00563494230716679,
			"remote_system":	0.14472327047663233
		}
	}
}
