{
	"start":	{
		"connected":	[{
				"socket":	5,
				"local_host":	"fd00::8",
				"local_port":	46779,
				"remote_host":	"fd00::2",
				"remote_port":	5123
			}],
		"version":	"iperf 3.18",
		"system_info":	"Linux RPI08 6.18.29+rpt-rpi-v7 #1 SMP Raspbian 1:6.18.29-1+rpt1 (2026-05-12) armv7l",
		"timestamp":	{
			"time":	"Mon, 18 May 2026 15:53:18 GMT",
			"timesecs":	1779119598
		},
		"connecting_to":	{
			"host":	"fd00::2",
			"port":	5123
		},
		"cookie":	"vwqg7d4rh2vohgcrortpotp5evwg2mj7dge4",
		"target_bitrate":	30000,
		"fq_rate":	0,
		"sock_bufsize":	0,
		"sndbuf_actual":	180224,
		"rcvbuf_actual":	180224,
		"test_start":	{
			"protocol":	"UDP",
			"num_streams":	1,
			"blksize":	128,
			"omit":	0,
			"duration":	30,
			"bytes":	0,
			"blocks":	0,
			"reverse":	0,
			"tos":	0,
			"target_bitrate":	30000,
			"bidir":	0,
			"fqrate":	0,
			"interval":	1
		}
	},
	"intervals":	[{
			"streams":	[{
					"socket":	5,
					"start":	0,
					"end":	1.001146,
					"seconds":	1.0011459589004517,
					"bytes":	3840,
					"bits_per_second":	30684.836438574312,
					"packets":	30,
					"omitted":	false,
					"sender":	true
				}],
			"sum":	{
				"start":	0,
				"end":	1.001146,
				"seconds":	1.0011459589004517,
				"bytes":	3840,
				"bits_per_second":	30684.836438574312,
				"packets":	30,
				"omitted":	false,
				"sender":	true
			}
		}, {
			"streams":	[{
					"socket":	5,
					"start":	1.001146,
					"end":	2.001127,
					"seconds":	0.99998098611831665,
					"bytes":	3712,
					"bits_per_second":	29696.5646469666,
					"packets":	29,
					"omitted":	false,
					"sender":	true
				}],
			"sum":	{
				"start":	1.001146,
				"end":	2.001127,
				"seconds":	0.99998098611831665,
				"bytes":	3712,
				"bits_per_second":	29696.5646469666,
				"packets":	29,
				"omitted":	false,
				"sender":	true
			}
		}, {
			"streams":	[{
					"socket":	5,
					"start":	2.001127,
					"end":	3.001133,
					"seconds":	1.0000059604644775,
					"bytes":	3712,
					"bits_per_second":	29695.822999101882,
					"packets":	29,
					"omitted":	false,
					"sender":	true
				}],
			"sum":	{
				"start":	2.001127,
				"end":	3.001133,
				"seconds":	1.0000059604644775,
				"bytes":	3712,
				"bits_per_second":	29695.822999101882,
				"packets":	29,
				"omitted":	false,
				"sender":	true
			}
		}, {
			"streams":	[{
					"socket":	5,
					"start":	3.001133,
					"end":	4.00113,
					"seconds":	0.99999701976776123,
					"bytes":	3840,
					"bits_per_second":	30720.091553007223,
					"packets":	30,
					"omitted":	false,
					"sender":	true
				}],
			"sum":	{
				"start":	3.001133,
				"end":	4.00113,
				"seconds":	0.99999701976776123,
				"bytes":	3840,
				"bits_per_second":	30720.091553007223,
				"packets":	30,
				"omitted":	false,
				"sender":	true
			}
		}, {
			"streams":	[{
					"socket":	5,
					"start":	4.00113,
					"end":	5.001131,
					"seconds":	1.0000009536743164,
					"bytes":	3712,
					"bits_per_second":	29695.971679714508,
					"packets":	29,
					"omitted":	false,
					"sender":	true
				}],
			"sum":	{
				"start":	4.00113,
				"end":	5.001131,
				"seconds":	1.0000009536743164,
				"bytes":	3712,
				"bits_per_second":	29695.971679714508,
				"packets":	29,
				"omitted":	false,
				"sender":	true
			}
		}, {
			"streams":	[{
					"socket":	5,
					"start":	5.001131,
					"end":	6.001128,
					"seconds":	0.99999701976776123,
					"bytes":	3712,
					"bits_per_second":	29696.088501240316,
					"packets":	29,
					"omitted":	false,
					"sender":	true
				}],
			"sum":	{
				"start":	5.001131,
				"end":	6.001128,
				"seconds":	0.99999701976776123,
				"bytes":	3712,
				"bits_per_second":	29696.088501240316,
				"packets":	29,
				"omitted":	false,
				"sender":	true
			}
		}, {
			"streams":	[{
					"socket":	5,
					"start":	6.001128,
					"end":	7.001122,
					"seconds":	0.99999397993087769,
					"bytes":	3840,
					"bits_per_second":	30720.184937636775,
					"packets":	30,
					"omitted":	false,
					"sender":	true
				}],
			"sum":	{
				"start":	6.001128,
				"end":	7.001122,
				"seconds":	0.99999397993087769,
				"bytes":	3840,
				"bits_per_second":	30720.184937636775,
				"packets":	30,
				"omitted":	false,
				"sender":	true
			}
		}, {
			"streams":	[{
					"socket":	5,
					"start":	7.001122,
					"end":	8.001128,
					"seconds":	1.0000059604644775,
					"bytes":	3712,
					"bits_per_second":	29695.822999101882,
					"packets":	29,
					"omitted":	false,
					"sender":	true
				}],
			"sum":	{
				"start":	7.001122,
				"end":	8.001128,
				"seconds":	1.0000059604644775,
				"bytes":	3712,
				"bits_per_second":	29695.822999101882,
				"packets":	29,
				"omitted":	false,
				"sender":	true
			}
		}, {
			"streams":	[{
					"socket":	5,
					"start":	8.001128,
					"end":	9.001129,
					"seconds":	1.0000009536743164,
					"bytes":	3712,
					"bits_per_second":	29695.971679714508,
					"packets":	29,
					"omitted":	false,
					"sender":	true
				}],
			"sum":	{
				"start":	8.001128,
				"end":	9.001129,
				"seconds":	1.0000009536743164,
				"bytes":	3712,
				"bits_per_second":	29695.971679714508,
				"packets":	29,
				"omitted":	false,
				"sender":	true
			}
		}, {
			"streams":	[{
					"socket":	5,
					"start":	9.001129,
					"end":	10.001146,
					"seconds":	1.0000170469284058,
					"bytes":	3712,
					"bits_per_second":	29695.493783043508,
					"packets":	30,
					"omitted":	false,
					"sender":	true
				}],
			"sum":	{
				"start":	9.001129,
				"end":	10.001146,
				"seconds":	1.0000170469284058,
				"bytes":	3712,
				"bits_per_second":	29695.493783043508,
				"packets":	30,
				"omitted":	false,
				"sender":	true
			}
		}, {
			"streams":	[{
					"socket":	5,
					"start":	10.001146,
					"end":	11.001138,
					"seconds":	0.9999920129776,
					"bytes":	3840,
					"bits_per_second":	30720.245363287846,
					"packets":	29,
					"omitted":	false,
					"sender":	true
				}],
			"sum":	{
				"start":	10.001146,
				"end":	11.001138,
				"seconds":	0.9999920129776,
				"bytes":	3840,
				"bits_per_second":	30720.245363287846,
				"packets":	29,
				"omitted":	false,
				"sender":	true
			}
		}, {
			"streams":	[{
					"socket":	5,
					"start":	11.001138,
					"end":	12.001136,
					"seconds":	0.99999797344207764,
					"bytes":	3712,
					"bits_per_second":	29696.060180786022,
					"packets":	29,
					"omitted":	false,
					"sender":	true
				}],
			"sum":	{
				"start":	11.001138,
				"end":	12.001136,
				"seconds":	0.99999797344207764,
				"bytes":	3712,
				"bits_per_second":	29696.060180786022,
				"packets":	29,
				"omitted":	false,
				"sender":	true
			}
		}, {
			"streams":	[{
					"socket":	5,
					"start":	12.001136,
					"end":	13.001172,
					"seconds":	1.0000360012054443,
					"bytes":	3712,
					"bits_per_second":	29694.930946690332,
					"packets":	29,
					"omitted":	false,
					"sender":	true
				}],
			"sum":	{
				"start":	12.001136,
				"end":	13.001172,
				"seconds":	1.0000360012054443,
				"bytes":	3712,
				"bits_per_second":	29694.930946690332,
				"packets":	29,
				"omitted":	false,
				"sender":	true
			}
		}, {
			"streams":	[{
					"socket":	5,
					"start":	13.001172,
					"end":	14.001132,
					"seconds":	0.99996000528335571,
					"bytes":	3840,
					"bits_per_second":	30721.228686836293,
					"packets":	30,
					"omitted":	false,
					"sender":	true
				}],
			"sum":	{
				"start":	13.001172,
				"end":	14.001132,
				"seconds":	0.99996000528335571,
				"bytes":	3840,
				"bits_per_second":	30721.228686836293,
				"packets":	30,
				"omitted":	false,
				"sender":	true
			}
		}, {
			"streams":	[{
					"socket":	5,
					"start":	14.001132,
					"end":	15.001127,
					"seconds":	0.999994993209839,
					"bytes":	3712,
					"bits_per_second":	29696.148682385046,
					"packets":	29,
					"omitted":	false,
					"sender":	true
				}],
			"sum":	{
				"start":	14.001132,
				"end":	15.001127,
				"seconds":	0.999994993209839,
				"bytes":	3712,
				"bits_per_second":	29696.148682385046,