{
	"start":	{
		"connected":	[{
				"socket":	5,
				"local_host":	"fd00::8",
				"local_port":	53237,
				"remote_host":	"fd00::2",
				"remote_port":	5123
			}],
		"version":	"iperf 3.18",
		"system_info":	"Linux RPI08 6.18.29+rpt-rpi-v7 #1 SMP Raspbian 1:6.18.29-1+rpt1 (2026-05-12) armv7l",
		"timestamp":	{
			"time":	"Mon, 18 May 2026 15:59:59 GMT",
			"timesecs":	1779119999
		},
		"connecting_to":	{
			"host":	"fd00::2",
			"port":	5123
		},
		"cookie":	"evd67yjlvvt3l6lhw2loefvbxfeuqeirwa36",
		"target_bitrate":	50000,
		"fq_rate":	0,
		"sock_bufsize":	0,
		"sndbuf_actual":	180224,
		"rcvbuf_actual":	180224,
		"test_start":	{
			"protocol":	"UDP",
			"num_streams":	1,
			"blksize":	128,
			"omit":	0,
			"duration":	30,
			"bytes":	0,
			"blocks":	0,
			"reverse":	0,
			"tos":	0,
			"target_bitrate":	50000,
			"bidir":	0,
			"fqrate":	0,
			"interval":	1
		}
	},
	"intervals":	[{
			"streams":	[{
					"socket":	5,
					"start":	0,
					"end":	1.001143,
					"seconds":	1.0011429786682129,
					"bytes":	6272,
					"bits_per_second":	50118.715377445347,
					"packets":	49,
					"omitted":	false,
					"sender":	true
				}],
			"sum":	{
				"start":	0,
				"end":	1.001143,
				"seconds":	1.0011429786682129,
				"bytes":	6272,
				"bits_per_second":	50118.715377445347,
				"packets":	49,
				"omitted":	false,
				"sender":	true
			}
		}, {
			"streams":	[{
					"socket":	5,
					"start":	1.001143,
					"end":	2.001144,
					"seconds":	1.0000009536743164,
					"bytes":	6272,
					"bits_per_second":	50175.952148483135,
					"packets":	49,
					"omitted":	false,
					"sender":	true
				}],
			"sum":	{
				"start":	1.001143,
				"end":	2.001144,
				"seconds":	1.0000009536743164,
				"bytes":	6272,
				"bits_per_second":	50175.952148483135,
				"packets":	49,
				"omitted":	false,
				"sender":	true
			}
		}, {
			"streams":	[{
					"socket":	5,
					"start":	2.001144,
					"end":	3.001134,
					"seconds":	0.99998998641967773,
					"bytes":	6272,
					"bits_per_second":	50176.502446437538,
					"packets":	49,
					"omitted":	false,
					"sender":	true
				}],
			"sum":	{
				"start":	2.001144,
				"end":	3.001134,
				"seconds":	0.99998998641967773,
				"bytes":	6272,
				"bits_per_second":	50176.502446437538,
				"packets":	49,
				"omitted":	false,
				"sender":	true
			}
		}, {
			"streams":	[{
					"socket":	5,
					"start":	3.001134,
					"end":	4.001141,
					"seconds":	1.0000070333480835,
					"bytes":	6272,
					"bits_per_second":	50175.647097208654,
					"packets":	49,
					"omitted":	false,
					"sender":	true
				}],
			"sum":	{
				"start":	3.001134,
				"end":	4.001141,
				"seconds":	1.0000070333480835,
				"bytes":	6272,
				"bits_per_second":	50175.647097208654,
				"packets":	49,
				"omitted":	false,
				"sender":	true
			}
		}, {
			"streams":	[{
					"socket":	5,
					"start":	4.001141,
					"end":	5.001136,
					"seconds":	0.999994993209839,
					"bytes":	6272,
					"bits_per_second":	50176.251221960942,
					"packets":	49,
					"omitted":	false,
					"sender":	true
				}],
			"sum":	{
				"start":	4.001141,
				"end":	5.001136,
				"seconds":	0.999994993209839,
				"bytes":	6272,
				"bits_per_second":	50176.251221960942,
				"packets":	49,
				"omitted":	false,
				"sender":	true
			}
		}, {
			"streams":	[{
					"socket":	5,
					"start":	5.001136,
					"end":	6.001146,
					"seconds":	1.0000100135803223,
					"bytes":	6272,
					"bits_per_second":	50175.497563624936,
					"packets":	49,
					"omitted":	false,
					"sender":	true
				}],
			"sum":	{
				"start":	5.001136,
				"end":	6.001146,
				"seconds":	1.0000100135803223,
				"bytes":	6272,
				"bits_per_second":	50175.497563624936,
				"packets":	49,
				"omitted":	false,
				"sender":	true
			}
		}, {
			"streams":	[{
					"socket":	5,
					"start":	6.001146,
					"end":	7.001137,
					"seconds":	0.999990999698639,
					"bytes":	6144,
					"bits_per_second":	49152.442386794115,
					"packets":	48,
					"omitted":	false,
					"sender":	true
				}],
			"sum":	{
				"start":	6.001146,
				"end":	7.001137,
				"seconds":	0.999990999698639,
				"bytes":	6144,
				"bits_per_second":	49152.442386794115,
				"packets":	48,
				"omitted":	false,
				"sender":	true
			}
		}, {
			"streams":	[{
					"socket":	5,
					"start":	7.001137,
					"end":	8.001139,
					"seconds":	1.0000020265579224,
					"bytes":	6272,
					"bits_per_second":	50175.898315635757,
					"packets":	49,
					"omitted":	false,
					"sender":	true
				}],
			"sum":	{
				"start":	7.001137,
				"end":	8.001139,
				"seconds":	1.0000020265579224,
				"bytes":	6272,
				"bits_per_second":	50175.898315635757,
				"packets":	49,
				"omitted":	false,
				"sender":	true
			}
		}, {
			"streams":	[{
					"socket":	5,
					"start":	8.001139,
					"end":	9.001136,
					"seconds":	0.99999701976776123,
					"bytes":	6272,
					"bits_per_second":	50176.149536578465,
					"packets":	49,
					"omitted":	false,
					"sender":	true
				}],
			"sum":	{
				"start":	8.001139,
				"end":	9.001136,
				"seconds":	0.99999701976776123,
				"bytes":	6272,
				"bits_per_second":	50176.149536578465,
				"packets":	49,
				"omitted":	false,
				"sender":	true
			}
		}, {
			"streams":	[{
					"socket":	5,
					"start":	9.001136,
					"end":	10.00114,
					"seconds":	1.0000040531158447,
					"bytes":	6272,
					"bits_per_second":	50175.796631683654,
					"packets":	49,
					"omitted":	false,
					"sender":	true
				}],
			"sum":	{
				"start":	9.001136,
				"end":	10.00114,
				"seconds":	1.0000040531158447,
				"bytes":	6272,
				"bits_per_second":	50175.796631683654,
				"packets":	49,
				"omitted":	false,
				"sender":	true
			}
		}, {
			"streams":	[{
					"socket":	5,
					"start":	10.00114,
					"end":	11.001141,
					"seconds":	1.0000009536743164,
					"bytes":	6272,
					"bits_per_second":	50175.952148483135,
					"packets":	49,
					"omitted":	false,
					"sender":	true
				}],
			"sum":	{
				"start":	10.00114,
				"end":	11.001141,
				"seconds":	1.0000009536743164,
				"bytes":	6272,
				"bits_per_second":	50175.952148483135,
				"packets":	49,
				"omitted":	false,
				"sender":	true
			}
		}, {
			"streams":	[{
					"socket":	5,
					"start":	11.001141,
					"end":	12.001136,
					"seconds":	0.999994993209839,
					"bytes":	6144,
					"bits_per_second":	49152.246094982147,
					"packets":	48,
					"omitted":	false,
					"sender":	true
				}],
			"sum":	{
				"start":	11.001141,
				"end":	12.001136,
				"seconds":	0.999994993209839,
				"bytes":	6144,
				"bits_per_second":	49152.246094982147,
				"packets":	48,
				"omitted":	false,
				"sender":	true
			}
		}, {
			"streams":	[{
					"socket":	5,
					"start":	12.001136,
					"end":	13.001142,
					"seconds":	1.0000059604644775,
					"bytes":	6272,
					"bits_per_second":	50175.700929516977,
					"packets":	49,
					"omitted":	false,
					"sender":	true
				}],
			"sum":	{
				"start":	12.001136,
				"end":	13.001142,
				"seconds":	1.0000059604644775,
				"bytes":	6272,
				"bits_per_second":	50175.700929516977,
				"packets":	49,
				"omitted":	false,
				"sender":	true
			}
		}, {
			"streams":	[{
					"socket":	5,
					"start":	13.001142,
					"end":	14.00114,
					"seconds":	0.99999797344207764,
					"bytes":	6272,
					"bits_per_second":	50176.101684776382,
					"packets":	49,
					"omitted":	false,
					"sender":	true
				}],
			"sum":	{
				"start":	13.001142,
				"end":	14.00114,
				"seconds":	0.99999797344207764,
				"bytes":	6272,
				"bits_per_second":	50176.101684776382,
				"packets":	49,
				"omitted":	false,
				"sender":	true
			}
		}, {
			"streams":	[{
					"socket":	5,
					"start":	14.00114,
					"end":	15.001137,
					"seconds":	0.99999701976776123,
					"bytes":	6272,
					"bits_per_second":	50176.149536578465,
					"packets":	49,
					"omitted":	false,
					"sender":	true
				}],
			"sum":	{
				"start":	14.00114,
				"end":	15.001137,
				"seconds":	0.99999701976776123,
				"bytes":	6272,
				"bits_per_second":	50176.149536578465,
				"packets":	49,