{
	"start":	{
		"connected":	[{
				"socket":	5,
				"local_host":	"fd00::8",
				"local_port":	49403,
				"remote_host":	"fd00::2",
				"remote_port":	5123
			}],
		"version":	"iperf 3.18",
		"system_info":	"Linux RPI08 6.18.29+rpt-rpi-v7 #1 SMP Raspbian 1:6.18.29-1+rpt1 (2026-05-12) armv7l",
		"timestamp":	{
			"time":	"Mon, 18 May 2026 15:58:51 GMT",
			"timesecs":	1779119931
		},
		"connecting_to":	{
			"host":	"fd00::2",
			"port":	5123
		},
		"cookie":	"p7ebbmynufjkscu26qcg5ha7rn4yz4hhy2zt",
		"target_bitrate":	50000,
		"fq_rate":	0,
		"sock_bufsize":	0,
		"sndbuf_actual":	180224,
		"rcvbuf_actual":	180224,
		"test_start":	{
			"protocol":	"UDP",
			"num_streams":	1,
			"blksize":	96,
			"omit":	0,
			"duration":	30,
			"bytes":	0,
			"blocks":	0,
			"reverse":	0,
			"tos":	0,
			"target_bitrate":	50000,
			"bidir":	0,
			"fqrate":	0,
			"interval":	1
		}
	},
	"intervals":	[{
			"streams":	[{
					"socket":	5,
					"start":	0,
					"end":	1.001137,
					"seconds":	1.0011370182037354,
					"bytes":	6336,
					"bits_per_second":	50630.432276838248,
					"packets":	66,
					"omitted":	false,
					"sender":	true
				}],
			"sum":	{
				"start":	0,
				"end":	1.001137,
				"seconds":	1.0011370182037354,
				"bytes":	6336,
				"bits_per_second":	50630.432276838248,
				"packets":	66,
				"omitted":	false,
				"sender":	true
			}
		}, {
			"streams":	[{
					"socket":	5,
					"start":	1.001137,
					"end":	2.001143,
					"seconds":	1.0000059604644775,
					"bytes":	6240,
					"bits_per_second":	49919.702455386789,
					"packets":	65,
					"omitted":	false,
					"sender":	true
				}],
			"sum":	{
				"start":	1.001137,
				"end":	2.001143,
				"seconds":	1.0000059604644775,
				"bytes":	6240,
				"bits_per_second":	49919.702455386789,
				"packets":	65,
				"omitted":	false,
				"sender":	true
			}
		}, {
			"streams":	[{
					"socket":	5,
					"start":	2.001143,
					"end":	3.001135,
					"seconds":	0.9999920129776,
					"bytes":	6240,
					"bits_per_second":	49920.398715342752,
					"packets":	65,
					"omitted":	false,
					"sender":	true
				}],
			"sum":	{
				"start":	2.001143,
				"end":	3.001135,
				"seconds":	0.9999920129776,
				"bytes":	6240,
				"bits_per_second":	49920.398715342752,
				"packets":	65,
				"omitted":	false,
				"sender":	true
			}
		}, {
			"streams":	[{
					"socket":	5,
					"start":	3.001135,
					"end":	4.001164,
					"seconds":	1.0000289678573608,
					"bytes":	6240,
					"bits_per_second":	49918.553966449042,
					"packets":	65,
					"omitted":	false,
					"sender":	true
				}],
			"sum":	{
				"start":	3.001135,
				"end":	4.001164,
				"seconds":	1.0000289678573608,
				"bytes":	6240,
				"bits_per_second":	49918.553966449042,
				"packets":	65,
				"omitted":	false,
				"sender":	true
			}
		}, {
			"streams":	[{
					"socket":	5,
					"start":	4.001164,
					"end":	5.001131,
					"seconds":	0.99996697902679443,
					"bytes":	6240,
					"bits_per_second":	49921.648461416225,
					"packets":	65,
					"omitted":	false,
					"sender":	true
				}],
			"sum":	{
				"start":	4.001164,
				"end":	5.001131,
				"seconds":	0.99996697902679443,
				"bytes":	6240,
				"bits_per_second":	49921.648461416225,
				"packets":	65,
				"omitted":	false,
				"sender":	true
			}
		}, {
			"streams":	[{
					"socket":	5,
					"start":	5.001131,
					"end":	6.001139,
					"seconds":	1.0000079870224,
					"bytes":	6240,
					"bits_per_second":	49919.6012910263,
					"packets":	65,
					"omitted":	false,
					"sender":	true
				}],
			"sum":	{
				"start":	5.001131,
				"end":	6.001139,
				"seconds":	1.0000079870224,
				"bytes":	6240,
				"bits_per_second":	49919.6012910263,
				"packets":	65,
				"omitted":	false,
				"sender":	true
			}
		}, {
			"streams":	[{
					"socket":	5,
					"start":	6.001139,
					"end":	7.00018,
					"seconds":	0.99904102087020874,
					"bytes":	6240,
					"bits_per_second":	49967.918190704,
					"packets":	65,
					"omitted":	false,
					"sender":	true
				}],
			"sum":	{
				"start":	6.001139,
				"end":	7.00018,
				"seconds":	0.99904102087020874,
				"bytes":	6240,
				"bits_per_second":	49967.918190704,
				"packets":	65,
				"omitted":	false,
				"sender":	true
			}
		}, {
			"streams":	[{
					"socket":	5,
					"start":	7.00018,
					"end":	8.001143,
					"seconds":	1.0009629726409912,
					"bytes":	6240,
					"bits_per_second":	49871.9746528571,
					"packets":	65,
					"omitted":	false,
					"sender":	true
				}],
			"sum":	{
				"start":	7.00018,
				"end":	8.001143,
				"seconds":	1.0009629726409912,
				"bytes":	6240,
				"bits_per_second":	49871.9746528571,
				"packets":	65,
				"omitted":	false,
				"sender":	true
			}
		}, {
			"streams":	[{
					"socket":	5,
					"start":	8.001143,
					"end":	9.001133,
					"seconds":	0.99998998641967773,
					"bytes":	6336,
					"bits_per_second":	50688.507573442,
					"packets":	66,
					"omitted":	false,
					"sender":	true
				}],
			"sum":	{
				"start":	8.001143,
				"end":	9.001133,
				"seconds":	0.99998998641967773,
				"bytes":	6336,
				"bits_per_second":	50688.507573442,
				"packets":	66,
				"omitted":	false,
				"sender":	true
			}
		}, {
			"streams":	[{
					"socket":	5,
					"start":	9.001133,
					"end":	10.000183,
					"seconds":	0.99905002117156982,
					"bytes":	6240,
					"bits_per_second":	49967.468036745173,
					"packets":	65,
					"omitted":	false,
					"sender":	true
				}],
			"sum":	{
				"start":	9.001133,
				"end":	10.000183,
				"seconds":	0.99905002117156982,
				"bytes":	6240,
				"bits_per_second":	49967.468036745173,
				"packets":	65,
				"omitted":	false,
				"sender":	true
			}
		}, {
			"streams":	[{
					"socket":	5,
					"start":	10.000183,
					"end":	11.000178,
					"seconds":	0.999994993209839,
					"bytes":	6240,
					"bits_per_second":	49920.249940216243,
					"packets":	65,
					"omitted":	false,
					"sender":	true
				}],
			"sum":	{
				"start":	10.000183,
				"end":	11.000178,
				"seconds":	0.999994993209839,
				"bytes":	6240,
				"bits_per_second":	49920.249940216243,
				"packets":	65,
				"omitted":	false,
				"sender":	true
			}
		}, {
			"streams":	[{
					"socket":	5,
					"start":	11.000178,
					"end":	12.000173,
					"seconds":	0.999994993209839,
					"bytes":	6240,
					"bits_per_second":	49920.249940216243,
					"packets":	65,
					"omitted":	false,
					"sender":	true
				}],
			"sum":	{
				"start":	11.000178,
				"end":	12.000173,
				"seconds":	0.999994993209839,
				"bytes":	6240,
				"bits_per_second":	49920.249940216243,
				"packets":	65,
				"omitted":	false,
				"sender":	true
			}
		}, {
			"streams":	[{
					"socket":	5,
					"start":	12.000173,
					"end":	13.000173,
					"seconds":	1,
					"bytes":	6240,
					"bits_per_second":	49920,
					"packets":	65,
					"omitted":	false,
					"sender":	true
				}],
			"sum":	{
				"start":	12.000173,
				"end":	13.000173,
				"seconds":	1,
				"bytes":	6240,
				"bits_per_second":	49920,
				"packets":	65,
				"omitted":	false,
				"sender":	true
			}
		}, {
			"streams":	[{
					"socket":	5,
					"start":	13.000173,
					"end":	14.000185,
					"seconds":	1.0000120401382446,
					"bytes":	6240,
					"bits_per_second":	49919.3989635354,
					"packets":	65,
					"omitted":	false,
					"sender":	true
				}],
			"sum":	{
				"start":	13.000173,
				"end":	14.000185,
				"seconds":	1.0000120401382446,
				"bytes":	6240,
				"bits_per_second":	49919.3989635354,
				"packets":	65,
				"omitted":	false,
				"sender":	true
			}
		}, {
			"streams":	[{
					"socket":	5,
					"start":	14.000185,
					"end":	15.001134,
					"seconds":	1.0009490251541138,
					"bytes":	6240,
					"bits_per_second":	49872.66958206382,
					"packets":	65,
					"omitted":	false,
					"sender":	true
				}],
			"sum":	{
				"start":	14.000185,
				"end":	15.001134,
				"seconds":	1.0009490251541138,
				"bytes":	6240,
				"bits_per_second":	49872.66958206382,
				"packets":	65,
				"omitted":	false,
				"sender":	true
			}
		}, {
			"streams":	[{
					"socket":	5,