{
	"start":	{
		"connected":	[{
				"socket":	5,
				"local_host":	"fd00::8",
				"local_port":	39064,
				"remote_host":	"fd00::2",
				"remote_port":	5123
			}],
		"version":	"iperf 3.18",
		"system_info":	"Linux RPI08 6.18.29+rpt-rpi-v7 #1 SMP Raspbian 1:6.18.29-1+rpt1 (2026-05-12) armv7l",
		"timestamp":	{
			"time":	"Mon, 18 May 2026 15:52:01 GMT",
			"timesecs":	1779119521
		},
		"connecting_to":	{
			"host":	"fd00::2",
			"port":	5123
		},
		"cookie":	"yeyl6jl5n4y4wveiwcvtpans5ugs6gcagoqd",
		"target_bitrate":	30000,
		"fq_rate":	0,
		"sock_bufsize":	0,
		"sndbuf_actual":	180224,
		"rcvbuf_actual":	180224,
		"test_start":	{
			"protocol":	"UDP",
			"num_streams":	1,
			"blksize":	64,
			"omit":	0,
			"duration":	30,
			"bytes":	0,
			"blocks":	0,
			"reverse":	0,
			"tos":	0,
			"target_bitrate":	30000,
			"bidir":	0,
			"fqrate":	0,
			"interval":	1
		}
	},
	"intervals":	[{
			"streams":	[{
					"socket":	5,
					"start":	0,
					"end":	1.001083,
					"seconds":	1.0010830163955688,
					"bytes":	3776,
					"bits_per_second":	30175.319634094743,
					"packets":	59,
					"omitted":	false,
					"sender":	true
				}],
			"sum":	{
				"start":	0,
				"end":	1.001083,
				"seconds":	1.0010830163955688,
				"bytes":	3776,
				"bits_per_second":	30175.319634094743,
				"packets":	59,
				"omitted":	false,
				"sender":	true
			}
		}, {
			"streams":	[{
					"socket":	5,
					"start":	1.001083,
					"end":	2.001136,
					"seconds":	1.00005304813385,
					"bytes":	3776,
					"bits_per_second":	30206.397606976614,
					"packets":	59,
					"omitted":	false,
					"sender":	true
				}],
			"sum":	{
				"start":	1.001083,
				"end":	2.001136,
				"seconds":	1.00005304813385,
				"bytes":	3776,
				"bits_per_second":	30206.397606976614,
				"packets":	59,
				"omitted":	false,
				"sender":	true
			}
		}, {
			"streams":	[{
					"socket":	5,
					"start":	2.001136,
					"end":	3.001133,
					"seconds":	0.99999701976776123,
					"bytes":	3712,
					"bits_per_second":	29696.088501240316,
					"packets":	58,
					"omitted":	false,
					"sender":	true
				}],
			"sum":	{
				"start":	2.001136,
				"end":	3.001133,
				"seconds":	0.99999701976776123,
				"bytes":	3712,
				"bits_per_second":	29696.088501240316,
				"packets":	58,
				"omitted":	false,
				"sender":	true
			}
		}, {
			"streams":	[{
					"socket":	5,
					"start":	3.001133,
					"end":	4.001132,
					"seconds":	0.99999898672103882,
					"bytes":	3776,
					"bits_per_second":	30208.030609161877,
					"packets":	59,
					"omitted":	false,
					"sender":	true
				}],
			"sum":	{
				"start":	3.001133,
				"end":	4.001132,
				"seconds":	0.99999898672103882,
				"bytes":	3776,
				"bits_per_second":	30208.030609161877,
				"packets":	59,
				"omitted":	false,
				"sender":	true
			}
		}, {
			"streams":	[{
					"socket":	5,
					"start":	4.001132,
					"end":	5.001133,
					"seconds":	1.0000009536743164,
					"bytes":	3776,
					"bits_per_second":	30207.971191433724,
					"packets":	59,
					"omitted":	false,
					"sender":	true
				}],
			"sum":	{
				"start":	4.001132,
				"end":	5.001133,
				"seconds":	1.0000009536743164,
				"bytes":	3776,
				"bits_per_second":	30207.971191433724,
				"packets":	59,
				"omitted":	false,
				"sender":	true
			}
		}, {
			"streams":	[{
					"socket":	5,
					"start":	5.001133,
					"end":	6.001133,
					"seconds":	1,
					"bytes":	3712,
					"bits_per_second":	29696,
					"packets":	58,
					"omitted":	false,
					"sender":	true
				}],
			"sum":	{
				"start":	5.001133,
				"end":	6.001133,
				"seconds":	1,
				"bytes":	3712,
				"bits_per_second":	29696,
				"packets":	58,
				"omitted":	false,
				"sender":	true
			}
		}, {
			"streams":	[{
					"socket":	5,
					"start":	6.001133,
					"end":	7.001133,
					"seconds":	1,
					"bytes":	3776,
					"bits_per_second":	30208,
					"packets":	59,
					"omitted":	false,
					"sender":	true
				}],
			"sum":	{
				"start":	6.001133,
				"end":	7.001133,
				"seconds":	1,
				"bytes":	3776,
				"bits_per_second":	30208,
				"packets":	59,
				"omitted":	false,
				"sender":	true
			}
		}, {
			"streams":	[{
					"socket":	5,
					"start":	7.001133,
					"end":	8.001131,
					"seconds":	0.99999797344207764,
					"bytes":	3712,
					"bits_per_second":	29696.060180786022,
					"packets":	58,
					"omitted":	false,
					"sender":	true
				}],
			"sum":	{
				"start":	7.001133,
				"end":	8.001131,
				"seconds":	0.99999797344207764,
				"bytes":	3712,
				"bits_per_second":	29696.060180786022,
				"packets":	58,
				"omitted":	false,
				"sender":	true
			}
		}, {
			"streams":	[{
					"socket":	5,
					"start":	8.001131,
					"end":	9.001129,
					"seconds":	0.99999797344207764,
					"bytes":	3776,
					"bits_per_second":	30208.061218385781,
					"packets":	59,
					"omitted":	false,
					"sender":	true
				}],
			"sum":	{
				"start":	8.001131,
				"end":	9.001129,
				"seconds":	0.99999797344207764,
				"bytes":	3776,
				"bits_per_second":	30208.061218385781,
				"packets":	59,
				"omitted":	false,
				"sender":	true
			}
		}, {
			"streams":	[{
					"socket":	5,
					"start":	9.001129,
					"end":	10.001123,
					"seconds":	0.99999397993087769,
					"bytes":	3712,
					"bits_per_second":	29696.178773048883,
					"packets":	58,
					"omitted":	false,
					"sender":	true
				}],
			"sum":	{
				"start":	9.001129,
				"end":	10.001123,
				"seconds":	0.99999397993087769,
				"bytes":	3712,
				"bits_per_second":	29696.178773048883,
				"packets":	58,
				"omitted":	false,
				"sender":	true
			}
		}, {
			"streams":	[{
					"socket":	5,
					"start":	10.001123,
					"end":	11.001132,
					"seconds":	1.0000089406967163,
					"bytes":	3776,
					"bits_per_second":	30207.72992184828,
					"packets":	59,
					"omitted":	false,
					"sender":	true
				}],
			"sum":	{
				"start":	10.001123,
				"end":	11.001132,
				"seconds":	1.0000089406967163,
				"bytes":	3776,
				"bits_per_second":	30207.72992184828,
				"packets":	59,
				"omitted":	false,
				"sender":	true
			}
		}, {
			"streams":	[{
					"socket":	5,
					"start":	11.001132,
					"end":	12.001136,
					"seconds":	1.0000040531158447,
					"bytes":	3776,
					"bits_per_second":	30207.877563972808,
					"packets":	59,
					"omitted":	false,
					"sender":	true
				}],
			"sum":	{
				"start":	11.001132,
				"end":	12.001136,
				"seconds":	1.0000040531158447,
				"bytes":	3776,
				"bits_per_second":	30207.877563972808,
				"packets":	59,
				"omitted":	false,
				"sender":	true
			}
		}, {
			"streams":	[{
					"socket":	5,
					"start":	12.001136,
					"end":	13.001134,
					"seconds":	0.99999797344207764,
					"bytes":	3712,
					"bits_per_second":	29696.060180786022,
					"packets":	58,
					"omitted":	false,
					"sender":	true
				}],
			"sum":	{
				"start":	12.001136,
				"end":	13.001134,
				"seconds":	0.99999797344207764,
				"bytes":	3712,
				"bits_per_second":	29696.060180786022,
				"packets":	58,
				"omitted":	false,
				"sender":	true
			}
		}, {
			"streams":	[{
					"socket":	5,
					"start":	13.001134,
					"end":	14.001134,
					"seconds":	1,
					"bytes":	3776,
					"bits_per_second":	30208,
					"packets":	59,
					"omitted":	false,
					"sender":	true
				}],
			"sum":	{
				"start":	13.001134,
				"end":	14.001134,
				"seconds":	1,
				"bytes":	3776,
				"bits_per_second":	30208,
				"packets":	59,
				"omitted":	false,
				"sender":	true
			}
		}, {
			"streams":	[{
					"socket":	5,
					"start":	14.001134,
					"end":	15.00113,
					"seconds":	0.9999960064888,
					"bytes":	3712,
					"bits_per_second":	29696.118591782193,
					"packets":	58,
					"omitted":	false,
					"sender":	true
				}],
			"sum":	{
				"start":	14.001134,
				"end":	15.00113,
				"seconds":	0.9999960064888,
				"bytes":	3712,
				"bits_per_second":	29696.118591782193,
				"packets":	58,
				"omitted":	false,
				"sender":	true
			}
		}, {
			"streams":	[{
					"socket":	5,
					"start":	15.00113,
					"end":	16.001135,
					"seconds":	1.0000050067901611,