{
	"start":	{
		"connected":	[{
				"socket":	5,
				"local_host":	"fd00::8",
				"local_port":	45789,
				"remote_host":	"fd00::2",
				"remote_port":	5123
			}],
		"version":	"iperf 3.18",
		"system_info":	"Linux RPI08 6.18.29+rpt-rpi-v7 #1 SMP Raspbian 1:6.18.29-1+rpt1 (2026-05-12) armv7l",
		"timestamp":	{
			"time":	"Mon, 18 May 2026 15:52:41 GMT",
			"timesecs":	1779119561
		},
		"connecting_to":	{
			"host":	"fd00::2",
			"port":	5123
		},
		"cookie":	"vorw4fegrtroo7mojtox2mqiaig2z22dibcn",
		"target_bitrate":	30000,
		"fq_rate":	0,
		"sock_bufsize":	0,
		"sndbuf_actual":	180224,
		"rcvbuf_actual":	180224,
		"test_start":	{
			"protocol":	"UDP",
			"num_streams":	1,
			"blksize":	96,
			"omit":	0,
			"duration":	30,
			"bytes":	0,
			"blocks":	0,
			"reverse":	0,
			"tos":	0,
			"target_bitrate":	30000,
			"bidir":	0,
			"fqrate":	0,
			"interval":	1
		}
	},
	"intervals":	[{
			"streams":	[{
					"socket":	5,
					"start":	0,
					"end":	1.001143,
					"seconds":	1.0011429786682129,
					"bytes":	3840,
					"bits_per_second":	30684.9277821094,
					"packets":	40,
					"omitted":	false,
					"sender":	true
				}],
			"sum":	{
				"start":	0,
				"end":	1.001143,
				"seconds":	1.0011429786682129,
				"bytes":	3840,
				"bits_per_second":	30684.9277821094,
				"packets":	40,
				"omitted":	false,
				"sender":	true
			}
		}, {
			"streams":	[{
					"socket":	5,
					"start":	1.001143,
					"end":	2.001138,
					"seconds":	0.999994993209839,
					"bytes":	3744,
					"bits_per_second":	29952.149964129745,
					"packets":	39,
					"omitted":	false,
					"sender":	true
				}],
			"sum":	{
				"start":	1.001143,
				"end":	2.001138,
				"seconds":	0.999994993209839,
				"bytes":	3744,
				"bits_per_second":	29952.149964129745,
				"packets":	39,
				"omitted":	false,
				"sender":	true
			}
		}, {
			"streams":	[{
					"socket":	5,
					"start":	2.001138,
					"end":	3.00029,
					"seconds":	0.99915200471878052,
					"bytes":	3744,
					"bits_per_second":	29977.42071130632,
					"packets":	39,
					"omitted":	false,
					"sender":	true
				}],
			"sum":	{
				"start":	2.001138,
				"end":	3.00029,
				"seconds":	0.99915200471878052,
				"bytes":	3744,
				"bits_per_second":	29977.42071130632,
				"packets":	39,
				"omitted":	false,
				"sender":	true
			}
		}, {
			"streams":	[{
					"socket":	5,
					"start":	3.00029,
					"end":	4.001142,
					"seconds":	1.0008519887924194,
					"bytes":	3744,
					"bits_per_second":	29926.502954886131,
					"packets":	39,
					"omitted":	false,
					"sender":	true
				}],
			"sum":	{
				"start":	3.00029,
				"end":	4.001142,
				"seconds":	1.0008519887924194,
				"bytes":	3744,
				"bits_per_second":	29926.502954886131,
				"packets":	39,
				"omitted":	false,
				"sender":	true
			}
		}, {
			"streams":	[{
					"socket":	5,
					"start":	4.001142,
					"end":	5.001143,
					"seconds":	1.0000009536743164,
					"bytes":	3744,
					"bits_per_second":	29951.971435574116,
					"packets":	39,
					"omitted":	false,
					"sender":	true
				}],
			"sum":	{
				"start":	4.001142,
				"end":	5.001143,
				"seconds":	1.0000009536743164,
				"bytes":	3744,
				"bits_per_second":	29951.971435574116,
				"packets":	39,
				"omitted":	false,
				"sender":	true
			}
		}, {
			"streams":	[{
					"socket":	5,
					"start":	5.001143,
					"end":	6.001145,
					"seconds":	1.0000020265579224,
					"bytes":	3744,
					"bits_per_second":	29951.93930066012,
					"packets":	39,
					"omitted":	false,
					"sender":	true
				}],
			"sum":	{
				"start":	5.001143,
				"end":	6.001145,
				"seconds":	1.0000020265579224,
				"bytes":	3744,
				"bits_per_second":	29951.93930066012,
				"packets":	39,
				"omitted":	false,
				"sender":	true
			}
		}, {
			"streams":	[{
					"socket":	5,
					"start":	6.001145,
					"end":	7.00114,
					"seconds":	0.999994993209839,
					"bytes":	3744,
					"bits_per_second":	29952.149964129745,
					"packets":	39,
					"omitted":	false,
					"sender":	true
				}],
			"sum":	{
				"start":	6.001145,
				"end":	7.00114,
				"seconds":	0.999994993209839,
				"bytes":	3744,
				"bits_per_second":	29952.149964129745,
				"packets":	39,
				"omitted":	false,
				"sender":	true
			}
		}, {
			"streams":	[{
					"socket":	5,
					"start":	7.00114,
					"end":	8.001133,
					"seconds":	0.99999302625656128,
					"bytes":	3744,
					"bits_per_second":	29952.208879020145,
					"packets":	39,
					"omitted":	false,
					"sender":	true
				}],
			"sum":	{
				"start":	7.00114,
				"end":	8.001133,
				"seconds":	0.99999302625656128,
				"bytes":	3744,
				"bits_per_second":	29952.208879020145,
				"packets":	39,
				"omitted":	false,
				"sender":	true
			}
		}, {
			"streams":	[{
					"socket":	5,
					"start":	8.001133,
					"end":	9.001141,
					"seconds":	1.0000079870224,
					"bytes":	3744,
					"bits_per_second":	29951.760774615777,
					"packets":	39,
					"omitted":	false,
					"sender":	true
				}],
			"sum":	{
				"start":	8.001133,
				"end":	9.001141,
				"seconds":	1.0000079870224,
				"bytes":	3744,
				"bits_per_second":	29951.760774615777,
				"packets":	39,
				"omitted":	false,
				"sender":	true
			}
		}, {
			"streams":	[{
					"socket":	5,
					"start":	9.001141,
					"end":	10.00114,
					"seconds":	0.99999898672103882,
					"bytes":	3744,
					"bits_per_second":	29952.0303497622,
					"packets":	39,
					"omitted":	false,
					"sender":	true
				}],
			"sum":	{
				"start":	9.001141,
				"end":	10.00114,
				"seconds":	0.99999898672103882,
				"bytes":	3744,
				"bits_per_second":	29952.0303497622,
				"packets":	39,
				"omitted":	false,
				"sender":	true
			}
		}, {
			"streams":	[{
					"socket":	5,
					"start":	10.00114,
					"end":	11.001188,
					"seconds":	1.000048041343689,
					"bytes":	3744,
					"bits_per_second":	29950.561134798845,
					"packets":	39,
					"omitted":	false,
					"sender":	true
				}],
			"sum":	{
				"start":	10.00114,
				"end":	11.001188,
				"seconds":	1.000048041343689,
				"bytes":	3744,
				"bits_per_second":	29950.561134798845,
				"packets":	39,
				"omitted":	false,
				"sender":	true
			}
		}, {
			"streams":	[{
					"socket":	5,
					"start":	11.001188,
					"end":	12.001142,
					"seconds":	0.9999539852142334,
					"bytes":	3744,
					"bits_per_second":	29953.378298285381,
					"packets":	39,
					"omitted":	false,
					"sender":	true
				}],
			"sum":	{
				"start":	11.001188,
				"end":	12.001142,
				"seconds":	0.9999539852142334,
				"bytes":	3744,
				"bits_per_second":	29953.378298285381,
				"packets":	39,
				"omitted":	false,
				"sender":	true
			}
		}, {
			"streams":	[{
					"socket":	5,
					"start":	12.001142,
					"end":	13.001146,
					"seconds":	1.0000040531158447,
					"bytes":	3744,
					"bits_per_second":	29951.878601566259,
					"packets":	39,
					"omitted":	false,
					"sender":	true
				}],
			"sum":	{
				"start":	12.001142,
				"end":	13.001146,
				"seconds":	1.0000040531158447,
				"bytes":	3744,
				"bits_per_second":	29951.878601566259,
				"packets":	39,
				"omitted":	false,
				"sender":	true
			}
		}, {
			"streams":	[{
					"socket":	5,
					"start":	13.001146,
					"end":	14.001141,
					"seconds":	0.999994993209839,
					"bytes":	3744,
					"bits_per_second":	29952.149964129745,
					"packets":	39,
					"omitted":	false,
					"sender":	true
				}],
			"sum":	{
				"start":	13.001146,
				"end":	14.001141,
				"seconds":	0.999994993209839,
				"bytes":	3744,
				"bits_per_second":	29952.149964129745,
				"packets":	39,
				"omitted":	false,
				"sender":	true
			}
		}, {
			"streams":	[{
					"socket":	5,
					"start":	14.001141,
					"end":	15.000339,
					"seconds":	0.999198019504547,
					"bytes":	3744,
					"bits_per_second":	29976.040199570969,
					"packets":	39,
					"omitted":	false,
					"sender":	true
				}],
			"sum":	{
				"start":	14.001141,
				"end":	15.000339,
				"seconds":	0.999198019504547,
				"bytes":	3744,
				"bits_per_second":	29976.040199570969,
				"packets":	39,
				"omitted":	false,