{
	"start":	{
		"connected":	[{
				"socket":	5,
				"local_host":	"fd00::8",
				"local_port":	37502,
				"remote_host":	"fd00::2",
				"remote_port":	5123
			}],
		"version":	"iperf 3.18",
		"system_info":	"Linux RPI08 6.18.29+rpt-rpi-v7 #1 SMP Raspbian 1:6.18.29-1+rpt1 (2026-05-12) armv7l",
		"timestamp":	{
			"time":	"Mon, 18 May 2026 15:48:26 GMT",
			"timesecs":	1779119306
		},
		"connecting_to":	{
			"host":	"fd00::2",
			"port":	5123
		},
		"cookie":	"yat2d5r5ewwjv3jmqj2fky46jtzr2bowi2dv",
		"target_bitrate":	10000,
		"fq_rate":	0,
		"sock_bufsize":	0,
		"sndbuf_actual":	180224,
		"rcvbuf_actual":	180224,
		"test_start":	{
			"protocol":	"UDP",
			"num_streams":	1,
			"blksize":	96,
			"omit":	0,
			"duration":	30,
			"bytes":	0,
			"blocks":	0,
			"reverse":	0,
			"tos":	0,
			"target_bitrate":	10000,
			"bidir":	0,
			"fqrate":	0,
			"interval":	1
		}
	},
	"intervals":	[{
			"streams":	[{
					"socket":	5,
					"start":	0,
					"end":	1.000829,
					"seconds":	1.0008289813995361,
					"bytes":	1344,
					"bits_per_second":	10743.094174755663,
					"packets":	14,
					"omitted":	false,
					"sender":	true
				}],
			"sum":	{
				"start":	0,
				"end":	1.000829,
				"seconds":	1.0008289813995361,
				"bytes":	1344,
				"bits_per_second":	10743.094174755663,
				"packets":	14,
				"omitted":	false,
				"sender":	true
			}
		}, {
			"streams":	[{
					"socket":	5,
					"start":	1.000829,
					"end":	2.001136,
					"seconds":	1.0003069639205933,
					"bytes":	1248,
					"bits_per_second":	9980.93621268896,
					"packets":	13,
					"omitted":	false,
					"sender":	true
				}],
			"sum":	{
				"start":	1.000829,
				"end":	2.001136,
				"seconds":	1.0003069639205933,
				"bytes":	1248,
				"bits_per_second":	9980.93621268896,
				"packets":	13,
				"omitted":	false,
				"sender":	true
			}
		}, {
			"streams":	[{
					"socket":	5,
					"start":	2.001136,
					"end":	3.001137,
					"seconds":	1.0000009536743164,
					"bytes":	1248,
					"bits_per_second":	9983.9904785247054,
					"packets":	13,
					"omitted":	false,
					"sender":	true
				}],
			"sum":	{
				"start":	2.001136,
				"end":	3.001137,
				"seconds":	1.0000009536743164,
				"bytes":	1248,
				"bits_per_second":	9983.9904785247054,
				"packets":	13,
				"omitted":	false,
				"sender":	true
			}
		}, {
			"streams":	[{
					"socket":	5,
					"start":	3.001137,
					"end":	4.001145,
					"seconds":	1.0000079870224,
					"bytes":	1248,
					"bits_per_second":	9983.92025820526,
					"packets":	13,
					"omitted":	false,
					"sender":	true
				}],
			"sum":	{
				"start":	3.001137,
				"end":	4.001145,
				"seconds":	1.0000079870224,
				"bytes":	1248,
				"bits_per_second":	9983.92025820526,
				"packets":	13,
				"omitted":	false,
				"sender":	true
			}
		}, {
			"streams":	[{
					"socket":	5,
					"start":	4.001145,
					"end":	5.001127,
					"seconds":	0.99998199939727783,
					"bytes":	1248,
					"bits_per_second":	9984.17972125267,
					"packets":	13,
					"omitted":	false,
					"sender":	true
				}],
			"sum":	{
				"start":	4.001145,
				"end":	5.001127,
				"seconds":	0.99998199939727783,
				"bytes":	1248,
				"bits_per_second":	9984.17972125267,
				"packets":	13,
				"omitted":	false,
				"sender":	true
			}
		}, {
			"streams":	[{
					"socket":	5,
					"start":	5.001127,
					"end":	6.00114,
					"seconds":	1.000012993812561,
					"bytes":	1248,
					"bits_per_second":	9983.87027146106,
					"packets":	13,
					"omitted":	false,
					"sender":	true
				}],
			"sum":	{
				"start":	5.001127,
				"end":	6.00114,
				"seconds":	1.000012993812561,
				"bytes":	1248,
				"bits_per_second":	9983.87027146106,
				"packets":	13,
				"omitted":	false,
				"sender":	true
			}
		}, {
			"streams":	[{
					"socket":	5,
					"start":	6.00114,
					"end":	7.001135,
					"seconds":	0.999994993209839,
					"bytes":	1248,
					"bits_per_second":	9984.04998804325,
					"packets":	13,
					"omitted":	false,
					"sender":	true
				}],
			"sum":	{
				"start":	6.00114,
				"end":	7.001135,
				"seconds":	0.999994993209839,
				"bytes":	1248,
				"bits_per_second":	9984.04998804325,
				"packets":	13,
				"omitted":	false,
				"sender":	true
			}
		}, {
			"streams":	[{
					"socket":	5,
					"start":	7.001135,
					"end":	8.001133,
					"seconds":	0.99999797344207764,
					"bytes":	1248,
					"bits_per_second":	9984.0202331953,
					"packets":	13,
					"omitted":	false,
					"sender":	true
				}],
			"sum":	{
				"start":	7.001135,
				"end":	8.001133,
				"seconds":	0.99999797344207764,
				"bytes":	1248,
				"bits_per_second":	9984.0202331953,
				"packets":	13,
				"omitted":	false,
				"sender":	true
			}
		}, {
			"streams":	[{
					"socket":	5,
					"start":	8.001133,
					"end":	9.001132,
					"seconds":	0.99999898672103882,
					"bytes":	1248,
					"bits_per_second":	9984.0101165874,
					"packets":	13,
					"omitted":	false,
					"sender":	true
				}],
			"sum":	{
				"start":	8.001133,
				"end":	9.001132,
				"seconds":	0.99999898672103882,
				"bytes":	1248,
				"bits_per_second":	9984.0101165874,
				"packets":	13,
				"omitted":	false,
				"sender":	true
			}
		}, {
			"streams":	[{
					"socket":	5,
					"start":	9.001132,
					"end":	10.001135,
					"seconds":	1.0000029802322388,
					"bytes":	1248,
					"bits_per_second":	9983.9702454500039,
					"packets":	13,
					"omitted":	false,
					"sender":	true
				}],
			"sum":	{
				"start":	9.001132,
				"end":	10.001135,
				"seconds":	1.0000029802322388,
				"bytes":	1248,
				"bits_per_second":	9983.9702454500039,
				"packets":	13,
				"omitted":	false,
				"sender":	true
			}
		}, {
			"streams":	[{
					"socket":	5,
					"start":	10.001135,
					"end":	11.00113,
					"seconds":	0.999994993209839,
					"bytes":	1248,
					"bits_per_second":	9984.04998804325,
					"packets":	13,
					"omitted":	false,
					"sender":	true
				}],
			"sum":	{
				"start":	10.001135,
				"end":	11.00113,
				"seconds":	0.999994993209839,
				"bytes":	1248,
				"bits_per_second":	9984.04998804325,
				"packets":	13,
				"omitted":	false,
				"sender":	true
			}
		}, {
			"streams":	[{
					"socket":	5,
					"start":	11.00113,
					"end":	12.001125,
					"seconds":	0.999994993209839,
					"bytes":	1248,
					"bits_per_second":	9984.04998804325,
					"packets":	13,
					"omitted":	false,
					"sender":	true
				}],
			"sum":	{
				"start":	11.00113,
				"end":	12.001125,
				"seconds":	0.999994993209839,
				"bytes":	1248,
				"bits_per_second":	9984.04998804325,
				"packets":	13,
				"omitted":	false,
				"sender":	true
			}
		}, {
			"streams":	[{
					"socket":	5,
					"start":	12.001125,
					"end":	13.001128,
					"seconds":	1.0000029802322388,
					"bytes":	1248,
					"bits_per_second":	9983.9702454500039,
					"packets":	13,
					"omitted":	false,
					"sender":	true
				}],
			"sum":	{
				"start":	12.001125,
				"end":	13.001128,
				"seconds":	1.0000029802322388,
				"bytes":	1248,
				"bits_per_second":	9983.9702454500039,
				"packets":	13,
				"omitted":	false,
				"sender":	true
			}
		}, {
			"streams":	[{
					"socket":	5,
					"start":	13.001128,
					"end":	14.001136,
					"seconds":	1.0000079870224,
					"bytes":	1248,
					"bits_per_second":	9983.92025820526,
					"packets":	13,
					"omitted":	false,
					"sender":	true
				}],
			"sum":	{
				"start":	13.001128,
				"end":	14.001136,
				"seconds":	1.0000079870224,
				"bytes":	1248,
				"bits_per_second":	9983.92025820526,
				"packets":	13,
				"omitted":	false,
				"sender":	true
			}
		}, {
			"streams":	[{
					"socket":	5,
					"start":	14.001136,
					"end":	15.00113,
					"seconds":	0.99999397993087769,
					"bytes":	1248,
					"bits_per_second":	9984.06010473195,
					"packets":	13,
					"omitted":	false,
					"sender":	true
				}],
			"sum":	{
				"start":	14.001136,
				"end":	15.00113,
				"seconds":	0.99999397993087769,
				"bytes":	1248,
				"bits_per_second":	9984.06010473195,
				"packets":	13,
				"omitted":	false,