{
	"start":	{
		"connected":	[{
				"socket":	5,
				"local_host":	"fd00::8",
				"local_port":	34086,
				"remote_host":	"fd00::2",
				"remote_port":	5123
			}],
		"version":	"iperf 3.18",
		"system_info":	"Linux RPI08 6.18.29+rpt-rpi-v7 #1 SMP Raspbian 1:6.18.29-1+rpt1 (2026-05-12) armv7l",
		"timestamp":	{
			"time":	"Mon, 18 May 2026 15:47:51 GMT",
			"timesecs":	1779119271
		},
		"connecting_to":	{
			"host":	"fd00::2",
			"port":	5123
		},
		"cookie":	"r2o62nedj34iv5ganils46eyzjiqjrxnouan",
		"target_bitrate":	10000,
		"fq_rate":	0,
		"sock_bufsize":	0,
		"sndbuf_actual":	180224,
		"rcvbuf_actual":	180224,
		"test_start":	{
			"protocol":	"UDP",
			"num_streams":	1,
			"blksize":	64,
			"omit":	0,
			"duration":	30,
			"bytes":	0,
			"blocks":	0,
			"reverse":	0,
			"tos":	0,
			"target_bitrate":	10000,
			"bidir":	0,
			"fqrate":	0,
			"interval":	1
		}
	},
	"intervals":	[{
			"streams":	[{
					"socket":	5,
					"start":	0,
					"end":	1.001141,
					"seconds":	1.0011409521102905,
					"bytes":	1280,
					"bits_per_second":	10228.329965341296,
					"packets":	20,
					"omitted":	false,
					"sender":	true
				}],
			"sum":	{
				"start":	0,
				"end":	1.001141,
				"seconds":	1.0011409521102905,
				"bytes":	1280,
				"bits_per_second":	10228.329965341296,
				"packets":	20,
				"omitted":	false,
				"sender":	true
			}
		}, {
			"streams":	[{
					"socket":	5,
					"start":	1.001141,
					"end":	2.001143,
					"seconds":	1.0000020265579224,
					"bytes":	1280,
					"bits_per_second":	10239.97924808893,
					"packets":	20,
					"omitted":	false,
					"sender":	true
				}],
			"sum":	{
				"start":	1.001141,
				"end":	2.001143,
				"seconds":	1.0000020265579224,
				"bytes":	1280,
				"bits_per_second":	10239.97924808893,
				"packets":	20,
				"omitted":	false,
				"sender":	true
			}
		}, {
			"streams":	[{
					"socket":	5,
					"start":	2.001143,
					"end":	3.001155,
					"seconds":	1.0000120401382446,
					"bytes":	1216,
					"bits_per_second":	9727.88287494536,
					"packets":	19,
					"omitted":	false,
					"sender":	true
				}],
			"sum":	{
				"start":	2.001143,
				"end":	3.001155,
				"seconds":	1.0000120401382446,
				"bytes":	1216,
				"bits_per_second":	9727.88287494536,
				"packets":	19,
				"omitted":	false,
				"sender":	true
			}
		}, {
			"streams":	[{
					"socket":	5,
					"start":	3.001155,
					"end":	4.001166,
					"seconds":	1.0000109672546387,
					"bytes":	1280,
					"bits_per_second":	10239.887696544161,
					"packets":	20,
					"omitted":	false,
					"sender":	true
				}],
			"sum":	{
				"start":	3.001155,
				"end":	4.001166,
				"seconds":	1.0000109672546387,
				"bytes":	1280,
				"bits_per_second":	10239.887696544161,
				"packets":	20,
				"omitted":	false,
				"sender":	true
			}
		}, {
			"streams":	[{
					"socket":	5,
					"start":	4.001166,
					"end":	5.001148,
					"seconds":	0.99998199939727783,
					"bytes":	1216,
					"bits_per_second":	9728.17511301542,
					"packets":	19,
					"omitted":	false,
					"sender":	true
				}],
			"sum":	{
				"start":	4.001166,
				"end":	5.001148,
				"seconds":	0.99998199939727783,
				"bytes":	1216,
				"bits_per_second":	9728.17511301542,
				"packets":	19,
				"omitted":	false,
				"sender":	true
			}
		}, {
			"streams":	[{
					"socket":	5,
					"start":	5.001148,
					"end":	6.001143,
					"seconds":	0.999994993209839,
					"bytes":	1280,
					"bits_per_second":	10240.051269787948,
					"packets":	20,
					"omitted":	false,
					"sender":	true
				}],
			"sum":	{
				"start":	5.001148,
				"end":	6.001143,
				"seconds":	0.999994993209839,
				"bytes":	1280,
				"bits_per_second":	10240.051269787948,
				"packets":	20,
				"omitted":	false,
				"sender":	true
			}
		}, {
			"streams":	[{
					"socket":	5,
					"start":	6.001143,
					"end":	7.001148,
					"seconds":	1.0000050067901611,
					"bytes":	1216,
					"bits_per_second":	9727.95129418917,
					"packets":	19,
					"omitted":	false,
					"sender":	true
				}],
			"sum":	{
				"start":	6.001143,
				"end":	7.001148,
				"seconds":	1.0000050067901611,
				"bytes":	1216,
				"bits_per_second":	9727.95129418917,
				"packets":	19,
				"omitted":	false,
				"sender":	true
			}
		}, {
			"streams":	[{
					"socket":	5,
					"start":	7.001148,
					"end":	8.001133,
					"seconds":	0.9999849796295166,
					"bytes":	1280,
					"bits_per_second":	10240.153810904047,
					"packets":	20,
					"omitted":	false,
					"sender":	true
				}],
			"sum":	{
				"start":	7.001148,
				"end":	8.001133,
				"seconds":	0.9999849796295166,
				"bytes":	1280,
				"bits_per_second":	10240.153810904047,
				"packets":	20,
				"omitted":	false,
				"sender":	true
			}
		}, {
			"streams":	[{
					"socket":	5,
					"start":	8.001133,
					"end":	9.001137,
					"seconds":	1.0000040531158447,
					"bytes":	1216,
					"bits_per_second":	9727.96057144887,
					"packets":	19,
					"omitted":	false,
					"sender":	true
				}],
			"sum":	{
				"start":	8.001133,
				"end":	9.001137,
				"seconds":	1.0000040531158447,
				"bytes":	1216,
				"bits_per_second":	9727.96057144887,
				"packets":	19,
				"omitted":	false,
				"sender":	true
			}
		}, {
			"streams":	[{
					"socket":	5,
					"start":	9.001137,
					"end":	10.001131,
					"seconds":	0.99999397993087769,
					"bytes":	1280,
					"bits_per_second":	10240.061645878925,
					"packets":	20,
					"omitted":	false,
					"sender":	true
				}],
			"sum":	{
				"start":	9.001137,
				"end":	10.001131,
				"seconds":	0.99999397993087769,
				"bytes":	1280,
				"bits_per_second":	10240.061645878925,
				"packets":	20,
				"omitted":	false,
				"sender":	true
			}
		}, {
			"streams":	[{
					"socket":	5,
					"start":	10.001131,
					"end":	11.001141,
					"seconds":	1.0000100135803223,
					"bytes":	1216,
					"bits_per_second":	9727.90258886606,
					"packets":	19,
					"omitted":	false,
					"sender":	true
				}],
			"sum":	{
				"start":	10.001131,
				"end":	11.001141,
				"seconds":	1.0000100135803223,
				"bytes":	1216,
				"bits_per_second":	9727.90258886606,
				"packets":	19,
				"omitted":	false,
				"sender":	true
			}
		}, {
			"streams":	[{
					"socket":	5,
					"start":	11.001141,
					"end":	12.001127,
					"seconds":	0.99998599290847778,
					"bytes":	1280,
					"bits_per_second":	10240.143434626289,
					"packets":	20,
					"omitted":	false,
					"sender":	true
				}],
			"sum":	{
				"start":	11.001141,
				"end":	12.001127,
				"seconds":	0.99998599290847778,
				"bytes":	1280,
				"bits_per_second":	10240.143434626289,
				"packets":	20,
				"omitted":	false,
				"sender":	true
			}
		}, {
			"streams":	[{
					"socket":	5,
					"start":	12.001127,
					"end":	13.001147,
					"seconds":	1.0000200271606445,
					"bytes":	1216,
					"bits_per_second":	9727.80517968295,
					"packets":	19,
					"omitted":	false,
					"sender":	true
				}],
			"sum":	{
				"start":	12.001127,
				"end":	13.001147,
				"seconds":	1.0000200271606445,
				"bytes":	1216,
				"bits_per_second":	9727.80517968295,
				"packets":	19,
				"omitted":	false,
				"sender":	true
			}
		}, {
			"streams":	[{
					"socket":	5,
					"start":	13.001147,
					"end":	14.001138,
					"seconds":	0.999990999698639,
					"bytes":	1280,
					"bits_per_second":	10240.09216391544,
					"packets":	20,
					"omitted":	false,
					"sender":	true
				}],
			"sum":	{
				"start":	13.001147,
				"end":	14.001138,
				"seconds":	0.999990999698639,
				"bytes":	1280,
				"bits_per_second":	10240.09216391544,
				"packets":	20,
				"omitted":	false,
				"sender":	true
			}
		}, {
			"streams":	[{
					"socket":	5,
					"start":	14.001138,
					"end":	15.001187,
					"seconds":	1.0000489950180054,
					"bytes":	1216,
					"bits_per_second":	9727.52339981588,
					"packets":	19,
					"omitted":	false,
					"sender":	true
				}],
			"sum":	{
				"start":	14.001138,
				"end":	15.001187,
				"seconds":	1.0000489950180054,
				"bytes":	1216,
				"bits_per_second":	9727.52339981588,
				"packets":	19,
				"omitted":	false,