{
	"start":	{
		"connected":	[{
				"socket":	5,
				"local_host":	"192.168.10.8",
				"local_port":	60064,
				"remote_host":	"192.168.10.4",
				"remote_port":	5123
			}],
		"version":	"iperf 3.18",
		"system_info":	"Linux RPI08 6.12.47+rpt-rpi-v7 #1 SMP Raspbian 1:6.12.47-1+rpt1 (2025-09-16) armv7l",
		"timestamp":	{
			"time":	"Mon, 11 May 2026 17:54:32 GMT",
			"timesecs":	1778522072
		},
		"connecting_to":	{
			"host":	"192.168.10.4",
			"port":	5123
		},
		"cookie":	"ykc5ruujnscepzzzz4aip2as2souh3jng3hm",
		"target_bitrate":	80000,
		"fq_rate":	0,
		"sock_bufsize":	0,
		"sndbuf_actual":	180224,
		"rcvbuf_actual":	180224,
		"test_start":	{
			"protocol":	"UDP",
			"num_streams":	1,
			"blksize":	512,
			"omit":	0,
			"duration":	30,
			"bytes":	0,
			"blocks":	0,
			"reverse":	0,
			"tos":	0,
			"target_bitrate":	80000,
			"bidir":	0,
			"fqrate":	0,
			"interval":	1
		}
	},
	"intervals":	[{
			"streams":	[{
					"socket":	5,
					"start":	0,
					"end":	1.001229,
					"seconds":	1.0012290477752686,
					"bytes":	10240,
					"bits_per_second":	81819.439999295151,
					"packets":	20,
					"omitted":	false,
					"sender":	true
				}],
			"sum":	{
				"start":	0,
				"end":	1.001229,
				"seconds":	1.0012290477752686,
				"bytes":	10240,
				"bits_per_second":	81819.439999295151,
				"packets":	20,
				"omitted":	false,
				"sender":	true
			}
		}, {
			"streams":	[{
					"socket":	5,
					"start":	1.001229,
					"end":	2.001231,
					"seconds":	1.0000020265579224,
					"bytes":	10240,
					"bits_per_second":	81919.83398471144,
					"packets":	20,
					"omitted":	false,
					"sender":	true
				}],
			"sum":	{
				"start":	1.001229,
				"end":	2.001231,
				"seconds":	1.0000020265579224,
				"bytes":	10240,
				"bits_per_second":	81919.83398471144,
				"packets":	20,
				"omitted":	false,
				"sender":	true
			}
		}, {
			"streams":	[{
					"socket":	5,
					"start":	2.001231,
					"end":	3.00124,
					"seconds":	1.0000089406967163,
					"bytes":	9728,
					"bits_per_second":	77823.304205439636,
					"packets":	19,
					"omitted":	false,
					"sender":	true
				}],
			"sum":	{
				"start":	2.001231,
				"end":	3.00124,
				"seconds":	1.0000089406967163,
				"bytes":	9728,
				"bits_per_second":	77823.304205439636,
				"packets":	19,
				"omitted":	false,
				"sender":	true
			}
		}, {
			"streams":	[{
					"socket":	5,
					"start":	3.00124,
					"end":	4.001242,
					"seconds":	1.0000020265579224,
					"bytes":	10240,
					"bits_per_second":	81919.83398471144,
					"packets":	20,
					"omitted":	false,
					"sender":	true
				}],
			"sum":	{
				"start":	3.00124,
				"end":	4.001242,
				"seconds":	1.0000020265579224,
				"bytes":	10240,
				"bits_per_second":	81919.83398471144,
				"packets":	20,
				"omitted":	false,
				"sender":	true
			}
		}, {
			"streams":	[{
					"socket":	5,
					"start":	4.001242,
					"end":	5.001214,
					"seconds":	0.99997198581695557,
					"bytes":	9728,
					"bits_per_second":	77826.1802368588,
					"packets":	19,
					"omitted":	false,
					"sender":	true
				}],
			"sum":	{
				"start":	4.001242,
				"end":	5.001214,
				"seconds":	0.99997198581695557,
				"bytes":	9728,
				"bits_per_second":	77826.1802368588,
				"packets":	19,
				"omitted":	false,
				"sender":	true
			}
		}, {
			"streams":	[{
					"socket":	5,
					"start":	5.001214,
					"end":	6.001214,
					"seconds":	1,
					"bytes":	10240,
					"bits_per_second":	81920,
					"packets":	20,
					"omitted":	false,
					"sender":	true
				}],
			"sum":	{
				"start":	5.001214,
				"end":	6.001214,
				"seconds":	1,
				"bytes":	10240,
				"bits_per_second":	81920,
				"packets":	20,
				"omitted":	false,
				"sender":	true
			}
		}, {
			"streams":	[{
					"socket":	5,
					"start":	6.001214,
					"end":	7.001224,
					"seconds":	1.0000100135803223,
					"bytes":	9728,
					"bits_per_second":	77823.2207109285,
					"packets":	19,
					"omitted":	false,
					"sender":	true
				}],
			"sum":	{
				"start":	6.001214,
				"end":	7.001224,
				"seconds":	1.0000100135803223,
				"bytes":	9728,
				"bits_per_second":	77823.2207109285,
				"packets":	19,
				"omitted":	false,
				"sender":	true
			}
		}, {
			"streams":	[{
					"socket":	5,
					"start":	7.001224,
					"end":	8.001219,
					"seconds":	0.999994993209839,
					"bytes":	10240,
					"bits_per_second":	81920.4101583036,
					"packets":	20,
					"omitted":	false,
					"sender":	true
				}],
			"sum":	{
				"start":	7.001224,
				"end":	8.001219,
				"seconds":	0.999994993209839,
				"bytes":	10240,
				"bits_per_second":	81920.4101583036,
				"packets":	20,
				"omitted":	false,
				"sender":	true
			}
		}, {
			"streams":	[{
					"socket":	5,
					"start":	8.001219,
					"end":	9.001223,
					"seconds":	1.0000040531158447,
					"bytes":	9728,
					"bits_per_second":	77823.684571590973,
					"packets":	19,
					"omitted":	false,
					"sender":	true
				}],
			"sum":	{
				"start":	8.001219,
				"end":	9.001223,
				"seconds":	1.0000040531158447,
				"bytes":	9728,
				"bits_per_second":	77823.684571590973,
				"packets":	19,
				"omitted":	false,
				"sender":	true
			}
		}, {
			"streams":	[{
					"socket":	5,
					"start":	9.001223,
					"end":	10.001222,
					"seconds":	0.99999898672103882,
					"bytes":	10240,
					"bits_per_second":	81920.0830078966,
					"packets":	20,
					"omitted":	false,
					"sender":	true
				}],
			"sum":	{
				"start":	9.001223,
				"end":	10.001222,
				"seconds":	0.99999898672103882,
				"bytes":	10240,
				"bits_per_second":	81920.0830078966,
				"packets":	20,
				"omitted":	false,
				"sender":	true
			}
		}, {
			"streams":	[{
					"socket":	5,
					"start":	10.001222,
					"end":	11.001218,
					"seconds":	0.9999960064888,
					"bytes":	9728,
					"bits_per_second":	77824.310792256772,
					"packets":	19,
					"omitted":	false,
					"sender":	true
				}],
			"sum":	{
				"start":	10.001222,
				"end":	11.001218,
				"seconds":	0.9999960064888,
				"bytes":	9728,
				"bits_per_second":	77824.310792256772,
				"packets":	19,
				"omitted":	false,
				"sender":	true
			}
		}, {
			"streams":	[{
					"socket":	5,
					"start":	11.001218,
					"end":	12.001214,
					"seconds":	0.9999960064888,
					"bytes":	10240,
					"bits_per_second":	81920.327149743971,
					"packets":	20,
					"omitted":	false,
					"sender":	true
				}],
			"sum":	{
				"start":	11.001218,
				"end":	12.001214,
				"seconds":	0.9999960064888,
				"bytes":	10240,
				"bits_per_second":	81920.327149743971,
				"packets":	20,
				"omitted":	false,
				"sender":	true
			}
		}, {
			"streams":	[{
					"socket":	5,
					"start":	12.001214,
					"end":	13.001228,
					"seconds":	1.0000139474868774,
					"bytes":	9728,
					"bits_per_second":	77822.9145659203,
					"packets":	19,
					"omitted":	false,
					"sender":	true
				}],
			"sum":	{
				"start":	12.001214,
				"end":	13.001228,
				"seconds":	1.0000139474868774,
				"bytes":	9728,
				"bits_per_second":	77822.9145659203,
				"packets":	19,
				"omitted":	false,
				"sender":	true
			}
		}, {
			"streams":	[{
					"socket":	5,
					"start":	13.001228,
					"end":	14.001223,
					"seconds":	0.999994993209839,
					"bytes":	10240,
					"bits_per_second":	81920.4101583036,
					"packets":	20,
					"omitted":	false,
					"sender":	true
				}],
			"sum":	{
				"start":	13.001228,
				"end":	14.001223,
				"seconds":	0.999994993209839,
				"bytes":	10240,
				"bits_per_second":	81920.4101583036,
				"packets":	20,
				"omitted":	false,
				"sender":	true
			}
		}, {
			"streams":	[{
					"socket":	5,
					"start":	14.001223,
					"end":	15.00129,
					"seconds":	1.0000669956207275,
					"bytes":	9728,
					"bits_per_second":	77818.786482095369,
					"packets":	19,
					"omitted":	false,
					"sender":	true
				}],
			"sum":	{
				"start":	14.001223,
				"end":	15.00129,
				"seconds":	1.0000669956207275,
				"bytes":	9728,
				"bits_per_second":	77818.786482095369,
				"packets":	19,
				"omitted":	false,