{
	"start":	{
		"connected":	[{
				"socket":	5,
				"local_host":	"192.168.10.8",
				"local_port":	35469,
				"remote_host":	"192.168.10.4",
				"remote_port":	5123
			}],
		"version":	"iperf 3.18",
		"system_info":	"Linux RPI08 6.12.47+rpt-rpi-v7 #1 SMP Raspbian 1:6.12.47-1+rpt1 (2025-09-16) armv7l",
		"timestamp":	{
			"time":	"Mon, 11 May 2026 17:49:31 GMT",
			"timesecs":	1778521771
		},
		"connecting_to":	{
			"host":	"192.168.10.4",
			"port":	5123
		},
		"cookie":	"63u2odtdrmclinhf4jg4rtalgw6jmt7puuzg",
		"target_bitrate":	30000,
		"fq_rate":	0,
		"sock_bufsize":	0,
		"sndbuf_actual":	180224,
		"rcvbuf_actual":	180224,
		"test_start":	{
			"protocol":	"UDP",
			"num_streams":	1,
			"blksize":	512,
			"omit":	0,
			"duration":	30,
			"bytes":	0,
			"blocks":	0,
			"reverse":	0,
			"tos":	0,
			"target_bitrate":	30000,
			"bidir":	0,
			"fqrate":	0,
			"interval":	1
		}
	},
	"intervals":	[{
			"streams":	[{
					"socket":	5,
					"start":	0,
					"end":	1.001172,
					"seconds":	1.0011719465255737,
					"bytes":	4096,
					"bits_per_second":	32729.64260906104,
					"packets":	8,
					"omitted":	false,
					"sender":	true
				}],
			"sum":	{
				"start":	0,
				"end":	1.001172,
				"seconds":	1.0011719465255737,
				"bytes":	4096,
				"bits_per_second":	32729.64260906104,
				"packets":	8,
				"omitted":	false,
				"sender":	true
			}
		}, {
			"streams":	[{
					"socket":	5,
					"start":	1.001172,
					"end":	2.001166,
					"seconds":	0.99999397993087769,
					"bytes":	3584,
					"bits_per_second":	28672.172608460991,
					"packets":	7,
					"omitted":	false,
					"sender":	true
				}],
			"sum":	{
				"start":	1.001172,
				"end":	2.001166,
				"seconds":	0.99999397993087769,
				"bytes":	3584,
				"bits_per_second":	28672.172608460991,
				"packets":	7,
				"omitted":	false,
				"sender":	true
			}
		}, {
			"streams":	[{
					"socket":	5,
					"start":	2.001166,
					"end":	3.001159,
					"seconds":	0.99999302625656128,
					"bytes":	3584,
					"bits_per_second":	28672.199952566294,
					"packets":	7,
					"omitted":	false,
					"sender":	true
				}],
			"sum":	{
				"start":	2.001166,
				"end":	3.001159,
				"seconds":	0.99999302625656128,
				"bytes":	3584,
				"bits_per_second":	28672.199952566294,
				"packets":	7,
				"omitted":	false,
				"sender":	true
			}
		}, {
			"streams":	[{
					"socket":	5,
					"start":	3.001159,
					"end":	4.001164,
					"seconds":	1.0000050067901611,
					"bytes":	4096,
					"bits_per_second":	32767.835938321423,
					"packets":	8,
					"omitted":	false,
					"sender":	true
				}],
			"sum":	{
				"start":	3.001159,
				"end":	4.001164,
				"seconds":	1.0000050067901611,
				"bytes":	4096,
				"bits_per_second":	32767.835938321423,
				"packets":	8,
				"omitted":	false,
				"sender":	true
			}
		}, {
			"streams":	[{
					"socket":	5,
					"start":	4.001164,
					"end":	5.001176,
					"seconds":	1.0000120401382446,
					"bytes":	3584,
					"bits_per_second":	28671.654789312634,
					"packets":	7,
					"omitted":	false,
					"sender":	true
				}],
			"sum":	{
				"start":	4.001164,
				"end":	5.001176,
				"seconds":	1.0000120401382446,
				"bytes":	3584,
				"bits_per_second":	28671.654789312634,
				"packets":	7,
				"omitted":	false,
				"sender":	true
			}
		}, {
			"streams":	[{
					"socket":	5,
					"start":	5.001176,
					"end":	6.001182,
					"seconds":	1.0000059604644775,
					"bytes":	3584,
					"bits_per_second":	28671.829102581127,
					"packets":	7,
					"omitted":	false,
					"sender":	true
				}],
			"sum":	{
				"start":	5.001176,
				"end":	6.001182,
				"seconds":	1.0000059604644775,
				"bytes":	3584,
				"bits_per_second":	28671.829102581127,
				"packets":	7,
				"omitted":	false,
				"sender":	true
			}
		}, {
			"streams":	[{
					"socket":	5,
					"start":	6.001182,
					"end":	7.001212,
					"seconds":	1.0000300407409668,
					"bytes":	4096,
					"bits_per_second":	32767.015654570467,
					"packets":	8,
					"omitted":	false,
					"sender":	true
				}],
			"sum":	{
				"start":	6.001182,
				"end":	7.001212,
				"seconds":	1.0000300407409668,
				"bytes":	4096,
				"bits_per_second":	32767.015654570467,
				"packets":	8,
				"omitted":	false,
				"sender":	true
			}
		}, {
			"streams":	[{
					"socket":	5,
					"start":	7.001212,
					"end":	8.00117,
					"seconds":	0.99995797872543335,
					"bytes":	3584,
					"bits_per_second":	28673.204884615163,
					"packets":	7,
					"omitted":	false,
					"sender":	true
				}],
			"sum":	{
				"start":	7.001212,
				"end":	8.00117,
				"seconds":	0.99995797872543335,
				"bytes":	3584,
				"bits_per_second":	28673.204884615163,
				"packets":	7,
				"omitted":	false,
				"sender":	true
			}
		}, {
			"streams":	[{
					"socket":	5,
					"start":	8.00117,
					"end":	9.00116,
					"seconds":	0.99998998641967773,
					"bytes":	3584,
					"bits_per_second":	28672.287112250022,
					"packets":	7,
					"omitted":	false,
					"sender":	true
				}],
			"sum":	{
				"start":	8.00117,
				"end":	9.00116,
				"seconds":	0.99998998641967773,
				"bytes":	3584,
				"bits_per_second":	28672.287112250022,
				"packets":	7,
				"omitted":	false,
				"sender":	true
			}
		}, {
			"streams":	[{
					"socket":	5,
					"start":	9.00116,
					"end":	10.001168,
					"seconds":	1.0000079870224,
					"bytes":	4096,
					"bits_per_second":	32767.738283340335,
					"packets":	8,
					"omitted":	false,
					"sender":	true
				}],
			"sum":	{
				"start":	9.00116,
				"end":	10.001168,
				"seconds":	1.0000079870224,
				"bytes":	4096,
				"bits_per_second":	32767.738283340335,
				"packets":	8,
				"omitted":	false,
				"sender":	true
			}
		}, {
			"streams":	[{
					"socket":	5,
					"start":	10.001168,
					"end":	11.00117,
					"seconds":	1.0000020265579224,
					"bytes":	3584,
					"bits_per_second":	28671.941894649,
					"packets":	7,
					"omitted":	false,
					"sender":	true
				}],
			"sum":	{
				"start":	10.001168,
				"end":	11.00117,
				"seconds":	1.0000020265579224,
				"bytes":	3584,
				"bits_per_second":	28671.941894649,
				"packets":	7,
				"omitted":	false,
				"sender":	true
			}
		}, {
			"streams":	[{
					"socket":	5,
					"start":	11.00117,
					"end":	12.001169,
					"seconds":	0.99999898672103882,
					"bytes":	3584,
					"bits_per_second":	28672.029052763814,
					"packets":	7,
					"omitted":	false,
					"sender":	true
				}],
			"sum":	{
				"start":	11.00117,
				"end":	12.001169,
				"seconds":	0.99999898672103882,
				"bytes":	3584,
				"bits_per_second":	28672.029052763814,
				"packets":	7,
				"omitted":	false,
				"sender":	true
			}
		}, {
			"streams":	[{
					"socket":	5,
					"start":	12.001169,
					"end":	13.001167,
					"seconds":	0.99999797344207764,
					"bytes":	4096,
					"bits_per_second":	32768.066406384576,
					"packets":	8,
					"omitted":	false,
					"sender":	true
				}],
			"sum":	{
				"start":	12.001169,
				"end":	13.001167,
				"seconds":	0.99999797344207764,
				"bytes":	4096,
				"bits_per_second":	32768.066406384576,
				"packets":	8,
				"omitted":	false,
				"sender":	true
			}
		}, {
			"streams":	[{
					"socket":	5,
					"start":	13.001167,
					"end":	14.001164,
					"seconds":	0.99999701976776123,
					"bytes":	3584,
					"bits_per_second":	28672.085449473409,
					"packets":	7,
					"omitted":	false,
					"sender":	true
				}],
			"sum":	{
				"start":	13.001167,
				"end":	14.001164,
				"seconds":	0.99999701976776123,
				"bytes":	3584,
				"bits_per_second":	28672.085449473409,
				"packets":	7,
				"omitted":	false,
				"sender":	true
			}
		}, {
			"streams":	[{
					"socket":	5,
					"start":	14.001164,
					"end":	15.001162,
					"seconds":	0.99999797344207764,
					"bytes":	3584,
					"bits_per_second":	28672.0581055865,
					"packets":	7,
					"omitted":	false,
					"sender":	true
				}],
			"sum":	{
				"start":	14.001164,
				"end":	15.001162,
				"seconds":	0.99999797344207764,
				"bytes":	3584,
				"bits_per_second":	28672.0581055865,
				"packets":	7,
				"omitted":	false,