{
	"start":	{
		"connected":	[{
				"socket":	5,
				"local_host":	"192.168.10.8",
				"local_port":	39568,
				"remote_host":	"192.168.10.4",
				"remote_port":	5123
			}],
		"version":	"iperf 3.18",
		"system_info":	"Linux RPI08 6.12.47+rpt-rpi-v7 #1 SMP Raspbian 1:6.12.47-1+rpt1 (2025-09-16) armv7l",
		"timestamp":	{
			"time":	"Mon, 11 May 2026 17:45:30 GMT",
			"timesecs":	1778521530
		},
		"connecting_to":	{
			"host":	"192.168.10.4",
			"port":	5123
		},
		"cookie":	"g7uzvivhue6an7htez5nuggzu5d3notc5qnp",
		"target_bitrate":	20000,
		"fq_rate":	0,
		"sock_bufsize":	0,
		"sndbuf_actual":	180224,
		"rcvbuf_actual":	180224,
		"test_start":	{
			"protocol":	"UDP",
			"num_streams":	1,
			"blksize":	64,
			"omit":	0,
			"duration":	30,
			"bytes":	0,
			"blocks":	0,
			"reverse":	0,
			"tos":	0,
			"target_bitrate":	20000,
			"bidir":	0,
			"fqrate":	0,
			"interval":	1
		}
	},
	"intervals":	[{
			"streams":	[{
					"socket":	5,
					"start":	0,
					"end":	1.001216,
					"seconds":	1.0012160539627075,
					"bytes":	2560,
					"bits_per_second":	20455.125463622284,
					"packets":	40,
					"omitted":	false,
					"sender":	true
				}],
			"sum":	{
				"start":	0,
				"end":	1.001216,
				"seconds":	1.0012160539627075,
				"bytes":	2560,
				"bits_per_second":	20455.125463622284,
				"packets":	40,
				"omitted":	false,
				"sender":	true
			}
		}, {
			"streams":	[{
					"socket":	5,
					"start":	1.001216,
					"end":	2.001122,
					"seconds":	0.99990600347518921,
					"bytes":	2496,
					"bits_per_second":	19969.877099048208,
					"packets":	39,
					"omitted":	false,
					"sender":	true
				}],
			"sum":	{
				"start":	1.001216,
				"end":	2.001122,
				"seconds":	0.99990600347518921,
				"bytes":	2496,
				"bits_per_second":	19969.877099048208,
				"packets":	39,
				"omitted":	false,
				"sender":	true
			}
		}, {
			"streams":	[{
					"socket":	5,
					"start":	2.001122,
					"end":	3.001117,
					"seconds":	0.999994993209839,
					"bytes":	2496,
					"bits_per_second":	19968.0999760865,
					"packets":	39,
					"omitted":	false,
					"sender":	true
				}],
			"sum":	{
				"start":	2.001122,
				"end":	3.001117,
				"seconds":	0.999994993209839,
				"bytes":	2496,
				"bits_per_second":	19968.0999760865,
				"packets":	39,
				"omitted":	false,
				"sender":	true
			}
		}, {
			"streams":	[{
					"socket":	5,
					"start":	3.001117,
					"end":	4.001121,
					"seconds":	1.0000040531158447,
					"bytes":	2496,
					"bits_per_second":	19967.919067710842,
					"packets":	39,
					"omitted":	false,
					"sender":	true
				}],
			"sum":	{
				"start":	3.001117,
				"end":	4.001121,
				"seconds":	1.0000040531158447,
				"bytes":	2496,
				"bits_per_second":	19967.919067710842,
				"packets":	39,
				"omitted":	false,
				"sender":	true
			}
		}, {
			"streams":	[{
					"socket":	5,
					"start":	4.001121,
					"end":	5.001123,
					"seconds":	1.0000020265579224,
					"bytes":	2496,
					"bits_per_second":	19967.959533773414,
					"packets":	39,
					"omitted":	false,
					"sender":	true
				}],
			"sum":	{
				"start":	4.001121,
				"end":	5.001123,
				"seconds":	1.0000020265579224,
				"bytes":	2496,
				"bits_per_second":	19967.959533773414,
				"packets":	39,
				"omitted":	false,
				"sender":	true
			}
		}, {
			"streams":	[{
					"socket":	5,
					"start":	5.001123,
					"end":	6.001123,
					"seconds":	1,
					"bytes":	2496,
					"bits_per_second":	19968,
					"packets":	39,
					"omitted":	false,
					"sender":	true
				}],
			"sum":	{
				"start":	5.001123,
				"end":	6.001123,
				"seconds":	1,
				"bytes":	2496,
				"bits_per_second":	19968,
				"packets":	39,
				"omitted":	false,
				"sender":	true
			}
		}, {
			"streams":	[{
					"socket":	5,
					"start":	6.001123,
					"end":	7.001118,
					"seconds":	0.999994993209839,
					"bytes":	2496,
					"bits_per_second":	19968.0999760865,
					"packets":	39,
					"omitted":	false,
					"sender":	true
				}],
			"sum":	{
				"start":	6.001123,
				"end":	7.001118,
				"seconds":	0.999994993209839,
				"bytes":	2496,
				"bits_per_second":	19968.0999760865,
				"packets":	39,
				"omitted":	false,
				"sender":	true
			}
		}, {
			"streams":	[{
					"socket":	5,
					"start":	7.001118,
					"end":	8.001114,
					"seconds":	0.9999960064888,
					"bytes":	2496,
					"bits_per_second":	19968.0797427501,
					"packets":	39,
					"omitted":	false,
					"sender":	true
				}],
			"sum":	{
				"start":	7.001118,
				"end":	8.001114,
				"seconds":	0.9999960064888,
				"bytes":	2496,
				"bits_per_second":	19968.0797427501,
				"packets":	39,
				"omitted":	false,
				"sender":	true
			}
		}, {
			"streams":	[{
					"socket":	5,
					"start":	8.001114,
					"end":	9.001124,
					"seconds":	1.0000100135803223,
					"bytes":	2496,
					"bits_per_second":	19967.80005083033,
					"packets":	39,
					"omitted":	false,
					"sender":	true
				}],
			"sum":	{
				"start":	8.001114,
				"end":	9.001124,
				"seconds":	1.0000100135803223,
				"bytes":	2496,
				"bits_per_second":	19967.80005083033,
				"packets":	39,
				"omitted":	false,
				"sender":	true
			}
		}, {
			"streams":	[{
					"socket":	5,
					"start":	9.001124,
					"end":	10.001125,
					"seconds":	1.0000009536743164,
					"bytes":	2496,
					"bits_per_second":	19967.980957049411,
					"packets":	39,
					"omitted":	false,
					"sender":	true
				}],
			"sum":	{
				"start":	9.001124,
				"end":	10.001125,
				"seconds":	1.0000009536743164,
				"bytes":	2496,
				"bits_per_second":	19967.980957049411,
				"packets":	39,
				"omitted":	false,
				"sender":	true
			}
		}, {
			"streams":	[{
					"socket":	5,
					"start":	10.001125,
					"end":	11.001125,
					"seconds":	1,
					"bytes":	2496,
					"bits_per_second":	19968,
					"packets":	39,
					"omitted":	false,
					"sender":	true
				}],
			"sum":	{
				"start":	10.001125,
				"end":	11.001125,
				"seconds":	1,
				"bytes":	2496,
				"bits_per_second":	19968,
				"packets":	39,
				"omitted":	false,
				"sender":	true
			}
		}, {
			"streams":	[{
					"socket":	5,
					"start":	11.001125,
					"end":	12.001243,
					"seconds":	1.0001180171966553,
					"bytes":	2496,
					"bits_per_second":	19965.643710699846,
					"packets":	39,
					"omitted":	false,
					"sender":	true
				}],
			"sum":	{
				"start":	11.001125,
				"end":	12.001243,
				"seconds":	1.0001180171966553,
				"bytes":	2496,
				"bits_per_second":	19965.643710699846,
				"packets":	39,
				"omitted":	false,
				"sender":	true
			}
		}, {
			"streams":	[{
					"socket":	5,
					"start":	12.001243,
					"end":	13.001121,
					"seconds":	0.99987798929214478,
					"bytes":	2496,
					"bits_per_second":	19970.436607106611,
					"packets":	39,
					"omitted":	false,
					"sender":	true
				}],
			"sum":	{
				"start":	12.001243,
				"end":	13.001121,
				"seconds":	0.99987798929214478,
				"bytes":	2496,
				"bits_per_second":	19970.436607106611,
				"packets":	39,
				"omitted":	false,
				"sender":	true
			}
		}, {
			"streams":	[{
					"socket":	5,
					"start":	13.001121,
					"end":	14.001121,
					"seconds":	1,
					"bytes":	2496,
					"bits_per_second":	19968,
					"packets":	39,
					"omitted":	false,
					"sender":	true
				}],
			"sum":	{
				"start":	13.001121,
				"end":	14.001121,
				"seconds":	1,
				"bytes":	2496,
				"bits_per_second":	19968,
				"packets":	39,
				"omitted":	false,
				"sender":	true
			}
		}, {
			"streams":	[{
					"socket":	5,
					"start":	14.001121,
					"end":	15.001115,
					"seconds":	0.99999397993087769,
					"bytes":	2496,
					"bits_per_second":	19968.1202094639,
					"packets":	39,
					"omitted":	false,
					"sender":	true
				}],
			"sum":	{
				"start":	14.001121,
				"end":	15.001115,
				"seconds":	0.99999397993087769,
				"bytes":	2496,
				"bits_per_second":	19968.1202094639,
				"packets":	39,
				"omitted":	false,
				"sender":	true
			}
		}, {
			"streams":	[{
					"socket":	5,
					"start":	15.001115,
					"end":	16.001116,
					"seconds":	1.0000009536743164,