{
	"start":	{
		"connected":	[{
				"socket":	5,
				"local_host":	"192.168.10.8",
				"local_port":	48412,
				"remote_host":	"192.168.10.4",
				"remote_port":	5123
			}],
		"version":	"iperf 3.18",
		"system_info":	"Linux RPI08 6.12.47+rpt-rpi-v7 #1 SMP Raspbian 1:6.12.47-1+rpt1 (2025-09-16) armv7l",
		"timestamp":	{
			"time":	"Mon, 11 May 2026 17:58:02 GMT",
			"timesecs":	1778522282
		},
		"connecting_to":	{
			"host":	"192.168.10.4",
			"port":	5123
		},
		"cookie":	"ta7p6lpcnfert6xw55uztq6okhikqgjhdj2y",
		"target_bitrate":	250000,
		"fq_rate":	0,
		"sock_bufsize":	0,
		"sndbuf_actual":	180224,
		"rcvbuf_actual":	180224,
		"test_start":	{
			"protocol":	"UDP",
			"num_streams":	1,
			"blksize":	64,
			"omit":	0,
			"duration":	30,
			"bytes":	0,
			"blocks":	0,
			"reverse":	0,
			"tos":	0,
			"target_bitrate":	250000,
			"bidir":	0,
			"fqrate":	0,
			"interval":	1
		}
	},
	"intervals":	[{
			"streams":	[{
					"socket":	5,
					"start":	0,
					"end":	1.001132,
					"seconds":	1.0011320114135742,
					"bytes":	31296,
					"bits_per_second":	250084.90103766278,
					"packets":	489,
					"omitted":	false,
					"sender":	true
				}],
			"sum":	{
				"start":	0,
				"end":	1.001132,
				"seconds":	1.0011320114135742,
				"bytes":	31296,
				"bits_per_second":	250084.90103766278,
				"packets":	489,
				"omitted":	false,
				"sender":	true
			}
		}, {
			"streams":	[{
					"socket":	5,
					"start":	1.001132,
					"end":	2.001126,
					"seconds":	0.99999397993087769,
					"bytes":	31296,
					"bits_per_second":	250369.50724173972,
					"packets":	489,
					"omitted":	false,
					"sender":	true
				}],
			"sum":	{
				"start":	1.001132,
				"end":	2.001126,
				"seconds":	0.99999397993087769,
				"bytes":	31296,
				"bits_per_second":	250369.50724173972,
				"packets":	489,
				"omitted":	false,
				"sender":	true
			}
		}, {
			"streams":	[{
					"socket":	5,
					"start":	2.001126,
					"end":	3.001117,
					"seconds":	0.999990999698639,
					"bytes":	31232,
					"bits_per_second":	249858.24879953676,
					"packets":	488,
					"omitted":	false,
					"sender":	true
				}],
			"sum":	{
				"start":	2.001126,
				"end":	3.001117,
				"seconds":	0.999990999698639,
				"bytes":	31232,
				"bits_per_second":	249858.24879953676,
				"packets":	488,
				"omitted":	false,
				"sender":	true
			}
		}, {
			"streams":	[{
					"socket":	5,
					"start":	3.001117,
					"end":	4.001126,
					"seconds":	1.0000089406967163,
					"bytes":	31232,
					"bits_per_second":	249853.76613325358,
					"packets":	488,
					"omitted":	false,
					"sender":	true
				}],
			"sum":	{
				"start":	3.001117,
				"end":	4.001126,
				"seconds":	1.0000089406967163,
				"bytes":	31232,
				"bits_per_second":	249853.76613325358,
				"packets":	488,
				"omitted":	false,
				"sender":	true
			}
		}, {
			"streams":	[{
					"socket":	5,
					"start":	4.001126,
					"end":	5.001122,
					"seconds":	0.9999960064888,
					"bytes":	31232,
					"bits_per_second":	249856.99780671913,
					"packets":	488,
					"omitted":	false,
					"sender":	true
				}],
			"sum":	{
				"start":	4.001126,
				"end":	5.001122,
				"seconds":	0.9999960064888,
				"bytes":	31232,
				"bits_per_second":	249856.99780671913,
				"packets":	488,
				"omitted":	false,
				"sender":	true
			}
		}, {
			"streams":	[{
					"socket":	5,
					"start":	5.001122,
					"end":	6.001128,
					"seconds":	1.0000059604644775,
					"bytes":	31296,
					"bits_per_second":	250366.50769932449,
					"packets":	489,
					"omitted":	false,
					"sender":	true
				}],
			"sum":	{
				"start":	5.001122,
				"end":	6.001128,
				"seconds":	1.0000059604644775,
				"bytes":	31296,
				"bits_per_second":	250366.50769932449,
				"packets":	489,
				"omitted":	false,
				"sender":	true
			}
		}, {
			"streams":	[{
					"socket":	5,
					"start":	6.001128,
					"end":	7.00112,
					"seconds":	0.9999920129776,
					"bytes":	31232,
					"bits_per_second":	249857.99562140781,
					"packets":	488,
					"omitted":	false,
					"sender":	true
				}],
			"sum":	{
				"start":	6.001128,
				"end":	7.00112,
				"seconds":	0.9999920129776,
				"bytes":	31232,
				"bits_per_second":	249857.99562140781,
				"packets":	488,
				"omitted":	false,
				"sender":	true
			}
		}, {
			"streams":	[{
					"socket":	5,
					"start":	7.00112,
					"end":	8.001118,
					"seconds":	0.99999797344207764,
					"bytes":	31232,
					"bits_per_second":	249856.50634868239,
					"packets":	488,
					"omitted":	false,
					"sender":	true
				}],
			"sum":	{
				"start":	7.00112,
				"end":	8.001118,
				"seconds":	0.99999797344207764,
				"bytes":	31232,
				"bits_per_second":	249856.50634868239,
				"packets":	488,
				"omitted":	false,
				"sender":	true
			}
		}, {
			"streams":	[{
					"socket":	5,
					"start":	8.001118,
					"end":	9.001124,
					"seconds":	1.0000059604644775,
					"bytes":	31296,
					"bits_per_second":	250366.50769932449,
					"packets":	489,
					"omitted":	false,
					"sender":	true
				}],
			"sum":	{
				"start":	8.001118,
				"end":	9.001124,
				"seconds":	1.0000059604644775,
				"bytes":	31296,
				"bits_per_second":	250366.50769932449,
				"packets":	489,
				"omitted":	false,
				"sender":	true
			}
		}, {
			"streams":	[{
					"socket":	5,
					"start":	9.001124,
					"end":	10.001126,
					"seconds":	1.0000020265579224,
					"bytes":	31232,
					"bits_per_second":	249855.49365336989,
					"packets":	488,
					"omitted":	false,
					"sender":	true
				}],
			"sum":	{
				"start":	9.001124,
				"end":	10.001126,
				"seconds":	1.0000020265579224,
				"bytes":	31232,
				"bits_per_second":	249855.49365336989,
				"packets":	488,
				"omitted":	false,
				"sender":	true
			}
		}, {
			"streams":	[{
					"socket":	5,
					"start":	10.001126,
					"end":	11.001116,
					"seconds":	0.99998998641967773,
					"bytes":	31232,
					"bits_per_second":	249858.50197817877,
					"packets":	488,
					"omitted":	false,
					"sender":	true
				}],
			"sum":	{
				"start":	10.001126,
				"end":	11.001116,
				"seconds":	0.99998998641967773,
				"bytes":	31232,
				"bits_per_second":	249858.50197817877,
				"packets":	488,
				"omitted":	false,
				"sender":	true
			}
		}, {
			"streams":	[{
					"socket":	5,
					"start":	11.001116,
					"end":	12.001119,
					"seconds":	1.0000029802322388,
					"bytes":	31232,
					"bits_per_second":	249855.25537331292,
					"packets":	488,
					"omitted":	false,
					"sender":	true
				}],
			"sum":	{
				"start":	11.001116,
				"end":	12.001119,
				"seconds":	1.0000029802322388,
				"bytes":	31232,
				"bits_per_second":	249855.25537331292,
				"packets":	488,
				"omitted":	false,
				"sender":	true
			}
		}, {
			"streams":	[{
					"socket":	5,
					"start":	12.001119,
					"end":	13.001122,
					"seconds":	1.0000029802322388,
					"bytes":	31296,
					"bits_per_second":	250367.25384743855,
					"packets":	489,
					"omitted":	false,
					"sender":	true
				}],
			"sum":	{
				"start":	12.001119,
				"end":	13.001122,
				"seconds":	1.0000029802322388,
				"bytes":	31296,
				"bits_per_second":	250367.25384743855,
				"packets":	489,
				"omitted":	false,
				"sender":	true
			}
		}, {
			"streams":	[{
					"socket":	5,
					"start":	13.001122,
					"end":	14.001125,
					"seconds":	1.0000029802322388,
					"bytes":	31232,
					"bits_per_second":	249855.25537331292,
					"packets":	488,
					"omitted":	false,
					"sender":	true
				}],
			"sum":	{
				"start":	13.001122,
				"end":	14.001125,
				"seconds":	1.0000029802322388,
				"bytes":	31232,
				"bits_per_second":	249855.25537331292,
				"packets":	488,
				"omitted":	false,
				"sender":	true
			}
		}, {
			"streams":	[{
					"socket":	5,
					"start":	14.001125,
					"end":	15.001122,
					"seconds":	0.99999701976776123,
					"bytes":	31232,
					"bits_per_second":	249856.74463112542,
					"packets":	488,
					"omitted":	false,
					"sender":	true
				}],
			"sum":	{
				"start":	14.001125,
				"end":	15.001122,
				"seconds":	0.99999701976776123,