{
	"start":	{
		"connected":	[{
				"socket":	5,
				"local_host":	"192.168.10.8",
				"local_port":	60905,
				"remote_host":	"192.168.10.4",
				"remote_port":	5123
			}],
		"version":	"iperf 3.18",
		"system_info":	"Linux RPI08 6.12.47+rpt-rpi-v7 #1 SMP Raspbian 1:6.12.47-1+rpt1 (2025-09-16) armv7l",
		"timestamp":	{
			"time":	"Mon, 11 May 2026 17:45:00 GMT",
			"timesecs":	1778521500
		},
		"connecting_to":	{
			"host":	"192.168.10.4",
			"port":	5123
		},
		"cookie":	"wg63x32lmtj2il2fmksiyfnjmvzxiskiztxl",
		"target_bitrate":	15000,
		"fq_rate":	0,
		"sock_bufsize":	0,
		"sndbuf_actual":	180224,
		"rcvbuf_actual":	180224,
		"test_start":	{
			"protocol":	"UDP",
			"num_streams":	1,
			"blksize":	1024,
			"omit":	0,
			"duration":	30,
			"bytes":	0,
			"blocks":	0,
			"reverse":	0,
			"tos":	0,
			"target_bitrate":	15000,
			"bidir":	0,
			"fqrate":	0,
			"interval":	1
		}
	},
	"intervals":	[{
			"streams":	[{
					"socket":	5,
					"start":	0,
					"end":	1.001153,
					"seconds":	1.0011529922485352,
					"bytes":	2048,
					"bits_per_second":	16365.131130660087,
					"packets":	2,
					"omitted":	false,
					"sender":	true
				}],
			"sum":	{
				"start":	0,
				"end":	1.001153,
				"seconds":	1.0011529922485352,
				"bytes":	2048,
				"bits_per_second":	16365.131130660087,
				"packets":	2,
				"omitted":	false,
				"sender":	true
			}
		}, {
			"streams":	[{
					"socket":	5,
					"start":	1.001153,
					"end":	2.001146,
					"seconds":	0.99999302625656128,
					"bytes":	2048,
					"bits_per_second":	16384.114258609312,
					"packets":	2,
					"omitted":	false,
					"sender":	true
				}],
			"sum":	{
				"start":	1.001153,
				"end":	2.001146,
				"seconds":	0.99999302625656128,
				"bytes":	2048,
				"bits_per_second":	16384.114258609312,
				"packets":	2,
				"omitted":	false,
				"sender":	true
			}
		}, {
			"streams":	[{
					"socket":	5,
					"start":	2.001146,
					"end":	3.001134,
					"seconds":	0.9999880194664,
					"bytes":	2048,
					"bits_per_second":	16384.196291414177,
					"packets":	2,
					"omitted":	false,
					"sender":	true
				}],
			"sum":	{
				"start":	2.001146,
				"end":	3.001134,
				"seconds":	0.9999880194664,
				"bytes":	2048,
				"bits_per_second":	16384.196291414177,
				"packets":	2,
				"omitted":	false,
				"sender":	true
			}
		}, {
			"streams":	[{
					"socket":	5,
					"start":	3.001134,
					"end":	4.001134,
					"seconds":	1,
					"bytes":	2048,
					"bits_per_second":	16384,
					"packets":	2,
					"omitted":	false,
					"sender":	true
				}],
			"sum":	{
				"start":	3.001134,
				"end":	4.001134,
				"seconds":	1,
				"bytes":	2048,
				"bits_per_second":	16384,
				"packets":	2,
				"omitted":	false,
				"sender":	true
			}
		}, {
			"streams":	[{
					"socket":	5,
					"start":	4.001134,
					"end":	5.001147,
					"seconds":	1.000012993812561,
					"bytes":	2048,
					"bits_per_second":	16383.787112141224,
					"packets":	2,
					"omitted":	false,
					"sender":	true
				}],
			"sum":	{
				"start":	4.001134,
				"end":	5.001147,
				"seconds":	1.000012993812561,
				"bytes":	2048,
				"bits_per_second":	16383.787112141224,
				"packets":	2,
				"omitted":	false,
				"sender":	true
			}
		}, {
			"streams":	[{
					"socket":	5,
					"start":	5.001147,
					"end":	6.001187,
					"seconds":	1.0000400543212891,
					"bytes":	1024,
					"bits_per_second":	8191.6718881422976,
					"packets":	1,
					"omitted":	false,
					"sender":	true
				}],
			"sum":	{
				"start":	5.001147,
				"end":	6.001187,
				"seconds":	1.0000400543212891,
				"bytes":	1024,
				"bits_per_second":	8191.6718881422976,
				"packets":	1,
				"omitted":	false,
				"sender":	true
			}
		}, {
			"streams":	[{
					"socket":	5,
					"start":	6.001187,
					"end":	7.001136,
					"seconds":	0.99994897842407227,
					"bytes":	2048,
					"bits_per_second":	16384.835980153024,
					"packets":	2,
					"omitted":	false,
					"sender":	true
				}],
			"sum":	{
				"start":	6.001187,
				"end":	7.001136,
				"seconds":	0.99994897842407227,
				"bytes":	2048,
				"bits_per_second":	16384.835980153024,
				"packets":	2,
				"omitted":	false,
				"sender":	true
			}
		}, {
			"streams":	[{
					"socket":	5,
					"start":	7.001136,
					"end":	8.001131,
					"seconds":	0.999994993209839,
					"bytes":	2048,
					"bits_per_second":	16384.082031660717,
					"packets":	2,
					"omitted":	false,
					"sender":	true
				}],
			"sum":	{
				"start":	7.001136,
				"end":	8.001131,
				"seconds":	0.999994993209839,
				"bytes":	2048,
				"bits_per_second":	16384.082031660717,
				"packets":	2,
				"omitted":	false,
				"sender":	true
			}
		}, {
			"streams":	[{
					"socket":	5,
					"start":	8.001131,
					"end":	9.001137,
					"seconds":	1.0000059604644775,
					"bytes":	2048,
					"bits_per_second":	16383.902344332073,
					"packets":	2,
					"omitted":	false,
					"sender":	true
				}],
			"sum":	{
				"start":	8.001131,
				"end":	9.001137,
				"seconds":	1.0000059604644775,
				"bytes":	2048,
				"bits_per_second":	16383.902344332073,
				"packets":	2,
				"omitted":	false,
				"sender":	true
			}
		}, {
			"streams":	[{
					"socket":	5,
					"start":	9.001137,
					"end":	10.001157,
					"seconds":	1.0000200271606445,
					"bytes":	2048,
					"bits_per_second":	16383.671881571281,
					"packets":	2,
					"omitted":	false,
					"sender":	true
				}],
			"sum":	{
				"start":	9.001137,
				"end":	10.001157,
				"seconds":	1.0000200271606445,
				"bytes":	2048,
				"bits_per_second":	16383.671881571281,
				"packets":	2,
				"omitted":	false,
				"sender":	true
			}
		}, {
			"streams":	[{
					"socket":	5,
					"start":	10.001157,
					"end":	11.001135,
					"seconds":	0.999978005886078,
					"bytes":	2048,
					"bits_per_second":	16384.360359488288,
					"packets":	2,
					"omitted":	false,
					"sender":	true
				}],
			"sum":	{
				"start":	10.001157,
				"end":	11.001135,
				"seconds":	0.999978005886078,
				"bytes":	2048,
				"bits_per_second":	16384.360359488288,
				"packets":	2,
				"omitted":	false,
				"sender":	true
			}
		}, {
			"streams":	[{
					"socket":	5,
					"start":	11.001135,
					"end":	12.001133,
					"seconds":	0.99999797344207764,
					"bytes":	1024,
					"bits_per_second":	8192.016601596144,
					"packets":	1,
					"omitted":	false,
					"sender":	true
				}],
			"sum":	{
				"start":	11.001135,
				"end":	12.001133,
				"seconds":	0.99999797344207764,
				"bytes":	1024,
				"bits_per_second":	8192.016601596144,
				"packets":	1,
				"omitted":	false,
				"sender":	true
			}
		}, {
			"streams":	[{
					"socket":	5,
					"start":	12.001133,
					"end":	13.001136,
					"seconds":	1.0000029802322388,
					"bytes":	2048,
					"bits_per_second":	16383.951172020519,
					"packets":	2,
					"omitted":	false,
					"sender":	true
				}],
			"sum":	{
				"start":	12.001133,
				"end":	13.001136,
				"seconds":	1.0000029802322388,
				"bytes":	2048,
				"bits_per_second":	16383.951172020519,
				"packets":	2,
				"omitted":	false,
				"sender":	true
			}
		}, {
			"streams":	[{
					"socket":	5,
					"start":	13.001136,
					"end":	14.001129,
					"seconds":	0.99999302625656128,
					"bytes":	2048,
					"bits_per_second":	16384.114258609312,
					"packets":	2,
					"omitted":	false,
					"sender":	true
				}],
			"sum":	{
				"start":	13.001136,
				"end":	14.001129,
				"seconds":	0.99999302625656128,
				"bytes":	2048,
				"bits_per_second":	16384.114258609312,
				"packets":	2,
				"omitted":	false,
				"sender":	true
			}
		}, {
			"streams":	[{
					"socket":	5,
					"start":	14.001129,
					"end":	15.001128,
					"seconds":	0.99999898672103882,
					"bytes":	2048,
					"bits_per_second":	16384.016601579322,
					"packets":	2,
					"omitted":	false,
					"sender":	true
				}],
			"sum":	{
				"start":	14.001129,
				"end":	15.001128,
				"seconds":	0.99999898672103882,
				"bytes":	2048,
				"bits_per_second":	16384.016601579322,
				"packets":	2,
				"omitted":	false,