{
	"start":	{
		"connected":	[{
				"socket":	5,
				"local_host":	"192.168.10.8",
				"local_port":	59009,
				"remote_host":	"192.168.10.4",
				"remote_port":	5123
			}],
		"version":	"iperf 3.18",
		"system_info":	"Linux RPI08 6.12.47+rpt-rpi-v7 #1 SMP Raspbian 1:6.12.47-1+rpt1 (2025-09-16) armv7l",
		"timestamp":	{
			"time":	"Mon, 11 May 2026 17:54:02 GMT",
			"timesecs":	1778522042
		},
		"connecting_to":	{
			"host":	"192.168.10.4",
			"port":	5123
		},
		"cookie":	"wkelsknjdi4xcgzecdex2l46cefeyhleg7tf",
		"target_bitrate":	80000,
		"fq_rate":	0,
		"sock_bufsize":	0,
		"sndbuf_actual":	180224,
		"rcvbuf_actual":	180224,
		"test_start":	{
			"protocol":	"UDP",
			"num_streams":	1,
			"blksize":	256,
			"omit":	0,
			"duration":	30,
			"bytes":	0,
			"blocks":	0,
			"reverse":	0,
			"tos":	0,
			"target_bitrate":	80000,
			"bidir":	0,
			"fqrate":	0,
			"interval":	1
		}
	},
	"intervals":	[{
			"streams":	[{
					"socket":	5,
					"start":	0,
					"end":	1.001165,
					"seconds":	1.00116503238678,
					"bytes":	10240,
					"bits_per_second":	81824.6716075396,
					"packets":	40,
					"omitted":	false,
					"sender":	true
				}],
			"sum":	{
				"start":	0,
				"end":	1.001165,
				"seconds":	1.00116503238678,
				"bytes":	10240,
				"bits_per_second":	81824.6716075396,
				"packets":	40,
				"omitted":	false,
				"sender":	true
			}
		}, {
			"streams":	[{
					"socket":	5,
					"start":	1.001165,
					"end":	2.001164,
					"seconds":	0.99999898672103882,
					"bytes":	9984,
					"bits_per_second":	79872.0809326992,
					"packets":	39,
					"omitted":	false,
					"sender":	true
				}],
			"sum":	{
				"start":	1.001165,
				"end":	2.001164,
				"seconds":	0.99999898672103882,
				"bytes":	9984,
				"bits_per_second":	79872.0809326992,
				"packets":	39,
				"omitted":	false,
				"sender":	true
			}
		}, {
			"streams":	[{
					"socket":	5,
					"start":	2.001164,
					"end":	3.001159,
					"seconds":	0.999994993209839,
					"bytes":	9984,
					"bits_per_second":	79872.399904346,
					"packets":	39,
					"omitted":	false,
					"sender":	true
				}],
			"sum":	{
				"start":	2.001164,
				"end":	3.001159,
				"seconds":	0.999994993209839,
				"bytes":	9984,
				"bits_per_second":	79872.399904346,
				"packets":	39,
				"omitted":	false,
				"sender":	true
			}
		}, {
			"streams":	[{
					"socket":	5,
					"start":	3.001159,
					"end":	4.001164,
					"seconds":	1.0000050067901611,
					"bytes":	9984,
					"bits_per_second":	79871.600099658463,
					"packets":	39,
					"omitted":	false,
					"sender":	true
				}],
			"sum":	{
				"start":	3.001159,
				"end":	4.001164,
				"seconds":	1.0000050067901611,
				"bytes":	9984,
				"bits_per_second":	79871.600099658463,
				"packets":	39,
				"omitted":	false,
				"sender":	true
			}
		}, {
			"streams":	[{
					"socket":	5,
					"start":	4.001164,
					"end":	5.001172,
					"seconds":	1.0000079870224,
					"bytes":	9984,
					"bits_per_second":	79871.362065642068,
					"packets":	39,
					"omitted":	false,
					"sender":	true
				}],
			"sum":	{
				"start":	4.001164,
				"end":	5.001172,
				"seconds":	1.0000079870224,
				"bytes":	9984,
				"bits_per_second":	79871.362065642068,
				"packets":	39,
				"omitted":	false,
				"sender":	true
			}
		}, {
			"streams":	[{
					"socket":	5,
					"start":	5.001172,
					"end":	6.001164,
					"seconds":	0.9999920129776,
					"bytes":	9984,
					"bits_per_second":	79872.6379445484,
					"packets":	39,
					"omitted":	false,
					"sender":	true
				}],
			"sum":	{
				"start":	5.001172,
				"end":	6.001164,
				"seconds":	0.9999920129776,
				"bytes":	9984,
				"bits_per_second":	79872.6379445484,
				"packets":	39,
				"omitted":	false,
				"sender":	true
			}
		}, {
			"streams":	[{
					"socket":	5,
					"start":	6.001164,
					"end":	7.001164,
					"seconds":	1,
					"bytes":	9984,
					"bits_per_second":	79872,
					"packets":	39,
					"omitted":	false,
					"sender":	true
				}],
			"sum":	{
				"start":	6.001164,
				"end":	7.001164,
				"seconds":	1,
				"bytes":	9984,
				"bits_per_second":	79872,
				"packets":	39,
				"omitted":	false,
				"sender":	true
			}
		}, {
			"streams":	[{
					"socket":	5,
					"start":	7.001164,
					"end":	8.00116,
					"seconds":	0.9999960064888,
					"bytes":	9984,
					"bits_per_second":	79872.3189710004,
					"packets":	39,
					"omitted":	false,
					"sender":	true
				}],
			"sum":	{
				"start":	7.001164,
				"end":	8.00116,
				"seconds":	0.9999960064888,
				"bytes":	9984,
				"bits_per_second":	79872.3189710004,
				"packets":	39,
				"omitted":	false,
				"sender":	true
			}
		}, {
			"streams":	[{
					"socket":	5,
					"start":	8.00116,
					"end":	9.001153,
					"seconds":	0.99999302625656128,
					"bytes":	9984,
					"bits_per_second":	79872.5570107204,
					"packets":	39,
					"omitted":	false,
					"sender":	true
				}],
			"sum":	{
				"start":	8.00116,
				"end":	9.001153,
				"seconds":	0.99999302625656128,
				"bytes":	9984,
				"bits_per_second":	79872.5570107204,
				"packets":	39,
				"omitted":	false,
				"sender":	true
			}
		}, {
			"streams":	[{
					"socket":	5,
					"start":	9.001153,
					"end":	10.001158,
					"seconds":	1.0000050067901611,
					"bytes":	9984,
					"bits_per_second":	79871.600099658463,
					"packets":	39,
					"omitted":	false,
					"sender":	true
				}],
			"sum":	{
				"start":	9.001153,
				"end":	10.001158,
				"seconds":	1.0000050067901611,
				"bytes":	9984,
				"bits_per_second":	79871.600099658463,
				"packets":	39,
				"omitted":	false,
				"sender":	true
			}
		}, {
			"streams":	[{
					"socket":	5,
					"start":	10.001158,
					"end":	11.001161,
					"seconds":	1.0000029802322388,
					"bytes":	9984,
					"bits_per_second":	79871.761963600031,
					"packets":	39,
					"omitted":	false,
					"sender":	true
				}],
			"sum":	{
				"start":	10.001158,
				"end":	11.001161,
				"seconds":	1.0000029802322388,
				"bytes":	9984,
				"bits_per_second":	79871.761963600031,
				"packets":	39,
				"omitted":	false,
				"sender":	true
			}
		}, {
			"streams":	[{
					"socket":	5,
					"start":	11.001161,
					"end":	12.001162,
					"seconds":	1.0000009536743164,
					"bytes":	9984,
					"bits_per_second":	79871.923828197643,
					"packets":	39,
					"omitted":	false,
					"sender":	true
				}],
			"sum":	{
				"start":	11.001161,
				"end":	12.001162,
				"seconds":	1.0000009536743164,
				"bytes":	9984,
				"bits_per_second":	79871.923828197643,
				"packets":	39,
				"omitted":	false,
				"sender":	true
			}
		}, {
			"streams":	[{
					"socket":	5,
					"start":	12.001162,
					"end":	13.001153,
					"seconds":	0.999990999698639,
					"bytes":	9984,
					"bits_per_second":	79872.718878540443,
					"packets":	39,
					"omitted":	false,
					"sender":	true
				}],
			"sum":	{
				"start":	12.001162,
				"end":	13.001153,
				"seconds":	0.999990999698639,
				"bytes":	9984,
				"bits_per_second":	79872.718878540443,
				"packets":	39,
				"omitted":	false,
				"sender":	true
			}
		}, {
			"streams":	[{
					"socket":	5,
					"start":	13.001153,
					"end":	14.0012,
					"seconds":	1.000046968460083,
					"bytes":	9984,
					"bits_per_second":	79868.2487113485,
					"packets":	39,
					"omitted":	false,
					"sender":	true
				}],
			"sum":	{
				"start":	13.001153,
				"end":	14.0012,
				"seconds":	1.000046968460083,
				"bytes":	9984,
				"bits_per_second":	79868.2487113485,
				"packets":	39,
				"omitted":	false,
				"sender":	true
			}
		}, {
			"streams":	[{
					"socket":	5,
					"start":	14.0012,
					"end":	15.001159,
					"seconds":	0.99995899200439453,
					"bytes":	9984,
					"bits_per_second":	79875.2755249477,
					"packets":	39,
					"omitted":	false,
					"sender":	true
				}],
			"sum":	{
				"start":	14.0012,
				"end":	15.001159,
				"seconds":	0.99995899200439453,
				"bytes":	9984,
				"bits_per_second":	79875.2755249477,
				"packets":	39,
				"omitted":	false,
				"sender":	true
			}
		}, {
			"streams":	[{
					"socket":	5,