{
	"start":	{
		"connected":	[{
				"socket":	5,
				"local_host":	"192.168.10.8",
				"local_port":	38277,
				"remote_host":	"192.168.10.4",
				"remote_port":	5123
			}],
		"version":	"iperf 3.18",
		"system_info":	"Linux RPI08 6.12.47+rpt-rpi-v7 #1 SMP Raspbian 1:6.12.47-1+rpt1 (2025-09-16) armv7l",
		"timestamp":	{
			"time":	"Mon, 11 May 2026 17:56:32 GMT",
			"timesecs":	1778522192
		},
		"connecting_to":	{
			"host":	"192.168.10.4",
			"port":	5123
		},
		"cookie":	"7am5v6rogdylchcumi57qtggh5o5mt7qcbjp",
		"target_bitrate":	160000,
		"fq_rate":	0,
		"sock_bufsize":	0,
		"sndbuf_actual":	180224,
		"rcvbuf_actual":	180224,
		"test_start":	{
			"protocol":	"UDP",
			"num_streams":	1,
			"blksize":	256,
			"omit":	0,
			"duration":	30,
			"bytes":	0,
			"blocks":	0,
			"reverse":	0,
			"tos":	0,
			"target_bitrate":	160000,
			"bidir":	0,
			"fqrate":	0,
			"interval":	1
		}
	},
	"intervals":	[{
			"streams":	[{
					"socket":	5,
					"start":	0,
					"end":	1.001192,
					"seconds":	1.0011919736862183,
					"bytes":	20224,
					"bits_per_second":	161599.37779396036,
					"packets":	79,
					"omitted":	false,
					"sender":	true
				}],
			"sum":	{
				"start":	0,
				"end":	1.001192,
				"seconds":	1.0011919736862183,
				"bytes":	20224,
				"bits_per_second":	161599.37779396036,
				"packets":	79,
				"omitted":	false,
				"sender":	true
			}
		}, {
			"streams":	[{
					"socket":	5,
					"start":	1.001192,
					"end":	2.001192,
					"seconds":	1,
					"bytes":	19968,
					"bits_per_second":	159744,
					"packets":	78,
					"omitted":	false,
					"sender":	true
				}],
			"sum":	{
				"start":	1.001192,
				"end":	2.001192,
				"seconds":	1,
				"bytes":	19968,
				"bits_per_second":	159744,
				"packets":	78,
				"omitted":	false,
				"sender":	true
			}
		}, {
			"streams":	[{
					"socket":	5,
					"start":	2.001192,
					"end":	3.001182,
					"seconds":	0.99998998641967773,
					"bytes":	19968,
					"bits_per_second":	159745.599625393,
					"packets":	78,
					"omitted":	false,
					"sender":	true
				}],
			"sum":	{
				"start":	2.001192,
				"end":	3.001182,
				"seconds":	0.99998998641967773,
				"bytes":	19968,
				"bits_per_second":	159745.599625393,
				"packets":	78,
				"omitted":	false,
				"sender":	true
			}
		}, {
			"streams":	[{
					"socket":	5,
					"start":	3.001182,
					"end":	4.001192,
					"seconds":	1.0000100135803223,
					"bytes":	19968,
					"bits_per_second":	159742.40040664264,
					"packets":	78,
					"omitted":	false,
					"sender":	true
				}],
			"sum":	{
				"start":	3.001182,
				"end":	4.001192,
				"seconds":	1.0000100135803223,
				"bytes":	19968,
				"bits_per_second":	159742.40040664264,
				"packets":	78,
				"omitted":	false,
				"sender":	true
			}
		}, {
			"streams":	[{
					"socket":	5,
					"start":	4.001192,
					"end":	5.000517,
					"seconds":	0.9993249773979187,
					"bytes":	19968,
					"bits_per_second":	159851.90364794809,
					"packets":	78,
					"omitted":	false,
					"sender":	true
				}],
			"sum":	{
				"start":	4.001192,
				"end":	5.000517,
				"seconds":	0.9993249773979187,
				"bytes":	19968,
				"bits_per_second":	159851.90364794809,
				"packets":	78,
				"omitted":	false,
				"sender":	true
			}
		}, {
			"streams":	[{
					"socket":	5,
					"start":	5.000517,
					"end":	6.001176,
					"seconds":	1.0006589889526367,
					"bytes":	19968,
					"bits_per_second":	159638.79979452322,
					"packets":	78,
					"omitted":	false,
					"sender":	true
				}],
			"sum":	{
				"start":	5.000517,
				"end":	6.001176,
				"seconds":	1.0006589889526367,
				"bytes":	19968,
				"bits_per_second":	159638.79979452322,
				"packets":	78,
				"omitted":	false,
				"sender":	true
			}
		}, {
			"streams":	[{
					"socket":	5,
					"start":	6.001176,
					"end":	7.001187,
					"seconds":	1.0000109672546387,
					"bytes":	19968,
					"bits_per_second":	159742.24806608891,
					"packets":	78,
					"omitted":	false,
					"sender":	true
				}],
			"sum":	{
				"start":	6.001176,
				"end":	7.001187,
				"seconds":	1.0000109672546387,
				"bytes":	19968,
				"bits_per_second":	159742.24806608891,
				"packets":	78,
				"omitted":	false,
				"sender":	true
			}
		}, {
			"streams":	[{
					"socket":	5,
					"start":	7.001187,
					"end":	8.001182,
					"seconds":	0.999994993209839,
					"bytes":	20224,
					"bits_per_second":	161792.81006264957,
					"packets":	79,
					"omitted":	false,
					"sender":	true
				}],
			"sum":	{
				"start":	7.001187,
				"end":	8.001182,
				"seconds":	0.999994993209839,
				"bytes":	20224,
				"bits_per_second":	161792.81006264957,
				"packets":	79,
				"omitted":	false,
				"sender":	true
			}
		}, {
			"streams":	[{
					"socket":	5,
					"start":	8.001182,
					"end":	9.001181,
					"seconds":	0.99999898672103882,
					"bytes":	19968,
					"bits_per_second":	159744.1618653984,
					"packets":	78,
					"omitted":	false,
					"sender":	true
				}],
			"sum":	{
				"start":	8.001182,
				"end":	9.001181,
				"seconds":	0.99999898672103882,
				"bytes":	19968,
				"bits_per_second":	159744.1618653984,
				"packets":	78,
				"omitted":	false,
				"sender":	true
			}
		}, {
			"streams":	[{
					"socket":	5,
					"start":	9.001181,
					"end":	10.001189,
					"seconds":	1.0000079870224,
					"bytes":	19968,
					"bits_per_second":	159742.72413128414,
					"packets":	78,
					"omitted":	false,
					"sender":	true
				}],
			"sum":	{
				"start":	9.001181,
				"end":	10.001189,
				"seconds":	1.0000079870224,
				"bytes":	19968,
				"bits_per_second":	159742.72413128414,
				"packets":	78,
				"omitted":	false,
				"sender":	true
			}
		}, {
			"streams":	[{
					"socket":	5,
					"start":	10.001189,
					"end":	11.001189,
					"seconds":	1,
					"bytes":	19968,
					"bits_per_second":	159744,
					"packets":	78,
					"omitted":	false,
					"sender":	true
				}],
			"sum":	{
				"start":	10.001189,
				"end":	11.001189,
				"seconds":	1,
				"bytes":	19968,
				"bits_per_second":	159744,
				"packets":	78,
				"omitted":	false,
				"sender":	true
			}
		}, {
			"streams":	[{
					"socket":	5,
					"start":	11.001189,
					"end":	12.001187,
					"seconds":	0.99999797344207764,
					"bytes":	19968,
					"bits_per_second":	159744.32373112481,
					"packets":	78,
					"omitted":	false,
					"sender":	true
				}],
			"sum":	{
				"start":	11.001189,
				"end":	12.001187,
				"seconds":	0.99999797344207764,
				"bytes":	19968,
				"bits_per_second":	159744.32373112481,
				"packets":	78,
				"omitted":	false,
				"sender":	true
			}
		}, {
			"streams":	[{
					"socket":	5,
					"start":	12.001187,
					"end":	13.001179,
					"seconds":	0.9999920129776,
					"bytes":	19968,
					"bits_per_second":	159745.27588909681,
					"packets":	78,
					"omitted":	false,
					"sender":	true
				}],
			"sum":	{
				"start":	12.001187,
				"end":	13.001179,
				"seconds":	0.9999920129776,
				"bytes":	19968,
				"bits_per_second":	159745.27588909681,
				"packets":	78,
				"omitted":	false,
				"sender":	true
			}
		}, {
			"streams":	[{
					"socket":	5,
					"start":	13.001179,
					"end":	14.001183,
					"seconds":	1.0000040531158447,
					"bytes":	19968,
					"bits_per_second":	159743.35254168673,
					"packets":	78,
					"omitted":	false,
					"sender":	true
				}],
			"sum":	{
				"start":	13.001179,
				"end":	14.001183,
				"seconds":	1.0000040531158447,
				"bytes":	19968,
				"bits_per_second":	159743.35254168673,
				"packets":	78,
				"omitted":	false,
				"sender":	true
			}
		}, {
			"streams":	[{
					"socket":	5,
					"start":	14.001183,
					"end":	15.001231,
					"seconds":	1.000048041343689,
					"bytes":	19968,
					"bits_per_second":	159736.3260522605,
					"packets":	78,
					"omitted":	false,
					"sender":	true
				}],
			"sum":	{
				"start":	14.001183,
				"end":	15.001231,
				"seconds":	1.000048041343689,
				"bytes":	19968,
				"bits_per_second":	159736.3260522605,
				"packets":	78,
				"omitted":	false,