{
	"start":	{
		"connected":	[{
				"socket":	5,
				"local_host":	"192.168.10.8",
				"local_port":	48286,
				"remote_host":	"192.168.10.4",
				"remote_port":	5123
			}],
		"version":	"iperf 3.18",
		"system_info":	"Linux RPI08 6.12.47+rpt-rpi-v7 #1 SMP Raspbian 1:6.12.47-1+rpt1 (2025-09-16) armv7l",
		"timestamp":	{
			"time":	"Mon, 11 May 2026 17:53:01 GMT",
			"timesecs":	1778521981
		},
		"connecting_to":	{
			"host":	"192.168.10.4",
			"port":	5123
		},
		"cookie":	"nbsnsbw25bb5svplra6pohx6sjtw3ugwhcr6",
		"target_bitrate":	80000,
		"fq_rate":	0,
		"sock_bufsize":	0,
		"sndbuf_actual":	180224,
		"rcvbuf_actual":	180224,
		"test_start":	{
			"protocol":	"UDP",
			"num_streams":	1,
			"blksize":	64,
			"omit":	0,
			"duration":	30,
			"bytes":	0,
			"blocks":	0,
			"reverse":	0,
			"tos":	0,
			"target_bitrate":	80000,
			"bidir":	0,
			"fqrate":	0,
			"interval":	1
		}
	},
	"intervals":	[{
			"streams":	[{
					"socket":	5,
					"start":	0,
					"end":	1.001173,
					"seconds":	1.00117301940918,
					"bytes":	10048,
					"bits_per_second":	80289.8184845581,
					"packets":	157,
					"omitted":	false,
					"sender":	true
				}],
			"sum":	{
				"start":	0,
				"end":	1.001173,
				"seconds":	1.00117301940918,
				"bytes":	10048,
				"bits_per_second":	80289.8184845581,
				"packets":	157,
				"omitted":	false,
				"sender":	true
			}
		}, {
			"streams":	[{
					"socket":	5,
					"start":	1.001173,
					"end":	2.001166,
					"seconds":	0.99999302625656128,
					"bytes":	9984,
					"bits_per_second":	79872.5570107204,
					"packets":	156,
					"omitted":	false,
					"sender":	true
				}],
			"sum":	{
				"start":	1.001173,
				"end":	2.001166,
				"seconds":	0.99999302625656128,
				"bytes":	9984,
				"bits_per_second":	79872.5570107204,
				"packets":	156,
				"omitted":	false,
				"sender":	true
			}
		}, {
			"streams":	[{
					"socket":	5,
					"start":	2.001166,
					"end":	3.001167,
					"seconds":	1.0000009536743164,
					"bytes":	9984,
					"bits_per_second":	79871.923828197643,
					"packets":	156,
					"omitted":	false,
					"sender":	true
				}],
			"sum":	{
				"start":	2.001166,
				"end":	3.001167,
				"seconds":	1.0000009536743164,
				"bytes":	9984,
				"bits_per_second":	79871.923828197643,
				"packets":	156,
				"omitted":	false,
				"sender":	true
			}
		}, {
			"streams":	[{
					"socket":	5,
					"start":	3.001167,
					"end":	4.001168,
					"seconds":	1.0000009536743164,
					"bytes":	10048,
					"bits_per_second":	80383.923339916859,
					"packets":	157,
					"omitted":	false,
					"sender":	true
				}],
			"sum":	{
				"start":	3.001167,
				"end":	4.001168,
				"seconds":	1.0000009536743164,
				"bytes":	10048,
				"bits_per_second":	80383.923339916859,
				"packets":	157,
				"omitted":	false,
				"sender":	true
			}
		}, {
			"streams":	[{
					"socket":	5,
					"start":	4.001168,
					"end":	5.001167,
					"seconds":	0.99999898672103882,
					"bytes":	9984,
					"bits_per_second":	79872.0809326992,
					"packets":	156,
					"omitted":	false,
					"sender":	true
				}],
			"sum":	{
				"start":	4.001168,
				"end":	5.001167,
				"seconds":	0.99999898672103882,
				"bytes":	9984,
				"bits_per_second":	79872.0809326992,
				"packets":	156,
				"omitted":	false,
				"sender":	true
			}
		}, {
			"streams":	[{
					"socket":	5,
					"start":	5.001167,
					"end":	6.001171,
					"seconds":	1.0000040531158447,
					"bytes":	9984,
					"bits_per_second":	79871.676270843367,
					"packets":	156,
					"omitted":	false,
					"sender":	true
				}],
			"sum":	{
				"start":	5.001167,
				"end":	6.001171,
				"seconds":	1.0000040531158447,
				"bytes":	9984,
				"bits_per_second":	79871.676270843367,
				"packets":	156,
				"omitted":	false,
				"sender":	true
			}
		}, {
			"streams":	[{
					"socket":	5,
					"start":	6.001171,
					"end":	7.001171,
					"seconds":	1,
					"bytes":	9984,
					"bits_per_second":	79872,
					"packets":	156,
					"omitted":	false,
					"sender":	true
				}],
			"sum":	{
				"start":	6.001171,
				"end":	7.001171,
				"seconds":	1,
				"bytes":	9984,
				"bits_per_second":	79872,
				"packets":	156,
				"omitted":	false,
				"sender":	true
			}
		}, {
			"streams":	[{
					"socket":	5,
					"start":	7.001171,
					"end":	8.001167,
					"seconds":	0.9999960064888,
					"bytes":	10048,
					"bits_per_second":	80384.321015686277,
					"packets":	157,
					"omitted":	false,
					"sender":	true
				}],
			"sum":	{
				"start":	7.001171,
				"end":	8.001167,
				"seconds":	0.9999960064888,
				"bytes":	10048,
				"bits_per_second":	80384.321015686277,
				"packets":	157,
				"omitted":	false,
				"sender":	true
			}
		}, {
			"streams":	[{
					"socket":	5,
					"start":	8.001167,
					"end":	9.001159,
					"seconds":	0.9999920129776,
					"bytes":	9984,
					"bits_per_second":	79872.6379445484,
					"packets":	156,
					"omitted":	false,
					"sender":	true
				}],
			"sum":	{
				"start":	8.001167,
				"end":	9.001159,
				"seconds":	0.9999920129776,
				"bytes":	9984,
				"bits_per_second":	79872.6379445484,
				"packets":	156,
				"omitted":	false,
				"sender":	true
			}
		}, {
			"streams":	[{
					"socket":	5,
					"start":	9.001159,
					"end":	10.001198,
					"seconds":	1.0000389814376831,
					"bytes":	9984,
					"bits_per_second":	79868.886595974342,
					"packets":	156,
					"omitted":	false,
					"sender":	true
				}],
			"sum":	{
				"start":	9.001159,
				"end":	10.001198,
				"seconds":	1.0000389814376831,
				"bytes":	9984,
				"bits_per_second":	79868.886595974342,
				"packets":	156,
				"omitted":	false,
				"sender":	true
			}
		}, {
			"streams":	[{
					"socket":	5,
					"start":	10.001198,
					"end":	11.001167,
					"seconds":	0.9999690055847168,
					"bytes":	9984,
					"bits_per_second":	79874.4756626692,
					"packets":	156,
					"omitted":	false,
					"sender":	true
				}],
			"sum":	{
				"start":	10.001198,
				"end":	11.001167,
				"seconds":	0.9999690055847168,
				"bytes":	9984,
				"bits_per_second":	79874.4756626692,
				"packets":	156,
				"omitted":	false,
				"sender":	true
			}
		}, {
			"streams":	[{
					"socket":	5,
					"start":	11.001167,
					"end":	12.001174,
					"seconds":	1.0000070333480835,
					"bytes":	10048,
					"bits_per_second":	80383.434635324069,
					"packets":	157,
					"omitted":	false,
					"sender":	true
				}],
			"sum":	{
				"start":	11.001167,
				"end":	12.001174,
				"seconds":	1.0000070333480835,
				"bytes":	10048,
				"bits_per_second":	80383.434635324069,
				"packets":	157,
				"omitted":	false,
				"sender":	true
			}
		}, {
			"streams":	[{
					"socket":	5,
					"start":	12.001174,
					"end":	13.001175,
					"seconds":	1.0000009536743164,
					"bytes":	9984,
					"bits_per_second":	79871.923828197643,
					"packets":	156,
					"omitted":	false,
					"sender":	true
				}],
			"sum":	{
				"start":	12.001174,
				"end":	13.001175,
				"seconds":	1.0000009536743164,
				"bytes":	9984,
				"bits_per_second":	79871.923828197643,
				"packets":	156,
				"omitted":	false,
				"sender":	true
			}
		}, {
			"streams":	[{
					"socket":	5,
					"start":	13.001175,
					"end":	14.001169,
					"seconds":	0.99999397993087769,
					"bytes":	9984,
					"bits_per_second":	79872.4808378556,
					"packets":	156,
					"omitted":	false,
					"sender":	true
				}],
			"sum":	{
				"start":	13.001175,
				"end":	14.001169,
				"seconds":	0.99999397993087769,
				"bytes":	9984,
				"bits_per_second":	79872.4808378556,
				"packets":	156,
				"omitted":	false,
				"sender":	true
			}
		}, {
			"streams":	[{
					"socket":	5,
					"start":	14.001169,
					"end":	15.001182,
					"seconds":	1.000012993812561,
					"bytes":	9984,
					"bits_per_second":	79870.962171688472,
					"packets":	156,
					"omitted":	false,
					"sender":	true
				}],
			"sum":	{
				"start":	14.001169,
				"end":	15.001182,
				"seconds":	1.000012993812561,
				"bytes":	9984,
				"bits_per_second":	79870.962171688472,
				"packets":	156,
				"omitted":	false,