{
	"start":	{
		"connected":	[{
				"socket":	5,
				"local_host":	"192.168.10.8",
				"local_port":	59018,
				"remote_host":	"192.168.10.4",
				"remote_port":	5123
			}],
		"version":	"iperf 3.18",
		"system_info":	"Linux RPI08 6.12.47+rpt-rpi-v7 #1 SMP Raspbian 1:6.12.47-1+rpt1 (2025-09-16) armv7l",
		"timestamp":	{
			"time":	"Mon, 11 May 2026 17:57:02 GMT",
			"timesecs":	1778522222
		},
		"connecting_to":	{
			"host":	"192.168.10.4",
			"port":	5123
		},
		"cookie":	"vwjc3g2u76kvi6jng265jo7oucxtcfu5qidg",
		"target_bitrate":	160000,
		"fq_rate":	0,
		"sock_bufsize":	0,
		"sndbuf_actual":	180224,
		"rcvbuf_actual":	180224,
		"test_start":	{
			"protocol":	"UDP",
			"num_streams":	1,
			"blksize":	512,
			"omit":	0,
			"duration":	30,
			"bytes":	0,
			"blocks":	0,
			"reverse":	0,
			"tos":	0,
			"target_bitrate":	160000,
			"bidir":	0,
			"fqrate":	0,
			"interval":	1
		}
	},
	"intervals":	[{
			"streams":	[{
					"socket":	5,
					"start":	0,
					"end":	1.001131,
					"seconds":	1.0011310577392578,
					"bytes":	20480,
					"bits_per_second":	163654.89686233641,
					"packets":	40,
					"omitted":	false,
					"sender":	true
				}],
			"sum":	{
				"start":	0,
				"end":	1.001131,
				"seconds":	1.0011310577392578,
				"bytes":	20480,
				"bits_per_second":	163654.89686233641,
				"packets":	40,
				"omitted":	false,
				"sender":	true
			}
		}, {
			"streams":	[{
					"socket":	5,
					"start":	1.001131,
					"end":	2.001124,
					"seconds":	0.99999302625656128,
					"bytes":	19968,
					"bits_per_second":	159745.11402144076,
					"packets":	39,
					"omitted":	false,
					"sender":	true
				}],
			"sum":	{
				"start":	1.001131,
				"end":	2.001124,
				"seconds":	0.99999302625656128,
				"bytes":	19968,
				"bits_per_second":	159745.11402144076,
				"packets":	39,
				"omitted":	false,
				"sender":	true
			}
		}, {
			"streams":	[{
					"socket":	5,
					"start":	2.001124,
					"end":	3.001119,
					"seconds":	0.999994993209839,
					"bytes":	19968,
					"bits_per_second":	159744.799808692,
					"packets":	39,
					"omitted":	false,
					"sender":	true
				}],
			"sum":	{
				"start":	2.001124,
				"end":	3.001119,
				"seconds":	0.999994993209839,
				"bytes":	19968,
				"bits_per_second":	159744.799808692,
				"packets":	39,
				"omitted":	false,
				"sender":	true
			}
		}, {
			"streams":	[{
					"socket":	5,
					"start":	3.001119,
					"end":	4.001124,
					"seconds":	1.0000050067901611,
					"bytes":	19968,
					"bits_per_second":	159743.20019931693,
					"packets":	39,
					"omitted":	false,
					"sender":	true
				}],
			"sum":	{
				"start":	3.001119,
				"end":	4.001124,
				"seconds":	1.0000050067901611,
				"bytes":	19968,
				"bits_per_second":	159743.20019931693,
				"packets":	39,
				"omitted":	false,
				"sender":	true
			}
		}, {
			"streams":	[{
					"socket":	5,
					"start":	4.001124,
					"end":	5.001124,
					"seconds":	1,
					"bytes":	19968,
					"bits_per_second":	159744,
					"packets":	39,
					"omitted":	false,
					"sender":	true
				}],
			"sum":	{
				"start":	4.001124,
				"end":	5.001124,
				"seconds":	1,
				"bytes":	19968,
				"bits_per_second":	159744,
				"packets":	39,
				"omitted":	false,
				"sender":	true
			}
		}, {
			"streams":	[{
					"socket":	5,
					"start":	5.001124,
					"end":	6.001122,
					"seconds":	0.99999797344207764,
					"bytes":	19968,
					"bits_per_second":	159744.32373112481,
					"packets":	39,
					"omitted":	false,
					"sender":	true
				}],
			"sum":	{
				"start":	5.001124,
				"end":	6.001122,
				"seconds":	0.99999797344207764,
				"bytes":	19968,
				"bits_per_second":	159744.32373112481,
				"packets":	39,
				"omitted":	false,
				"sender":	true
			}
		}, {
			"streams":	[{
					"socket":	5,
					"start":	6.001122,
					"end":	7.001124,
					"seconds":	1.0000020265579224,
					"bytes":	19968,
					"bits_per_second":	159743.67627018731,
					"packets":	39,
					"omitted":	false,
					"sender":	true
				}],
			"sum":	{
				"start":	6.001122,
				"end":	7.001124,
				"seconds":	1.0000020265579224,
				"bytes":	19968,
				"bits_per_second":	159743.67627018731,
				"packets":	39,
				"omitted":	false,
				"sender":	true
			}
		}, {
			"streams":	[{
					"socket":	5,
					"start":	7.001124,
					"end":	8.001118,
					"seconds":	0.99999397993087769,
					"bytes":	19968,
					"bits_per_second":	159744.96167571124,
					"packets":	39,
					"omitted":	false,
					"sender":	true
				}],
			"sum":	{
				"start":	7.001124,
				"end":	8.001118,
				"seconds":	0.99999397993087769,
				"bytes":	19968,
				"bits_per_second":	159744.96167571124,
				"packets":	39,
				"omitted":	false,
				"sender":	true
			}
		}, {
			"streams":	[{
					"socket":	5,
					"start":	8.001118,
					"end":	9.001123,
					"seconds":	1.0000050067901611,
					"bytes":	19968,
					"bits_per_second":	159743.20019931693,
					"packets":	39,
					"omitted":	false,
					"sender":	true
				}],
			"sum":	{
				"start":	8.001118,
				"end":	9.001123,
				"seconds":	1.0000050067901611,
				"bytes":	19968,
				"bits_per_second":	159743.20019931693,
				"packets":	39,
				"omitted":	false,
				"sender":	true
			}
		}, {
			"streams":	[{
					"socket":	5,
					"start":	9.001123,
					"end":	10.001126,
					"seconds":	1.0000029802322388,
					"bytes":	19968,
					"bits_per_second":	159743.52392720006,
					"packets":	39,
					"omitted":	false,
					"sender":	true
				}],
			"sum":	{
				"start":	9.001123,
				"end":	10.001126,
				"seconds":	1.0000029802322388,
				"bytes":	19968,
				"bits_per_second":	159743.52392720006,
				"packets":	39,
				"omitted":	false,
				"sender":	true
			}
		}, {
			"streams":	[{
					"socket":	5,
					"start":	10.001126,
					"end":	11.001129,
					"seconds":	1.0000029802322388,
					"bytes":	19968,
					"bits_per_second":	159743.52392720006,
					"packets":	39,
					"omitted":	false,
					"sender":	true
				}],
			"sum":	{
				"start":	10.001126,
				"end":	11.001129,
				"seconds":	1.0000029802322388,
				"bytes":	19968,
				"bits_per_second":	159743.52392720006,
				"packets":	39,
				"omitted":	false,
				"sender":	true
			}
		}, {
			"streams":	[{
					"socket":	5,
					"start":	11.001129,
					"end":	12.001122,
					"seconds":	0.99999302625656128,
					"bytes":	19968,
					"bits_per_second":	159745.11402144076,
					"packets":	39,
					"omitted":	false,
					"sender":	true
				}],
			"sum":	{
				"start":	11.001129,
				"end":	12.001122,
				"seconds":	0.99999302625656128,
				"bytes":	19968,
				"bits_per_second":	159745.11402144076,
				"packets":	39,
				"omitted":	false,
				"sender":	true
			}
		}, {
			"streams":	[{
					"socket":	5,
					"start":	12.001122,
					"end":	13.001121,
					"seconds":	0.99999898672103882,
					"bytes":	19968,
					"bits_per_second":	159744.1618653984,
					"packets":	39,
					"omitted":	false,
					"sender":	true
				}],
			"sum":	{
				"start":	12.001122,
				"end":	13.001121,
				"seconds":	0.99999898672103882,
				"bytes":	19968,
				"bits_per_second":	159744.1618653984,
				"packets":	39,
				"omitted":	false,
				"sender":	true
			}
		}, {
			"streams":	[{
					"socket":	5,
					"start":	13.001121,
					"end":	14.001123,
					"seconds":	1.0000020265579224,
					"bytes":	19968,
					"bits_per_second":	159743.67627018731,
					"packets":	39,
					"omitted":	false,
					"sender":	true
				}],
			"sum":	{
				"start":	13.001121,
				"end":	14.001123,
				"seconds":	1.0000020265579224,
				"bytes":	19968,
				"bits_per_second":	159743.67627018731,
				"packets":	39,
				"omitted":	false,
				"sender":	true
			}
		}, {
			"streams":	[{
					"socket":	5,
					"start":	14.001123,
					"end":	15.001124,
					"seconds":	1.0000009536743164,
					"bytes":	19968,
					"bits_per_second":	159743.84765639529,
					"packets":	39,
					"omitted":	false,
					"sender":	true
				}],
			"sum":	{
				"start":	14.001123,
				"end":	15.001124,
				"seconds":	1.0000009536743164,
				"bytes":	19968,
				"bits_per_second":	159743.84765639529,
				"packets":	39,