{
	"start":	{
		"connected":	[{
				"socket":	5,
				"local_host":	"192.168.10.8",
				"local_port":	32880,
				"remote_host":	"192.168.10.4",
				"remote_port":	5123
			}],
		"version":	"iperf 3.18",
		"system_info":	"Linux RPI08 6.12.47+rpt-rpi-v7 #1 SMP Raspbian 1:6.12.47-1+rpt1 (2025-09-16) armv7l",
		"timestamp":	{
			"time":	"Mon, 11 May 2026 17:50:31 GMT",
			"timesecs":	1778521831
		},
		"connecting_to":	{
			"host":	"192.168.10.4",
			"port":	5123
		},
		"cookie":	"5cr5q4qpivfv7z2cggy3o6hgktd2jd7wvpol",
		"target_bitrate":	40000,
		"fq_rate":	0,
		"sock_bufsize":	0,
		"sndbuf_actual":	180224,
		"rcvbuf_actual":	180224,
		"test_start":	{
			"protocol":	"UDP",
			"num_streams":	1,
			"blksize":	64,
			"omit":	0,
			"duration":	30,
			"bytes":	0,
			"blocks":	0,
			"reverse":	0,
			"tos":	0,
			"target_bitrate":	40000,
			"bidir":	0,
			"fqrate":	0,
			"interval":	1
		}
	},
	"intervals":	[{
			"streams":	[{
					"socket":	5,
					"start":	0,
					"end":	1.001172,
					"seconds":	1.0011719465255737,
					"bytes":	5056,
					"bits_per_second":	40400.652595559724,
					"packets":	79,
					"omitted":	false,
					"sender":	true
				}],
			"sum":	{
				"start":	0,
				"end":	1.001172,
				"seconds":	1.0011719465255737,
				"bytes":	5056,
				"bits_per_second":	40400.652595559724,
				"packets":	79,
				"omitted":	false,
				"sender":	true
			}
		}, {
			"streams":	[{
					"socket":	5,
					"start":	1.001172,
					"end":	2.001167,
					"seconds":	0.999994993209839,
					"bytes":	4992,
					"bits_per_second":	39936.199952173,
					"packets":	78,
					"omitted":	false,
					"sender":	true
				}],
			"sum":	{
				"start":	1.001172,
				"end":	2.001167,
				"seconds":	0.999994993209839,
				"bytes":	4992,
				"bits_per_second":	39936.199952173,
				"packets":	78,
				"omitted":	false,
				"sender":	true
			}
		}, {
			"streams":	[{
					"socket":	5,
					"start":	2.001167,
					"end":	3.001163,
					"seconds":	0.9999960064888,
					"bytes":	4992,
					"bits_per_second":	39936.1594855002,
					"packets":	78,
					"omitted":	false,
					"sender":	true
				}],
			"sum":	{
				"start":	2.001167,
				"end":	3.001163,
				"seconds":	0.9999960064888,
				"bytes":	4992,
				"bits_per_second":	39936.1594855002,
				"packets":	78,
				"omitted":	false,
				"sender":	true
			}
		}, {
			"streams":	[{
					"socket":	5,
					"start":	3.001163,
					"end":	4.001163,
					"seconds":	1,
					"bytes":	4992,
					"bits_per_second":	39936,
					"packets":	78,
					"omitted":	false,
					"sender":	true
				}],
			"sum":	{
				"start":	3.001163,
				"end":	4.001163,
				"seconds":	1,
				"bytes":	4992,
				"bits_per_second":	39936,
				"packets":	78,
				"omitted":	false,
				"sender":	true
			}
		}, {
			"streams":	[{
					"socket":	5,
					"start":	4.001163,
					"end":	5.00121,
					"seconds":	1.000046968460083,
					"bytes":	4992,
					"bits_per_second":	39934.124355674248,
					"packets":	78,
					"omitted":	false,
					"sender":	true
				}],
			"sum":	{
				"start":	4.001163,
				"end":	5.00121,
				"seconds":	1.000046968460083,
				"bytes":	4992,
				"bits_per_second":	39934.124355674248,
				"packets":	78,
				"omitted":	false,
				"sender":	true
			}
		}, {
			"streams":	[{
					"socket":	5,
					"start":	5.00121,
					"end":	6.001173,
					"seconds":	0.99996298551559448,
					"bytes":	4992,
					"bits_per_second":	39937.478265166443,
					"packets":	78,
					"omitted":	false,
					"sender":	true
				}],
			"sum":	{
				"start":	5.00121,
				"end":	6.001173,
				"seconds":	0.99996298551559448,
				"bytes":	4992,
				"bits_per_second":	39937.478265166443,
				"packets":	78,
				"omitted":	false,
				"sender":	true
			}
		}, {
			"streams":	[{
					"socket":	5,
					"start":	6.001173,
					"end":	7.001167,
					"seconds":	0.99999397993087769,
					"bytes":	4992,
					"bits_per_second":	39936.2404189278,
					"packets":	78,
					"omitted":	false,
					"sender":	true
				}],
			"sum":	{
				"start":	6.001173,
				"end":	7.001167,
				"seconds":	0.99999397993087769,
				"bytes":	4992,
				"bits_per_second":	39936.2404189278,
				"packets":	78,
				"omitted":	false,
				"sender":	true
			}
		}, {
			"streams":	[{
					"socket":	5,
					"start":	7.001167,
					"end":	8.001163,
					"seconds":	0.9999960064888,
					"bytes":	5056,
					"bits_per_second":	40448.161530186087,
					"packets":	79,
					"omitted":	false,
					"sender":	true
				}],
			"sum":	{
				"start":	7.001167,
				"end":	8.001163,
				"seconds":	0.9999960064888,
				"bytes":	5056,
				"bits_per_second":	40448.161530186087,
				"packets":	79,
				"omitted":	false,
				"sender":	true
			}
		}, {
			"streams":	[{
					"socket":	5,
					"start":	8.001163,
					"end":	9.001165,
					"seconds":	1.0000020265579224,
					"bytes":	4992,
					"bits_per_second":	39935.919067546827,
					"packets":	78,
					"omitted":	false,
					"sender":	true
				}],
			"sum":	{
				"start":	8.001163,
				"end":	9.001165,
				"seconds":	1.0000020265579224,
				"bytes":	4992,
				"bits_per_second":	39935.919067546827,
				"packets":	78,
				"omitted":	false,
				"sender":	true
			}
		}, {
			"streams":	[{
					"socket":	5,
					"start":	9.001165,
					"end":	10.001163,
					"seconds":	0.99999797344207764,
					"bytes":	4992,
					"bits_per_second":	39936.0809327812,
					"packets":	78,
					"omitted":	false,
					"sender":	true
				}],
			"sum":	{
				"start":	9.001165,
				"end":	10.001163,
				"seconds":	0.99999797344207764,
				"bytes":	4992,
				"bits_per_second":	39936.0809327812,
				"packets":	78,
				"omitted":	false,
				"sender":	true
			}
		}, {
			"streams":	[{
					"socket":	5,
					"start":	10.001163,
					"end":	11.001168,
					"seconds":	1.0000050067901611,
					"bytes":	4992,
					"bits_per_second":	39935.800049829231,
					"packets":	78,
					"omitted":	false,
					"sender":	true
				}],
			"sum":	{
				"start":	10.001163,
				"end":	11.001168,
				"seconds":	1.0000050067901611,
				"bytes":	4992,
				"bits_per_second":	39935.800049829231,
				"packets":	78,
				"omitted":	false,
				"sender":	true
			}
		}, {
			"streams":	[{
					"socket":	5,
					"start":	11.001168,
					"end":	12.001164,
					"seconds":	0.9999960064888,
					"bytes":	4992,
					"bits_per_second":	39936.1594855002,
					"packets":	78,
					"omitted":	false,
					"sender":	true
				}],
			"sum":	{
				"start":	11.001168,
				"end":	12.001164,
				"seconds":	0.9999960064888,
				"bytes":	4992,
				"bits_per_second":	39936.1594855002,
				"packets":	78,
				"omitted":	false,
				"sender":	true
			}
		}, {
			"streams":	[{
					"socket":	5,
					"start":	12.001164,
					"end":	13.001163,
					"seconds":	0.99999898672103882,
					"bytes":	4992,
					"bits_per_second":	39936.0404663496,
					"packets":	78,
					"omitted":	false,
					"sender":	true
				}],
			"sum":	{
				"start":	12.001164,
				"end":	13.001163,
				"seconds":	0.99999898672103882,
				"bytes":	4992,
				"bits_per_second":	39936.0404663496,
				"packets":	78,
				"omitted":	false,
				"sender":	true
			}
		}, {
			"streams":	[{
					"socket":	5,
					"start":	13.001163,
					"end":	14.001162,
					"seconds":	0.99999898672103882,
					"bytes":	4992,
					"bits_per_second":	39936.0404663496,
					"packets":	78,
					"omitted":	false,
					"sender":	true
				}],
			"sum":	{
				"start":	13.001163,
				"end":	14.001162,
				"seconds":	0.99999898672103882,
				"bytes":	4992,
				"bits_per_second":	39936.0404663496,
				"packets":	78,
				"omitted":	false,
				"sender":	true
			}
		}, {
			"streams":	[{
					"socket":	5,
					"start":	14.001162,
					"end":	15.001166,
					"seconds":	1.0000040531158447,
					"bytes":	4992,
					"bits_per_second":	39935.838135421684,
					"packets":	78,
					"omitted":	false,
					"sender":	true
				}],
			"sum":	{
				"start":	14.001162,
				"end":	15.001166,
				"seconds":	1.0000040531158447,
				"bytes":	4992,
				"bits_per_second":	39935.838135421684,
				"packets":	78,
				"omitted":	false,