{
	"start":	{
		"connected":	[{
				"socket":	5,
				"local_host":	"192.168.10.8",
				"local_port":	53047,
				"remote_host":	"192.168.10.4",
				"remote_port":	5123
			}],
		"version":	"iperf 3.18",
		"system_info":	"Linux RPI08 6.12.47+rpt-rpi-v7 #1 SMP Raspbian 1:6.12.47-1+rpt1 (2025-09-16) armv7l",
		"timestamp":	{
			"time":	"Sun, 10 May 2026 13:42:44 GMT",
			"timesecs":	1778420564
		},
		"connecting_to":	{
			"host":	"192.168.10.4",
			"port":	5123
		},
		"cookie":	"27hqc2dudqzhuwqgibigkgxmxi5lo2y7js5h",
		"target_bitrate":	30000,
		"fq_rate":	0,
		"sock_bufsize":	0,
		"sndbuf_actual":	180224,
		"rcvbuf_actual":	180224,
		"test_start":	{
			"protocol":	"UDP",
			"num_streams":	1,
			"blksize":	256,
			"omit":	0,
			"duration":	10,
			"bytes":	0,
			"blocks":	0,
			"reverse":	0,
			"tos":	0,
			"target_bitrate":	30000,
			"bidir":	0,
			"fqrate":	0,
			"interval":	1
		}
	},
	"intervals":	[{
			"streams":	[{
					"socket":	5,
					"start":	0,
					"end":	1.001153,
					"seconds":	1.0011529922485352,
					"bytes":	3840,
					"bits_per_second":	30684.620869987662,
					"packets":	15,
					"omitted":	false,
					"sender":	true
				}],
			"sum":	{
				"start":	0,
				"end":	1.001153,
				"seconds":	1.0011529922485352,
				"bytes":	3840,
				"bits_per_second":	30684.620869987662,
				"packets":	15,
				"omitted":	false,
				"sender":	true
			}
		}, {
			"streams":	[{
					"socket":	5,
					"start":	1.001153,
					"end":	2.001146,
					"seconds":	0.99999302625656128,
					"bytes":	3840,
					"bits_per_second":	30720.214234892457,
					"packets":	15,
					"omitted":	false,
					"sender":	true
				}],
			"sum":	{
				"start":	1.001153,
				"end":	2.001146,
				"seconds":	0.99999302625656128,
				"bytes":	3840,
				"bits_per_second":	30720.214234892457,
				"packets":	15,
				"omitted":	false,
				"sender":	true
			}
		}, {
			"streams":	[{
					"socket":	5,
					"start":	2.001146,
					"end":	3.001145,
					"seconds":	0.99999898672103882,
					"bytes":	3584,
					"bits_per_second":	28672.029052763814,
					"packets":	14,
					"omitted":	false,
					"sender":	true
				}],
			"sum":	{
				"start":	2.001146,
				"end":	3.001145,
				"seconds":	0.99999898672103882,
				"bytes":	3584,
				"bits_per_second":	28672.029052763814,
				"packets":	14,
				"omitted":	false,
				"sender":	true
			}
		}, {
			"streams":	[{
					"socket":	5,
					"start":	3.001145,
					"end":	4.001149,
					"seconds":	1.0000040531158447,
					"bytes":	3840,
					"bits_per_second":	30719.875488785907,
					"packets":	15,
					"omitted":	false,
					"sender":	true
				}],
			"sum":	{
				"start":	3.001145,
				"end":	4.001149,
				"seconds":	1.0000040531158447,
				"bytes":	3840,
				"bits_per_second":	30719.875488785907,
				"packets":	15,
				"omitted":	false,
				"sender":	true
			}
		}, {
			"streams":	[{
					"socket":	5,
					"start":	4.001149,
					"end":	5.001139,
					"seconds":	0.99998998641967773,
					"bytes":	3840,
					"bits_per_second":	30720.307620267879,
					"packets":	15,
					"omitted":	false,
					"sender":	true
				}],
			"sum":	{
				"start":	4.001149,
				"end":	5.001139,
				"seconds":	0.99998998641967773,
				"bytes":	3840,
				"bits_per_second":	30720.307620267879,
				"packets":	15,
				"omitted":	false,
				"sender":	true
			}
		}, {
			"streams":	[{
					"socket":	5,
					"start":	5.001139,
					"end":	6.00114,
					"seconds":	1.0000009536743164,
					"bytes":	3584,
					"bits_per_second":	28671.972656276077,
					"packets":	14,
					"omitted":	false,
					"sender":	true
				}],
			"sum":	{
				"start":	5.001139,
				"end":	6.00114,
				"seconds":	1.0000009536743164,
				"bytes":	3584,
				"bits_per_second":	28671.972656276077,
				"packets":	14,
				"omitted":	false,
				"sender":	true
			}
		}, {
			"streams":	[{
					"socket":	5,
					"start":	6.00114,
					"end":	7.001141,
					"seconds":	1.0000009536743164,
					"bytes":	3840,
					"bits_per_second":	30719.97070315294,
					"packets":	15,
					"omitted":	false,
					"sender":	true
				}],
			"sum":	{
				"start":	6.00114,
				"end":	7.001141,
				"seconds":	1.0000009536743164,
				"bytes":	3840,
				"bits_per_second":	30719.97070315294,
				"packets":	15,
				"omitted":	false,
				"sender":	true
			}
		}, {
			"streams":	[{
					"socket":	5,
					"start":	7.001141,
					"end":	8.001202,
					"seconds":	1.00006103515625,
					"bytes":	3840,
					"bits_per_second":	30718.125114433933,
					"packets":	15,
					"omitted":	false,
					"sender":	true
				}],
			"sum":	{
				"start":	7.001141,
				"end":	8.001202,
				"seconds":	1.00006103515625,
				"bytes":	3840,
				"bits_per_second":	30718.125114433933,
				"packets":	15,
				"omitted":	false,
				"sender":	true
			}
		}, {
			"streams":	[{
					"socket":	5,
					"start":	8.001202,
					"end":	9.001143,
					"seconds":	0.99994099140167236,
					"bytes":	3584,
					"bits_per_second":	28673.691994373465,
					"packets":	14,
					"omitted":	false,
					"sender":	true
				}],
			"sum":	{
				"start":	8.001202,
				"end":	9.001143,
				"seconds":	0.99994099140167236,
				"bytes":	3584,
				"bits_per_second":	28673.691994373465,
				"packets":	14,
				"omitted":	false,
				"sender":	true
			}
		}, {
			"streams":	[{
					"socket":	5,
					"start":	9.001143,
					"end":	10.003264,
					"seconds":	1.0021209716796875,
					"bytes":	3840,
					"bits_per_second":	30654.98165207461,
					"packets":	15,
					"omitted":	false,
					"sender":	true
				}],
			"sum":	{
				"start":	9.001143,
				"end":	10.003264,
				"seconds":	1.0021209716796875,
				"bytes":	3840,
				"bits_per_second":	30654.98165207461,
				"packets":	15,
				"omitted":	false,
				"sender":	true
			}
		}],
	"end":	{
		"streams":	[{
				"udp":	{
					"socket":	5,
					"start":	0,
					"end":	10.003264,
					"seconds":	10.003264,
					"bytes":	37632,
					"bits_per_second":	30095.776738472563,
					"jitter_ms":	0.02771744227484986,
					"lost_packets":	0,
					"packets":	147,
					"lost_percent":	0,
					"out_of_order":	0,
					"sender":	true
				}
			}],
		"sum":	{
			"start":	0,
			"end":	10.004362,
			"seconds":	10.004362,
			"bytes":	37632,
			"bits_per_second":	30095.776738472563,
			"jitter_ms":	0.02771744227484986,
			"lost_packets":	0,
			"packets":	147,
			"lost_percent":	0,
			"sender":	true
		},
		"sum_sent":	{
			"start":	0,
			"end":	10.003264,
			"seconds":	10.003264,
			"bytes":	37632,
			"bits_per_second":	30095.776738472563,
			"jitter_ms":	0,
			"lost_packets":	0,
			"packets":	147,
			"lost_percent":	0,
			"sender":	true
		},
		"sum_received":	{
			"start":	0,
			"end":	10.004362,
			"seconds":	10.004362,
			"bytes":	37632,
			"bits_per_second":	30092.4736629882,
			"jitter_ms":	0.02771744227484986,
			"lost_packets":	0,
			"packets":	147,
			"lost_percent":	0,
			"sender":	false
		},
		"cpu_utilization_percent":	{
			"host_total":	0.25930389103451662,
			"host_user":	0,
			"host_system":	0.25931386502832515,
			"remote_total":	0.3522849544988173,
			"remote_user":	0.059951912528980175,
			"remote_system":	0.292353032604225
		}
	},