{
	"start":	{
		"connected":	[{
				"socket":	5,
				"local_host":	"192.168.10.8",
				"local_port":	42039,
				"remote_host":	"192.168.10.4",
				"remote_port":	5123
			}],
		"version":	"iperf 3.18",
		"system_info":	"Linux RPI08 6.12.47+rpt-rpi-v7 #1 SMP Raspbian 1:6.12.47-1+rpt1 (2025-09-16) armv7l",
		"timestamp":	{
			"time":	"Sun, 10 May 2026 13:41:03 GMT",
			"timesecs":	1778420463
		},
		"connecting_to":	{
			"host":	"192.168.10.4",
			"port":	5123
		},
		"cookie":	"4mpizpodiazudupdzpnwp2pjczm3ipo3xcec",
		"target_bitrate":	15000,
		"fq_rate":	0,
		"sock_bufsize":	0,
		"sndbuf_actual":	180224,
		"rcvbuf_actual":	180224,
		"test_start":	{
			"protocol":	"UDP",
			"num_streams":	1,
			"blksize":	256,
			"omit":	0,
			"duration":	10,
			"bytes":	0,
			"blocks":	0,
			"reverse":	0,
			"tos":	0,
			"target_bitrate":	15000,
			"bidir":	0,
			"fqrate":	0,
			"interval":	1
		}
	},
	"intervals":	[{
			"streams":	[{
					"socket":	5,
					"start":	0,
					"end":	1.001155,
					"seconds":	1.0011550188064575,
					"bytes":	2048,
					"bits_per_second":	16365.098004035819,
					"packets":	8,
					"omitted":	false,
					"sender":	true
				}],
			"sum":	{
				"start":	0,
				"end":	1.001155,
				"seconds":	1.0011550188064575,
				"bytes":	2048,
				"bits_per_second":	16365.098004035819,
				"packets":	8,
				"omitted":	false,
				"sender":	true
			}
		}, {
			"streams":	[{
					"socket":	5,
					"start":	1.001155,
					"end":	2.00115,
					"seconds":	0.999994993209839,
					"bytes":	1792,
					"bits_per_second":	14336.071777703126,
					"packets":	7,
					"omitted":	false,
					"sender":	true
				}],
			"sum":	{
				"start":	1.001155,
				"end":	2.00115,
				"seconds":	0.999994993209839,
				"bytes":	1792,
				"bits_per_second":	14336.071777703126,
				"packets":	7,
				"omitted":	false,
				"sender":	true
			}
		}, {
			"streams":	[{
					"socket":	5,
					"start":	2.00115,
					"end":	3.001147,
					"seconds":	0.99999701976776123,
					"bytes":	1792,
					"bits_per_second":	14336.042724736704,
					"packets":	7,
					"omitted":	false,
					"sender":	true
				}],
			"sum":	{
				"start":	2.00115,
				"end":	3.001147,
				"seconds":	0.99999701976776123,
				"bytes":	1792,
				"bits_per_second":	14336.042724736704,
				"packets":	7,
				"omitted":	false,
				"sender":	true
			}
		}, {
			"streams":	[{
					"socket":	5,
					"start":	3.001147,
					"end":	4.001141,
					"seconds":	0.99999397993087769,
					"bytes":	2048,
					"bits_per_second":	16384.09863340628,
					"packets":	8,
					"omitted":	false,
					"sender":	true
				}],
			"sum":	{
				"start":	3.001147,
				"end":	4.001141,
				"seconds":	0.99999397993087769,
				"bytes":	2048,
				"bits_per_second":	16384.09863340628,
				"packets":	8,
				"omitted":	false,
				"sender":	true
			}
		}, {
			"streams":	[{
					"socket":	5,
					"start":	4.001141,
					"end":	5.001151,
					"seconds":	1.0000100135803223,
					"bytes":	1792,
					"bits_per_second":	14335.856446749982,
					"packets":	7,
					"omitted":	false,
					"sender":	true
				}],
			"sum":	{
				"start":	4.001141,
				"end":	5.001151,
				"seconds":	1.0000100135803223,
				"bytes":	1792,
				"bits_per_second":	14335.856446749982,
				"packets":	7,
				"omitted":	false,
				"sender":	true
			}
		}, {
			"streams":	[{
					"socket":	5,
					"start":	5.001151,
					"end":	6.001142,
					"seconds":	0.999990999698639,
					"bytes":	1792,
					"bits_per_second":	14336.129029481617,
					"packets":	7,
					"omitted":	false,
					"sender":	true
				}],
			"sum":	{
				"start":	5.001151,
				"end":	6.001142,
				"seconds":	0.999990999698639,
				"bytes":	1792,
				"bits_per_second":	14336.129029481617,
				"packets":	7,
				"omitted":	false,
				"sender":	true
			}
		}, {
			"streams":	[{
					"socket":	5,
					"start":	6.001142,
					"end":	7.001255,
					"seconds":	1.0001130104064941,
					"bytes":	2048,
					"bits_per_second":	16382.148646722186,
					"packets":	8,
					"omitted":	false,
					"sender":	true
				}],
			"sum":	{
				"start":	6.001142,
				"end":	7.001255,
				"seconds":	1.0001130104064941,
				"bytes":	2048,
				"bits_per_second":	16382.148646722186,
				"packets":	8,
				"omitted":	false,
				"sender":	true
			}
		}, {
			"streams":	[{
					"socket":	5,
					"start":	7.001255,
					"end":	8.001139,
					"seconds":	0.999884009361267,
					"bytes":	1792,
					"bits_per_second":	14337.663034693331,
					"packets":	7,
					"omitted":	false,
					"sender":	true
				}],
			"sum":	{
				"start":	7.001255,
				"end":	8.001139,
				"seconds":	0.999884009361267,
				"bytes":	1792,
				"bits_per_second":	14337.663034693331,
				"packets":	7,
				"omitted":	false,
				"sender":	true
			}
		}, {
			"streams":	[{
					"socket":	5,
					"start":	8.001139,
					"end":	9.001195,
					"seconds":	1.0000560283660889,
					"bytes":	1792,
					"bits_per_second":	14335.196822344482,
					"packets":	7,
					"omitted":	false,
					"sender":	true
				}],
			"sum":	{
				"start":	8.001139,
				"end":	9.001195,
				"seconds":	1.0000560283660889,
				"bytes":	1792,
				"bits_per_second":	14335.196822344482,
				"packets":	7,
				"omitted":	false,
				"sender":	true
			}
		}, {
			"streams":	[{
					"socket":	5,
					"start":	9.001195,
					"end":	10.002974,
					"seconds":	1.0017789602279663,
					"bytes":	2048,
					"bits_per_second":	16354.905273985423,
					"packets":	8,
					"omitted":	false,
					"sender":	true
				}],
			"sum":	{
				"start":	9.001195,
				"end":	10.002974,
				"seconds":	1.0017789602279663,
				"bytes":	2048,
				"bits_per_second":	16354.905273985423,
				"packets":	8,
				"omitted":	false,
				"sender":	true
			}
		}],
	"end":	{
		"streams":	[{
				"udp":	{
					"socket":	5,
					"start":	0,
					"end":	10.002974,
					"seconds":	10.002974,
					"bytes":	18944,
					"bits_per_second":	15150.694183549813,
					"jitter_ms":	0.047729884638523477,
					"lost_packets":	0,
					"packets":	74,
					"lost_percent":	0,
					"out_of_order":	0,
					"sender":	true
				}
			}],
		"sum":	{
			"start":	0,
			"end":	10.00415,
			"seconds":	10.00415,
			"bytes":	18944,
			"bits_per_second":	15150.694183549813,
			"jitter_ms":	0.047729884638523477,
			"lost_packets":	0,
			"packets":	74,
			"lost_percent":	0,
			"sender":	true
		},
		"sum_sent":	{
			"start":	0,
			"end":	10.002974,
			"seconds":	10.002974,
			"bytes":	18944,
			"bits_per_second":	15150.694183549813,
			"jitter_ms":	0,
			"lost_packets":	0,
			"packets":	74,
			"lost_percent":	0,
			"sender":	true
		},
		"sum_received":	{
			"start":	0,
			"end":	10.00415,
			"seconds":	10.00415,
			"bytes":	18944,
			"bits_per_second":	15148.913201021578,
			"jitter_ms":	0.047729884638523477,
			"lost_packets":	0,
			"packets":	74,
			"lost_percent":	0,
			"sender":	false
		},
		"cpu_utilization_percent":	{
			"host_total":	0.16996523683511064,
			"host_user":	0.13110976132449825,
			"host_system":	0.038865464064728232,
			"remote_total":	0.188791437936464,
			"remote_user":	0.0066368866364788269,
			"remote_system":	0.18219453254478324
		}
	},