{
	"start":	{
		"connected":	[{
				"socket":	5,
				"local_host":	"192.168.10.8",
				"local_port":	43800,
				"remote_host":	"192.168.10.4",
				"remote_port":	5123
			}],
		"version":	"iperf 3.18",
		"system_info":	"Linux RPI08 6.12.47+rpt-rpi-v7 #1 SMP Raspbian 1:6.12.47-1+rpt1 (2025-09-16) armv7l",
		"timestamp":	{
			"time":	"Sun, 10 May 2026 13:39:53 GMT",
			"timesecs":	1778420393
		},
		"connecting_to":	{
			"host":	"192.168.10.4",
			"port":	5123
		},
		"cookie":	"lygv6syh5tqps3a5wtoevvj3vxdnhjyejtsz",
		"target_bitrate":	10000,
		"fq_rate":	0,
		"sock_bufsize":	0,
		"sndbuf_actual":	180224,
		"rcvbuf_actual":	180224,
		"test_start":	{
			"protocol":	"UDP",
			"num_streams":	1,
			"blksize":	64,
			"omit":	0,
			"duration":	10,
			"bytes":	0,
			"blocks":	0,
			"reverse":	0,
			"tos":	0,
			"target_bitrate":	10000,
			"bidir":	0,
			"fqrate":	0,
			"interval":	1
		}
	},
	"intervals":	[{
			"streams":	[{
					"socket":	5,
					"start":	0,
					"end":	1.001215,
					"seconds":	1.0012149810791016,
					"bytes":	1280,
					"bits_per_second":	10227.573691479734,
					"packets":	20,
					"omitted":	false,
					"sender":	true
				}],
			"sum":	{
				"start":	0,
				"end":	1.001215,
				"seconds":	1.0012149810791016,
				"bytes":	1280,
				"bits_per_second":	10227.573691479734,
				"packets":	20,
				"omitted":	false,
				"sender":	true
			}
		}, {
			"streams":	[{
					"socket":	5,
					"start":	1.001215,
					"end":	2.001163,
					"seconds":	0.999948024749756,
					"bytes":	1280,
					"bits_per_second":	10240.532254226546,
					"packets":	20,
					"omitted":	false,
					"sender":	true
				}],
			"sum":	{
				"start":	1.001215,
				"end":	2.001163,
				"seconds":	0.999948024749756,
				"bytes":	1280,
				"bits_per_second":	10240.532254226546,
				"packets":	20,
				"omitted":	false,
				"sender":	true
			}
		}, {
			"streams":	[{
					"socket":	5,
					"start":	2.001163,
					"end":	3.001157,
					"seconds":	0.99999397993087769,
					"bytes":	1216,
					"bits_per_second":	9728.05856358498,
					"packets":	19,
					"omitted":	false,
					"sender":	true
				}],
			"sum":	{
				"start":	2.001163,
				"end":	3.001157,
				"seconds":	0.99999397993087769,
				"bytes":	1216,
				"bits_per_second":	9728.05856358498,
				"packets":	19,
				"omitted":	false,
				"sender":	true
			}
		}, {
			"streams":	[{
					"socket":	5,
					"start":	3.001157,
					"end":	4.001158,
					"seconds":	1.0000009536743164,
					"bytes":	1280,
					"bits_per_second":	10239.990234384313,
					"packets":	20,
					"omitted":	false,
					"sender":	true
				}],
			"sum":	{
				"start":	3.001157,
				"end":	4.001158,
				"seconds":	1.0000009536743164,
				"bytes":	1280,
				"bits_per_second":	10239.990234384313,
				"packets":	20,
				"omitted":	false,
				"sender":	true
			}
		}, {
			"streams":	[{
					"socket":	5,
					"start":	4.001158,
					"end":	5.001153,
					"seconds":	0.999994993209839,
					"bytes":	1216,
					"bits_per_second":	9728.04870629855,
					"packets":	19,
					"omitted":	false,
					"sender":	true
				}],
			"sum":	{
				"start":	4.001158,
				"end":	5.001153,
				"seconds":	0.999994993209839,
				"bytes":	1216,
				"bits_per_second":	9728.04870629855,
				"packets":	19,
				"omitted":	false,
				"sender":	true
			}
		}, {
			"streams":	[{
					"socket":	5,
					"start":	5.001153,
					"end":	6.001163,
					"seconds":	1.0000100135803223,
					"bytes":	1280,
					"bits_per_second":	10239.897461964272,
					"packets":	20,
					"omitted":	false,
					"sender":	true
				}],
			"sum":	{
				"start":	5.001153,
				"end":	6.001163,
				"seconds":	1.0000100135803223,
				"bytes":	1280,
				"bits_per_second":	10239.897461964272,
				"packets":	20,
				"omitted":	false,
				"sender":	true
			}
		}, {
			"streams":	[{
					"socket":	5,
					"start":	6.001163,
					"end":	7.001157,
					"seconds":	0.99999397993087769,
					"bytes":	1216,
					"bits_per_second":	9728.05856358498,
					"packets":	19,
					"omitted":	false,
					"sender":	true
				}],
			"sum":	{
				"start":	6.001163,
				"end":	7.001157,
				"seconds":	0.99999397993087769,
				"bytes":	1216,
				"bits_per_second":	9728.05856358498,
				"packets":	19,
				"omitted":	false,
				"sender":	true
			}
		}, {
			"streams":	[{
					"socket":	5,
					"start":	7.001157,
					"end":	8.001158,
					"seconds":	1.0000009536743164,
					"bytes":	1280,
					"bits_per_second":	10239.990234384313,
					"packets":	20,
					"omitted":	false,
					"sender":	true
				}],
			"sum":	{
				"start":	7.001157,
				"end":	8.001158,
				"seconds":	1.0000009536743164,
				"bytes":	1280,
				"bits_per_second":	10239.990234384313,
				"packets":	20,
				"omitted":	false,
				"sender":	true
			}
		}, {
			"streams":	[{
					"socket":	5,
					"start":	8.001158,
					"end":	9.001161,
					"seconds":	1.0000029802322388,
					"bytes":	1216,
					"bits_per_second":	9727.9710083871832,
					"packets":	19,
					"omitted":	false,
					"sender":	true
				}],
			"sum":	{
				"start":	8.001158,
				"end":	9.001161,
				"seconds":	1.0000029802322388,
				"bytes":	1216,
				"bits_per_second":	9727.9710083871832,
				"packets":	19,
				"omitted":	false,
				"sender":	true
			}
		}, {
			"streams":	[{
					"socket":	5,
					"start":	9.001161,
					"end":	10.002874,
					"seconds":	1.0017130374908447,
					"bytes":	1280,
					"bits_per_second":	10222.488493960118,
					"packets":	20,
					"omitted":	false,
					"sender":	true
				}],
			"sum":	{
				"start":	9.001161,
				"end":	10.002874,
				"seconds":	1.0017130374908447,
				"bytes":	1280,
				"bits_per_second":	10222.488493960118,
				"packets":	20,
				"omitted":	false,
				"sender":	true
			}
		}],
	"end":	{
		"streams":	[{
				"udp":	{
					"socket":	5,
					"start":	0,
					"end":	10.002874,
					"seconds":	10.002874,
					"bytes":	12544,
					"bits_per_second":	10032.31671217692,
					"jitter_ms":	0.017191195949398573,
					"lost_packets":	0,
					"packets":	196,
					"lost_percent":	0,
					"out_of_order":	0,
					"sender":	true
				}
			}],
		"sum":	{
			"start":	0,
			"end":	10.003063,
			"seconds":	10.003063,
			"bytes":	12544,
			"bits_per_second":	10032.31671217692,
			"jitter_ms":	0.017191195949398573,
			"lost_packets":	0,
			"packets":	196,
			"lost_percent":	0,
			"sender":	true
		},
		"sum_sent":	{
			"start":	0,
			"end":	10.002874,
			"seconds":	10.002874,
			"bytes":	12544,
			"bits_per_second":	10032.31671217692,
			"jitter_ms":	0,
			"lost_packets":	0,
			"packets":	196,
			"lost_percent":	0,
			"sender":	true
		},
		"sum_received":	{
			"start":	0,
			"end":	10.003063,
			"seconds":	10.003063,
			"bytes":	12544,
			"bits_per_second":	10032.127159451062,
			"jitter_ms":	0.017191195949398573,
			"lost_packets":	0,
			"packets":	196,
			"lost_percent":	0,
			"sender":	false
		},
		"cpu_utilization_percent":	{
			"host_total":	0.30002537915671085,
			"host_user":	0.073221014501076848,
			"host_system":	0.226804364655634,
			"remote_total":	0.38298677508163059,
			"remote_user":	0.00825626569102795,
			"remote_system":	0.37473050939060265
		}
	},