{
	"start":	{
		"connected":	[{
				"socket":	5,
				"local_host":	"192.168.10.8",
				"local_port":	34618,
				"remote_host":	"192.168.10.4",
				"remote_port":	5123
			}],
		"version":	"iperf 3.18",
		"system_info":	"Linux RPI08 6.12.47+rpt-rpi-v7 #1 SMP Raspbian 1:6.12.47-1+rpt1 (2025-09-16) armv7l",
		"timestamp":	{
			"time":	"Sun, 10 May 2026 13:43:14 GMT",
			"timesecs":	1778420594
		},
		"connecting_to":	{
			"host":	"192.168.10.4",
			"port":	5123
		},
		"cookie":	"wu5dcbnlf62it4cydtoxu7gmqix5fpthuxbd",
		"target_bitrate":	40000,
		"fq_rate":	0,
		"sock_bufsize":	0,
		"sndbuf_actual":	180224,
		"rcvbuf_actual":	180224,
		"test_start":	{
			"protocol":	"UDP",
			"num_streams":	1,
			"blksize":	64,
			"omit":	0,
			"duration":	10,
			"bytes":	0,
			"blocks":	0,
			"reverse":	0,
			"tos":	0,
			"target_bitrate":	40000,
			"bidir":	0,
			"fqrate":	0,
			"interval":	1
		}
	},
	"intervals":	[{
			"streams":	[{
					"socket":	5,
					"start":	0,
					"end":	1.001189,
					"seconds":	1.0011889934539795,
					"bytes":	5056,
					"bits_per_second":	40399.964706423059,
					"packets":	79,
					"omitted":	false,
					"sender":	true
				}],
			"sum":	{
				"start":	0,
				"end":	1.001189,
				"seconds":	1.0011889934539795,
				"bytes":	5056,
				"bits_per_second":	40399.964706423059,
				"packets":	79,
				"omitted":	false,
				"sender":	true
			}
		}, {
			"streams":	[{
					"socket":	5,
					"start":	1.001189,
					"end":	2.001135,
					"seconds":	0.9999459981918335,
					"bytes":	4992,
					"bits_per_second":	39938.1567326784,
					"packets":	78,
					"omitted":	false,
					"sender":	true
				}],
			"sum":	{
				"start":	1.001189,
				"end":	2.001135,
				"seconds":	0.9999459981918335,
				"bytes":	4992,
				"bits_per_second":	39938.1567326784,
				"packets":	78,
				"omitted":	false,
				"sender":	true
			}
		}, {
			"streams":	[{
					"socket":	5,
					"start":	2.001135,
					"end":	3.001137,
					"seconds":	1.0000020265579224,
					"bytes":	4992,
					"bits_per_second":	39935.919067546827,
					"packets":	78,
					"omitted":	false,
					"sender":	true
				}],
			"sum":	{
				"start":	2.001135,
				"end":	3.001137,
				"seconds":	1.0000020265579224,
				"bytes":	4992,
				"bits_per_second":	39935.919067546827,
				"packets":	78,
				"omitted":	false,
				"sender":	true
			}
		}, {
			"streams":	[{
					"socket":	5,
					"start":	3.001137,
					"end":	4.001134,
					"seconds":	0.99999701976776123,
					"bytes":	4992,
					"bits_per_second":	39936.1190189094,
					"packets":	78,
					"omitted":	false,
					"sender":	true
				}],
			"sum":	{
				"start":	3.001137,
				"end":	4.001134,
				"seconds":	0.99999701976776123,
				"bytes":	4992,
				"bits_per_second":	39936.1190189094,
				"packets":	78,
				"omitted":	false,
				"sender":	true
			}
		}, {
			"streams":	[{
					"socket":	5,
					"start":	4.001134,
					"end":	5.001154,
					"seconds":	1.0000200271606445,
					"bytes":	4992,
					"bits_per_second":	39935.20021133,
					"packets":	78,
					"omitted":	false,
					"sender":	true
				}],
			"sum":	{
				"start":	4.001134,
				"end":	5.001154,
				"seconds":	1.0000200271606445,
				"bytes":	4992,
				"bits_per_second":	39935.20021133,
				"packets":	78,
				"omitted":	false,
				"sender":	true
			}
		}, {
			"streams":	[{
					"socket":	5,
					"start":	5.001154,
					"end":	6.001139,
					"seconds":	0.9999849796295166,
					"bytes":	4992,
					"bits_per_second":	39936.599862525785,
					"packets":	78,
					"omitted":	false,
					"sender":	true
				}],
			"sum":	{
				"start":	5.001154,
				"end":	6.001139,
				"seconds":	0.9999849796295166,
				"bytes":	4992,
				"bits_per_second":	39936.599862525785,
				"packets":	78,
				"omitted":	false,
				"sender":	true
			}
		}, {
			"streams":	[{
					"socket":	5,
					"start":	6.001139,
					"end":	7.00114,
					"seconds":	1.0000009536743164,
					"bytes":	4992,
					"bits_per_second":	39935.961914098822,
					"packets":	78,
					"omitted":	false,
					"sender":	true
				}],
			"sum":	{
				"start":	6.001139,
				"end":	7.00114,
				"seconds":	1.0000009536743164,
				"bytes":	4992,
				"bits_per_second":	39935.961914098822,
				"packets":	78,
				"omitted":	false,
				"sender":	true
			}
		}, {
			"streams":	[{
					"socket":	5,
					"start":	7.00114,
					"end":	8.001138,
					"seconds":	0.99999797344207764,
					"bytes":	5056,
					"bits_per_second":	40448.081970380961,
					"packets":	79,
					"omitted":	false,
					"sender":	true
				}],
			"sum":	{
				"start":	7.00114,
				"end":	8.001138,
				"seconds":	0.99999797344207764,
				"bytes":	5056,
				"bits_per_second":	40448.081970380961,
				"packets":	79,
				"omitted":	false,
				"sender":	true
			}
		}, {
			"streams":	[{
					"socket":	5,
					"start":	8.001138,
					"end":	9.001143,
					"seconds":	1.0000050067901611,
					"bytes":	4992,
					"bits_per_second":	39935.800049829231,
					"packets":	78,
					"omitted":	false,
					"sender":	true
				}],
			"sum":	{
				"start":	8.001138,
				"end":	9.001143,
				"seconds":	1.0000050067901611,
				"bytes":	4992,
				"bits_per_second":	39935.800049829231,
				"packets":	78,
				"omitted":	false,
				"sender":	true
			}
		}, {
			"streams":	[{
					"socket":	5,
					"start":	9.001143,
					"end":	10.002944,
					"seconds":	1.0018010139465332,
					"bytes":	4992,
					"bits_per_second":	39864.204012605849,
					"packets":	78,
					"omitted":	false,
					"sender":	true
				}],
			"sum":	{
				"start":	9.001143,
				"end":	10.002944,
				"seconds":	1.0018010139465332,
				"bytes":	4992,
				"bits_per_second":	39864.204012605849,
				"packets":	78,
				"omitted":	false,
				"sender":	true
			}
		}],
	"end":	{
		"streams":	[{
				"udp":	{
					"socket":	5,
					"start":	0,
					"end":	10.002944,
					"seconds":	10.002944,
					"bytes":	50048,
					"bits_per_second":	40026.616164201259,
					"jitter_ms":	0.026081830176883373,
					"lost_packets":	0,
					"packets":	782,
					"lost_percent":	0,
					"out_of_order":	0,
					"sender":	true
				}
			}],
		"sum":	{
			"start":	0,
			"end":	10.00398,
			"seconds":	10.00398,
			"bytes":	50048,
			"bits_per_second":	40026.616164201259,
			"jitter_ms":	0.026081830176883373,
			"lost_packets":	0,
			"packets":	782,
			"lost_percent":	0,
			"sender":	true
		},
		"sum_sent":	{
			"start":	0,
			"end":	10.002944,
			"seconds":	10.002944,
			"bytes":	50048,
			"bits_per_second":	40026.616164201259,
			"jitter_ms":	0,
			"lost_packets":	0,
			"packets":	782,
			"lost_percent":	0,
			"sender":	true
		},
		"sum_received":	{
			"start":	0,
			"end":	10.00398,
			"seconds":	10.00398,
			"bytes":	50048,
			"bits_per_second":	40022.4710565195,
			"jitter_ms":	0.026081830176883373,
			"lost_packets":	0,
			"packets":	782,
			"lost_percent":	0,
			"sender":	false
		},
		"cpu_utilization_percent":	{
			"host_total":	0.889144063992482,
			"host_user":	0.444572031996241,
			"host_system":	0.444572031996241,
			"remote_total":	1.1642783406190262,
			"remote_user":	0.292333866663575,
			"remote_system":	0.870765144168569
		}
	},