{
	"start":	{
		"connected":	[{
				"socket":	5,
				"local_host":	"192.168.10.8",
				"local_port":	36965,
				"remote_host":	"192.168.10.4",
				"remote_port":	5123
			}],
		"version":	"iperf 3.18",
		"system_info":	"Linux RPI08 6.12.47+rpt-rpi-v7 #1 SMP Raspbian 1:6.12.47-1+rpt1 (2025-09-16) armv7l",
		"timestamp":	{
			"time":	"Sun, 10 May 2026 13:42:54 GMT",
			"timesecs":	1778420574
		},
		"connecting_to":	{
			"host":	"192.168.10.4",
			"port":	5123
		},
		"cookie":	"cjq6w6fdujfezpybm2w7ugbwqfba2lzxe32n",
		"target_bitrate":	30000,
		"fq_rate":	0,
		"sock_bufsize":	0,
		"sndbuf_actual":	180224,
		"rcvbuf_actual":	180224,
		"test_start":	{
			"protocol":	"UDP",
			"num_streams":	1,
			"blksize":	512,
			"omit":	0,
			"duration":	10,
			"bytes":	0,
			"blocks":	0,
			"reverse":	0,
			"tos":	0,
			"target_bitrate":	30000,
			"bidir":	0,
			"fqrate":	0,
			"interval":	1
		}
	},
	"intervals":	[{
			"streams":	[{
					"socket":	5,
					"start":	0,
					"end":	1.001145,
					"seconds":	1.0011450052261353,
					"bytes":	4096,
					"bits_per_second":	32730.523379676128,
					"packets":	8,
					"omitted":	false,
					"sender":	true
				}],
			"sum":	{
				"start":	0,
				"end":	1.001145,
				"seconds":	1.0011450052261353,
				"bytes":	4096,
				"bits_per_second":	32730.523379676128,
				"packets":	8,
				"omitted":	false,
				"sender":	true
			}
		}, {
			"streams":	[{
					"socket":	5,
					"start":	1.001145,
					"end":	2.001141,
					"seconds":	0.9999960064888,
					"bytes":	3584,
					"bits_per_second":	28672.114502410393,
					"packets":	7,
					"omitted":	false,
					"sender":	true
				}],
			"sum":	{
				"start":	1.001145,
				"end":	2.001141,
				"seconds":	0.9999960064888,
				"bytes":	3584,
				"bits_per_second":	28672.114502410393,
				"packets":	7,
				"omitted":	false,
				"sender":	true
			}
		}, {
			"streams":	[{
					"socket":	5,
					"start":	2.001141,
					"end":	3.001135,
					"seconds":	0.99999397993087769,
					"bytes":	3584,
					"bits_per_second":	28672.172608460991,
					"packets":	7,
					"omitted":	false,
					"sender":	true
				}],
			"sum":	{
				"start":	2.001141,
				"end":	3.001135,
				"seconds":	0.99999397993087769,
				"bytes":	3584,
				"bits_per_second":	28672.172608460991,
				"packets":	7,
				"omitted":	false,
				"sender":	true
			}
		}, {
			"streams":	[{
					"socket":	5,
					"start":	3.001135,
					"end":	4.00114,
					"seconds":	1.0000050067901611,
					"bytes":	4096,
					"bits_per_second":	32767.835938321423,
					"packets":	8,
					"omitted":	false,
					"sender":	true
				}],
			"sum":	{
				"start":	3.001135,
				"end":	4.00114,
				"seconds":	1.0000050067901611,
				"bytes":	4096,
				"bits_per_second":	32767.835938321423,
				"packets":	8,
				"omitted":	false,
				"sender":	true
			}
		}, {
			"streams":	[{
					"socket":	5,
					"start":	4.00114,
					"end":	5.001147,
					"seconds":	1.0000070333480835,
					"bytes":	3584,
					"bits_per_second":	28671.798341262085,
					"packets":	7,
					"omitted":	false,
					"sender":	true
				}],
			"sum":	{
				"start":	4.00114,
				"end":	5.001147,
				"seconds":	1.0000070333480835,
				"bytes":	3584,
				"bits_per_second":	28671.798341262085,
				"packets":	7,
				"omitted":	false,
				"sender":	true
			}
		}, {
			"streams":	[{
					"socket":	5,
					"start":	5.001147,
					"end":	6.00115,
					"seconds":	1.0000029802322388,
					"bytes":	3584,
					"bits_per_second":	28671.914551035909,
					"packets":	7,
					"omitted":	false,
					"sender":	true
				}],
			"sum":	{
				"start":	5.001147,
				"end":	6.00115,
				"seconds":	1.0000029802322388,
				"bytes":	3584,
				"bits_per_second":	28671.914551035909,
				"packets":	7,
				"omitted":	false,
				"sender":	true
			}
		}, {
			"streams":	[{
					"socket":	5,
					"start":	6.00115,
					"end":	7.001138,
					"seconds":	0.9999880194664,
					"bytes":	4096,
					"bits_per_second":	32768.392582828354,
					"packets":	8,
					"omitted":	false,
					"sender":	true
				}],
			"sum":	{
				"start":	6.00115,
				"end":	7.001138,
				"seconds":	0.9999880194664,
				"bytes":	4096,
				"bits_per_second":	32768.392582828354,
				"packets":	8,
				"omitted":	false,
				"sender":	true
			}
		}, {
			"streams":	[{
					"socket":	5,
					"start":	7.001138,
					"end":	8.001156,
					"seconds":	1.0000180006027222,
					"bytes":	3584,
					"bits_per_second":	28671.483896008933,
					"packets":	7,
					"omitted":	false,
					"sender":	true
				}],
			"sum":	{
				"start":	7.001138,
				"end":	8.001156,
				"seconds":	1.0000180006027222,
				"bytes":	3584,
				"bits_per_second":	28671.483896008933,
				"packets":	7,
				"omitted":	false,
				"sender":	true
			}
		}, {
			"streams":	[{
					"socket":	5,
					"start":	8.001156,
					"end":	9.001141,
					"seconds":	0.9999849796295166,
					"bytes":	3584,
					"bits_per_second":	28672.430670531332,
					"packets":	7,
					"omitted":	false,
					"sender":	true
				}],
			"sum":	{
				"start":	8.001156,
				"end":	9.001141,
				"seconds":	0.9999849796295166,
				"bytes":	3584,
				"bits_per_second":	28672.430670531332,
				"packets":	7,
				"omitted":	false,
				"sender":	true
			}
		}, {
			"streams":	[{
					"socket":	5,
					"start":	9.001141,
					"end":	10.00316,
					"seconds":	1.0020190477371216,
					"bytes":	4096,
					"bits_per_second":	32701.973155101779,
					"packets":	8,
					"omitted":	false,
					"sender":	true
				}],
			"sum":	{
				"start":	9.001141,
				"end":	10.00316,
				"seconds":	1.0020190477371216,
				"bytes":	4096,
				"bits_per_second":	32701.973155101779,
				"packets":	8,
				"omitted":	false,
				"sender":	true
			}
		}],
	"end":	{
		"streams":	[{
				"udp":	{
					"socket":	5,
					"start":	0,
					"end":	10.00316,
					"seconds":	10.00316,
					"bytes":	37888,
					"bits_per_second":	30300.824939319176,
					"jitter_ms":	0.029772812295779327,
					"lost_packets":	0,
					"packets":	74,
					"lost_percent":	0,
					"out_of_order":	0,
					"sender":	true
				}
			}],
		"sum":	{
			"start":	0,
			"end":	10.004301,
			"seconds":	10.004301,
			"bytes":	37888,
			"bits_per_second":	30300.824939319176,
			"jitter_ms":	0.029772812295779327,
			"lost_packets":	0,
			"packets":	74,
			"lost_percent":	0,
			"sender":	true
		},
		"sum_sent":	{
			"start":	0,
			"end":	10.00316,
			"seconds":	10.00316,
			"bytes":	37888,
			"bits_per_second":	30300.824939319176,
			"jitter_ms":	0,
			"lost_packets":	0,
			"packets":	74,
			"lost_percent":	0,
			"sender":	true
		},
		"sum_received":	{
			"start":	0,
			"end":	10.004301,
			"seconds":	10.004301,
			"bytes":	37888,
			"bits_per_second":	30297.369101549422,
			"jitter_ms":	0.029772812295779327,
			"lost_packets":	0,
			"packets":	74,
			"lost_percent":	0,
			"sender":	false
		},
		"cpu_utilization_percent":	{
			"host_total":	0.17566133190383143,
			"host_user":	0.15475616515141663,
			"host_system":	0.020935131157697771,
			"remote_total":	0.19127721142473786,
			"remote_user":	0.10936694609444959,
			"remote_system":	0.08193025563299243
		}
	},