{
	"start":	{
		"connected":	[{
				"socket":	5,
				"local_host":	"fd00::8",
				"local_port":	42300,
				"remote_host":	"fd00::4",
				"remote_port":	5123
			}],
		"version":	"iperf 3.18",
		"system_info":	"Linux RPI08 6.18.29+rpt-rpi-v7 #1 SMP Raspbian 1:6.18.29-1+rpt1 (2026-05-12) armv7l",
		"timestamp":	{
			"time":	"Thu, 21 May 2026 12:58:25 GMT",
			"timesecs":	1779368305
		},
		"connecting_to":	{
			"host":	"fd00::4",
			"port":	5123
		},
		"cookie":	"wfkbo72pubf6jwel5rhxk7el6ytcqyyq6v5z",
		"target_bitrate":	40000,
		"fq_rate":	0,
		"sock_bufsize":	0,
		"sndbuf_actual":	180224,
		"rcvbuf_actual":	180224,
		"test_start":	{
			"protocol":	"UDP",
			"num_streams":	1,
			"blksize":	256,
			"omit":	0,
			"duration":	30,
			"bytes":	0,
			"blocks":	0,
			"reverse":	0,
			"tos":	0,
			"target_bitrate":	40000,
			"bidir":	0,
			"fqrate":	0,
			"interval":	1
		}
	},
	"intervals":	[{
			"streams":	[{
					"socket":	5,
					"start":	0,
					"end":	1.001084,
					"seconds":	1.0010839700698853,
					"bytes":	5120,
					"bits_per_second":	40915.648661461033,
					"packets":	20,
					"omitted":	false,
					"sender":	true
				}],
			"sum":	{
				"start":	0,
				"end":	1.001084,
				"seconds":	1.0010839700698853,
				"bytes":	5120,
				"bits_per_second":	40915.648661461033,
				"packets":	20,
				"omitted":	false,
				"sender":	true
			}
		}, {
			"streams":	[{
					"socket":	5,
					"start":	1.001084,
					"end":	2.001142,
					"seconds":	1.0000580549240112,
					"bytes":	5120,
					"bits_per_second":	40957.622208355016,
					"packets":	20,
					"omitted":	false,
					"sender":	true
				}],
			"sum":	{
				"start":	1.001084,
				"end":	2.001142,
				"seconds":	1.0000580549240112,
				"bytes":	5120,
				"bits_per_second":	40957.622208355016,
				"packets":	20,
				"omitted":	false,
				"sender":	true
			}
		}, {
			"streams":	[{
					"socket":	5,
					"start":	2.001142,
					"end":	3.001138,
					"seconds":	0.9999960064888,
					"bytes":	4864,
					"bits_per_second":	38912.155396128386,
					"packets":	19,
					"omitted":	false,
					"sender":	true
				}],
			"sum":	{
				"start":	2.001142,
				"end":	3.001138,
				"seconds":	0.9999960064888,
				"bytes":	4864,
				"bits_per_second":	38912.155396128386,
				"packets":	19,
				"omitted":	false,
				"sender":	true
			}
		}, {
			"streams":	[{
					"socket":	5,
					"start":	3.001138,
					"end":	4.001132,
					"seconds":	0.99999397993087769,
					"bytes":	5120,
					"bits_per_second":	40960.2465835157,
					"packets":	20,
					"omitted":	false,
					"sender":	true
				}],
			"sum":	{
				"start":	3.001138,
				"end":	4.001132,
				"seconds":	0.99999397993087769,
				"bytes":	5120,
				"bits_per_second":	40960.2465835157,
				"packets":	20,
				"omitted":	false,
				"sender":	true
			}
		}, {
			"streams":	[{
					"socket":	5,
					"start":	4.001132,
					"end":	5.00114,
					"seconds":	1.0000079870224,
					"bytes":	4864,
					"bits_per_second":	38911.689211466648,
					"packets":	19,
					"omitted":	false,
					"sender":	true
				}],
			"sum":	{
				"start":	4.001132,
				"end":	5.00114,
				"seconds":	1.0000079870224,
				"bytes":	4864,
				"bits_per_second":	38911.689211466648,
				"packets":	19,
				"omitted":	false,
				"sender":	true
			}
		}, {
			"streams":	[{
					"socket":	5,
					"start":	5.00114,
					"end":	6.001135,
					"seconds":	0.999994993209839,
					"bytes":	5120,
					"bits_per_second":	40960.2050791518,
					"packets":	20,
					"omitted":	false,
					"sender":	true
				}],
			"sum":	{
				"start":	5.00114,
				"end":	6.001135,
				"seconds":	0.999994993209839,
				"bytes":	5120,
				"bits_per_second":	40960.2050791518,
				"packets":	20,
				"omitted":	false,
				"sender":	true
			}
		}, {
			"streams":	[{
					"socket":	5,
					"start":	6.001135,
					"end":	7.00113,
					"seconds":	0.999994993209839,
					"bytes":	4864,
					"bits_per_second":	38912.1948251942,
					"packets":	19,
					"omitted":	false,
					"sender":	true
				}],
			"sum":	{
				"start":	6.001135,
				"end":	7.00113,
				"seconds":	0.999994993209839,
				"bytes":	4864,
				"bits_per_second":	38912.1948251942,
				"packets":	19,
				"omitted":	false,
				"sender":	true
			}
		}, {
			"streams":	[{
					"socket":	5,
					"start":	7.00113,
					"end":	8.001147,
					"seconds":	1.0000170469284058,
					"bytes":	5120,
					"bits_per_second":	40959.301769715181,
					"packets":	20,
					"omitted":	false,
					"sender":	true
				}],
			"sum":	{
				"start":	7.00113,
				"end":	8.001147,
				"seconds":	1.0000170469284058,
				"bytes":	5120,
				"bits_per_second":	40959.301769715181,
				"packets":	20,
				"omitted":	false,
				"sender":	true
			}
		}, {
			"streams":	[{
					"socket":	5,
					"start":	8.001147,
					"end":	9.001138,
					"seconds":	0.999990999698639,
					"bytes":	4864,
					"bits_per_second":	38912.350222878675,
					"packets":	19,
					"omitted":	false,
					"sender":	true
				}],
			"sum":	{
				"start":	8.001147,
				"end":	9.001138,
				"seconds":	0.999990999698639,
				"bytes":	4864,
				"bits_per_second":	38912.350222878675,
				"packets":	19,
				"omitted":	false,
				"sender":	true
			}
		}, {
			"streams":	[{
					"socket":	5,
					"start":	9.001138,
					"end":	10.001127,
					"seconds":	0.99998897314071655,
					"bytes":	5120,
					"bits_per_second":	40960.4516651367,
					"packets":	20,
					"omitted":	false,
					"sender":	true
				}],
			"sum":	{
				"start":	9.001138,
				"end":	10.001127,
				"seconds":	0.99998897314071655,
				"bytes":	5120,
				"bits_per_second":	40960.4516651367,
				"packets":	20,
				"omitted":	false,
				"sender":	true
			}
		}, {
			"streams":	[{
					"socket":	5,
					"start":	10.001127,
					"end":	11.001123,
					"seconds":	0.9999960064888,
					"bytes":	4864,
					"bits_per_second":	38912.155396128386,
					"packets":	19,
					"omitted":	false,
					"sender":	true
				}],
			"sum":	{
				"start":	10.001127,
				"end":	11.001123,
				"seconds":	0.9999960064888,
				"bytes":	4864,
				"bits_per_second":	38912.155396128386,
				"packets":	19,
				"omitted":	false,
				"sender":	true
			}
		}, {
			"streams":	[{
					"socket":	5,
					"start":	11.001123,
					"end":	12.001122,
					"seconds":	0.99999898672103882,
					"bytes":	5120,
					"bits_per_second":	40960.0415039483,
					"packets":	20,
					"omitted":	false,
					"sender":	true
				}],
			"sum":	{
				"start":	11.001123,
				"end":	12.001122,
				"seconds":	0.99999898672103882,
				"bytes":	5120,
				"bits_per_second":	40960.0415039483,
				"packets":	20,
				"omitted":	false,
				"sender":	true
			}
		}, {
			"streams":	[{
					"socket":	5,
					"start":	12.001122,
					"end":	13.001133,
					"seconds":	1.0000109672546387,
					"bytes":	4864,
					"bits_per_second":	38911.5732468678,
					"packets":	19,
					"omitted":	false,
					"sender":	true
				}],
			"sum":	{
				"start":	12.001122,
				"end":	13.001133,
				"seconds":	1.0000109672546387,
				"bytes":	4864,
				"bits_per_second":	38911.5732468678,
				"packets":	19,
				"omitted":	false,
				"sender":	true
			}
		}, {
			"streams":	[{
					"socket":	5,
					"start":	13.001133,
					"end":	14.001134,
					"seconds":	1.0000009536743164,
					"bytes":	5120,
					"bits_per_second":	40959.960937537253,
					"packets":	20,
					"omitted":	false,
					"sender":	true
				}],
			"sum":	{
				"start":	13.001133,
				"end":	14.001134,
				"seconds":	1.0000009536743164,
				"bytes":	5120,
				"bits_per_second":	40959.960937537253,
				"packets":	20,
				"omitted":	false,
				"sender":	true
			}
		}, {
			"streams":	[{
					"socket":	5,
					"start":	14.001134,
					"end":	15.001182,
					"seconds":	1.000048041343689,
					"bytes":	4864,
					"bits_per_second":	38910.130705037816,
					"packets":	19,
					"omitted":	false,
					"sender":	true
				}],
			"sum":	{
				"start":	14.001134,
				"end":	15.001182,
				"seconds":	1.000048041343689,
				"bytes":	4864,
				"bits_per_second":	38910.130705037816,
				"packets":	19,
				"omitted":	false,