{
	"start":	{
		"connected":	[{
				"socket":	5,
				"local_host":	"fd00::8",
				"local_port":	33094,
				"remote_host":	"fd00::4",
				"remote_port":	5123
			}],
		"version":	"iperf 3.18",
		"system_info":	"Linux RPI08 6.18.29+rpt-rpi-v7 #1 SMP Raspbian 1:6.18.29-1+rpt1 (2026-05-12) armv7l",
		"timestamp":	{
			"time":	"Thu, 21 May 2026 13:01:53 GMT",
			"timesecs":	1779368513
		},
		"connecting_to":	{
			"host":	"fd00::4",
			"port":	5123
		},
		"cookie":	"dxf5ud44t73awm3ebkw74koli7cqltnbjeyf",
		"target_bitrate":	50000,
		"fq_rate":	0,
		"sock_bufsize":	0,
		"sndbuf_actual":	180224,
		"rcvbuf_actual":	180224,
		"test_start":	{
			"protocol":	"UDP",
			"num_streams":	1,
			"blksize":	256,
			"omit":	0,
			"duration":	30,
			"bytes":	0,
			"blocks":	0,
			"reverse":	0,
			"tos":	0,
			"target_bitrate":	50000,
			"bidir":	0,
			"fqrate":	0,
			"interval":	1
		}
	},
	"intervals":	[{
			"streams":	[{
					"socket":	5,
					"start":	0,
					"end":	1.001084,
					"seconds":	1.0010839700698853,
					"bytes":	6400,
					"bits_per_second":	51144.5608268263,
					"packets":	25,
					"omitted":	false,
					"sender":	true
				}],
			"sum":	{
				"start":	0,
				"end":	1.001084,
				"seconds":	1.0010839700698853,
				"bytes":	6400,
				"bits_per_second":	51144.5608268263,
				"packets":	25,
				"omitted":	false,
				"sender":	true
			}
		}, {
			"streams":	[{
					"socket":	5,
					"start":	1.001084,
					"end":	2.001127,
					"seconds":	1.0000430345535278,
					"bytes":	6144,
					"bits_per_second":	49149.884856649252,
					"packets":	24,
					"omitted":	false,
					"sender":	true
				}],
			"sum":	{
				"start":	1.001084,
				"end":	2.001127,
				"seconds":	1.0000430345535278,
				"bytes":	6144,
				"bits_per_second":	49149.884856649252,
				"packets":	24,
				"omitted":	false,
				"sender":	true
			}
		}, {
			"streams":	[{
					"socket":	5,
					"start":	2.001127,
					"end":	3.001124,
					"seconds":	0.99999701976776123,
					"bytes":	6400,
					"bits_per_second":	51200.152588345372,
					"packets":	25,
					"omitted":	false,
					"sender":	true
				}],
			"sum":	{
				"start":	2.001127,
				"end":	3.001124,
				"seconds":	0.99999701976776123,
				"bytes":	6400,
				"bits_per_second":	51200.152588345372,
				"packets":	25,
				"omitted":	false,
				"sender":	true
			}
		}, {
			"streams":	[{
					"socket":	5,
					"start":	3.001124,
					"end":	4.001135,
					"seconds":	1.0000109672546387,
					"bytes":	6144,
					"bits_per_second":	49151.46094341197,
					"packets":	24,
					"omitted":	false,
					"sender":	true
				}],
			"sum":	{
				"start":	3.001124,
				"end":	4.001135,
				"seconds":	1.0000109672546387,
				"bytes":	6144,
				"bits_per_second":	49151.46094341197,
				"packets":	24,
				"omitted":	false,
				"sender":	true
			}
		}, {
			"streams":	[{
					"socket":	5,
					"start":	4.001135,
					"end":	5.001135,
					"seconds":	1,
					"bytes":	6400,
					"bits_per_second":	51200,
					"packets":	25,
					"omitted":	false,
					"sender":	true
				}],
			"sum":	{
				"start":	4.001135,
				"end":	5.001135,
				"seconds":	1,
				"bytes":	6400,
				"bits_per_second":	51200,
				"packets":	25,
				"omitted":	false,
				"sender":	true
			}
		}, {
			"streams":	[{
					"socket":	5,
					"start":	5.001135,
					"end":	6.001172,
					"seconds":	1.0000369548797607,
					"bytes":	6144,
					"bits_per_second":	49150.1836608726,
					"packets":	24,
					"omitted":	false,
					"sender":	true
				}],
			"sum":	{
				"start":	5.001135,
				"end":	6.001172,
				"seconds":	1.0000369548797607,
				"bytes":	6144,
				"bits_per_second":	49150.1836608726,
				"packets":	24,
				"omitted":	false,
				"sender":	true
			}
		}, {
			"streams":	[{
					"socket":	5,
					"start":	6.001172,
					"end":	7.00113,
					"seconds":	0.99995797872543335,
					"bytes":	6144,
					"bits_per_second":	49154.065516483133,
					"packets":	24,
					"omitted":	false,
					"sender":	true
				}],
			"sum":	{
				"start":	6.001172,
				"end":	7.00113,
				"seconds":	0.99995797872543335,
				"bytes":	6144,
				"bits_per_second":	49154.065516483133,
				"packets":	24,
				"omitted":	false,
				"sender":	true
			}
		}, {
			"streams":	[{
					"socket":	5,
					"start":	7.00113,
					"end":	8.001129,
					"seconds":	0.99999898672103882,
					"bytes":	6400,
					"bits_per_second":	51200.051879935381,
					"packets":	25,
					"omitted":	false,
					"sender":	true
				}],
			"sum":	{
				"start":	7.00113,
				"end":	8.001129,
				"seconds":	0.99999898672103882,
				"bytes":	6400,
				"bits_per_second":	51200.051879935381,
				"packets":	25,
				"omitted":	false,
				"sender":	true
			}
		}, {
			"streams":	[{
					"socket":	5,
					"start":	8.001129,
					"end":	9.001133,
					"seconds":	1.0000040531158447,
					"bytes":	6144,
					"bits_per_second":	49151.800782057457,
					"packets":	24,
					"omitted":	false,
					"sender":	true
				}],
			"sum":	{
				"start":	8.001129,
				"end":	9.001133,
				"seconds":	1.0000040531158447,
				"bytes":	6144,
				"bits_per_second":	49151.800782057457,
				"packets":	24,
				"omitted":	false,
				"sender":	true
			}
		}, {
			"streams":	[{
					"socket":	5,
					"start":	9.001133,
					"end":	10.001131,
					"seconds":	0.99999797344207764,
					"bytes":	6400,
					"bits_per_second":	51200.1037599759,
					"packets":	25,
					"omitted":	false,
					"sender":	true
				}],
			"sum":	{
				"start":	9.001133,
				"end":	10.001131,
				"seconds":	0.99999797344207764,
				"bytes":	6400,
				"bits_per_second":	51200.1037599759,
				"packets":	25,
				"omitted":	false,
				"sender":	true
			}
		}, {
			"streams":	[{
					"socket":	5,
					"start":	10.001131,
					"end":	11.001125,
					"seconds":	0.99999397993087769,
					"bytes":	6144,
					"bits_per_second":	49152.295900218836,
					"packets":	24,
					"omitted":	false,
					"sender":	true
				}],
			"sum":	{
				"start":	10.001131,
				"end":	11.001125,
				"seconds":	0.99999397993087769,
				"bytes":	6144,
				"bits_per_second":	49152.295900218836,
				"packets":	24,
				"omitted":	false,
				"sender":	true
			}
		}, {
			"streams":	[{
					"socket":	5,
					"start":	11.001125,
					"end":	12.00113,
					"seconds":	1.0000050067901611,
					"bytes":	6144,
					"bits_per_second":	49151.753907482132,
					"packets":	24,
					"omitted":	false,
					"sender":	true
				}],
			"sum":	{
				"start":	11.001125,
				"end":	12.00113,
				"seconds":	1.0000050067901611,
				"bytes":	6144,
				"bits_per_second":	49151.753907482132,
				"packets":	24,
				"omitted":	false,
				"sender":	true
			}
		}, {
			"streams":	[{
					"socket":	5,
					"start":	12.00113,
					"end":	13.001122,
					"seconds":	0.9999920129776,
					"bytes":	6400,
					"bits_per_second":	51200.408938813081,
					"packets":	25,
					"omitted":	false,
					"sender":	true
				}],
			"sum":	{
				"start":	12.00113,
				"end":	13.001122,
				"seconds":	0.9999920129776,
				"bytes":	6400,
				"bits_per_second":	51200.408938813081,
				"packets":	25,
				"omitted":	false,
				"sender":	true
			}
		}, {
			"streams":	[{
					"socket":	5,
					"start":	13.001122,
					"end":	14.001137,
					"seconds":	1.0000150203704834,
					"bytes":	6144,
					"bits_per_second":	49151.2617298391,
					"packets":	24,
					"omitted":	false,
					"sender":	true
				}],
			"sum":	{
				"start":	13.001122,
				"end":	14.001137,
				"seconds":	1.0000150203704834,
				"bytes":	6144,
				"bits_per_second":	49151.2617298391,
				"packets":	24,
				"omitted":	false,
				"sender":	true
			}
		}, {
			"streams":	[{
					"socket":	5,
					"start":	14.001137,
					"end":	15.001124,
					"seconds":	0.999987006187439,
					"bytes":	6400,
					"bits_per_second":	51200.6652918478,
					"packets":	25,
					"omitted":	false,
					"sender":	true
				}],
			"sum":	{
				"start":	14.001137,
				"end":	15.001124,
				"seconds":	0.999987006187439,
				"bytes":	6400,
				"bits_per_second":	51200.6652918478,
				"packets":	25,
				"omitted":	false,