{
	"start":	{
		"connected":	[{
				"socket":	5,
				"local_host":	"fd00::8",
				"local_port":	54778,
				"remote_host":	"fd00::4",
				"remote_port":	5123
			}],
		"version":	"iperf 3.18",
		"system_info":	"Linux RPI08 6.18.29+rpt-rpi-v7 #1 SMP Raspbian 1:6.18.29-1+rpt1 (2026-05-12) armv7l",
		"timestamp":	{
			"time":	"Thu, 21 May 2026 13:10:27 GMT",
			"timesecs":	1779369027
		},
		"connecting_to":	{
			"host":	"fd00::4",
			"port":	5123
		},
		"cookie":	"z2apqlzmeqtucupy7q4staxbvzsafjgrmwdh",
		"target_bitrate":	70000,
		"fq_rate":	0,
		"sock_bufsize":	0,
		"sndbuf_actual":	180224,
		"rcvbuf_actual":	180224,
		"test_start":	{
			"protocol":	"UDP",
			"num_streams":	1,
			"blksize":	512,
			"omit":	0,
			"duration":	30,
			"bytes":	0,
			"blocks":	0,
			"reverse":	0,
			"tos":	0,
			"target_bitrate":	70000,
			"bidir":	0,
			"fqrate":	0,
			"interval":	1
		}
	},
	"intervals":	[{
			"streams":	[{
					"socket":	5,
					"start":	0,
					"end":	1.000872,
					"seconds":	1.000872015953064,
					"bytes":	9216,
					"bits_per_second":	73663.764022609539,
					"packets":	18,
					"omitted":	false,
					"sender":	true
				}],
			"sum":	{
				"start":	0,
				"end":	1.000872,
				"seconds":	1.000872015953064,
				"bytes":	9216,
				"bits_per_second":	73663.764022609539,
				"packets":	18,
				"omitted":	false,
				"sender":	true
			}
		}, {
			"streams":	[{
					"socket":	5,
					"start":	1.000872,
					"end":	2.001139,
					"seconds":	1.0002670288085938,
					"bytes":	8704,
					"bits_per_second":	69613.411213741449,
					"packets":	17,
					"omitted":	false,
					"sender":	true
				}],
			"sum":	{
				"start":	1.000872,
				"end":	2.001139,
				"seconds":	1.0002670288085938,
				"bytes":	8704,
				"bits_per_second":	69613.411213741449,
				"packets":	17,
				"omitted":	false,
				"sender":	true
			}
		}, {
			"streams":	[{
					"socket":	5,
					"start":	2.001139,
					"end":	3.001132,
					"seconds":	0.99999302625656128,
					"bytes":	8704,
					"bits_per_second":	69632.485599089574,
					"packets":	17,
					"omitted":	false,
					"sender":	true
				}],
			"sum":	{
				"start":	2.001139,
				"end":	3.001132,
				"seconds":	0.99999302625656128,
				"bytes":	8704,
				"bits_per_second":	69632.485599089574,
				"packets":	17,
				"omitted":	false,
				"sender":	true
			}
		}, {
			"streams":	[{
					"socket":	5,
					"start":	3.001132,
					"end":	4.001137,
					"seconds":	1.0000050067901611,
					"bytes":	8704,
					"bits_per_second":	69631.651368933,
					"packets":	17,
					"omitted":	false,
					"sender":	true
				}],
			"sum":	{
				"start":	3.001132,
				"end":	4.001137,
				"seconds":	1.0000050067901611,
				"bytes":	8704,
				"bits_per_second":	69631.651368933,
				"packets":	17,
				"omitted":	false,
				"sender":	true
			}
		}, {
			"streams":	[{
					"socket":	5,
					"start":	4.001137,
					"end":	5.001147,
					"seconds":	1.0000100135803223,
					"bytes":	8704,
					"bits_per_second":	69631.302741357053,
					"packets":	17,
					"omitted":	false,
					"sender":	true
				}],
			"sum":	{
				"start":	4.001137,
				"end":	5.001147,
				"seconds":	1.0000100135803223,
				"bytes":	8704,
				"bits_per_second":	69631.302741357053,
				"packets":	17,
				"omitted":	false,
				"sender":	true
			}
		}, {
			"streams":	[{
					"socket":	5,
					"start":	5.001147,
					"end":	6.00114,
					"seconds":	0.99999302625656128,
					"bytes":	8704,
					"bits_per_second":	69632.485599089574,
					"packets":	17,
					"omitted":	false,
					"sender":	true
				}],
			"sum":	{
				"start":	5.001147,
				"end":	6.00114,
				"seconds":	0.99999302625656128,
				"bytes":	8704,
				"bits_per_second":	69632.485599089574,
				"packets":	17,
				"omitted":	false,
				"sender":	true
			}
		}, {
			"streams":	[{
					"socket":	5,
					"start":	6.00114,
					"end":	7.001145,
					"seconds":	1.0000050067901611,
					"bytes":	8704,
					"bits_per_second":	69631.651368933,
					"packets":	17,
					"omitted":	false,
					"sender":	true
				}],
			"sum":	{
				"start":	6.00114,
				"end":	7.001145,
				"seconds":	1.0000050067901611,
				"bytes":	8704,
				"bits_per_second":	69631.651368933,
				"packets":	17,
				"omitted":	false,
				"sender":	true
			}
		}, {
			"streams":	[{
					"socket":	5,
					"start":	7.001145,
					"end":	8.001128,
					"seconds":	0.999983012676239,
					"bytes":	8704,
					"bits_per_second":	69633.1828814221,
					"packets":	17,
					"omitted":	false,
					"sender":	true
				}],
			"sum":	{
				"start":	7.001145,
				"end":	8.001128,
				"seconds":	0.999983012676239,
				"bytes":	8704,
				"bits_per_second":	69633.1828814221,
				"packets":	17,
				"omitted":	false,
				"sender":	true
			}
		}, {
			"streams":	[{
					"socket":	5,
					"start":	8.001128,
					"end":	9.001128,
					"seconds":	1,
					"bytes":	8704,
					"bits_per_second":	69632,
					"packets":	17,
					"omitted":	false,
					"sender":	true
				}],
			"sum":	{
				"start":	8.001128,
				"end":	9.001128,
				"seconds":	1,
				"bytes":	8704,
				"bits_per_second":	69632,
				"packets":	17,
				"omitted":	false,
				"sender":	true
			}
		}, {
			"streams":	[{
					"socket":	5,
					"start":	9.001128,
					"end":	10.001133,
					"seconds":	1.0000050067901611,
					"bytes":	8704,
					"bits_per_second":	69631.651368933,
					"packets":	17,
					"omitted":	false,
					"sender":	true
				}],
			"sum":	{
				"start":	9.001128,
				"end":	10.001133,
				"seconds":	1.0000050067901611,
				"bytes":	8704,
				"bits_per_second":	69631.651368933,
				"packets":	17,
				"omitted":	false,
				"sender":	true
			}
		}, {
			"streams":	[{
					"socket":	5,
					"start":	10.001133,
					"end":	11.001134,
					"seconds":	1.0000009536743164,
					"bytes":	9216,
					"bits_per_second":	73727.929687567055,
					"packets":	18,
					"omitted":	false,
					"sender":	true
				}],
			"sum":	{
				"start":	10.001133,
				"end":	11.001134,
				"seconds":	1.0000009536743164,
				"bytes":	9216,
				"bits_per_second":	73727.929687567055,
				"packets":	18,
				"omitted":	false,
				"sender":	true
			}
		}, {
			"streams":	[{
					"socket":	5,
					"start":	11.001134,
					"end":	12.001143,
					"seconds":	1.0000089406967163,
					"bytes":	8704,
					"bits_per_second":	69631.3774469723,
					"packets":	17,
					"omitted":	false,
					"sender":	true
				}],
			"sum":	{
				"start":	11.001134,
				"end":	12.001143,
				"seconds":	1.0000089406967163,
				"bytes":	8704,
				"bits_per_second":	69631.3774469723,
				"packets":	17,
				"omitted":	false,
				"sender":	true
			}
		}, {
			"streams":	[{
					"socket":	5,
					"start":	12.001143,
					"end":	13.001147,
					"seconds":	1.0000040531158447,
					"bytes":	8704,
					"bits_per_second":	69631.7177745814,
					"packets":	17,
					"omitted":	false,
					"sender":	true
				}],
			"sum":	{
				"start":	12.001143,
				"end":	13.001147,
				"seconds":	1.0000040531158447,
				"bytes":	8704,
				"bits_per_second":	69631.7177745814,
				"packets":	17,
				"omitted":	false,
				"sender":	true
			}
		}, {
			"streams":	[{
					"socket":	5,
					"start":	13.001147,
					"end":	14.001145,
					"seconds":	0.99999797344207764,
					"bytes":	8704,
					"bits_per_second":	69632.141113567224,
					"packets":	17,
					"omitted":	false,
					"sender":	true
				}],
			"sum":	{
				"start":	13.001147,
				"end":	14.001145,
				"seconds":	0.99999797344207764,
				"bytes":	8704,
				"bits_per_second":	69632.141113567224,
				"packets":	17,
				"omitted":	false,
				"sender":	true
			}
		}, {
			"streams":	[{
					"socket":	5,
					"start":	14.001145,
					"end":	15.001141,
					"seconds":	0.9999960064888,
					"bytes":	8704,
					"bits_per_second":	69632.278077282375,
					"packets":	17,
					"omitted":	false,
					"sender":	true
				}],
			"sum":	{
				"start":	14.001145,
				"end":	15.001141,
				"seconds":	0.9999960064888,
				"bytes":	8704,
				"bits_per_second":	69632.278077282375,
				"packets":	17,
				"omitted":	false,
				"sender":	true
			}
		}, {
			"streams":	[{
					"socket":	5,