{
	"start":	{
		"connected":	[{
				"socket":	5,
				"local_host":	"fd00::8",
				"local_port":	51935,
				"remote_host":	"fd00::4",
				"remote_port":	5123
			}],
		"version":	"iperf 3.18",
		"system_info":	"Linux RPI08 6.18.29+rpt-rpi-v7 #1 SMP Raspbian 1:6.18.29-1+rpt1 (2026-05-12) armv7l",
		"timestamp":	{
			"time":	"Thu, 21 May 2026 12:56:07 GMT",
			"timesecs":	1779368167
		},
		"connecting_to":	{
			"host":	"fd00::4",
			"port":	5123
		},
		"cookie":	"vpywxszzc6jc37oq5juzkn4y6mc7xk4rptc4",
		"target_bitrate":	30000,
		"fq_rate":	0,
		"sock_bufsize":	0,
		"sndbuf_actual":	180224,
		"rcvbuf_actual":	180224,
		"test_start":	{
			"protocol":	"UDP",
			"num_streams":	1,
			"blksize":	1024,
			"omit":	0,
			"duration":	30,
			"bytes":	0,
			"blocks":	0,
			"reverse":	0,
			"tos":	0,
			"target_bitrate":	30000,
			"bidir":	0,
			"fqrate":	0,
			"interval":	1
		}
	},
	"intervals":	[{
			"streams":	[{
					"socket":	5,
					"start":	0,
					"end":	1.000595,
					"seconds":	1.0005949735641479,
					"bytes":	4096,
					"bits_per_second":	32748.515499013,
					"packets":	4,
					"omitted":	false,
					"sender":	true
				}],
			"sum":	{
				"start":	0,
				"end":	1.000595,
				"seconds":	1.0005949735641479,
				"bytes":	4096,
				"bits_per_second":	32748.515499013,
				"packets":	4,
				"omitted":	false,
				"sender":	true
			}
		}, {
			"streams":	[{
					"socket":	5,
					"start":	1.000595,
					"end":	2.001144,
					"seconds":	1.0005489587783813,
					"bytes":	4096,
					"bits_per_second":	32750.021588157,
					"packets":	4,
					"omitted":	false,
					"sender":	true
				}],
			"sum":	{
				"start":	1.000595,
				"end":	2.001144,
				"seconds":	1.0005489587783813,
				"bytes":	4096,
				"bits_per_second":	32750.021588157,
				"packets":	4,
				"omitted":	false,
				"sender":	true
			}
		}, {
			"streams":	[{
					"socket":	5,
					"start":	2.001144,
					"end":	3.001154,
					"seconds":	1.0000100135803223,
					"bytes":	3072,
					"bits_per_second":	24575.753908714254,
					"packets":	3,
					"omitted":	false,
					"sender":	true
				}],
			"sum":	{
				"start":	2.001144,
				"end":	3.001154,
				"seconds":	1.0000100135803223,
				"bytes":	3072,
				"bits_per_second":	24575.753908714254,
				"packets":	3,
				"omitted":	false,
				"sender":	true
			}
		}, {
			"streams":	[{
					"socket":	5,
					"start":	3.001154,
					"end":	4.001142,
					"seconds":	0.9999880194664,
					"bytes":	4096,
					"bits_per_second":	32768.392582828354,
					"packets":	4,
					"omitted":	false,
					"sender":	true
				}],
			"sum":	{
				"start":	3.001154,
				"end":	4.001142,
				"seconds":	0.9999880194664,
				"bytes":	4096,
				"bits_per_second":	32768.392582828354,
				"packets":	4,
				"omitted":	false,
				"sender":	true
			}
		}, {
			"streams":	[{
					"socket":	5,
					"start":	4.001142,
					"end":	5.00114,
					"seconds":	0.99999797344207764,
					"bytes":	4096,
					"bits_per_second":	32768.066406384576,
					"packets":	4,
					"omitted":	false,
					"sender":	true
				}],
			"sum":	{
				"start":	4.001142,
				"end":	5.00114,
				"seconds":	0.99999797344207764,
				"bytes":	4096,
				"bits_per_second":	32768.066406384576,
				"packets":	4,
				"omitted":	false,
				"sender":	true
			}
		}, {
			"streams":	[{
					"socket":	5,
					"start":	5.00114,
					"end":	6.000602,
					"seconds":	0.99946200847625732,
					"bytes":	3072,
					"bits_per_second":	24589.228796667976,
					"packets":	3,
					"omitted":	false,
					"sender":	true
				}],
			"sum":	{
				"start":	5.00114,
				"end":	6.000602,
				"seconds":	0.99946200847625732,
				"bytes":	3072,
				"bits_per_second":	24589.228796667976,
				"packets":	3,
				"omitted":	false,
				"sender":	true
			}
		}, {
			"streams":	[{
					"socket":	5,
					"start":	6.000602,
					"end":	7.001145,
					"seconds":	1.0005429983139038,
					"bytes":	4096,
					"bits_per_second":	32750.21668755867,
					"packets":	4,
					"omitted":	false,
					"sender":	true
				}],
			"sum":	{
				"start":	6.000602,
				"end":	7.001145,
				"seconds":	1.0005429983139038,
				"bytes":	4096,
				"bits_per_second":	32750.21668755867,
				"packets":	4,
				"omitted":	false,
				"sender":	true
			}
		}, {
			"streams":	[{
					"socket":	5,
					"start":	7.001145,
					"end":	8.001145,
					"seconds":	1,
					"bytes":	4096,
					"bits_per_second":	32768,
					"packets":	4,
					"omitted":	false,
					"sender":	true
				}],
			"sum":	{
				"start":	7.001145,
				"end":	8.001145,
				"seconds":	1,
				"bytes":	4096,
				"bits_per_second":	32768,
				"packets":	4,
				"omitted":	false,
				"sender":	true
			}
		}, {
			"streams":	[{
					"socket":	5,
					"start":	8.001145,
					"end":	9.000584,
					"seconds":	0.999439001083374,
					"bytes":	3072,
					"bits_per_second":	24589.794848269936,
					"packets":	3,
					"omitted":	false,
					"sender":	true
				}],
			"sum":	{
				"start":	8.001145,
				"end":	9.000584,
				"seconds":	0.999439001083374,
				"bytes":	3072,
				"bits_per_second":	24589.794848269936,
				"packets":	3,
				"omitted":	false,
				"sender":	true
			}
		}, {
			"streams":	[{
					"socket":	5,
					"start":	9.000584,
					"end":	10.000607,
					"seconds":	1.0000230073928833,
					"bytes":	4096,
					"bits_per_second":	32767.246111095017,
					"packets":	4,
					"omitted":	false,
					"sender":	true
				}],
			"sum":	{
				"start":	9.000584,
				"end":	10.000607,
				"seconds":	1.0000230073928833,
				"bytes":	4096,
				"bits_per_second":	32767.246111095017,
				"packets":	4,
				"omitted":	false,
				"sender":	true
			}
		}, {
			"streams":	[{
					"socket":	5,
					"start":	10.000607,
					"end":	11.00114,
					"seconds":	1.0005329847335815,
					"bytes":	4096,
					"bits_per_second":	32750.544459786452,
					"packets":	4,
					"omitted":	false,
					"sender":	true
				}],
			"sum":	{
				"start":	10.000607,
				"end":	11.00114,
				"seconds":	1.0005329847335815,
				"bytes":	4096,
				"bits_per_second":	32750.544459786452,
				"packets":	4,
				"omitted":	false,
				"sender":	true
			}
		}, {
			"streams":	[{
					"socket":	5,
					"start":	11.00114,
					"end":	12.001145,
					"seconds":	1.0000050067901611,
					"bytes":	3072,
					"bits_per_second":	24575.876953741066,
					"packets":	3,
					"omitted":	false,
					"sender":	true
				}],
			"sum":	{
				"start":	11.00114,
				"end":	12.001145,
				"seconds":	1.0000050067901611,
				"bytes":	3072,
				"bits_per_second":	24575.876953741066,
				"packets":	3,
				"omitted":	false,
				"sender":	true
			}
		}, {
			"streams":	[{
					"socket":	5,
					"start":	12.001145,
					"end":	13.00114,
					"seconds":	0.999994993209839,
					"bytes":	4096,
					"bits_per_second":	32768.164063321434,
					"packets":	4,
					"omitted":	false,
					"sender":	true
				}],
			"sum":	{
				"start":	12.001145,
				"end":	13.00114,
				"seconds":	0.999994993209839,
				"bytes":	4096,
				"bits_per_second":	32768.164063321434,
				"packets":	4,
				"omitted":	false,
				"sender":	true
			}
		}, {
			"streams":	[{
					"socket":	5,
					"start":	13.00114,
					"end":	14.00114,
					"seconds":	1,
					"bytes":	4096,
					"bits_per_second":	32768,
					"packets":	4,
					"omitted":	false,
					"sender":	true
				}],
			"sum":	{
				"start":	13.00114,
				"end":	14.00114,
				"seconds":	1,
				"bytes":	4096,
				"bits_per_second":	32768,
				"packets":	4,
				"omitted":	false,
				"sender":	true
			}
		}, {
			"streams":	[{
					"socket":	5,
					"start":	14.00114,
					"end":	15.001154,
					"seconds":	1.0000139474868774,
					"bytes":	3072,
					"bits_per_second":	24575.657231343263,
					"packets":	3,
					"omitted":	false,
					"sender":	true
				}],
			"sum":	{
				"start":	14.00114,
				"end":	15.001154,
				"seconds":	1.0000139474868774,
				"bytes":	3072,
				"bits_per_second":	24575.657231343263,
				"packets":	3,
				"omitted":	false,
				"sender":	true
			}
		}, {
			"streams":	[{
					"socket":	5,
					"start":	15.001154,
					"end":	16.001148,
					"seconds":	0.99999397993087769,