{
	"start":	{
		"connected":	[{
				"socket":	5,
				"local_host":	"fd00::8",
				"local_port":	60131,
				"remote_host":	"fd00::4",
				"remote_port":	5123
			}],
		"version":	"iperf 3.18",
		"system_info":	"Linux RPI08 6.18.29+rpt-rpi-v7 #1 SMP Raspbian 1:6.18.29-1+rpt1 (2026-05-12) armv7l",
		"timestamp":	{
			"time":	"Thu, 21 May 2026 13:14:28 GMT",
			"timesecs":	1779369268
		},
		"connecting_to":	{
			"host":	"fd00::4",
			"port":	5123
		},
		"cookie":	"w6vhlgmaujhndjgp4byshodociucm66lh4q6",
		"target_bitrate":	80000,
		"fq_rate":	0,
		"sock_bufsize":	0,
		"sndbuf_actual":	180224,
		"rcvbuf_actual":	180224,
		"test_start":	{
			"protocol":	"UDP",
			"num_streams":	1,
			"blksize":	1024,
			"omit":	0,
			"duration":	30,
			"bytes":	0,
			"blocks":	0,
			"reverse":	0,
			"tos":	0,
			"target_bitrate":	80000,
			"bidir":	0,
			"fqrate":	0,
			"interval":	1
		}
	},
	"intervals":	[{
			"streams":	[{
					"socket":	5,
					"start":	0,
					"end":	1.000872,
					"seconds":	1.000872015953064,
					"bytes":	10240,
					"bits_per_second":	81848.626691788377,
					"packets":	10,
					"omitted":	false,
					"sender":	true
				}],
			"sum":	{
				"start":	0,
				"end":	1.000872,
				"seconds":	1.000872015953064,
				"bytes":	10240,
				"bits_per_second":	81848.626691788377,
				"packets":	10,
				"omitted":	false,
				"sender":	true
			}
		}, {
			"streams":	[{
					"socket":	5,
					"start":	1.000872,
					"end":	2.001141,
					"seconds":	1.0002690553665161,
					"bytes":	10240,
					"bits_per_second":	81897.9649130334,
					"packets":	10,
					"omitted":	false,
					"sender":	true
				}],
			"sum":	{
				"start":	1.000872,
				"end":	2.001141,
				"seconds":	1.0002690553665161,
				"bytes":	10240,
				"bits_per_second":	81897.9649130334,
				"packets":	10,
				"omitted":	false,
				"sender":	true
			}
		}, {
			"streams":	[{
					"socket":	5,
					"start":	2.001141,
					"end":	3.001136,
					"seconds":	0.999994993209839,
					"bytes":	10240,
					"bits_per_second":	81920.4101583036,
					"packets":	10,
					"omitted":	false,
					"sender":	true
				}],
			"sum":	{
				"start":	2.001141,
				"end":	3.001136,
				"seconds":	0.999994993209839,
				"bytes":	10240,
				"bits_per_second":	81920.4101583036,
				"packets":	10,
				"omitted":	false,
				"sender":	true
			}
		}, {
			"streams":	[{
					"socket":	5,
					"start":	3.001136,
					"end":	4.00119,
					"seconds":	1.0000540018081665,
					"bytes":	10240,
					"bits_per_second":	81915.576410756825,
					"packets":	10,
					"omitted":	false,
					"sender":	true
				}],
			"sum":	{
				"start":	3.001136,
				"end":	4.00119,
				"seconds":	1.0000540018081665,
				"bytes":	10240,
				"bits_per_second":	81915.576410756825,
				"packets":	10,
				"omitted":	false,
				"sender":	true
			}
		}, {
			"streams":	[{
					"socket":	5,
					"start":	4.00119,
					"end":	5.001132,
					"seconds":	0.99994200468063354,
					"bytes":	9216,
					"bits_per_second":	73732.2761269016,
					"packets":	9,
					"omitted":	false,
					"sender":	true
				}],
			"sum":	{
				"start":	4.00119,
				"end":	5.001132,
				"seconds":	0.99994200468063354,
				"bytes":	9216,
				"bits_per_second":	73732.2761269016,
				"packets":	9,
				"omitted":	false,
				"sender":	true
			}
		}, {
			"streams":	[{
					"socket":	5,
					"start":	5.001132,
					"end":	6.001134,
					"seconds":	1.0000020265579224,
					"bytes":	10240,
					"bits_per_second":	81919.83398471144,
					"packets":	10,
					"omitted":	false,
					"sender":	true
				}],
			"sum":	{
				"start":	5.001132,
				"end":	6.001134,
				"seconds":	1.0000020265579224,
				"bytes":	10240,
				"bits_per_second":	81919.83398471144,
				"packets":	10,
				"omitted":	false,
				"sender":	true
			}
		}, {
			"streams":	[{
					"socket":	5,
					"start":	6.001134,
					"end":	7.001134,
					"seconds":	1,
					"bytes":	10240,
					"bits_per_second":	81920,
					"packets":	10,
					"omitted":	false,
					"sender":	true
				}],
			"sum":	{
				"start":	6.001134,
				"end":	7.001134,
				"seconds":	1,
				"bytes":	10240,
				"bits_per_second":	81920,
				"packets":	10,
				"omitted":	false,
				"sender":	true
			}
		}, {
			"streams":	[{
					"socket":	5,
					"start":	7.001134,
					"end":	8.001125,
					"seconds":	0.999990999698639,
					"bytes":	10240,
					"bits_per_second":	81920.737311323523,
					"packets":	10,
					"omitted":	false,
					"sender":	true
				}],
			"sum":	{
				"start":	7.001134,
				"end":	8.001125,
				"seconds":	0.999990999698639,
				"bytes":	10240,
				"bits_per_second":	81920.737311323523,
				"packets":	10,
				"omitted":	false,
				"sender":	true
			}
		}, {
			"streams":	[{
					"socket":	5,
					"start":	8.001125,
					"end":	9.001126,
					"seconds":	1.0000009536743164,
					"bytes":	9216,
					"bits_per_second":	73727.929687567055,
					"packets":	9,
					"omitted":	false,
					"sender":	true
				}],
			"sum":	{
				"start":	8.001125,
				"end":	9.001126,
				"seconds":	1.0000009536743164,
				"bytes":	9216,
				"bits_per_second":	73727.929687567055,
				"packets":	9,
				"omitted":	false,
				"sender":	true
			}
		}, {
			"streams":	[{
					"socket":	5,
					"start":	9.001126,
					"end":	10.001129,
					"seconds":	1.0000029802322388,
					"bytes":	10240,
					"bits_per_second":	81919.7558601026,
					"packets":	10,
					"omitted":	false,
					"sender":	true
				}],
			"sum":	{
				"start":	9.001126,
				"end":	10.001129,
				"seconds":	1.0000029802322388,
				"bytes":	10240,
				"bits_per_second":	81919.7558601026,
				"packets":	10,
				"omitted":	false,
				"sender":	true
			}
		}, {
			"streams":	[{
					"socket":	5,
					"start":	10.001129,
					"end":	11.001136,
					"seconds":	1.0000070333480835,
					"bytes":	10240,
					"bits_per_second":	81919.4238321774,
					"packets":	10,
					"omitted":	false,
					"sender":	true
				}],
			"sum":	{
				"start":	10.001129,
				"end":	11.001136,
				"seconds":	1.0000070333480835,
				"bytes":	10240,
				"bits_per_second":	81919.4238321774,
				"packets":	10,
				"omitted":	false,
				"sender":	true
			}
		}, {
			"streams":	[{
					"socket":	5,
					"start":	11.001136,
					"end":	12.001138,
					"seconds":	1.0000020265579224,
					"bytes":	10240,
					"bits_per_second":	81919.83398471144,
					"packets":	10,
					"omitted":	false,
					"sender":	true
				}],
			"sum":	{
				"start":	11.001136,
				"end":	12.001138,
				"seconds":	1.0000020265579224,
				"bytes":	10240,
				"bits_per_second":	81919.83398471144,
				"packets":	10,
				"omitted":	false,
				"sender":	true
			}
		}, {
			"streams":	[{
					"socket":	5,
					"start":	12.001138,
					"end":	13.001138,
					"seconds":	1,
					"bytes":	9216,
					"bits_per_second":	73728,
					"packets":	9,
					"omitted":	false,
					"sender":	true
				}],
			"sum":	{
				"start":	12.001138,
				"end":	13.001138,
				"seconds":	1,
				"bytes":	9216,
				"bits_per_second":	73728,
				"packets":	9,
				"omitted":	false,
				"sender":	true
			}
		}, {
			"streams":	[{
					"socket":	5,
					"start":	13.001138,
					"end":	14.001135,
					"seconds":	0.99999701976776123,
					"bytes":	10240,
					"bits_per_second":	81920.2441413526,
					"packets":	10,
					"omitted":	false,
					"sender":	true
				}],
			"sum":	{
				"start":	13.001138,
				"end":	14.001135,
				"seconds":	0.99999701976776123,
				"bytes":	10240,
				"bits_per_second":	81920.2441413526,
				"packets":	10,
				"omitted":	false,
				"sender":	true
			}
		}, {
			"streams":	[{
					"socket":	5,
					"start":	14.001135,
					"end":	15.001134,
					"seconds":	0.99999898672103882,
					"bytes":	10240,
					"bits_per_second":	81920.0830078966,
					"packets":	10,
					"omitted":	false,
					"sender":	true
				}],
			"sum":	{
				"start":	14.001135,
				"end":	15.001134,
				"seconds":	0.99999898672103882,
				"bytes":	10240,
				"bits_per_second":	81920.0830078966,
				"packets":	10,
				"omitted":	false,
				"sender":	true
			}
		}, {
			"streams":	[{
					"socket":	5,
					"start":	15.001134,