{
	"start":	{
		"connected":	[{
				"socket":	5,
				"local_host":	"fd00::8",
				"local_port":	44958,
				"remote_host":	"fd00::4",
				"remote_port":	5123
			}],
		"version":	"iperf 3.18",
		"system_info":	"Linux RPI08 6.18.29+rpt-rpi-v7 #1 SMP Raspbian 1:6.18.29-1+rpt1 (2026-05-12) armv7l",
		"timestamp":	{
			"time":	"Sat, 16 May 2026 11:55:08 GMT",
			"timesecs":	1778932508
		},
		"connecting_to":	{
			"host":	"fd00::4",
			"port":	5123
		},
		"cookie":	"ayuuxe3x6gza33r5ybifilrfdbsuk2okef2f",
		"target_bitrate":	30000,
		"fq_rate":	0,
		"sock_bufsize":	0,
		"sndbuf_actual":	180224,
		"rcvbuf_actual":	180224,
		"test_start":	{
			"protocol":	"UDP",
			"num_streams":	1,
			"blksize":	96,
			"omit":	0,
			"duration":	30,
			"bytes":	0,
			"blocks":	0,
			"reverse":	0,
			"tos":	0,
			"target_bitrate":	30000,
			"bidir":	0,
			"fqrate":	0,
			"interval":	1
		}
	},
	"intervals":	[{
			"streams":	[{
					"socket":	5,
					"start":	0,
					"end":	1.001073,
					"seconds":	1.0010730028152466,
					"bytes":	3840,
					"bits_per_second":	30687.072684617728,
					"packets":	40,
					"omitted":	false,
					"sender":	true
				}],
			"sum":	{
				"start":	0,
				"end":	1.001073,
				"seconds":	1.0010730028152466,
				"bytes":	3840,
				"bits_per_second":	30687.072684617728,
				"packets":	40,
				"omitted":	false,
				"sender":	true
			}
		}, {
			"streams":	[{
					"socket":	5,
					"start":	1.001073,
					"end":	2.001136,
					"seconds":	1.0000629425048828,
					"bytes":	3744,
					"bits_per_second":	29950.114864748884,
					"packets":	39,
					"omitted":	false,
					"sender":	true
				}],
			"sum":	{
				"start":	1.001073,
				"end":	2.001136,
				"seconds":	1.0000629425048828,
				"bytes":	3744,
				"bits_per_second":	29950.114864748884,
				"packets":	39,
				"omitted":	false,
				"sender":	true
			}
		}, {
			"streams":	[{
					"socket":	5,
					"start":	2.001136,
					"end":	3.001134,
					"seconds":	0.99999797344207764,
					"bytes":	3744,
					"bits_per_second":	29952.0606995859,
					"packets":	39,
					"omitted":	false,
					"sender":	true
				}],
			"sum":	{
				"start":	2.001136,
				"end":	3.001134,
				"seconds":	0.99999797344207764,
				"bytes":	3744,
				"bits_per_second":	29952.0606995859,
				"packets":	39,
				"omitted":	false,
				"sender":	true
			}
		}, {
			"streams":	[{
					"socket":	5,
					"start":	3.001134,
					"end":	4.001141,
					"seconds":	1.0000070333480835,
					"bytes":	3744,
					"bits_per_second":	29951.789338639857,
					"packets":	39,
					"omitted":	false,
					"sender":	true
				}],
			"sum":	{
				"start":	3.001134,
				"end":	4.001141,
				"seconds":	1.0000070333480835,
				"bytes":	3744,
				"bits_per_second":	29951.789338639857,
				"packets":	39,
				"omitted":	false,
				"sender":	true
			}
		}, {
			"streams":	[{
					"socket":	5,
					"start":	4.001141,
					"end":	5.001138,
					"seconds":	0.99999701976776123,
					"bytes":	3744,
					"bits_per_second":	29952.089264182043,
					"packets":	39,
					"omitted":	false,
					"sender":	true
				}],
			"sum":	{
				"start":	4.001141,
				"end":	5.001138,
				"seconds":	0.99999701976776123,
				"bytes":	3744,
				"bits_per_second":	29952.089264182043,
				"packets":	39,
				"omitted":	false,
				"sender":	true
			}
		}, {
			"streams":	[{
					"socket":	5,
					"start":	5.001138,
					"end":	6.001136,
					"seconds":	0.99999797344207764,
					"bytes":	3744,
					"bits_per_second":	29952.0606995859,
					"packets":	39,
					"omitted":	false,
					"sender":	true
				}],
			"sum":	{
				"start":	5.001138,
				"end":	6.001136,
				"seconds":	0.99999797344207764,
				"bytes":	3744,
				"bits_per_second":	29952.0606995859,
				"packets":	39,
				"omitted":	false,
				"sender":	true
			}
		}, {
			"streams":	[{
					"socket":	5,
					"start":	6.001136,
					"end":	7.001134,
					"seconds":	0.99999797344207764,
					"bytes":	3744,
					"bits_per_second":	29952.0606995859,
					"packets":	39,
					"omitted":	false,
					"sender":	true
				}],
			"sum":	{
				"start":	6.001136,
				"end":	7.001134,
				"seconds":	0.99999797344207764,
				"bytes":	3744,
				"bits_per_second":	29952.0606995859,
				"packets":	39,
				"omitted":	false,
				"sender":	true
			}
		}, {
			"streams":	[{
					"socket":	5,
					"start":	7.001134,
					"end":	8.001126,
					"seconds":	0.9999920129776,
					"bytes":	3744,
					"bits_per_second":	29952.23922920565,
					"packets":	39,
					"omitted":	false,
					"sender":	true
				}],
			"sum":	{
				"start":	7.001134,
				"end":	8.001126,
				"seconds":	0.9999920129776,
				"bytes":	3744,
				"bits_per_second":	29952.23922920565,
				"packets":	39,
				"omitted":	false,
				"sender":	true
			}
		}, {
			"streams":	[{
					"socket":	5,
					"start":	8.001126,
					"end":	9.001133,
					"seconds":	1.0000070333480835,
					"bytes":	3744,
					"bits_per_second":	29951.789338639857,
					"packets":	39,
					"omitted":	false,
					"sender":	true
				}],
			"sum":	{
				"start":	8.001126,
				"end":	9.001133,
				"seconds":	1.0000070333480835,
				"bytes":	3744,
				"bits_per_second":	29951.789338639857,
				"packets":	39,
				"omitted":	false,
				"sender":	true
			}
		}, {
			"streams":	[{
					"socket":	5,
					"start":	9.001133,
					"end":	10.001127,
					"seconds":	0.99999397993087769,
					"bytes":	3744,
					"bits_per_second":	29952.180314195855,
					"packets":	39,
					"omitted":	false,
					"sender":	true
				}],
			"sum":	{
				"start":	9.001133,
				"end":	10.001127,
				"seconds":	0.99999397993087769,
				"bytes":	3744,
				"bits_per_second":	29952.180314195855,
				"packets":	39,
				"omitted":	false,
				"sender":	true
			}
		}, {
			"streams":	[{
					"socket":	5,
					"start":	10.001127,
					"end":	11.001127,
					"seconds":	1,
					"bytes":	3744,
					"bits_per_second":	29952,
					"packets":	39,
					"omitted":	false,
					"sender":	true
				}],
			"sum":	{
				"start":	10.001127,
				"end":	11.001127,
				"seconds":	1,
				"bytes":	3744,
				"bits_per_second":	29952,
				"packets":	39,
				"omitted":	false,
				"sender":	true
			}
		}, {
			"streams":	[{
					"socket":	5,
					"start":	11.001127,
					"end":	12.001119,
					"seconds":	0.9999920129776,
					"bytes":	3744,
					"bits_per_second":	29952.23922920565,
					"packets":	39,
					"omitted":	false,
					"sender":	true
				}],
			"sum":	{
				"start":	11.001127,
				"end":	12.001119,
				"seconds":	0.9999920129776,
				"bytes":	3744,
				"bits_per_second":	29952.23922920565,
				"packets":	39,
				"omitted":	false,
				"sender":	true
			}
		}, {
			"streams":	[{
					"socket":	5,
					"start":	12.001119,
					"end":	13.001121,
					"seconds":	1.0000020265579224,
					"bytes":	3744,
					"bits_per_second":	29951.93930066012,
					"packets":	39,
					"omitted":	false,
					"sender":	true
				}],
			"sum":	{
				"start":	12.001119,
				"end":	13.001121,
				"seconds":	1.0000020265579224,
				"bytes":	3744,
				"bits_per_second":	29951.93930066012,
				"packets":	39,
				"omitted":	false,
				"sender":	true
			}
		}, {
			"streams":	[{
					"socket":	5,
					"start":	13.001121,
					"end":	14.001124,
					"seconds":	1.0000029802322388,
					"bytes":	3744,
					"bits_per_second":	29951.910736350012,
					"packets":	39,
					"omitted":	false,
					"sender":	true
				}],
			"sum":	{
				"start":	13.001121,
				"end":	14.001124,
				"seconds":	1.0000029802322388,
				"bytes":	3744,
				"bits_per_second":	29951.910736350012,
				"packets":	39,
				"omitted":	false,
				"sender":	true
			}
		}, {
			"streams":	[{
					"socket":	5,
					"start":	14.001124,
					"end":	15.001179,
					"seconds":	1.0000549554824829,
					"bytes":	3744,
					"bits_per_second":	29950.354063841889,
					"packets":	39,
					"omitted":	false,
					"sender":	true
				}],
			"sum":	{
				"start":	14.001124,
				"end":	15.001179,
				"seconds":	1.0000549554824829,
				"bytes":	3744,
				"bits_per_second":	29950.354063841889,
				"packets":	39,
				"omitted":	false,