{
	"start":	{
		"connected":	[{
				"socket":	5,
				"local_host":	"fd00::8",
				"local_port":	51728,
				"remote_host":	"fd00::4",
				"remote_port":	5123
			}],
		"version":	"iperf 3.18",
		"system_info":	"Linux RPI08 6.18.29+rpt-rpi-v7 #1 SMP Raspbian 1:6.18.29-1+rpt1 (2026-05-12) armv7l",
		"timestamp":	{
			"time":	"Sat, 16 May 2026 12:01:46 GMT",
			"timesecs":	1778932906
		},
		"connecting_to":	{
			"host":	"fd00::4",
			"port":	5123
		},
		"cookie":	"nwumvaffgkgdyem23bpm6xvki2r6wezp7wfk",
		"target_bitrate":	50000,
		"fq_rate":	0,
		"sock_bufsize":	0,
		"sndbuf_actual":	180224,
		"rcvbuf_actual":	180224,
		"test_start":	{
			"protocol":	"UDP",
			"num_streams":	1,
			"blksize":	256,
			"omit":	0,
			"duration":	30,
			"bytes":	0,
			"blocks":	0,
			"reverse":	0,
			"tos":	0,
			"target_bitrate":	50000,
			"bidir":	0,
			"fqrate":	0,
			"interval":	1
		}
	},
	"intervals":	[{
			"streams":	[{
					"socket":	5,
					"start":	0,
					"end":	1.001092,
					"seconds":	1.0010919570922852,
					"bytes":	6400,
					"bits_per_second":	51144.152779643351,
					"packets":	25,
					"omitted":	false,
					"sender":	true
				}],
			"sum":	{
				"start":	0,
				"end":	1.001092,
				"seconds":	1.0010919570922852,
				"bytes":	6400,
				"bits_per_second":	51144.152779643351,
				"packets":	25,
				"omitted":	false,
				"sender":	true
			}
		}, {
			"streams":	[{
					"socket":	5,
					"start":	1.001092,
					"end":	2.001131,
					"seconds":	1.0000389814376831,
					"bytes":	6144,
					"bits_per_second":	49150.084059061133,
					"packets":	24,
					"omitted":	false,
					"sender":	true
				}],
			"sum":	{
				"start":	1.001092,
				"end":	2.001131,
				"seconds":	1.0000389814376831,
				"bytes":	6144,
				"bits_per_second":	49150.084059061133,
				"packets":	24,
				"omitted":	false,
				"sender":	true
			}
		}, {
			"streams":	[{
					"socket":	5,
					"start":	2.001131,
					"end":	3.001134,
					"seconds":	1.0000029802322388,
					"bytes":	6400,
					"bits_per_second":	51199.847412564122,
					"packets":	25,
					"omitted":	false,
					"sender":	true
				}],
			"sum":	{
				"start":	2.001131,
				"end":	3.001134,
				"seconds":	1.0000029802322388,
				"bytes":	6400,
				"bits_per_second":	51199.847412564122,
				"packets":	25,
				"omitted":	false,
				"sender":	true
			}
		}, {
			"streams":	[{
					"socket":	5,
					"start":	3.001134,
					"end":	4.001132,
					"seconds":	0.99999797344207764,
					"bytes":	6144,
					"bits_per_second":	49152.099609576864,
					"packets":	24,
					"omitted":	false,
					"sender":	true
				}],
			"sum":	{
				"start":	3.001134,
				"end":	4.001132,
				"seconds":	0.99999797344207764,
				"bytes":	6144,
				"bits_per_second":	49152.099609576864,
				"packets":	24,
				"omitted":	false,
				"sender":	true
			}
		}, {
			"streams":	[{
					"socket":	5,
					"start":	4.001132,
					"end":	5.001128,
					"seconds":	0.9999960064888,
					"bytes":	6400,
					"bits_per_second":	51200.204468589982,
					"packets":	25,
					"omitted":	false,
					"sender":	true
				}],
			"sum":	{
				"start":	4.001132,
				"end":	5.001128,
				"seconds":	0.9999960064888,
				"bytes":	6400,
				"bits_per_second":	51200.204468589982,
				"packets":	25,
				"omitted":	false,
				"sender":	true
			}
		}, {
			"streams":	[{
					"socket":	5,
					"start":	5.001128,
					"end":	6.001139,
					"seconds":	1.0000109672546387,
					"bytes":	6144,
					"bits_per_second":	49151.46094341197,
					"packets":	24,
					"omitted":	false,
					"sender":	true
				}],
			"sum":	{
				"start":	5.001128,
				"end":	6.001139,
				"seconds":	1.0000109672546387,
				"bytes":	6144,
				"bits_per_second":	49151.46094341197,
				"packets":	24,
				"omitted":	false,
				"sender":	true
			}
		}, {
			"streams":	[{
					"socket":	5,
					"start":	6.001139,
					"end":	7.001133,
					"seconds":	0.99999397993087769,
					"bytes":	6144,
					"bits_per_second":	49152.295900218836,
					"packets":	24,
					"omitted":	false,
					"sender":	true
				}],
			"sum":	{
				"start":	6.001139,
				"end":	7.001133,
				"seconds":	0.99999397993087769,
				"bytes":	6144,
				"bits_per_second":	49152.295900218836,
				"packets":	24,
				"omitted":	false,
				"sender":	true
			}
		}, {
			"streams":	[{
					"socket":	5,
					"start":	7.001133,
					"end":	8.00113,
					"seconds":	0.99999701976776123,
					"bytes":	6400,
					"bits_per_second":	51200.152588345372,
					"packets":	25,
					"omitted":	false,
					"sender":	true
				}],
			"sum":	{
				"start":	7.001133,
				"end":	8.00113,
				"seconds":	0.99999701976776123,
				"bytes":	6400,
				"bits_per_second":	51200.152588345372,
				"packets":	25,
				"omitted":	false,
				"sender":	true
			}
		}, {
			"streams":	[{
					"socket":	5,
					"start":	8.00113,
					"end":	9.001124,
					"seconds":	0.99999397993087769,
					"bytes":	6144,
					"bits_per_second":	49152.295900218836,
					"packets":	24,
					"omitted":	false,
					"sender":	true
				}],
			"sum":	{
				"start":	8.00113,
				"end":	9.001124,
				"seconds":	0.99999397993087769,
				"bytes":	6144,
				"bits_per_second":	49152.295900218836,
				"packets":	24,
				"omitted":	false,
				"sender":	true
			}
		}, {
			"streams":	[{
					"socket":	5,
					"start":	9.001124,
					"end":	10.001129,
					"seconds":	1.0000050067901611,
					"bytes":	6400,
					"bits_per_second":	51199.743653627222,
					"packets":	25,
					"omitted":	false,
					"sender":	true
				}],
			"sum":	{
				"start":	9.001124,
				"end":	10.001129,
				"seconds":	1.0000050067901611,
				"bytes":	6400,
				"bits_per_second":	51199.743653627222,
				"packets":	25,
				"omitted":	false,
				"sender":	true
			}
		}, {
			"streams":	[{
					"socket":	5,
					"start":	10.001129,
					"end":	11.001136,
					"seconds":	1.0000070333480835,
					"bytes":	6144,
					"bits_per_second":	49151.654299306436,
					"packets":	24,
					"omitted":	false,
					"sender":	true
				}],
			"sum":	{
				"start":	10.001129,
				"end":	11.001136,
				"seconds":	1.0000070333480835,
				"bytes":	6144,
				"bits_per_second":	49151.654299306436,
				"packets":	24,
				"omitted":	false,
				"sender":	true
			}
		}, {
			"streams":	[{
					"socket":	5,
					"start":	11.001136,
					"end":	12.001141,
					"seconds":	1.0000050067901611,
					"bytes":	6144,
					"bits_per_second":	49151.753907482132,
					"packets":	24,
					"omitted":	false,
					"sender":	true
				}],
			"sum":	{
				"start":	11.001136,
				"end":	12.001141,
				"seconds":	1.0000050067901611,
				"bytes":	6144,
				"bits_per_second":	49151.753907482132,
				"packets":	24,
				"omitted":	false,
				"sender":	true
			}
		}, {
			"streams":	[{
					"socket":	5,
					"start":	12.001141,
					"end":	13.001131,
					"seconds":	0.99998998641967773,
					"bytes":	6400,
					"bits_per_second":	51200.512700446467,
					"packets":	25,
					"omitted":	false,
					"sender":	true
				}],
			"sum":	{
				"start":	12.001141,
				"end":	13.001131,
				"seconds":	0.99998998641967773,
				"bytes":	6400,
				"bits_per_second":	51200.512700446467,
				"packets":	25,
				"omitted":	false,
				"sender":	true
			}
		}, {
			"streams":	[{
					"socket":	5,
					"start":	13.001131,
					"end":	14.00113,
					"seconds":	0.99999898672103882,
					"bytes":	6144,
					"bits_per_second":	49152.049804737966,
					"packets":	24,
					"omitted":	false,
					"sender":	true
				}],
			"sum":	{
				"start":	13.001131,
				"end":	14.00113,
				"seconds":	0.99999898672103882,
				"bytes":	6144,
				"bits_per_second":	49152.049804737966,
				"packets":	24,
				"omitted":	false,
				"sender":	true
			}
		}, {
			"streams":	[{
					"socket":	5,
					"start":	14.00113,
					"end":	15.001131,
					"seconds":	1.0000009536743164,
					"bytes":	6400,
					"bits_per_second":	51199.951171921566,
					"packets":	25,
					"omitted":	false,
					"sender":	true
				}],
			"sum":	{
				"start":	14.00113,
				"end":	15.001131,
				"seconds":	1.0000009536743164,
				"bytes":	6400,
				"bits_per_second":	51199.951171921566,