{
	"start":	{
		"connected":	[{
				"socket":	5,
				"local_host":	"fd00::8",
				"local_port":	44393,
				"remote_host":	"fd00::4",
				"remote_port":	5123
			}],
		"version":	"iperf 3.18",
		"system_info":	"Linux RPI08 6.12.47+rpt-rpi-v7 #1 SMP Raspbian 1:6.12.47-1+rpt1 (2025-09-16) armv7l",
		"timestamp":	{
			"time":	"Sun, 10 May 2026 12:09:31 GMT",
			"timesecs":	1778414971
		},
		"connecting_to":	{
			"host":	"fd00::4",
			"port":	5123
		},
		"cookie":	"gmmdss3js4m7vusvntkmf6zzvqouo77lcxxw",
		"target_bitrate":	15000,
		"fq_rate":	0,
		"sock_bufsize":	0,
		"sndbuf_actual":	180224,
		"rcvbuf_actual":	180224,
		"test_start":	{
			"protocol":	"UDP",
			"num_streams":	1,
			"blksize":	64,
			"omit":	0,
			"duration":	10,
			"bytes":	0,
			"blocks":	0,
			"reverse":	0,
			"tos":	0,
			"target_bitrate":	15000,
			"bidir":	0,
			"fqrate":	0,
			"interval":	1
		}
	},
	"intervals":	[{
			"streams":	[{
					"socket":	5,
					"start":	0,
					"end":	1.001151,
					"seconds":	1.0011509656906128,
					"bytes":	1920,
					"bits_per_second":	15342.341491329815,
					"packets":	30,
					"omitted":	false,
					"sender":	true
				}],
			"sum":	{
				"start":	0,
				"end":	1.001151,
				"seconds":	1.0011509656906128,
				"bytes":	1920,
				"bits_per_second":	15342.341491329815,
				"packets":	30,
				"omitted":	false,
				"sender":	true
			}
		}, {
			"streams":	[{
					"socket":	5,
					"start":	1.001151,
					"end":	2.001128,
					"seconds":	0.9999769926071167,
					"bytes":	1856,
					"bits_per_second":	14848.341621629354,
					"packets":	29,
					"omitted":	false,
					"sender":	true
				}],
			"sum":	{
				"start":	1.001151,
				"end":	2.001128,
				"seconds":	0.9999769926071167,
				"bytes":	1856,
				"bits_per_second":	14848.341621629354,
				"packets":	29,
				"omitted":	false,
				"sender":	true
			}
		}, {
			"streams":	[{
					"socket":	5,
					"start":	2.001128,
					"end":	3.001134,
					"seconds":	1.0000059604644775,
					"bytes":	1856,
					"bits_per_second":	14847.911499550941,
					"packets":	29,
					"omitted":	false,
					"sender":	true
				}],
			"sum":	{
				"start":	2.001128,
				"end":	3.001134,
				"seconds":	1.0000059604644775,
				"bytes":	1856,
				"bits_per_second":	14847.911499550941,
				"packets":	29,
				"omitted":	false,
				"sender":	true
			}
		}, {
			"streams":	[{
					"socket":	5,
					"start":	3.001134,
					"end":	4.001127,
					"seconds":	0.99999302625656128,
					"bytes":	1920,
					"bits_per_second":	15360.107117446229,
					"packets":	30,
					"omitted":	false,
					"sender":	true
				}],
			"sum":	{
				"start":	3.001134,
				"end":	4.001127,
				"seconds":	0.99999302625656128,
				"bytes":	1920,
				"bits_per_second":	15360.107117446229,
				"packets":	30,
				"omitted":	false,
				"sender":	true
			}
		}, {
			"streams":	[{
					"socket":	5,
					"start":	4.001127,
					"end":	5.001118,
					"seconds":	0.999990999698639,
					"bytes":	1856,
					"bits_per_second":	14848.133637677389,
					"packets":	29,
					"omitted":	false,
					"sender":	true
				}],
			"sum":	{
				"start":	4.001127,
				"end":	5.001118,
				"seconds":	0.999990999698639,
				"bytes":	1856,
				"bits_per_second":	14848.133637677389,
				"packets":	29,
				"omitted":	false,
				"sender":	true
			}
		}, {
			"streams":	[{
					"socket":	5,
					"start":	5.001118,
					"end":	6.001118,
					"seconds":	1,
					"bytes":	1856,
					"bits_per_second":	14848,
					"packets":	29,
					"omitted":	false,
					"sender":	true
				}],
			"sum":	{
				"start":	5.001118,
				"end":	6.001118,
				"seconds":	1,
				"bytes":	1856,
				"bits_per_second":	14848,
				"packets":	29,
				"omitted":	false,
				"sender":	true
			}
		}, {
			"streams":	[{
					"socket":	5,
					"start":	6.001118,
					"end":	7.001124,
					"seconds":	1.0000059604644775,
					"bytes":	1920,
					"bits_per_second":	15359.908447811318,
					"packets":	30,
					"omitted":	false,
					"sender":	true
				}],
			"sum":	{
				"start":	6.001118,
				"end":	7.001124,
				"seconds":	1.0000059604644775,
				"bytes":	1920,
				"bits_per_second":	15359.908447811318,
				"packets":	30,
				"omitted":	false,
				"sender":	true
			}
		}, {
			"streams":	[{
					"socket":	5,
					"start":	7.001124,
					"end":	8.001126,
					"seconds":	1.0000020265579224,
					"bytes":	1856,
					"bits_per_second":	14847.969909728949,
					"packets":	29,
					"omitted":	false,
					"sender":	true
				}],
			"sum":	{
				"start":	7.001124,
				"end":	8.001126,
				"seconds":	1.0000020265579224,
				"bytes":	1856,
				"bits_per_second":	14847.969909728949,
				"packets":	29,
				"omitted":	false,
				"sender":	true
			}
		}, {
			"streams":	[{
					"socket":	5,
					"start":	8.001126,
					"end":	9.00112,
					"seconds":	0.99999397993087769,
					"bytes":	1856,
					"bits_per_second":	14848.089386524442,
					"packets":	29,
					"omitted":	false,
					"sender":	true
				}],
			"sum":	{
				"start":	8.001126,
				"end":	9.00112,
				"seconds":	0.99999397993087769,
				"bytes":	1856,
				"bits_per_second":	14848.089386524442,
				"packets":	29,
				"omitted":	false,
				"sender":	true
			}
		}, {
			"streams":	[{
					"socket":	5,
					"start":	9.00112,
					"end":	10.002425,
					"seconds":	1.0013049840927124,
					"bytes":	1856,
					"bits_per_second":	14828.648849135459,
					"packets":	29,
					"omitted":	false,
					"sender":	true
				}],
			"sum":	{
				"start":	9.00112,
				"end":	10.002425,
				"seconds":	1.0013049840927124,
				"bytes":	1856,
				"bits_per_second":	14828.648849135459,
				"packets":	29,
				"omitted":	false,
				"sender":	true
			}
		}],
	"end":	{
		"streams":	[{
				"udp":	{
					"socket":	5,
					"start":	0,
					"end":	10.002425,
					"seconds":	10.002425,
					"bytes":	18752,
					"bits_per_second":	14997.962993973961,
					"jitter_ms":	7.8705560621111053,
					"lost_packets":	8,
					"packets":	293,
					"lost_percent":	2.73037542662116,
					"out_of_order":	0,
					"sender":	true
				}
			}],
		"sum":	{
			"start":	0,
			"end":	10.024787,
			"seconds":	10.024787,
			"bytes":	18752,
			"bits_per_second":	14997.962993973961,
			"jitter_ms":	7.8705560621111053,
			"lost_packets":	8,
			"packets":	293,
			"lost_percent":	2.73037542662116,
			"sender":	true
		},
		"sum_sent":	{
			"start":	0,
			"end":	10.002425,
			"seconds":	10.002425,
			"bytes":	18752,
			"bits_per_second":	14997.962993973961,
			"jitter_ms":	0,
			"lost_packets":	0,
			"packets":	293,
			"lost_percent":	0,
			"sender":	true
		},
		"sum_received":	{
			"start":	0,
			"end":	10.024787,
			"seconds":	10.024787,
			"bytes":	18240,
			"bits_per_second":	14555.920240499872,
			"jitter_ms":	7.8705560621111053,
			"lost_packets":	8,
			"packets":	293,
			"lost_percent":	2.73037542662116,
			"sender":	false
		},
		"cpu_utilization_percent":	{
			"host_total":	0.37312426333326648,
			"host_user":	0.12688774169758249,
			"host_system":	0.24629580573864188,
			"remote_total":	0.39678783202601892,
			"remote_user":	0.063600965785054475,
			"remote_system":	0.33320681635570254
		}
	},