{
	"start":	{
		"connected":	[{
				"socket":	5,
				"local_host":	"fd00::8",
				"local_port":	38537,
				"remote_host":	"fd00::4",
				"remote_port":	5123
			}],
		"version":	"iperf 3.18",
		"system_info":	"Linux RPI08 6.12.47+rpt-rpi-v7 #1 SMP Raspbian 1:6.12.47-1+rpt1 (2025-09-16) armv7l",
		"timestamp":	{
			"time":	"Sun, 10 May 2026 12:18:36 GMT",
			"timesecs":	1778415516
		},
		"connecting_to":	{
			"host":	"fd00::4",
			"port":	5123
		},
		"cookie":	"uuglkycvahf2y3a6zl47hwcndbwhyqxohlzf",
		"target_bitrate":	80000,
		"fq_rate":	0,
		"sock_bufsize":	0,
		"sndbuf_actual":	180224,
		"rcvbuf_actual":	180224,
		"test_start":	{
			"protocol":	"UDP",
			"num_streams":	1,
			"blksize":	1024,
			"omit":	0,
			"duration":	10,
			"bytes":	0,
			"blocks":	0,
			"reverse":	0,
			"tos":	0,
			"target_bitrate":	80000,
			"bidir":	0,
			"fqrate":	0,
			"interval":	1
		}
	},
	"intervals":	[{
			"streams":	[{
					"socket":	5,
					"start":	0,
					"end":	1.001153,
					"seconds":	1.0011529922485352,
					"bytes":	10240,
					"bits_per_second":	81825.655653300433,
					"packets":	10,
					"omitted":	false,
					"sender":	true
				}],
			"sum":	{
				"start":	0,
				"end":	1.001153,
				"seconds":	1.0011529922485352,
				"bytes":	10240,
				"bits_per_second":	81825.655653300433,
				"packets":	10,
				"omitted":	false,
				"sender":	true
			}
		}, {
			"streams":	[{
					"socket":	5,
					"start":	1.001153,
					"end":	2.001133,
					"seconds":	0.99997997283935547,
					"bytes":	10240,
					"bits_per_second":	81921.6406578577,
					"packets":	10,
					"omitted":	false,
					"sender":	true
				}],
			"sum":	{
				"start":	1.001153,
				"end":	2.001133,
				"seconds":	0.99997997283935547,
				"bytes":	10240,
				"bits_per_second":	81921.6406578577,
				"packets":	10,
				"omitted":	false,
				"sender":	true
			}
		}, {
			"streams":	[{
					"socket":	5,
					"start":	2.001133,
					"end":	3.001128,
					"seconds":	0.999994993209839,
					"bytes":	10240,
					"bits_per_second":	81920.4101583036,
					"packets":	10,
					"omitted":	false,
					"sender":	true
				}],
			"sum":	{
				"start":	2.001133,
				"end":	3.001128,
				"seconds":	0.999994993209839,
				"bytes":	10240,
				"bits_per_second":	81920.4101583036,
				"packets":	10,
				"omitted":	false,
				"sender":	true
			}
		}, {
			"streams":	[{
					"socket":	5,
					"start":	3.001128,
					"end":	4.001127,
					"seconds":	0.99999898672103882,
					"bytes":	10240,
					"bits_per_second":	81920.0830078966,
					"packets":	10,
					"omitted":	false,
					"sender":	true
				}],
			"sum":	{
				"start":	3.001128,
				"end":	4.001127,
				"seconds":	0.99999898672103882,
				"bytes":	10240,
				"bits_per_second":	81920.0830078966,
				"packets":	10,
				"omitted":	false,
				"sender":	true
			}
		}, {
			"streams":	[{
					"socket":	5,
					"start":	4.001127,
					"end":	5.001141,
					"seconds":	1.0000139474868774,
					"bytes":	9216,
					"bits_per_second":	73726.9716940298,
					"packets":	9,
					"omitted":	false,
					"sender":	true
				}],
			"sum":	{
				"start":	4.001127,
				"end":	5.001141,
				"seconds":	1.0000139474868774,
				"bytes":	9216,
				"bits_per_second":	73726.9716940298,
				"packets":	9,
				"omitted":	false,
				"sender":	true
			}
		}, {
			"streams":	[{
					"socket":	5,
					"start":	5.001141,
					"end":	6.001132,
					"seconds":	0.999990999698639,
					"bytes":	10240,
					"bits_per_second":	81920.737311323523,
					"packets":	10,
					"omitted":	false,
					"sender":	true
				}],
			"sum":	{
				"start":	5.001141,
				"end":	6.001132,
				"seconds":	0.999990999698639,
				"bytes":	10240,
				"bits_per_second":	81920.737311323523,
				"packets":	10,
				"omitted":	false,
				"sender":	true
			}
		}, {
			"streams":	[{
					"socket":	5,
					"start":	6.001132,
					"end":	7.00113,
					"seconds":	0.99999797344207764,
					"bytes":	10240,
					"bits_per_second":	81920.16601596144,
					"packets":	10,
					"omitted":	false,
					"sender":	true
				}],
			"sum":	{
				"start":	6.001132,
				"end":	7.00113,
				"seconds":	0.99999797344207764,
				"bytes":	10240,
				"bits_per_second":	81920.16601596144,
				"packets":	10,
				"omitted":	false,
				"sender":	true
			}
		}, {
			"streams":	[{
					"socket":	5,
					"start":	7.00113,
					"end":	8.001131,
					"seconds":	1.0000009536743164,
					"bytes":	10240,
					"bits_per_second":	81919.9218750745,
					"packets":	10,
					"omitted":	false,
					"sender":	true
				}],
			"sum":	{
				"start":	7.00113,
				"end":	8.001131,
				"seconds":	1.0000009536743164,
				"bytes":	10240,
				"bits_per_second":	81919.9218750745,
				"packets":	10,
				"omitted":	false,
				"sender":	true
			}
		}, {
			"streams":	[{
					"socket":	5,
					"start":	8.001131,
					"end":	9.001121,
					"seconds":	0.99998998641967773,
					"bytes":	9216,
					"bits_per_second":	73728.7382886429,
					"packets":	9,
					"omitted":	false,
					"sender":	true
				}],
			"sum":	{
				"start":	8.001131,
				"end":	9.001121,
				"seconds":	0.99998998641967773,
				"bytes":	9216,
				"bits_per_second":	73728.7382886429,
				"packets":	9,
				"omitted":	false,
				"sender":	true
			}
		}, {
			"streams":	[{
					"socket":	5,
					"start":	9.001121,
					"end":	10.002845,
					"seconds":	1.0017240047454834,
					"bytes":	10240,
					"bits_per_second":	81779.012594206637,
					"packets":	10,
					"omitted":	false,
					"sender":	true
				}],
			"sum":	{
				"start":	9.001121,
				"end":	10.002845,
				"seconds":	1.0017240047454834,
				"bytes":	10240,
				"bits_per_second":	81779.012594206637,
				"packets":	10,
				"omitted":	false,
				"sender":	true
			}
		}],
	"end":	{
		"streams":	[{
				"udp":	{
					"socket":	5,
					"start":	0,
					"end":	10.002845,
					"seconds":	10.002845,
					"bytes":	100352,
					"bits_per_second":	80258.7663809646,
					"jitter_ms":	5.6438188273072978,
					"lost_packets":	20,
					"packets":	98,
					"lost_percent":	20.408163265306122,
					"out_of_order":	0,
					"sender":	true
				}
			}],
		"sum":	{
			"start":	0,
			"end":	10.029422,
			"seconds":	10.029422,
			"bytes":	100352,
			"bits_per_second":	80258.7663809646,
			"jitter_ms":	5.6438188273072978,
			"lost_packets":	20,
			"packets":	98,
			"lost_percent":	20.408163265306122,
			"sender":	true
		},
		"sum_sent":	{
			"start":	0,
			"end":	10.002845,
			"seconds":	10.002845,
			"bytes":	100352,
			"bits_per_second":	80258.7663809646,
			"jitter_ms":	0,
			"lost_packets":	0,
			"packets":	98,
			"lost_percent":	0,
			"sender":	true
		},
		"sum_received":	{
			"start":	0,
			"end":	10.029422,
			"seconds":	10.029422,
			"bytes":	78848,
			"bits_per_second":	62893.3551704176,
			"jitter_ms":	5.6438188273072978,
			"lost_packets":	20,
			"packets":	97,
			"lost_percent":	20.408163265306122,
			"sender":	false
		},
		"cpu_utilization_percent":	{
			"host_total":	0.26100476851223919,
			"host_user":	0.11938086450093935,
			"host_system":	0.14164367560197572,
			"remote_total":	0.18913940970357956,
			"remote_user":	0,
			"remote_system":	0.189149380152167
		}
	},