{
	"start":	{
		"connected":	[{
				"socket":	5,
				"local_host":	"fd00::8",
				"local_port":	38317,
				"remote_host":	"fd00::4",
				"remote_port":	5123
			}],
		"version":	"iperf 3.18",
		"system_info":	"Linux RPI08 6.18.29+rpt-rpi-v7 #1 SMP Raspbian 1:6.18.29-1+rpt1 (2026-05-12) armv7l",
		"timestamp":	{
			"time":	"Sat, 16 May 2026 11:57:29 GMT",
			"timesecs":	1778932649
		},
		"connecting_to":	{
			"host":	"fd00::4",
			"port":	5123
		},
		"cookie":	"wxlhk4loiapxaadetg5c5lq5rctg7cuwfnge",
		"target_bitrate":	30000,
		"fq_rate":	0,
		"sock_bufsize":	0,
		"sndbuf_actual":	180224,
		"rcvbuf_actual":	180224,
		"test_start":	{
			"protocol":	"UDP",
			"num_streams":	1,
			"blksize":	1024,
			"omit":	0,
			"duration":	30,
			"bytes":	0,
			"blocks":	0,
			"reverse":	0,
			"tos":	0,
			"target_bitrate":	30000,
			"bidir":	0,
			"fqrate":	0,
			"interval":	1
		}
	},
	"intervals":	[{
			"streams":	[{
					"socket":	5,
					"start":	0,
					"end":	1.001112,
					"seconds":	1.00111198425293,
					"bytes":	4096,
					"bits_per_second":	32731.602972920966,
					"packets":	4,
					"omitted":	false,
					"sender":	true
				}],
			"sum":	{
				"start":	0,
				"end":	1.001112,
				"seconds":	1.00111198425293,
				"bytes":	4096,
				"bits_per_second":	32731.602972920966,
				"packets":	4,
				"omitted":	false,
				"sender":	true
			}
		}, {
			"streams":	[{
					"socket":	5,
					"start":	1.001112,
					"end":	2.00113,
					"seconds":	1.0000180006027222,
					"bytes":	4096,
					"bits_per_second":	32767.41016686735,
					"packets":	4,
					"omitted":	false,
					"sender":	true
				}],
			"sum":	{
				"start":	1.001112,
				"end":	2.00113,
				"seconds":	1.0000180006027222,
				"bytes":	4096,
				"bits_per_second":	32767.41016686735,
				"packets":	4,
				"omitted":	false,
				"sender":	true
			}
		}, {
			"streams":	[{
					"socket":	5,
					"start":	2.00113,
					"end":	3.001121,
					"seconds":	0.999990999698639,
					"bytes":	3072,
					"bits_per_second":	24576.221193397058,
					"packets":	3,
					"omitted":	false,
					"sender":	true
				}],
			"sum":	{
				"start":	2.00113,
				"end":	3.001121,
				"seconds":	0.999990999698639,
				"bytes":	3072,
				"bits_per_second":	24576.221193397058,
				"packets":	3,
				"omitted":	false,
				"sender":	true
			}
		}, {
			"streams":	[{
					"socket":	5,
					"start":	3.001121,
					"end":	4.001136,
					"seconds":	1.0000150203704834,
					"bytes":	4096,
					"bits_per_second":	32767.507819892726,
					"packets":	4,
					"omitted":	false,
					"sender":	true
				}],
			"sum":	{
				"start":	3.001121,
				"end":	4.001136,
				"seconds":	1.0000150203704834,
				"bytes":	4096,
				"bits_per_second":	32767.507819892726,
				"packets":	4,
				"omitted":	false,
				"sender":	true
			}
		}, {
			"streams":	[{
					"socket":	5,
					"start":	4.001136,
					"end":	5.001131,
					"seconds":	0.999994993209839,
					"bytes":	4096,
					"bits_per_second":	32768.164063321434,
					"packets":	4,
					"omitted":	false,
					"sender":	true
				}],
			"sum":	{
				"start":	4.001136,
				"end":	5.001131,
				"seconds":	0.999994993209839,
				"bytes":	4096,
				"bits_per_second":	32768.164063321434,
				"packets":	4,
				"omitted":	false,
				"sender":	true
			}
		}, {
			"streams":	[{
					"socket":	5,
					"start":	5.001131,
					"end":	6.001129,
					"seconds":	0.99999797344207764,
					"bytes":	3072,
					"bits_per_second":	24576.049804788432,
					"packets":	3,
					"omitted":	false,
					"sender":	true
				}],
			"sum":	{
				"start":	5.001131,
				"end":	6.001129,
				"seconds":	0.99999797344207764,
				"bytes":	3072,
				"bits_per_second":	24576.049804788432,
				"packets":	3,
				"omitted":	false,
				"sender":	true
			}
		}, {
			"streams":	[{
					"socket":	5,
					"start":	6.001129,
					"end":	7.001123,
					"seconds":	0.99999397993087769,
					"bytes":	4096,
					"bits_per_second":	32768.19726681256,
					"packets":	4,
					"omitted":	false,
					"sender":	true
				}],
			"sum":	{
				"start":	6.001129,
				"end":	7.001123,
				"seconds":	0.99999397993087769,
				"bytes":	4096,
				"bits_per_second":	32768.19726681256,
				"packets":	4,
				"omitted":	false,
				"sender":	true
			}
		}, {
			"streams":	[{
					"socket":	5,
					"start":	7.001123,
					"end":	8.001132,
					"seconds":	1.0000089406967163,
					"bytes":	4096,
					"bits_per_second":	32767.707033869323,
					"packets":	4,
					"omitted":	false,
					"sender":	true
				}],
			"sum":	{
				"start":	7.001123,
				"end":	8.001132,
				"seconds":	1.0000089406967163,
				"bytes":	4096,
				"bits_per_second":	32767.707033869323,
				"packets":	4,
				"omitted":	false,
				"sender":	true
			}
		}, {
			"streams":	[{
					"socket":	5,
					"start":	8.001132,
					"end":	9.001131,
					"seconds":	0.99999898672103882,
					"bytes":	3072,
					"bits_per_second":	24576.024902368983,
					"packets":	3,
					"omitted":	false,
					"sender":	true
				}],
			"sum":	{
				"start":	8.001132,
				"end":	9.001131,
				"seconds":	0.99999898672103882,
				"bytes":	3072,
				"bits_per_second":	24576.024902368983,
				"packets":	3,
				"omitted":	false,
				"sender":	true
			}
		}, {
			"streams":	[{
					"socket":	5,
					"start":	9.001131,
					"end":	10.001129,
					"seconds":	0.99999797344207764,
					"bytes":	4096,
					"bits_per_second":	32768.066406384576,
					"packets":	4,
					"omitted":	false,
					"sender":	true
				}],
			"sum":	{
				"start":	9.001131,
				"end":	10.001129,
				"seconds":	0.99999797344207764,
				"bytes":	4096,
				"bits_per_second":	32768.066406384576,
				"packets":	4,
				"omitted":	false,
				"sender":	true
			}
		}, {
			"streams":	[{
					"socket":	5,
					"start":	10.001129,
					"end":	11.001125,
					"seconds":	0.9999960064888,
					"bytes":	4096,
					"bits_per_second":	32768.130859897588,
					"packets":	4,
					"omitted":	false,
					"sender":	true
				}],
			"sum":	{
				"start":	10.001129,
				"end":	11.001125,
				"seconds":	0.9999960064888,
				"bytes":	4096,
				"bits_per_second":	32768.130859897588,
				"packets":	4,
				"omitted":	false,
				"sender":	true
			}
		}, {
			"streams":	[{
					"socket":	5,
					"start":	11.001125,
					"end":	12.00113,
					"seconds":	1.0000050067901611,
					"bytes":	3072,
					"bits_per_second":	24575.876953741066,
					"packets":	3,
					"omitted":	false,
					"sender":	true
				}],
			"sum":	{
				"start":	11.001125,
				"end":	12.00113,
				"seconds":	1.0000050067901611,
				"bytes":	3072,
				"bits_per_second":	24575.876953741066,
				"packets":	3,
				"omitted":	false,
				"sender":	true
			}
		}, {
			"streams":	[{
					"socket":	5,
					"start":	12.00113,
					"end":	13.001127,
					"seconds":	0.99999701976776123,
					"bytes":	4096,
					"bits_per_second":	32768.097656541038,
					"packets":	4,
					"omitted":	false,
					"sender":	true
				}],
			"sum":	{
				"start":	12.00113,
				"end":	13.001127,
				"seconds":	0.99999701976776123,
				"bytes":	4096,
				"bits_per_second":	32768.097656541038,
				"packets":	4,
				"omitted":	false,
				"sender":	true
			}
		}, {
			"streams":	[{
					"socket":	5,
					"start":	13.001127,
					"end":	14.001126,
					"seconds":	0.99999898672103882,
					"bytes":	4096,
					"bits_per_second":	32768.033203158644,
					"packets":	4,
					"omitted":	false,
					"sender":	true
				}],
			"sum":	{
				"start":	13.001127,
				"end":	14.001126,
				"seconds":	0.99999898672103882,
				"bytes":	4096,
				"bits_per_second":	32768.033203158644,
				"packets":	4,
				"omitted":	false,
				"sender":	true
			}
		}, {
			"streams":	[{
					"socket":	5,
					"start":	14.001126,
					"end":	15.001121,
					"seconds":	0.999994993209839,
					"bytes":	3072,
					"bits_per_second":	24576.123047491074,
					"packets":	3,
					"omitted":	false,
					"sender":	true
				}],
			"sum":	{
				"start":	14.001126,
				"end":	15.001121,
				"seconds":	0.999994993209839,
				"bytes":	3072,
				"bits_per_second":	24576.123047491074,
				"packets":	3,
				"omitted":	false,