{
	"start":	{
		"connected":	[{
				"socket":	5,
				"local_host":	"fd00::8",
				"local_port":	41006,
				"remote_host":	"fd00::4",
				"remote_port":	5123
			}],
		"version":	"iperf 3.18",
		"system_info":	"Linux RPI08 6.18.29+rpt-rpi-v7 #1 SMP Raspbian 1:6.18.29-1+rpt1 (2026-05-12) armv7l",
		"timestamp":	{
			"time":	"Sat, 16 May 2026 11:48:34 GMT",
			"timesecs":	1778932114
		},
		"connecting_to":	{
			"host":	"fd00::4",
			"port":	5123
		},
		"cookie":	"ezl3wdhmazpgsn74ehfk74w7vbacr4bzwtr7",
		"target_bitrate":	10000,
		"fq_rate":	0,
		"sock_bufsize":	0,
		"sndbuf_actual":	180224,
		"rcvbuf_actual":	180224,
		"test_start":	{
			"protocol":	"UDP",
			"num_streams":	1,
			"blksize":	512,
			"omit":	0,
			"duration":	30,
			"bytes":	0,
			"blocks":	0,
			"reverse":	0,
			"tos":	0,
			"target_bitrate":	10000,
			"bidir":	0,
			"fqrate":	0,
			"interval":	1
		}
	},
	"intervals":	[{
			"streams":	[{
					"socket":	5,
					"start":	0,
					"end":	1.001104,
					"seconds":	1.00110399723053,
					"bytes":	1536,
					"bits_per_second":	12274.449042251075,
					"packets":	3,
					"omitted":	false,
					"sender":	true
				}],
			"sum":	{
				"start":	0,
				"end":	1.001104,
				"seconds":	1.00110399723053,
				"bytes":	1536,
				"bits_per_second":	12274.449042251075,
				"packets":	3,
				"omitted":	false,
				"sender":	true
			}
		}, {
			"streams":	[{
					"socket":	5,
					"start":	1.001104,
					"end":	2.001139,
					"seconds":	1.0000350475311279,
					"bytes":	1024,
					"bits_per_second":	8191.7129006871219,
					"packets":	2,
					"omitted":	false,
					"sender":	true
				}],
			"sum":	{
				"start":	1.001104,
				"end":	2.001139,
				"seconds":	1.0000350475311279,
				"bytes":	1024,
				"bits_per_second":	8191.7129006871219,
				"packets":	2,
				"omitted":	false,
				"sender":	true
			}
		}, {
			"streams":	[{
					"socket":	5,
					"start":	2.001139,
					"end":	3.001133,
					"seconds":	0.99999397993087769,
					"bytes":	1536,
					"bits_per_second":	12288.073975054709,
					"packets":	3,
					"omitted":	false,
					"sender":	true
				}],
			"sum":	{
				"start":	2.001139,
				"end":	3.001133,
				"seconds":	0.99999397993087769,
				"bytes":	1536,
				"bits_per_second":	12288.073975054709,
				"packets":	3,
				"omitted":	false,
				"sender":	true
			}
		}, {
			"streams":	[{
					"socket":	5,
					"start":	3.001133,
					"end":	4.001137,
					"seconds":	1.0000040531158447,
					"bytes":	1024,
					"bits_per_second":	8191.9667970095752,
					"packets":	2,
					"omitted":	false,
					"sender":	true
				}],
			"sum":	{
				"start":	3.001133,
				"end":	4.001137,
				"seconds":	1.0000040531158447,
				"bytes":	1024,
				"bits_per_second":	8191.9667970095752,
				"packets":	2,
				"omitted":	false,
				"sender":	true
			}
		}, {
			"streams":	[{
					"socket":	5,
					"start":	4.001137,
					"end":	5.001142,
					"seconds":	1.0000050067901611,
					"bytes":	1536,
					"bits_per_second":	12287.938476870533,
					"packets":	3,
					"omitted":	false,
					"sender":	true
				}],
			"sum":	{
				"start":	4.001137,
				"end":	5.001142,
				"seconds":	1.0000050067901611,
				"bytes":	1536,
				"bits_per_second":	12287.938476870533,
				"packets":	3,
				"omitted":	false,
				"sender":	true
			}
		}, {
			"streams":	[{
					"socket":	5,
					"start":	5.001142,
					"end":	6.001144,
					"seconds":	1.0000020265579224,
					"bytes":	1024,
					"bits_per_second":	8191.983398471144,
					"packets":	2,
					"omitted":	false,
					"sender":	true
				}],
			"sum":	{
				"start":	5.001142,
				"end":	6.001144,
				"seconds":	1.0000020265579224,
				"bytes":	1024,
				"bits_per_second":	8191.983398471144,
				"packets":	2,
				"omitted":	false,
				"sender":	true
			}
		}, {
			"streams":	[{
					"socket":	5,
					"start":	6.001144,
					"end":	7.00113,
					"seconds":	0.99998599290847778,
					"bytes":	1536,
					"bits_per_second":	12288.172121551548,
					"packets":	3,
					"omitted":	false,
					"sender":	true
				}],
			"sum":	{
				"start":	6.001144,
				"end":	7.00113,
				"seconds":	0.99998599290847778,
				"bytes":	1536,
				"bits_per_second":	12288.172121551548,
				"packets":	3,
				"omitted":	false,
				"sender":	true
			}
		}, {
			"streams":	[{
					"socket":	5,
					"start":	7.00113,
					"end":	8.001142,
					"seconds":	1.0000120401382446,
					"bytes":	1024,
					"bits_per_second":	8191.9013683750381,
					"packets":	2,
					"omitted":	false,
					"sender":	true
				}],
			"sum":	{
				"start":	7.00113,
				"end":	8.001142,
				"seconds":	1.0000120401382446,
				"bytes":	1024,
				"bits_per_second":	8191.9013683750381,
				"packets":	2,
				"omitted":	false,
				"sender":	true
			}
		}, {
			"streams":	[{
					"socket":	5,
					"start":	8.001142,
					"end":	9.001135,
					"seconds":	0.99999302625656128,
					"bytes":	1024,
					"bits_per_second":	8192.057129304656,
					"packets":	2,
					"omitted":	false,
					"sender":	true
				}],
			"sum":	{
				"start":	8.001142,
				"end":	9.001135,
				"seconds":	0.99999302625656128,
				"bytes":	1024,
				"bits_per_second":	8192.057129304656,
				"packets":	2,
				"omitted":	false,
				"sender":	true
			}
		}, {
			"streams":	[{
					"socket":	5,
					"start":	9.001135,
					"end":	10.001123,
					"seconds":	0.9999880194664,
					"bytes":	1536,
					"bits_per_second":	12288.147218560633,
					"packets":	3,
					"omitted":	false,
					"sender":	true
				}],
			"sum":	{
				"start":	9.001135,
				"end":	10.001123,
				"seconds":	0.9999880194664,
				"bytes":	1536,
				"bits_per_second":	12288.147218560633,
				"packets":	3,
				"omitted":	false,
				"sender":	true
			}
		}, {
			"streams":	[{
					"socket":	5,
					"start":	10.001123,
					"end":	11.001131,
					"seconds":	1.0000079870224,
					"bytes":	1024,
					"bits_per_second":	8191.9345708350838,
					"packets":	2,
					"omitted":	false,
					"sender":	true
				}],
			"sum":	{
				"start":	10.001123,
				"end":	11.001131,
				"seconds":	1.0000079870224,
				"bytes":	1024,
				"bits_per_second":	8191.9345708350838,
				"packets":	2,
				"omitted":	false,
				"sender":	true
			}
		}, {
			"streams":	[{
					"socket":	5,
					"start":	11.001131,
					"end":	12.001126,
					"seconds":	0.999994993209839,
					"bytes":	1536,
					"bits_per_second":	12288.061523745537,
					"packets":	3,
					"omitted":	false,
					"sender":	true
				}],
			"sum":	{
				"start":	11.001131,
				"end":	12.001126,
				"seconds":	0.999994993209839,
				"bytes":	1536,
				"bits_per_second":	12288.061523745537,
				"packets":	3,
				"omitted":	false,
				"sender":	true
			}
		}, {
			"streams":	[{
					"socket":	5,
					"start":	12.001126,
					"end":	13.001124,
					"seconds":	0.99999797344207764,
					"bytes":	1024,
					"bits_per_second":	8192.016601596144,
					"packets":	2,
					"omitted":	false,
					"sender":	true
				}],
			"sum":	{
				"start":	12.001126,
				"end":	13.001124,
				"seconds":	0.99999797344207764,
				"bytes":	1024,
				"bits_per_second":	8192.016601596144,
				"packets":	2,
				"omitted":	false,
				"sender":	true
			}
		}, {
			"streams":	[{
					"socket":	5,
					"start":	13.001124,
					"end":	14.001134,
					"seconds":	1.0000100135803223,
					"bytes":	1536,
					"bits_per_second":	12287.876954357127,
					"packets":	3,
					"omitted":	false,
					"sender":	true
				}],
			"sum":	{
				"start":	13.001124,
				"end":	14.001134,
				"seconds":	1.0000100135803223,
				"bytes":	1536,
				"bits_per_second":	12287.876954357127,
				"packets":	3,
				"omitted":	false,
				"sender":	true
			}
		}, {
			"streams":	[{
					"socket":	5,
					"start":	14.001134,
					"end":	15.001128,
					"seconds":	0.99999397993087769,
					"bytes":	1024,
					"bits_per_second":	8192.04931670314,
					"packets":	2,
					"omitted":	false,
					"sender":	true
				}],
			"sum":	{
				"start":	14.001134,
				"end":	15.001128,
				"seconds":	0.99999397993087769,
				"bytes":	1024,
				"bits_per_second":	8192.04931670314,
				"packets":	2,
				"omitted":	false,