{
	"start":	{
		"connected":	[{
				"socket":	5,
				"local_host":	"fd00::8",
				"local_port":	56870,
				"remote_host":	"fd00::4",
				"remote_port":	5123
			}],
		"version":	"iperf 3.18",
		"system_info":	"Linux RPI08 6.18.29+rpt-rpi-v7 #1 SMP Raspbian 1:6.18.29-1+rpt1 (2026-05-12) armv7l",
		"timestamp":	{
			"time":	"Sat, 16 May 2026 11:46:41 GMT",
			"timesecs":	1778932001
		},
		"connecting_to":	{
			"host":	"fd00::4",
			"port":	5123
		},
		"cookie":	"dbomko7yh7ly7hlgixopxmh7fh7kyx6qpfn3",
		"target_bitrate":	10000,
		"fq_rate":	0,
		"sock_bufsize":	0,
		"sndbuf_actual":	180224,
		"rcvbuf_actual":	180224,
		"test_start":	{
			"protocol":	"UDP",
			"num_streams":	1,
			"blksize":	96,
			"omit":	0,
			"duration":	30,
			"bytes":	0,
			"blocks":	0,
			"reverse":	0,
			"tos":	0,
			"target_bitrate":	10000,
			"bidir":	0,
			"fqrate":	0,
			"interval":	1
		}
	},
	"intervals":	[{
			"streams":	[{
					"socket":	5,
					"start":	0,
					"end":	1.001103,
					"seconds":	1.0011030435562134,
					"bytes":	1344,
					"bits_per_second":	10740.153143282558,
					"packets":	14,
					"omitted":	false,
					"sender":	true
				}],
			"sum":	{
				"start":	0,
				"end":	1.001103,
				"seconds":	1.0011030435562134,
				"bytes":	1344,
				"bits_per_second":	10740.153143282558,
				"packets":	14,
				"omitted":	false,
				"sender":	true
			}
		}, {
			"streams":	[{
					"socket":	5,
					"start":	1.001103,
					"end":	2.001128,
					"seconds":	1.0000250339508057,
					"bytes":	1248,
					"bits_per_second":	9983.75006729196,
					"packets":	13,
					"omitted":	false,
					"sender":	true
				}],
			"sum":	{
				"start":	1.001103,
				"end":	2.001128,
				"seconds":	1.0000250339508057,
				"bytes":	1248,
				"bits_per_second":	9983.75006729196,
				"packets":	13,
				"omitted":	false,
				"sender":	true
			}
		}, {
			"streams":	[{
					"socket":	5,
					"start":	2.001128,
					"end":	3.001133,
					"seconds":	1.0000050067901611,
					"bytes":	1248,
					"bits_per_second":	9983.95001245731,
					"packets":	13,
					"omitted":	false,
					"sender":	true
				}],
			"sum":	{
				"start":	2.001128,
				"end":	3.001133,
				"seconds":	1.0000050067901611,
				"bytes":	1248,
				"bits_per_second":	9983.95001245731,
				"packets":	13,
				"omitted":	false,
				"sender":	true
			}
		}, {
			"streams":	[{
					"socket":	5,
					"start":	3.001133,
					"end":	4.001127,
					"seconds":	0.99999397993087769,
					"bytes":	1248,
					"bits_per_second":	9984.06010473195,
					"packets":	13,
					"omitted":	false,
					"sender":	true
				}],
			"sum":	{
				"start":	3.001133,
				"end":	4.001127,
				"seconds":	0.99999397993087769,
				"bytes":	1248,
				"bits_per_second":	9984.06010473195,
				"packets":	13,
				"omitted":	false,
				"sender":	true
			}
		}, {
			"streams":	[{
					"socket":	5,
					"start":	4.001127,
					"end":	5.001131,
					"seconds":	1.0000040531158447,
					"bytes":	1248,
					"bits_per_second":	9983.95953385542,
					"packets":	13,
					"omitted":	false,
					"sender":	true
				}],
			"sum":	{
				"start":	4.001127,
				"end":	5.001131,
				"seconds":	1.0000040531158447,
				"bytes":	1248,
				"bits_per_second":	9983.95953385542,
				"packets":	13,
				"omitted":	false,
				"sender":	true
			}
		}, {
			"streams":	[{
					"socket":	5,
					"start":	5.001131,
					"end":	6.00113,
					"seconds":	0.99999898672103882,
					"bytes":	1248,
					"bits_per_second":	9984.0101165874,
					"packets":	13,
					"omitted":	false,
					"sender":	true
				}],
			"sum":	{
				"start":	5.001131,
				"end":	6.00113,
				"seconds":	0.99999898672103882,
				"bytes":	1248,
				"bits_per_second":	9984.0101165874,
				"packets":	13,
				"omitted":	false,
				"sender":	true
			}
		}, {
			"streams":	[{
					"socket":	5,
					"start":	6.00113,
					"end":	7.001127,
					"seconds":	0.99999701976776123,
					"bytes":	1248,
					"bits_per_second":	9984.02975472735,
					"packets":	13,
					"omitted":	false,
					"sender":	true
				}],
			"sum":	{
				"start":	6.00113,
				"end":	7.001127,
				"seconds":	0.99999701976776123,
				"bytes":	1248,
				"bits_per_second":	9984.02975472735,
				"packets":	13,
				"omitted":	false,
				"sender":	true
			}
		}, {
			"streams":	[{
					"socket":	5,
					"start":	7.001127,
					"end":	8.001131,
					"seconds":	1.0000040531158447,
					"bytes":	1248,
					"bits_per_second":	9983.95953385542,
					"packets":	13,
					"omitted":	false,
					"sender":	true
				}],
			"sum":	{
				"start":	7.001127,
				"end":	8.001131,
				"seconds":	1.0000040531158447,
				"bytes":	1248,
				"bits_per_second":	9983.95953385542,
				"packets":	13,
				"omitted":	false,
				"sender":	true
			}
		}, {
			"streams":	[{
					"socket":	5,
					"start":	8.001131,
					"end":	9.001112,
					"seconds":	0.99998098611831665,
					"bytes":	1248,
					"bits_per_second":	9984.18983820429,
					"packets":	13,
					"omitted":	false,
					"sender":	true
				}],
			"sum":	{
				"start":	8.001131,
				"end":	9.001112,
				"seconds":	0.99998098611831665,
				"bytes":	1248,
				"bits_per_second":	9984.18983820429,
				"packets":	13,
				"omitted":	false,
				"sender":	true
			}
		}, {
			"streams":	[{
					"socket":	5,
					"start":	9.001112,
					"end":	10.001127,
					"seconds":	1.0000150203704834,
					"bytes":	1248,
					"bits_per_second":	9983.8500388735647,
					"packets":	13,
					"omitted":	false,
					"sender":	true
				}],
			"sum":	{
				"start":	9.001112,
				"end":	10.001127,
				"seconds":	1.0000150203704834,
				"bytes":	1248,
				"bits_per_second":	9983.8500388735647,
				"packets":	13,
				"omitted":	false,
				"sender":	true
			}
		}, {
			"streams":	[{
					"socket":	5,
					"start":	10.001127,
					"end":	11.001122,
					"seconds":	0.999994993209839,
					"bytes":	1248,
					"bits_per_second":	9984.04998804325,
					"packets":	13,
					"omitted":	false,
					"sender":	true
				}],
			"sum":	{
				"start":	10.001127,
				"end":	11.001122,
				"seconds":	0.999994993209839,
				"bytes":	1248,
				"bits_per_second":	9984.04998804325,
				"packets":	13,
				"omitted":	false,
				"sender":	true
			}
		}, {
			"streams":	[{
					"socket":	5,
					"start":	11.001122,
					"end":	12.00113,
					"seconds":	1.0000079870224,
					"bytes":	1248,
					"bits_per_second":	9983.92025820526,
					"packets":	13,
					"omitted":	false,
					"sender":	true
				}],
			"sum":	{
				"start":	11.001122,
				"end":	12.00113,
				"seconds":	1.0000079870224,
				"bytes":	1248,
				"bits_per_second":	9983.92025820526,
				"packets":	13,
				"omitted":	false,
				"sender":	true
			}
		}, {
			"streams":	[{
					"socket":	5,
					"start":	12.00113,
					"end":	13.001118,
					"seconds":	0.9999880194664,
					"bytes":	1248,
					"bits_per_second":	9984.1196150805135,
					"packets":	13,
					"omitted":	false,
					"sender":	true
				}],
			"sum":	{
				"start":	12.00113,
				"end":	13.001118,
				"seconds":	0.9999880194664,
				"bytes":	1248,
				"bits_per_second":	9984.1196150805135,
				"packets":	13,
				"omitted":	false,
				"sender":	true
			}
		}, {
			"streams":	[{
					"socket":	5,
					"start":	13.001118,
					"end":	14.001133,
					"seconds":	1.0000150203704834,
					"bytes":	1248,
					"bits_per_second":	9983.8500388735647,
					"packets":	13,
					"omitted":	false,
					"sender":	true
				}],
			"sum":	{
				"start":	13.001118,
				"end":	14.001133,
				"seconds":	1.0000150203704834,
				"bytes":	1248,
				"bits_per_second":	9983.8500388735647,
				"packets":	13,
				"omitted":	false,
				"sender":	true
			}
		}, {
			"streams":	[{
					"socket":	5,
					"start":	14.001133,
					"end":	15.001135,
					"seconds":	1.0000020265579224,
					"bytes":	1248,
					"bits_per_second":	9983.9797668867068,
					"packets":	13,
					"omitted":	false,
					"sender":	true
				}],
			"sum":	{
				"start":	14.001133,
				"end":	15.001135,
				"seconds":	1.0000020265579224,
				"bytes":	1248,
				"bits_per_second":	9983.9797668867068,
				"packets":	13,
				"omitted":	false,