{
	"start":	{
		"connected":	[{
				"socket":	5,
				"local_host":	"fd00::8",
				"local_port":	59618,
				"remote_host":	"fd00::4",
				"remote_port":	5123
			}],
		"version":	"iperf 3.18",
		"system_info":	"Linux RPI08 6.18.29+rpt-rpi-v7 #1 SMP Raspbian 1:6.18.29-1+rpt1 (2026-05-12) armv7l",
		"timestamp":	{
			"time":	"Sat, 16 May 2026 11:47:22 GMT",
			"timesecs":	1778932042
		},
		"connecting_to":	{
			"host":	"fd00::4",
			"port":	5123
		},
		"cookie":	"wab3vsr64dpetzjgxyifi3iiu5igfrny6ei4",
		"target_bitrate":	10000,
		"fq_rate":	0,
		"sock_bufsize":	0,
		"sndbuf_actual":	180224,
		"rcvbuf_actual":	180224,
		"test_start":	{
			"protocol":	"UDP",
			"num_streams":	1,
			"blksize":	128,
			"omit":	0,
			"duration":	30,
			"bytes":	0,
			"blocks":	0,
			"reverse":	0,
			"tos":	0,
			"target_bitrate":	10000,
			"bidir":	0,
			"fqrate":	0,
			"interval":	1
		}
	},
	"intervals":	[{
			"streams":	[{
					"socket":	5,
					"start":	0,
					"end":	1.000672,
					"seconds":	1.0006719827651978,
					"bytes":	1280,
					"bits_per_second":	10233.123517362194,
					"packets":	10,
					"omitted":	false,
					"sender":	true
				}],
			"sum":	{
				"start":	0,
				"end":	1.000672,
				"seconds":	1.0006719827651978,
				"bytes":	1280,
				"bits_per_second":	10233.123517362194,
				"packets":	10,
				"omitted":	false,
				"sender":	true
			}
		}, {
			"streams":	[{
					"socket":	5,
					"start":	1.000672,
					"end":	2.000682,
					"seconds":	1.0000100135803223,
					"bytes":	1280,
					"bits_per_second":	10239.897461964272,
					"packets":	10,
					"omitted":	false,
					"sender":	true
				}],
			"sum":	{
				"start":	1.000672,
				"end":	2.000682,
				"seconds":	1.0000100135803223,
				"bytes":	1280,
				"bits_per_second":	10239.897461964272,
				"packets":	10,
				"omitted":	false,
				"sender":	true
			}
		}, {
			"streams":	[{
					"socket":	5,
					"start":	2.000682,
					"end":	3.001138,
					"seconds":	1.0004559755325317,
					"bytes":	1280,
					"bits_per_second":	10235.332938612677,
					"packets":	10,
					"omitted":	false,
					"sender":	true
				}],
			"sum":	{
				"start":	2.000682,
				"end":	3.001138,
				"seconds":	1.0004559755325317,
				"bytes":	1280,
				"bits_per_second":	10235.332938612677,
				"packets":	10,
				"omitted":	false,
				"sender":	true
			}
		}, {
			"streams":	[{
					"socket":	5,
					"start":	3.001138,
					"end":	4.001131,
					"seconds":	0.99999302625656128,
					"bytes":	1280,
					"bits_per_second":	10240.071411630819,
					"packets":	10,
					"omitted":	false,
					"sender":	true
				}],
			"sum":	{
				"start":	3.001138,
				"end":	4.001131,
				"seconds":	0.99999302625656128,
				"bytes":	1280,
				"bits_per_second":	10240.071411630819,
				"packets":	10,
				"omitted":	false,
				"sender":	true
			}
		}, {
			"streams":	[{
					"socket":	5,
					"start":	4.001131,
					"end":	5.001134,
					"seconds":	1.0000029802322388,
					"bytes":	1152,
					"bits_per_second":	9215.97253426154,
					"packets":	9,
					"omitted":	false,
					"sender":	true
				}],
			"sum":	{
				"start":	4.001131,
				"end":	5.001134,
				"seconds":	1.0000029802322388,
				"bytes":	1152,
				"bits_per_second":	9215.97253426154,
				"packets":	9,
				"omitted":	false,
				"sender":	true
			}
		}, {
			"streams":	[{
					"socket":	5,
					"start":	5.001134,
					"end":	6.001142,
					"seconds":	1.0000079870224,
					"bytes":	1280,
					"bits_per_second":	10239.918213543855,
					"packets":	10,
					"omitted":	false,
					"sender":	true
				}],
			"sum":	{
				"start":	5.001134,
				"end":	6.001142,
				"seconds":	1.0000079870224,
				"bytes":	1280,
				"bits_per_second":	10239.918213543855,
				"packets":	10,
				"omitted":	false,
				"sender":	true
			}
		}, {
			"streams":	[{
					"socket":	5,
					"start":	6.001142,
					"end":	7.001137,
					"seconds":	0.999994993209839,
					"bytes":	1280,
					"bits_per_second":	10240.051269787948,
					"packets":	10,
					"omitted":	false,
					"sender":	true
				}],
			"sum":	{
				"start":	6.001142,
				"end":	7.001137,
				"seconds":	0.999994993209839,
				"bytes":	1280,
				"bits_per_second":	10240.051269787948,
				"packets":	10,
				"omitted":	false,
				"sender":	true
			}
		}, {
			"streams":	[{
					"socket":	5,
					"start":	7.001137,
					"end":	8.001127,
					"seconds":	0.99998998641967773,
					"bytes":	1280,
					"bits_per_second":	10240.102540089294,
					"packets":	10,
					"omitted":	false,
					"sender":	true
				}],
			"sum":	{
				"start":	7.001137,
				"end":	8.001127,
				"seconds":	0.99998998641967773,
				"bytes":	1280,
				"bits_per_second":	10240.102540089294,
				"packets":	10,
				"omitted":	false,
				"sender":	true
			}
		}, {
			"streams":	[{
					"socket":	5,
					"start":	8.001127,
					"end":	9.001137,
					"seconds":	1.0000100135803223,
					"bytes":	1152,
					"bits_per_second":	9215.9077157678457,
					"packets":	9,
					"omitted":	false,
					"sender":	true
				}],
			"sum":	{
				"start":	8.001127,
				"end":	9.001137,
				"seconds":	1.0000100135803223,
				"bytes":	1152,
				"bits_per_second":	9215.9077157678457,
				"packets":	9,
				"omitted":	false,
				"sender":	true
			}
		}, {
			"streams":	[{
					"socket":	5,
					"start":	9.001137,
					"end":	10.001125,
					"seconds":	0.9999880194664,
					"bytes":	1280,
					"bits_per_second":	10240.122682133861,
					"packets":	10,
					"omitted":	false,
					"sender":	true
				}],
			"sum":	{
				"start":	9.001137,
				"end":	10.001125,
				"seconds":	0.9999880194664,
				"bytes":	1280,
				"bits_per_second":	10240.122682133861,
				"packets":	10,
				"omitted":	false,
				"sender":	true
			}
		}, {
			"streams":	[{
					"socket":	5,
					"start":	10.001125,
					"end":	11.001136,
					"seconds":	1.0000109672546387,
					"bytes":	1280,
					"bits_per_second":	10239.887696544161,
					"packets":	10,
					"omitted":	false,
					"sender":	true
				}],
			"sum":	{
				"start":	10.001125,
				"end":	11.001136,
				"seconds":	1.0000109672546387,
				"bytes":	1280,
				"bits_per_second":	10239.887696544161,
				"packets":	10,
				"omitted":	false,
				"sender":	true
			}
		}, {
			"streams":	[{
					"socket":	5,
					"start":	11.001136,
					"end":	12.001128,
					"seconds":	0.9999920129776,
					"bytes":	1280,
					"bits_per_second":	10240.081787762616,
					"packets":	10,
					"omitted":	false,
					"sender":	true
				}],
			"sum":	{
				"start":	11.001136,
				"end":	12.001128,
				"seconds":	0.9999920129776,
				"bytes":	1280,
				"bits_per_second":	10240.081787762616,
				"packets":	10,
				"omitted":	false,
				"sender":	true
			}
		}, {
			"streams":	[{
					"socket":	5,
					"start":	12.001128,
					"end":	13.001137,
					"seconds":	1.0000089406967163,
					"bytes":	1152,
					"bits_per_second":	9215.9176032757459,
					"packets":	9,
					"omitted":	false,
					"sender":	true
				}],
			"sum":	{
				"start":	12.001128,
				"end":	13.001137,
				"seconds":	1.0000089406967163,
				"bytes":	1152,
				"bits_per_second":	9215.9176032757459,
				"packets":	9,
				"omitted":	false,
				"sender":	true
			}
		}, {
			"streams":	[{
					"socket":	5,
					"start":	13.001137,
					"end":	14.001137,
					"seconds":	1,
					"bytes":	1280,
					"bits_per_second":	10240,
					"packets":	10,
					"omitted":	false,
					"sender":	true
				}],
			"sum":	{
				"start":	13.001137,
				"end":	14.001137,
				"seconds":	1,
				"bytes":	1280,
				"bits_per_second":	10240,
				"packets":	10,
				"omitted":	false,
				"sender":	true
			}
		}, {
			"streams":	[{
					"socket":	5,
					"start":	14.001137,
					"end":	15.001143,
					"seconds":	1.0000059604644775,
					"bytes":	1280,
					"bits_per_second":	10239.938965207546,
					"packets":	10,
					"omitted":	false,
					"sender":	true
				}],
			"sum":	{
				"start":	14.001137,
				"end":	15.001143,
				"seconds":	1.0000059604644775,
				"bytes":	1280,
				"bits_per_second":	10239.938965207546,
				"packets":	10,
				"omitted":	false,