{
	"start":	{
		"connected":	[{
				"socket":	5,
				"local_host":	"fd00::8",
				"local_port":	50255,
				"remote_host":	"fd00::4",
				"remote_port":	5123
			}],
		"version":	"iperf 3.18",
		"system_info":	"Linux RPI08 6.18.29+rpt-rpi-v7 #1 SMP Raspbian 1:6.18.29-1+rpt1 (2026-05-12) armv7l",
		"timestamp":	{
			"time":	"Sat, 16 May 2026 11:55:43 GMT",
			"timesecs":	1778932543
		},
		"connecting_to":	{
			"host":	"fd00::4",
			"port":	5123
		},
		"cookie":	"mambskbqoezoy5iivpkygbbz2kpcorw2i3su",
		"target_bitrate":	30000,
		"fq_rate":	0,
		"sock_bufsize":	0,
		"sndbuf_actual":	180224,
		"rcvbuf_actual":	180224,
		"test_start":	{
			"protocol":	"UDP",
			"num_streams":	1,
			"blksize":	128,
			"omit":	0,
			"duration":	30,
			"bytes":	0,
			"blocks":	0,
			"reverse":	0,
			"tos":	0,
			"target_bitrate":	30000,
			"bidir":	0,
			"fqrate":	0,
			"interval":	1
		}
	},
	"intervals":	[{
			"streams":	[{
					"socket":	5,
					"start":	0,
					"end":	1.000838,
					"seconds":	1.000838041305542,
					"bytes":	3840,
					"bits_per_second":	30694.276928090516,
					"packets":	30,
					"omitted":	false,
					"sender":	true
				}],
			"sum":	{
				"start":	0,
				"end":	1.000838,
				"seconds":	1.000838041305542,
				"bytes":	3840,
				"bits_per_second":	30694.276928090516,
				"packets":	30,
				"omitted":	false,
				"sender":	true
			}
		}, {
			"streams":	[{
					"socket":	5,
					"start":	1.000838,
					"end":	2.001131,
					"seconds":	1.0002930164337158,
					"bytes":	3712,
					"bits_per_second":	29687.301132895391,
					"packets":	29,
					"omitted":	false,
					"sender":	true
				}],
			"sum":	{
				"start":	1.000838,
				"end":	2.001131,
				"seconds":	1.0002930164337158,
				"bytes":	3712,
				"bits_per_second":	29687.301132895391,
				"packets":	29,
				"omitted":	false,
				"sender":	true
			}
		}, {
			"streams":	[{
					"socket":	5,
					"start":	2.001131,
					"end":	3.001135,
					"seconds":	1.0000040531158447,
					"bytes":	3712,
					"bits_per_second":	29695.87963915971,
					"packets":	29,
					"omitted":	false,
					"sender":	true
				}],
			"sum":	{
				"start":	2.001131,
				"end":	3.001135,
				"seconds":	1.0000040531158447,
				"bytes":	3712,
				"bits_per_second":	29695.87963915971,
				"packets":	29,
				"omitted":	false,
				"sender":	true
			}
		}, {
			"streams":	[{
					"socket":	5,
					"start":	3.001135,
					"end":	4.001128,
					"seconds":	0.99999302625656128,
					"bytes":	3840,
					"bits_per_second":	30720.214234892457,
					"packets":	30,
					"omitted":	false,
					"sender":	true
				}],
			"sum":	{
				"start":	3.001135,
				"end":	4.001128,
				"seconds":	0.99999302625656128,
				"bytes":	3840,
				"bits_per_second":	30720.214234892457,
				"packets":	30,
				"omitted":	false,
				"sender":	true
			}
		}, {
			"streams":	[{
					"socket":	5,
					"start":	4.001128,
					"end":	5.001128,
					"seconds":	1,
					"bytes":	3712,
					"bits_per_second":	29696,
					"packets":	29,
					"omitted":	false,
					"sender":	true
				}],
			"sum":	{
				"start":	4.001128,
				"end":	5.001128,
				"seconds":	1,
				"bytes":	3712,
				"bits_per_second":	29696,
				"packets":	29,
				"omitted":	false,
				"sender":	true
			}
		}, {
			"streams":	[{
					"socket":	5,
					"start":	5.001128,
					"end":	6.001129,
					"seconds":	1.0000009536743164,
					"bytes":	3712,
					"bits_per_second":	29695.971679714508,
					"packets":	29,
					"omitted":	false,
					"sender":	true
				}],
			"sum":	{
				"start":	5.001128,
				"end":	6.001129,
				"seconds":	1.0000009536743164,
				"bytes":	3712,
				"bits_per_second":	29695.971679714508,
				"packets":	29,
				"omitted":	false,
				"sender":	true
			}
		}, {
			"streams":	[{
					"socket":	5,
					"start":	6.001129,
					"end":	7.001122,
					"seconds":	0.99999302625656128,
					"bytes":	3840,
					"bits_per_second":	30720.214234892457,
					"packets":	30,
					"omitted":	false,
					"sender":	true
				}],
			"sum":	{
				"start":	6.001129,
				"end":	7.001122,
				"seconds":	0.99999302625656128,
				"bytes":	3840,
				"bits_per_second":	30720.214234892457,
				"packets":	30,
				"omitted":	false,
				"sender":	true
			}
		}, {
			"streams":	[{
					"socket":	5,
					"start":	7.001122,
					"end":	8.001123,
					"seconds":	1.0000009536743164,
					"bytes":	3712,
					"bits_per_second":	29695.971679714508,
					"packets":	29,
					"omitted":	false,
					"sender":	true
				}],
			"sum":	{
				"start":	7.001122,
				"end":	8.001123,
				"seconds":	1.0000009536743164,
				"bytes":	3712,
				"bits_per_second":	29695.971679714508,
				"packets":	29,
				"omitted":	false,
				"sender":	true
			}
		}, {
			"streams":	[{
					"socket":	5,
					"start":	8.001123,
					"end":	9.001138,
					"seconds":	1.0000150203704834,
					"bytes":	3712,
					"bits_per_second":	29695.553961777783,
					"packets":	29,
					"omitted":	false,
					"sender":	true
				}],
			"sum":	{
				"start":	8.001123,
				"end":	9.001138,
				"seconds":	1.0000150203704834,
				"bytes":	3712,
				"bits_per_second":	29695.553961777783,
				"packets":	29,
				"omitted":	false,
				"sender":	true
			}
		}, {
			"streams":	[{
					"socket":	5,
					"start":	9.001138,
					"end":	10.001212,
					"seconds":	1.000074028968811,
					"bytes":	3712,
					"bits_per_second":	29693.801798472781,
					"packets":	30,
					"omitted":	false,
					"sender":	true
				}],
			"sum":	{
				"start":	9.001138,
				"end":	10.001212,
				"seconds":	1.000074028968811,
				"bytes":	3712,
				"bits_per_second":	29693.801798472781,
				"packets":	30,
				"omitted":	false,
				"sender":	true
			}
		}, {
			"streams":	[{
					"socket":	5,
					"start":	10.001212,
					"end":	11.001134,
					"seconds":	0.999921977519989,
					"bytes":	3840,
					"bits_per_second":	30722.397037608756,
					"packets":	29,
					"omitted":	false,
					"sender":	true
				}],
			"sum":	{
				"start":	10.001212,
				"end":	11.001134,
				"seconds":	0.999921977519989,
				"bytes":	3840,
				"bits_per_second":	30722.397037608756,
				"packets":	29,
				"omitted":	false,
				"sender":	true
			}
		}, {
			"streams":	[{
					"socket":	5,
					"start":	11.001134,
					"end":	12.001138,
					"seconds":	1.0000040531158447,
					"bytes":	3712,
					"bits_per_second":	29695.87963915971,
					"packets":	29,
					"omitted":	false,
					"sender":	true
				}],
			"sum":	{
				"start":	11.001134,
				"end":	12.001138,
				"seconds":	1.0000040531158447,
				"bytes":	3712,
				"bits_per_second":	29695.87963915971,
				"packets":	29,
				"omitted":	false,
				"sender":	true
			}
		}, {
			"streams":	[{
					"socket":	5,
					"start":	12.001138,
					"end":	13.001226,
					"seconds":	1.0000879764556885,
					"bytes":	3712,
					"bits_per_second":	29693.387680994441,
					"packets":	29,
					"omitted":	false,
					"sender":	true
				}],
			"sum":	{
				"start":	12.001138,
				"end":	13.001226,
				"seconds":	1.0000879764556885,
				"bytes":	3712,
				"bits_per_second":	29693.387680994441,
				"packets":	29,
				"omitted":	false,
				"sender":	true
			}
		}, {
			"streams":	[{
					"socket":	5,
					"start":	13.001226,
					"end":	14.001134,
					"seconds":	0.9999079704284668,
					"bytes":	3840,
					"bits_per_second":	30722.8274086427,
					"packets":	30,
					"omitted":	false,
					"sender":	true
				}],
			"sum":	{
				"start":	13.001226,
				"end":	14.001134,
				"seconds":	0.9999079704284668,
				"bytes":	3840,
				"bits_per_second":	30722.8274086427,
				"packets":	30,
				"omitted":	false,
				"sender":	true
			}
		}, {
			"streams":	[{
					"socket":	5,
					"start":	14.001134,
					"end":	15.001139,
					"seconds":	1.0000050067901611,
					"bytes":	3712,
					"bits_per_second":	29695.851319103789,
					"packets":	29,
					"omitted":	false,
					"sender":	true
				}],
			"sum":	{
				"start":	14.001134,
				"end":	15.001139,
				"seconds":	1.0000050067901611,
				"bytes":	3712,
				"bits_per_second":	29695.851319103789,
				"packets":	29,
				"omitted":	false,