{
	"start":	{
		"connected":	[{
				"socket":	5,
				"local_host":	"fd00::8",
				"local_port":	41551,
				"remote_host":	"fd00::4",
				"remote_port":	5123
			}],
		"version":	"iperf 3.18",
		"system_info":	"Linux RPI08 6.18.29+rpt-rpi-v7 #1 SMP Raspbian 1:6.18.29-1+rpt1 (2026-05-12) armv7l",
		"timestamp":	{
			"time":	"Sat, 16 May 2026 11:54:01 GMT",
			"timesecs":	1778932441
		},
		"connecting_to":	{
			"host":	"fd00::4",
			"port":	5123
		},
		"cookie":	"sd2tnclstkqenhhlokh2ulnvpo6qkzu6btgc",
		"target_bitrate":	30000,
		"fq_rate":	0,
		"sock_bufsize":	0,
		"sndbuf_actual":	180224,
		"rcvbuf_actual":	180224,
		"test_start":	{
			"protocol":	"UDP",
			"num_streams":	1,
			"blksize":	64,
			"omit":	0,
			"duration":	30,
			"bytes":	0,
			"blocks":	0,
			"reverse":	0,
			"tos":	0,
			"target_bitrate":	30000,
			"bidir":	0,
			"fqrate":	0,
			"interval":	1
		}
	},
	"intervals":	[{
			"streams":	[{
					"socket":	5,
					"start":	0,
					"end":	1.001109,
					"seconds":	1.0011090040206909,
					"bytes":	3776,
					"bits_per_second":	30174.536317900966,
					"packets":	59,
					"omitted":	false,
					"sender":	true
				}],
			"sum":	{
				"start":	0,
				"end":	1.001109,
				"seconds":	1.0011090040206909,
				"bytes":	3776,
				"bits_per_second":	30174.536317900966,
				"packets":	59,
				"omitted":	false,
				"sender":	true
			}
		}, {
			"streams":	[{
					"socket":	5,
					"start":	1.001109,
					"end":	2.001137,
					"seconds":	1.0000280141830444,
					"bytes":	3776,
					"bits_per_second":	30207.153771265,
					"packets":	59,
					"omitted":	false,
					"sender":	true
				}],
			"sum":	{
				"start":	1.001109,
				"end":	2.001137,
				"seconds":	1.0000280141830444,
				"bytes":	3776,
				"bits_per_second":	30207.153771265,
				"packets":	59,
				"omitted":	false,
				"sender":	true
			}
		}, {
			"streams":	[{
					"socket":	5,
					"start":	2.001137,
					"end":	3.00114,
					"seconds":	1.0000029802322388,
					"bytes":	3712,
					"bits_per_second":	29695.911499287191,
					"packets":	58,
					"omitted":	false,
					"sender":	true
				}],
			"sum":	{
				"start":	2.001137,
				"end":	3.00114,
				"seconds":	1.0000029802322388,
				"bytes":	3712,
				"bits_per_second":	29695.911499287191,
				"packets":	58,
				"omitted":	false,
				"sender":	true
			}
		}, {
			"streams":	[{
					"socket":	5,
					"start":	3.00114,
					"end":	4.001133,
					"seconds":	0.99999302625656128,
					"bytes":	3776,
					"bits_per_second":	30208.210664310915,
					"packets":	59,
					"omitted":	false,
					"sender":	true
				}],
			"sum":	{
				"start":	3.00114,
				"end":	4.001133,
				"seconds":	0.99999302625656128,
				"bytes":	3776,
				"bits_per_second":	30208.210664310915,
				"packets":	59,
				"omitted":	false,
				"sender":	true
			}
		}, {
			"streams":	[{
					"socket":	5,
					"start":	4.001133,
					"end":	5.001138,
					"seconds":	1.0000050067901611,
					"bytes":	3776,
					"bits_per_second":	30207.848755640061,
					"packets":	59,
					"omitted":	false,
					"sender":	true
				}],
			"sum":	{
				"start":	4.001133,
				"end":	5.001138,
				"seconds":	1.0000050067901611,
				"bytes":	3776,
				"bits_per_second":	30207.848755640061,
				"packets":	59,
				"omitted":	false,
				"sender":	true
			}
		}, {
			"streams":	[{
					"socket":	5,
					"start":	5.001138,
					"end":	6.001136,
					"seconds":	0.99999797344207764,
					"bytes":	3712,
					"bits_per_second":	29696.060180786022,
					"packets":	58,
					"omitted":	false,
					"sender":	true
				}],
			"sum":	{
				"start":	5.001138,
				"end":	6.001136,
				"seconds":	0.99999797344207764,
				"bytes":	3712,
				"bits_per_second":	29696.060180786022,
				"packets":	58,
				"omitted":	false,
				"sender":	true
			}
		}, {
			"streams":	[{
					"socket":	5,
					"start":	6.001136,
					"end":	7.001133,
					"seconds":	0.99999701976776123,
					"bytes":	3776,
					"bits_per_second":	30208.09002712377,
					"packets":	59,
					"omitted":	false,
					"sender":	true
				}],
			"sum":	{
				"start":	6.001136,
				"end":	7.001133,
				"seconds":	0.99999701976776123,
				"bytes":	3776,
				"bits_per_second":	30208.09002712377,
				"packets":	59,
				"omitted":	false,
				"sender":	true
			}
		}, {
			"streams":	[{
					"socket":	5,
					"start":	7.001133,
					"end":	8.001137,
					"seconds":	1.0000040531158447,
					"bytes":	3712,
					"bits_per_second":	29695.87963915971,
					"packets":	58,
					"omitted":	false,
					"sender":	true
				}],
			"sum":	{
				"start":	7.001133,
				"end":	8.001137,
				"seconds":	1.0000040531158447,
				"bytes":	3712,
				"bits_per_second":	29695.87963915971,
				"packets":	58,
				"omitted":	false,
				"sender":	true
			}
		}, {
			"streams":	[{
					"socket":	5,
					"start":	8.001137,
					"end":	9.001147,
					"seconds":	1.0000100135803223,
					"bytes":	3776,
					"bits_per_second":	30207.697512794606,
					"packets":	59,
					"omitted":	false,
					"sender":	true
				}],
			"sum":	{
				"start":	8.001137,
				"end":	9.001147,
				"seconds":	1.0000100135803223,
				"bytes":	3776,
				"bits_per_second":	30207.697512794606,
				"packets":	59,
				"omitted":	false,
				"sender":	true
			}
		}, {
			"streams":	[{
					"socket":	5,
					"start":	9.001147,
					"end":	10.00113,
					"seconds":	0.999983012676239,
					"bytes":	3712,
					"bits_per_second":	29696.5044641359,
					"packets":	58,
					"omitted":	false,
					"sender":	true
				}],
			"sum":	{
				"start":	9.001147,
				"end":	10.00113,
				"seconds":	0.999983012676239,
				"bytes":	3712,
				"bits_per_second":	29696.5044641359,
				"packets":	58,
				"omitted":	false,
				"sender":	true
			}
		}, {
			"streams":	[{
					"socket":	5,
					"start":	10.00113,
					"end":	11.001135,
					"seconds":	1.0000050067901611,
					"bytes":	3776,
					"bits_per_second":	30207.848755640061,
					"packets":	59,
					"omitted":	false,
					"sender":	true
				}],
			"sum":	{
				"start":	10.00113,
				"end":	11.001135,
				"seconds":	1.0000050067901611,
				"bytes":	3776,
				"bits_per_second":	30207.848755640061,
				"packets":	59,
				"omitted":	false,
				"sender":	true
			}
		}, {
			"streams":	[{
					"socket":	5,
					"start":	11.001135,
					"end":	12.001135,
					"seconds":	1,
					"bytes":	3776,
					"bits_per_second":	30208,
					"packets":	59,
					"omitted":	false,
					"sender":	true
				}],
			"sum":	{
				"start":	11.001135,
				"end":	12.001135,
				"seconds":	1,
				"bytes":	3776,
				"bits_per_second":	30208,
				"packets":	59,
				"omitted":	false,
				"sender":	true
			}
		}, {
			"streams":	[{
					"socket":	5,
					"start":	12.001135,
					"end":	13.001131,
					"seconds":	0.9999960064888,
					"bytes":	3712,
					"bits_per_second":	29696.118591782193,
					"packets":	58,
					"omitted":	false,
					"sender":	true
				}],
			"sum":	{
				"start":	12.001135,
				"end":	13.001131,
				"seconds":	0.9999960064888,
				"bytes":	3712,
				"bits_per_second":	29696.118591782193,
				"packets":	58,
				"omitted":	false,
				"sender":	true
			}
		}, {
			"streams":	[{
					"socket":	5,
					"start":	13.001131,
					"end":	14.001132,
					"seconds":	1.0000009536743164,
					"bytes":	3776,
					"bits_per_second":	30207.971191433724,
					"packets":	59,
					"omitted":	false,
					"sender":	true
				}],
			"sum":	{
				"start":	13.001131,
				"end":	14.001132,
				"seconds":	1.0000009536743164,
				"bytes":	3776,
				"bits_per_second":	30207.971191433724,
				"packets":	59,
				"omitted":	false,
				"sender":	true
			}
		}, {
			"streams":	[{
					"socket":	5,
					"start":	14.001132,
					"end":	15.001135,
					"seconds":	1.0000029802322388,
					"bytes":	3712,
					"bits_per_second":	29695.911499287191,
					"packets":	58,
					"omitted":	false,
					"sender":	true
				}],
			"sum":	{
				"start":	14.001132,
				"end":	15.001135,
				"seconds":	1.0000029802322388,
				"bytes":	3712,
				"bits_per_second":	29695.911499287191,
				"packets":	58,
				"omitted":	false,