{
	"start":	{
		"connected":	[{
				"socket":	5,
				"local_host":	"fd00::2",
				"local_port":	36409,
				"remote_host":	"fd00::8",
				"remote_port":	5123
			}],
		"version":	"iperf 3.18",
		"system_info":	"Linux rpi02 6.12.75+rpt-rpi-v6 #1 Raspbian 1:6.12.75-1+rpt1 (2026-03-11) armv6l",
		"timestamp":	{
			"time":	"Sun, 10 May 2026 16:36:34 GMT",
			"timesecs":	1778430994
		},
		"connecting_to":	{
			"host":	"fd00::8",
			"port":	5123
		},
		"cookie":	"bwsjiejeec2eicautm4vew7f37d5h57qvuls",
		"target_bitrate":	10000,
		"fq_rate":	0,
		"sock_bufsize":	0,
		"sndbuf_actual":	180224,
		"rcvbuf_actual":	180224,
		"test_start":	{
			"protocol":	"UDP",
			"num_streams":	1,
			"blksize":	64,
			"omit":	0,
			"duration":	30,
			"bytes":	0,
			"blocks":	0,
			"reverse":	0,
			"tos":	0,
			"target_bitrate":	10000,
			"bidir":	0,
			"fqrate":	0,
			"interval":	1
		}
	},
	"intervals":	[{
			"streams":	[{
					"socket":	5,
					"start":	0,
					"end":	1.000978,
					"seconds":	1.0009779930114746,
					"bytes":	1280,
					"bits_per_second":	10229.995136249328,
					"packets":	20,
					"omitted":	false,
					"sender":	true
				}],
			"sum":	{
				"start":	0,
				"end":	1.000978,
				"seconds":	1.0009779930114746,
				"bytes":	1280,
				"bits_per_second":	10229.995136249328,
				"packets":	20,
				"omitted":	false,
				"sender":	true
			}
		}, {
			"streams":	[{
					"socket":	5,
					"start":	1.000978,
					"end":	2.001223,
					"seconds":	1.0002449750900269,
					"bytes":	1280,
					"bits_per_second":	10237.492069458634,
					"packets":	20,
					"omitted":	false,
					"sender":	true
				}],
			"sum":	{
				"start":	1.000978,
				"end":	2.001223,
				"seconds":	1.0002449750900269,
				"bytes":	1280,
				"bits_per_second":	10237.492069458634,
				"packets":	20,
				"omitted":	false,
				"sender":	true
			}
		}, {
			"streams":	[{
					"socket":	5,
					"start":	2.001223,
					"end":	3.001249,
					"seconds":	1.0000259876251221,
					"bytes":	1216,
					"bits_per_second":	9727.74719895251,
					"packets":	19,
					"omitted":	false,
					"sender":	true
				}],
			"sum":	{
				"start":	2.001223,
				"end":	3.001249,
				"seconds":	1.0000259876251221,
				"bytes":	1216,
				"bits_per_second":	9727.74719895251,
				"packets":	19,
				"omitted":	false,
				"sender":	true
			}
		}, {
			"streams":	[{
					"socket":	5,
					"start":	3.001249,
					"end":	4.001227,
					"seconds":	0.999978005886078,
					"bytes":	1280,
					"bits_per_second":	10240.22522468018,
					"packets":	20,
					"omitted":	false,
					"sender":	true
				}],
			"sum":	{
				"start":	3.001249,
				"end":	4.001227,
				"seconds":	0.999978005886078,
				"bytes":	1280,
				"bits_per_second":	10240.22522468018,
				"packets":	20,
				"omitted":	false,
				"sender":	true
			}
		}, {
			"streams":	[{
					"socket":	5,
					"start":	4.001227,
					"end":	5.001245,
					"seconds":	1.0000180006027222,
					"bytes":	1216,
					"bits_per_second":	9727.8248932887454,
					"packets":	19,
					"omitted":	false,
					"sender":	true
				}],
			"sum":	{
				"start":	4.001227,
				"end":	5.001245,
				"seconds":	1.0000180006027222,
				"bytes":	1216,
				"bits_per_second":	9727.8248932887454,
				"packets":	19,
				"omitted":	false,
				"sender":	true
			}
		}, {
			"streams":	[{
					"socket":	5,
					"start":	5.001245,
					"end":	6.001229,
					"seconds":	0.9999840259552002,
					"bytes":	1280,
					"bits_per_second":	10240.163576831734,
					"packets":	20,
					"omitted":	false,
					"sender":	true
				}],
			"sum":	{
				"start":	5.001245,
				"end":	6.001229,
				"seconds":	0.9999840259552002,
				"bytes":	1280,
				"bits_per_second":	10240.163576831734,
				"packets":	20,
				"omitted":	false,
				"sender":	true
			}
		}, {
			"streams":	[{
					"socket":	5,
					"start":	6.001229,
					"end":	7.001243,
					"seconds":	1.0000139474868774,
					"bytes":	1216,
					"bits_per_second":	9727.86432074004,
					"packets":	19,
					"omitted":	false,
					"sender":	true
				}],
			"sum":	{
				"start":	6.001229,
				"end":	7.001243,
				"seconds":	1.0000139474868774,
				"bytes":	1216,
				"bits_per_second":	9727.86432074004,
				"packets":	19,
				"omitted":	false,
				"sender":	true
			}
		}, {
			"streams":	[{
					"socket":	5,
					"start":	7.001243,
					"end":	8.001234,
					"seconds":	0.999990999698639,
					"bytes":	1280,
					"bits_per_second":	10240.09216391544,
					"packets":	20,
					"omitted":	false,
					"sender":	true
				}],
			"sum":	{
				"start":	7.001243,
				"end":	8.001234,
				"seconds":	0.999990999698639,
				"bytes":	1280,
				"bits_per_second":	10240.09216391544,
				"packets":	20,
				"omitted":	false,
				"sender":	true
			}
		}, {
			"streams":	[{
					"socket":	5,
					"start":	8.001234,
					"end":	9.00124,
					"seconds":	1.0000059604644775,
					"bytes":	1216,
					"bits_per_second":	9727.94201694717,
					"packets":	19,
					"omitted":	false,
					"sender":	true
				}],
			"sum":	{
				"start":	8.001234,
				"end":	9.00124,
				"seconds":	1.0000059604644775,
				"bytes":	1216,
				"bits_per_second":	9727.94201694717,
				"packets":	19,
				"omitted":	false,
				"sender":	true
			}
		}, {
			"streams":	[{
					"socket":	5,
					"start":	9.00124,
					"end":	10.001232,
					"seconds":	0.9999920129776,
					"bytes":	1280,
					"bits_per_second":	10240.081787762616,
					"packets":	20,
					"omitted":	false,
					"sender":	true
				}],
			"sum":	{
				"start":	9.00124,
				"end":	10.001232,
				"seconds":	0.9999920129776,
				"bytes":	1280,
				"bits_per_second":	10240.081787762616,
				"packets":	20,
				"omitted":	false,
				"sender":	true
			}
		}, {
			"streams":	[{
					"socket":	5,
					"start":	10.001232,
					"end":	11.001247,
					"seconds":	1.0000150203704834,
					"bytes":	1216,
					"bits_per_second":	9727.8538840306537,
					"packets":	19,
					"omitted":	false,
					"sender":	true
				}],
			"sum":	{
				"start":	10.001232,
				"end":	11.001247,
				"seconds":	1.0000150203704834,
				"bytes":	1216,
				"bits_per_second":	9727.8538840306537,
				"packets":	19,
				"omitted":	false,
				"sender":	true
			}
		}, {
			"streams":	[{
					"socket":	5,
					"start":	11.001247,
					"end":	12.001242,
					"seconds":	0.999994993209839,
					"bytes":	1280,
					"bits_per_second":	10240.051269787948,
					"packets":	20,
					"omitted":	false,
					"sender":	true
				}],
			"sum":	{
				"start":	11.001247,
				"end":	12.001242,
				"seconds":	0.999994993209839,
				"bytes":	1280,
				"bits_per_second":	10240.051269787948,
				"packets":	20,
				"omitted":	false,
				"sender":	true
			}
		}, {
			"streams":	[{
					"socket":	5,
					"start":	12.001242,
					"end":	13.001231,
					"seconds":	0.99998897314071655,
					"bytes":	1216,
					"bits_per_second":	9728.1072704699654,
					"packets":	19,
					"omitted":	false,
					"sender":	true
				}],
			"sum":	{
				"start":	12.001242,
				"end":	13.001231,
				"seconds":	0.99998897314071655,
				"bytes":	1216,
				"bits_per_second":	9728.1072704699654,
				"packets":	19,
				"omitted":	false,
				"sender":	true
			}
		}, {
			"streams":	[{
					"socket":	5,
					"start":	13.001231,
					"end":	14.001257,
					"seconds":	1.0000259876251221,
					"bytes":	1280,
					"bits_per_second":	10239.733893634222,
					"packets":	20,
					"omitted":	false,
					"sender":	true
				}],
			"sum":	{
				"start":	13.001231,
				"end":	14.001257,
				"seconds":	1.0000259876251221,
				"bytes":	1280,
				"bits_per_second":	10239.733893634222,
				"packets":	20,
				"omitted":	false,
				"sender":	true
			}
		}, {
			"streams":	[{
					"socket":	5,
					"start":	14.001257,
					"end":	15.001238,
					"seconds":	0.99998098611831665,
					"bytes":	1216,
					"bits_per_second":	9728.1849705580244,
					"packets":	19,
					"omitted":	false,
					"sender":	true
				}],
			"sum":	{
				"start":	14.001257,
				"end":	15.001238,
				"seconds":	0.99998098611831665,
				"bytes":	1216,
				"bits_per_second":	9728.1849705580244,
				"packets":	19,
				"omitted":	false,