{
	"start":	{
		"connected":	[{
				"socket":	5,
				"local_host":	"fd00::2",
				"local_port":	53415,
				"remote_host":	"fd00::8",
				"remote_port":	5123
			}],
		"version":	"iperf 3.18",
		"system_info":	"Linux rpi02 6.12.75+rpt-rpi-v6 #1 Raspbian 1:6.12.75-1+rpt1 (2026-03-11) armv6l",
		"timestamp":	{
			"time":	"Sun, 10 May 2026 16:57:39 GMT",
			"timesecs":	1778432259
		},
		"connecting_to":	{
			"host":	"fd00::8",
			"port":	5123
		},
		"cookie":	"u7c56at62rnobsdvlrutejwfhbaffbdjjdyb",
		"target_bitrate":	80000,
		"fq_rate":	0,
		"sock_bufsize":	0,
		"sndbuf_actual":	180224,
		"rcvbuf_actual":	180224,
		"test_start":	{
			"protocol":	"UDP",
			"num_streams":	1,
			"blksize":	512,
			"omit":	0,
			"duration":	30,
			"bytes":	0,
			"blocks":	0,
			"reverse":	0,
			"tos":	0,
			"target_bitrate":	80000,
			"bidir":	0,
			"fqrate":	0,
			"interval":	1
		}
	},
	"intervals":	[{
			"streams":	[{
					"socket":	5,
					"start":	0,
					"end":	1.001205,
					"seconds":	1.0012049674987793,
					"bytes":	10240,
					"bits_per_second":	81821.407862820939,
					"packets":	20,
					"omitted":	false,
					"sender":	true
				}],
			"sum":	{
				"start":	0,
				"end":	1.001205,
				"seconds":	1.0012049674987793,
				"bytes":	10240,
				"bits_per_second":	81821.407862820939,
				"packets":	20,
				"omitted":	false,
				"sender":	true
			}
		}, {
			"streams":	[{
					"socket":	5,
					"start":	1.001205,
					"end":	2.001324,
					"seconds":	1.0001189708709717,
					"bytes":	10240,
					"bits_per_second":	81910.255065613324,
					"packets":	20,
					"omitted":	false,
					"sender":	true
				}],
			"sum":	{
				"start":	1.001205,
				"end":	2.001324,
				"seconds":	1.0001189708709717,
				"bytes":	10240,
				"bits_per_second":	81910.255065613324,
				"packets":	20,
				"omitted":	false,
				"sender":	true
			}
		}, {
			"streams":	[{
					"socket":	5,
					"start":	2.001324,
					"end":	3.001244,
					"seconds":	0.99992001056671143,
					"bytes":	9728,
					"bits_per_second":	77830.2255956381,
					"packets":	19,
					"omitted":	false,
					"sender":	true
				}],
			"sum":	{
				"start":	2.001324,
				"end":	3.001244,
				"seconds":	0.99992001056671143,
				"bytes":	9728,
				"bits_per_second":	77830.2255956381,
				"packets":	19,
				"omitted":	false,
				"sender":	true
			}
		}, {
			"streams":	[{
					"socket":	5,
					"start":	3.001244,
					"end":	4.001238,
					"seconds":	0.99999397993087769,
					"bytes":	10240,
					"bits_per_second":	81920.4931670314,
					"packets":	20,
					"omitted":	false,
					"sender":	true
				}],
			"sum":	{
				"start":	3.001244,
				"end":	4.001238,
				"seconds":	0.99999397993087769,
				"bytes":	10240,
				"bits_per_second":	81920.4931670314,
				"packets":	20,
				"omitted":	false,
				"sender":	true
			}
		}, {
			"streams":	[{
					"socket":	5,
					"start":	4.001238,
					"end":	5.001246,
					"seconds":	1.0000079870224,
					"bytes":	9728,
					"bits_per_second":	77823.3784229333,
					"packets":	19,
					"omitted":	false,
					"sender":	true
				}],
			"sum":	{
				"start":	4.001238,
				"end":	5.001246,
				"seconds":	1.0000079870224,
				"bytes":	9728,
				"bits_per_second":	77823.3784229333,
				"packets":	19,
				"omitted":	false,
				"sender":	true
			}
		}, {
			"streams":	[{
					"socket":	5,
					"start":	5.001246,
					"end":	6.001223,
					"seconds":	0.9999769926071167,
					"bytes":	10240,
					"bits_per_second":	81921.884808989547,
					"packets":	20,
					"omitted":	false,
					"sender":	true
				}],
			"sum":	{
				"start":	5.001246,
				"end":	6.001223,
				"seconds":	0.9999769926071167,
				"bytes":	10240,
				"bits_per_second":	81921.884808989547,
				"packets":	20,
				"omitted":	false,
				"sender":	true
			}
		}, {
			"streams":	[{
					"socket":	5,
					"start":	6.001223,
					"end":	7.001245,
					"seconds":	1.0000220537185669,
					"bytes":	9728,
					"bits_per_second":	77822.2837292564,
					"packets":	19,
					"omitted":	false,
					"sender":	true
				}],
			"sum":	{
				"start":	6.001223,
				"end":	7.001245,
				"seconds":	1.0000220537185669,
				"bytes":	9728,
				"bits_per_second":	77822.2837292564,
				"packets":	19,
				"omitted":	false,
				"sender":	true
			}
		}, {
			"streams":	[{
					"socket":	5,
					"start":	7.001245,
					"end":	8.001245,
					"seconds":	1,
					"bytes":	10240,
					"bits_per_second":	81920,
					"packets":	20,
					"omitted":	false,
					"sender":	true
				}],
			"sum":	{
				"start":	7.001245,
				"end":	8.001245,
				"seconds":	1,
				"bytes":	10240,
				"bits_per_second":	81920,
				"packets":	20,
				"omitted":	false,
				"sender":	true
			}
		}, {
			"streams":	[{
					"socket":	5,
					"start":	8.001245,
					"end":	9.001245,
					"seconds":	1,
					"bytes":	9728,
					"bits_per_second":	77824,
					"packets":	19,
					"omitted":	false,
					"sender":	true
				}],
			"sum":	{
				"start":	8.001245,
				"end":	9.001245,
				"seconds":	1,
				"bytes":	9728,
				"bits_per_second":	77824,
				"packets":	19,
				"omitted":	false,
				"sender":	true
			}
		}, {
			"streams":	[{
					"socket":	5,
					"start":	9.001245,
					"end":	10.001265,
					"seconds":	1.0000200271606445,
					"bytes":	10240,
					"bits_per_second":	81918.3594078564,
					"packets":	20,
					"omitted":	false,
					"sender":	true
				}],
			"sum":	{
				"start":	9.001245,
				"end":	10.001265,
				"seconds":	1.0000200271606445,
				"bytes":	10240,
				"bits_per_second":	81918.3594078564,
				"packets":	20,
				"omitted":	false,
				"sender":	true
			}
		}, {
			"streams":	[{
					"socket":	5,
					"start":	10.001265,
					"end":	11.001243,
					"seconds":	0.999978005886078,
					"bytes":	9728,
					"bits_per_second":	77825.711707569368,
					"packets":	19,
					"omitted":	false,
					"sender":	true
				}],
			"sum":	{
				"start":	10.001265,
				"end":	11.001243,
				"seconds":	0.999978005886078,
				"bytes":	9728,
				"bits_per_second":	77825.711707569368,
				"packets":	19,
				"omitted":	false,
				"sender":	true
			}
		}, {
			"streams":	[{
					"socket":	5,
					"start":	11.001243,
					"end":	12.001248,
					"seconds":	1.0000050067901611,
					"bytes":	10240,
					"bits_per_second":	81919.589845803552,
					"packets":	20,
					"omitted":	false,
					"sender":	true
				}],
			"sum":	{
				"start":	11.001243,
				"end":	12.001248,
				"seconds":	1.0000050067901611,
				"bytes":	10240,
				"bits_per_second":	81919.589845803552,
				"packets":	20,
				"omitted":	false,
				"sender":	true
			}
		}, {
			"streams":	[{
					"socket":	5,
					"start":	12.001248,
					"end":	13.001301,
					"seconds":	1.00005304813385,
					"bytes":	9728,
					"bits_per_second":	77819.8718010245,
					"packets":	19,
					"omitted":	false,
					"sender":	true
				}],
			"sum":	{
				"start":	12.001248,
				"end":	13.001301,
				"seconds":	1.00005304813385,
				"bytes":	9728,
				"bits_per_second":	77819.8718010245,
				"packets":	19,
				"omitted":	false,
				"sender":	true
			}
		}, {
			"streams":	[{
					"socket":	5,
					"start":	13.001301,
					"end":	14.001241,
					"seconds":	0.99993997812271118,
					"bytes":	10240,
					"bits_per_second":	81924.9172873323,
					"packets":	20,
					"omitted":	false,
					"sender":	true
				}],
			"sum":	{
				"start":	13.001301,
				"end":	14.001241,
				"seconds":	0.99993997812271118,
				"bytes":	10240,
				"bits_per_second":	81924.9172873323,
				"packets":	20,
				"omitted":	false,
				"sender":	true
			}
		}, {
			"streams":	[{
					"socket":	5,
					"start":	14.001241,
					"end":	15.001251,
					"seconds":	1.0000100135803223,
					"bytes":	9728,
					"bits_per_second":	77823.2207109285,
					"packets":	19,
					"omitted":	false,
					"sender":	true
				}],
			"sum":	{
				"start":	14.001241,
				"end":	15.001251,
				"seconds":	1.0000100135803223,
				"bytes":	9728,
				"bits_per_second":	77823.2207109285,
				"packets":	19,
				"omitted":	false,
				"sender":	true
			}
		}, {
			"streams":	[{
					"socket":	5,
					"start":	15.001251,
					"end":	16.001234,