{
	"start":	{
		"connected":	[{
				"socket":	5,
				"local_host":	"fd00::2",
				"local_port":	36209,
				"remote_host":	"fd00::8",
				"remote_port":	5123
			}],
		"version":	"iperf 3.18",
		"system_info":	"Linux rpi02 6.12.75+rpt-rpi-v6 #1 Raspbian 1:6.12.75-1+rpt1 (2026-03-11) armv6l",
		"timestamp":	{
			"time":	"Sun, 10 May 2026 16:53:13 GMT",
			"timesecs":	1778431993
		},
		"connecting_to":	{
			"host":	"fd00::8",
			"port":	5123
		},
		"cookie":	"mck3dxy57uosfgayt73liw6jb7ix4rgeacvt",
		"target_bitrate":	60000,
		"fq_rate":	0,
		"sock_bufsize":	0,
		"sndbuf_actual":	180224,
		"rcvbuf_actual":	180224,
		"test_start":	{
			"protocol":	"UDP",
			"num_streams":	1,
			"blksize":	64,
			"omit":	0,
			"duration":	30,
			"bytes":	0,
			"blocks":	0,
			"reverse":	0,
			"tos":	0,
			"target_bitrate":	60000,
			"bidir":	0,
			"fqrate":	0,
			"interval":	1
		}
	},
	"intervals":	[{
			"streams":	[{
					"socket":	5,
					"start":	0,
					"end":	1.00094,
					"seconds":	1.0009399652481079,
					"bytes":	7552,
					"bits_per_second":	60359.264389072916,
					"packets":	118,
					"omitted":	false,
					"sender":	true
				}],
			"sum":	{
				"start":	0,
				"end":	1.00094,
				"seconds":	1.0009399652481079,
				"bytes":	7552,
				"bits_per_second":	60359.264389072916,
				"packets":	118,
				"omitted":	false,
				"sender":	true
			}
		}, {
			"streams":	[{
					"socket":	5,
					"start":	1.00094,
					"end":	2.001233,
					"seconds":	1.0002930164337158,
					"bytes":	7488,
					"bits_per_second":	59886.452285323459,
					"packets":	117,
					"omitted":	false,
					"sender":	true
				}],
			"sum":	{
				"start":	1.00094,
				"end":	2.001233,
				"seconds":	1.0002930164337158,
				"bytes":	7488,
				"bits_per_second":	59886.452285323459,
				"packets":	117,
				"omitted":	false,
				"sender":	true
			}
		}, {
			"streams":	[{
					"socket":	5,
					"start":	2.001233,
					"end":	3.001281,
					"seconds":	1.000048041343689,
					"bytes":	7488,
					"bits_per_second":	59901.1222695977,
					"packets":	117,
					"omitted":	false,
					"sender":	true
				}],
			"sum":	{
				"start":	2.001233,
				"end":	3.001281,
				"seconds":	1.000048041343689,
				"bytes":	7488,
				"bits_per_second":	59901.1222695977,
				"packets":	117,
				"omitted":	false,
				"sender":	true
			}
		}, {
			"streams":	[{
					"socket":	5,
					"start":	3.001281,
					"end":	4.001238,
					"seconds":	0.999957025051117,
					"bytes":	7488,
					"bits_per_second":	59906.574481976124,
					"packets":	117,
					"omitted":	false,
					"sender":	true
				}],
			"sum":	{
				"start":	3.001281,
				"end":	4.001238,
				"seconds":	0.999957025051117,
				"bytes":	7488,
				"bits_per_second":	59906.574481976124,
				"packets":	117,
				"omitted":	false,
				"sender":	true
			}
		}, {
			"streams":	[{
					"socket":	5,
					"start":	4.001238,
					"end":	5.000936,
					"seconds":	0.999697983264923,
					"bytes":	7552,
					"bits_per_second":	60434.252155522823,
					"packets":	118,
					"omitted":	false,
					"sender":	true
				}],
			"sum":	{
				"start":	4.001238,
				"end":	5.000936,
				"seconds":	0.999697983264923,
				"bytes":	7552,
				"bits_per_second":	60434.252155522823,
				"packets":	118,
				"omitted":	false,
				"sender":	true
			}
		}, {
			"streams":	[{
					"socket":	5,
					"start":	5.000936,
					"end":	6.001231,
					"seconds":	1.0002950429916382,
					"bytes":	7488,
					"bits_per_second":	59886.330957756,
					"packets":	117,
					"omitted":	false,
					"sender":	true
				}],
			"sum":	{
				"start":	5.000936,
				"end":	6.001231,
				"seconds":	1.0002950429916382,
				"bytes":	7488,
				"bits_per_second":	59886.330957756,
				"packets":	117,
				"omitted":	false,
				"sender":	true
			}
		}, {
			"streams":	[{
					"socket":	5,
					"start":	6.001231,
					"end":	7.001228,
					"seconds":	0.99999701976776123,
					"bytes":	7488,
					"bits_per_second":	59904.178528364086,
					"packets":	117,
					"omitted":	false,
					"sender":	true
				}],
			"sum":	{
				"start":	6.001231,
				"end":	7.001228,
				"seconds":	0.99999701976776123,
				"bytes":	7488,
				"bits_per_second":	59904.178528364086,
				"packets":	117,
				"omitted":	false,
				"sender":	true
			}
		}, {
			"streams":	[{
					"socket":	5,
					"start":	7.001228,
					"end":	8.00123,
					"seconds":	1.0000020265579224,
					"bytes":	7488,
					"bits_per_second":	59903.878601320241,
					"packets":	117,
					"omitted":	false,
					"sender":	true
				}],
			"sum":	{
				"start":	7.001228,
				"end":	8.00123,
				"seconds":	1.0000020265579224,
				"bytes":	7488,
				"bits_per_second":	59903.878601320241,
				"packets":	117,
				"omitted":	false,
				"sender":	true
			}
		}, {
			"streams":	[{
					"socket":	5,
					"start":	8.00123,
					"end":	9.001223,
					"seconds":	0.99999302625656128,
					"bytes":	7488,
					"bits_per_second":	59904.4177580403,
					"packets":	117,
					"omitted":	false,
					"sender":	true
				}],
			"sum":	{
				"start":	8.00123,
				"end":	9.001223,
				"seconds":	0.99999302625656128,
				"bytes":	7488,
				"bits_per_second":	59904.4177580403,
				"packets":	117,
				"omitted":	false,
				"sender":	true
			}
		}, {
			"streams":	[{
					"socket":	5,
					"start":	9.001223,
					"end":	10.00125,
					"seconds":	1.0000269412994385,
					"bytes":	7488,
					"bits_per_second":	59902.3861518776,
					"packets":	117,
					"omitted":	false,
					"sender":	true
				}],
			"sum":	{
				"start":	9.001223,
				"end":	10.00125,
				"seconds":	1.0000269412994385,
				"bytes":	7488,
				"bits_per_second":	59902.3861518776,
				"packets":	117,
				"omitted":	false,
				"sender":	true
			}
		}, {
			"streams":	[{
					"socket":	5,
					"start":	10.00125,
					"end":	11.001228,
					"seconds":	0.999978005886078,
					"bytes":	7552,
					"bits_per_second":	60417.328825613062,
					"packets":	118,
					"omitted":	false,
					"sender":	true
				}],
			"sum":	{
				"start":	10.00125,
				"end":	11.001228,
				"seconds":	0.999978005886078,
				"bytes":	7552,
				"bits_per_second":	60417.328825613062,
				"packets":	118,
				"omitted":	false,
				"sender":	true
			}
		}, {
			"streams":	[{
					"socket":	5,
					"start":	11.001228,
					"end":	12.001277,
					"seconds":	1.0000489950180054,
					"bytes":	7488,
					"bits_per_second":	59901.065146234621,
					"packets":	117,
					"omitted":	false,
					"sender":	true
				}],
			"sum":	{
				"start":	11.001228,
				"end":	12.001277,
				"seconds":	1.0000489950180054,
				"bytes":	7488,
				"bits_per_second":	59901.065146234621,
				"packets":	117,
				"omitted":	false,
				"sender":	true
			}
		}, {
			"streams":	[{
					"socket":	5,
					"start":	12.001277,
					"end":	13.001235,
					"seconds":	0.99995797872543335,
					"bytes":	7488,
					"bits_per_second":	59906.51734821382,
					"packets":	117,
					"omitted":	false,
					"sender":	true
				}],
			"sum":	{
				"start":	12.001277,
				"end":	13.001235,
				"seconds":	0.99995797872543335,
				"bytes":	7488,
				"bits_per_second":	59906.51734821382,
				"packets":	117,
				"omitted":	false,
				"sender":	true
			}
		}, {
			"streams":	[{
					"socket":	5,
					"start":	13.001235,
					"end":	14.001232,
					"seconds":	0.99999701976776123,
					"bytes":	7488,
					"bits_per_second":	59904.178528364086,
					"packets":	117,
					"omitted":	false,
					"sender":	true
				}],
			"sum":	{
				"start":	13.001235,
				"end":	14.001232,
				"seconds":	0.99999701976776123,
				"bytes":	7488,
				"bits_per_second":	59904.178528364086,
				"packets":	117,
				"omitted":	false,
				"sender":	true
			}
		}, {
			"streams":	[{
					"socket":	5,
					"start":	14.001232,
					"end":	15.001239,
					"seconds":	1.0000070333480835,
					"bytes":	7488,
					"bits_per_second":	59903.578677279715,
					"packets":	117,
					"omitted":	false,
					"sender":	true
				}],
			"sum":	{
				"start":	14.001232,
				"end":	15.001239,
				"seconds":	1.0000070333480835,
				"bytes":	7488,
				"bits_per_second":	59903.578677279715,
				"packets":	117,