{
	"start":	{
		"connected":	[{
				"socket":	5,
				"local_host":	"fd00::2",
				"local_port":	44638,
				"remote_host":	"fd00::8",
				"remote_port":	5123
			}],
		"version":	"iperf 3.18",
		"system_info":	"Linux rpi02 6.12.75+rpt-rpi-v6 #1 Raspbian 1:6.12.75-1+rpt1 (2026-03-11) armv6l",
		"timestamp":	{
			"time":	"Sun, 10 May 2026 16:45:59 GMT",
			"timesecs":	1778431559
		},
		"connecting_to":	{
			"host":	"fd00::8",
			"port":	5123
		},
		"cookie":	"nfotdtgf5svmeq45mnvp57ba5tei7fda52vq",
		"target_bitrate":	20000,
		"fq_rate":	0,
		"sock_bufsize":	0,
		"sndbuf_actual":	180224,
		"rcvbuf_actual":	180224,
		"test_start":	{
			"protocol":	"UDP",
			"num_streams":	1,
			"blksize":	1024,
			"omit":	0,
			"duration":	30,
			"bytes":	0,
			"blocks":	0,
			"reverse":	0,
			"tos":	0,
			"target_bitrate":	20000,
			"bidir":	0,
			"fqrate":	0,
			"interval":	1
		}
	},
	"intervals":	[{
			"streams":	[{
					"socket":	5,
					"start":	0,
					"end":	1.001229,
					"seconds":	1.0012290477752686,
					"bytes":	3072,
					"bits_per_second":	24545.831999788545,
					"packets":	3,
					"omitted":	false,
					"sender":	true
				}],
			"sum":	{
				"start":	0,
				"end":	1.001229,
				"seconds":	1.0012290477752686,
				"bytes":	3072,
				"bits_per_second":	24545.831999788545,
				"packets":	3,
				"omitted":	false,
				"sender":	true
			}
		}, {
			"streams":	[{
					"socket":	5,
					"start":	1.001229,
					"end":	2.00125,
					"seconds":	1.0000209808349609,
					"bytes":	2048,
					"bits_per_second":	16383.656257212011,
					"packets":	2,
					"omitted":	false,
					"sender":	true
				}],
			"sum":	{
				"start":	1.001229,
				"end":	2.00125,
				"seconds":	1.0000209808349609,
				"bytes":	2048,
				"bits_per_second":	16383.656257212011,
				"packets":	2,
				"omitted":	false,
				"sender":	true
			}
		}, {
			"streams":	[{
					"socket":	5,
					"start":	2.00125,
					"end":	3.001249,
					"seconds":	0.99999898672103882,
					"bytes":	3072,
					"bits_per_second":	24576.024902368983,
					"packets":	3,
					"omitted":	false,
					"sender":	true
				}],
			"sum":	{
				"start":	2.00125,
				"end":	3.001249,
				"seconds":	0.99999898672103882,
				"bytes":	3072,
				"bits_per_second":	24576.024902368983,
				"packets":	3,
				"omitted":	false,
				"sender":	true
			}
		}, {
			"streams":	[{
					"socket":	5,
					"start":	3.001249,
					"end":	4.000704,
					"seconds":	0.99945497512817383,
					"bytes":	2048,
					"bits_per_second":	16392.934557055814,
					"packets":	2,
					"omitted":	false,
					"sender":	true
				}],
			"sum":	{
				"start":	3.001249,
				"end":	4.000704,
				"seconds":	0.99945497512817383,
				"bytes":	2048,
				"bits_per_second":	16392.934557055814,
				"packets":	2,
				"omitted":	false,
				"sender":	true
			}
		}, {
			"streams":	[{
					"socket":	5,
					"start":	4.000704,
					"end":	5.001252,
					"seconds":	1.0005480051040649,
					"bytes":	3072,
					"bits_per_second":	24562.5396029288,
					"packets":	3,
					"omitted":	false,
					"sender":	true
				}],
			"sum":	{
				"start":	4.000704,
				"end":	5.001252,
				"seconds":	1.0005480051040649,
				"bytes":	3072,
				"bits_per_second":	24562.5396029288,
				"packets":	3,
				"omitted":	false,
				"sender":	true
			}
		}, {
			"streams":	[{
					"socket":	5,
					"start":	5.001252,
					"end":	6.001246,
					"seconds":	0.99999397993087769,
					"bytes":	2048,
					"bits_per_second":	16384.09863340628,
					"packets":	2,
					"omitted":	false,
					"sender":	true
				}],
			"sum":	{
				"start":	5.001252,
				"end":	6.001246,
				"seconds":	0.99999397993087769,
				"bytes":	2048,
				"bits_per_second":	16384.09863340628,
				"packets":	2,
				"omitted":	false,
				"sender":	true
			}
		}, {
			"streams":	[{
					"socket":	5,
					"start":	6.001246,
					"end":	7.001247,
					"seconds":	1.0000009536743164,
					"bytes":	3072,
					"bits_per_second":	24575.976562522352,
					"packets":	3,
					"omitted":	false,
					"sender":	true
				}],
			"sum":	{
				"start":	6.001246,
				"end":	7.001247,
				"seconds":	1.0000009536743164,
				"bytes":	3072,
				"bits_per_second":	24575.976562522352,
				"packets":	3,
				"omitted":	false,
				"sender":	true
			}
		}, {
			"streams":	[{
					"socket":	5,
					"start":	7.001247,
					"end":	8.001249,
					"seconds":	1.0000020265579224,
					"bytes":	2048,
					"bits_per_second":	16383.966796942288,
					"packets":	2,
					"omitted":	false,
					"sender":	true
				}],
			"sum":	{
				"start":	7.001247,
				"end":	8.001249,
				"seconds":	1.0000020265579224,
				"bytes":	2048,
				"bits_per_second":	16383.966796942288,
				"packets":	2,
				"omitted":	false,
				"sender":	true
			}
		}, {
			"streams":	[{
					"socket":	5,
					"start":	8.001249,
					"end":	9.001256,
					"seconds":	1.0000070333480835,
					"bytes":	2048,
					"bits_per_second":	16383.884766435478,
					"packets":	2,
					"omitted":	false,
					"sender":	true
				}],
			"sum":	{
				"start":	8.001249,
				"end":	9.001256,
				"seconds":	1.0000070333480835,
				"bytes":	2048,
				"bits_per_second":	16383.884766435478,
				"packets":	2,
				"omitted":	false,
				"sender":	true
			}
		}, {
			"streams":	[{
					"socket":	5,
					"start":	9.001256,
					"end":	10.001253,
					"seconds":	0.99999701976776123,
					"bytes":	3072,
					"bits_per_second":	24576.073242405779,
					"packets":	3,
					"omitted":	false,
					"sender":	true
				}],
			"sum":	{
				"start":	9.001256,
				"end":	10.001253,
				"seconds":	0.99999701976776123,
				"bytes":	3072,
				"bits_per_second":	24576.073242405779,
				"packets":	3,
				"omitted":	false,
				"sender":	true
			}
		}, {
			"streams":	[{
					"socket":	5,
					"start":	10.001253,
					"end":	11.001253,
					"seconds":	1,
					"bytes":	2048,
					"bits_per_second":	16384,
					"packets":	2,
					"omitted":	false,
					"sender":	true
				}],
			"sum":	{
				"start":	10.001253,
				"end":	11.001253,
				"seconds":	1,
				"bytes":	2048,
				"bits_per_second":	16384,
				"packets":	2,
				"omitted":	false,
				"sender":	true
			}
		}, {
			"streams":	[{
					"socket":	5,
					"start":	11.001253,
					"end":	12.001254,
					"seconds":	1.0000009536743164,
					"bytes":	3072,
					"bits_per_second":	24575.976562522352,
					"packets":	3,
					"omitted":	false,
					"sender":	true
				}],
			"sum":	{
				"start":	11.001253,
				"end":	12.001254,
				"seconds":	1.0000009536743164,
				"bytes":	3072,
				"bits_per_second":	24575.976562522352,
				"packets":	3,
				"omitted":	false,
				"sender":	true
			}
		}, {
			"streams":	[{
					"socket":	5,
					"start":	12.001254,
					"end":	13.001251,
					"seconds":	0.99999701976776123,
					"bytes":	2048,
					"bits_per_second":	16384.048828270519,
					"packets":	2,
					"omitted":	false,
					"sender":	true
				}],
			"sum":	{
				"start":	12.001254,
				"end":	13.001251,
				"seconds":	0.99999701976776123,
				"bytes":	2048,
				"bits_per_second":	16384.048828270519,
				"packets":	2,
				"omitted":	false,
				"sender":	true
			}
		}, {
			"streams":	[{
					"socket":	5,
					"start":	13.001251,
					"end":	14.001249,
					"seconds":	0.99999797344207764,
					"bytes":	3072,
					"bits_per_second":	24576.049804788432,
					"packets":	3,
					"omitted":	false,
					"sender":	true
				}],
			"sum":	{
				"start":	13.001251,
				"end":	14.001249,
				"seconds":	0.99999797344207764,
				"bytes":	3072,
				"bits_per_second":	24576.049804788432,
				"packets":	3,
				"omitted":	false,
				"sender":	true
			}
		}, {
			"streams":	[{
					"socket":	5,
					"start":	14.001249,
					"end":	15.001246,
					"seconds":	0.99999701976776123,
					"bytes":	2048,
					"bits_per_second":	16384.048828270519,
					"packets":	2,
					"omitted":	false,
					"sender":	true
				}],
			"sum":	{
				"start":	14.001249,
				"end":	15.001246,
				"seconds":	0.99999701976776123,
				"bytes":	2048,
				"bits_per_second":	16384.048828270519,
				"packets":	2,
				"omitted":	false,