{
	"start":	{
		"connected":	[{
				"socket":	5,
				"local_host":	"fd00::2",
				"local_port":	57535,
				"remote_host":	"fd00::8",
				"remote_port":	5123
			}],
		"version":	"iperf 3.18",
		"system_info":	"Linux rpi02 6.12.75+rpt-rpi-v6 #1 Raspbian 1:6.12.75-1+rpt1 (2026-03-11) armv6l",
		"timestamp":	{
			"time":	"Sun, 10 May 2026 16:56:31 GMT",
			"timesecs":	1778432191
		},
		"connecting_to":	{
			"host":	"fd00::8",
			"port":	5123
		},
		"cookie":	"ndv2kl2vjtc2zu36cg5q3sb2ix5by6k7h3zj",
		"target_bitrate":	80000,
		"fq_rate":	0,
		"sock_bufsize":	0,
		"sndbuf_actual":	180224,
		"rcvbuf_actual":	180224,
		"test_start":	{
			"protocol":	"UDP",
			"num_streams":	1,
			"blksize":	128,
			"omit":	0,
			"duration":	30,
			"bytes":	0,
			"blocks":	0,
			"reverse":	0,
			"tos":	0,
			"target_bitrate":	80000,
			"bidir":	0,
			"fqrate":	0,
			"interval":	1
		}
	},
	"intervals":	[{
			"streams":	[{
					"socket":	5,
					"start":	0,
					"end":	1.001193,
					"seconds":	1.0011930465698242,
					"bytes":	10112,
					"bits_per_second":	80799.602311618961,
					"packets":	79,
					"omitted":	false,
					"sender":	true
				}],
			"sum":	{
				"start":	0,
				"end":	1.001193,
				"seconds":	1.0011930465698242,
				"bytes":	10112,
				"bits_per_second":	80799.602311618961,
				"packets":	79,
				"omitted":	false,
				"sender":	true
			}
		}, {
			"streams":	[{
					"socket":	5,
					"start":	1.001193,
					"end":	2.001228,
					"seconds":	1.0000350475311279,
					"bytes":	9984,
					"bits_per_second":	79869.200781699445,
					"packets":	78,
					"omitted":	false,
					"sender":	true
				}],
			"sum":	{
				"start":	1.001193,
				"end":	2.001228,
				"seconds":	1.0000350475311279,
				"bytes":	9984,
				"bits_per_second":	79869.200781699445,
				"packets":	78,
				"omitted":	false,
				"sender":	true
			}
		}, {
			"streams":	[{
					"socket":	5,
					"start":	2.001228,
					"end":	3.001232,
					"seconds":	1.0000040531158447,
					"bytes":	9984,
					"bits_per_second":	79871.676270843367,
					"packets":	78,
					"omitted":	false,
					"sender":	true
				}],
			"sum":	{
				"start":	2.001228,
				"end":	3.001232,
				"seconds":	1.0000040531158447,
				"bytes":	9984,
				"bits_per_second":	79871.676270843367,
				"packets":	78,
				"omitted":	false,
				"sender":	true
			}
		}, {
			"streams":	[{
					"socket":	5,
					"start":	3.001232,
					"end":	4.001231,
					"seconds":	0.99999898672103882,
					"bytes":	9984,
					"bits_per_second":	79872.0809326992,
					"packets":	78,
					"omitted":	false,
					"sender":	true
				}],
			"sum":	{
				"start":	3.001232,
				"end":	4.001231,
				"seconds":	0.99999898672103882,
				"bytes":	9984,
				"bits_per_second":	79872.0809326992,
				"packets":	78,
				"omitted":	false,
				"sender":	true
			}
		}, {
			"streams":	[{
					"socket":	5,
					"start":	4.001231,
					"end":	5.001238,
					"seconds":	1.0000070333480835,
					"bytes":	9984,
					"bits_per_second":	79871.438236372953,
					"packets":	78,
					"omitted":	false,
					"sender":	true
				}],
			"sum":	{
				"start":	4.001231,
				"end":	5.001238,
				"seconds":	1.0000070333480835,
				"bytes":	9984,
				"bits_per_second":	79871.438236372953,
				"packets":	78,
				"omitted":	false,
				"sender":	true
			}
		}, {
			"streams":	[{
					"socket":	5,
					"start":	5.001238,
					"end":	6.001231,
					"seconds":	0.99999302625656128,
					"bytes":	9984,
					"bits_per_second":	79872.5570107204,
					"packets":	78,
					"omitted":	false,
					"sender":	true
				}],
			"sum":	{
				"start":	5.001238,
				"end":	6.001231,
				"seconds":	0.99999302625656128,
				"bytes":	9984,
				"bits_per_second":	79872.5570107204,
				"packets":	78,
				"omitted":	false,
				"sender":	true
			}
		}, {
			"streams":	[{
					"socket":	5,
					"start":	6.001231,
					"end":	7.001236,
					"seconds":	1.0000050067901611,
					"bytes":	9984,
					"bits_per_second":	79871.600099658463,
					"packets":	78,
					"omitted":	false,
					"sender":	true
				}],
			"sum":	{
				"start":	6.001231,
				"end":	7.001236,
				"seconds":	1.0000050067901611,
				"bytes":	9984,
				"bits_per_second":	79871.600099658463,
				"packets":	78,
				"omitted":	false,
				"sender":	true
			}
		}, {
			"streams":	[{
					"socket":	5,
					"start":	7.001236,
					"end":	8.001231,
					"seconds":	0.999994993209839,
					"bytes":	10112,
					"bits_per_second":	80896.4050313248,
					"packets":	79,
					"omitted":	false,
					"sender":	true
				}],
			"sum":	{
				"start":	7.001236,
				"end":	8.001231,
				"seconds":	0.999994993209839,
				"bytes":	10112,
				"bits_per_second":	80896.4050313248,
				"packets":	79,
				"omitted":	false,
				"sender":	true
			}
		}, {
			"streams":	[{
					"socket":	5,
					"start":	8.001231,
					"end":	9.001221,
					"seconds":	0.99998998641967773,
					"bytes":	9984,
					"bits_per_second":	79872.7998126965,
					"packets":	78,
					"omitted":	false,
					"sender":	true
				}],
			"sum":	{
				"start":	8.001231,
				"end":	9.001221,
				"seconds":	0.99998998641967773,
				"bytes":	9984,
				"bits_per_second":	79872.7998126965,
				"packets":	78,
				"omitted":	false,
				"sender":	true
			}
		}, {
			"streams":	[{
					"socket":	5,
					"start":	9.001221,
					"end":	10.001227,
					"seconds":	1.0000059604644775,
					"bytes":	9984,
					"bits_per_second":	79871.523928618859,
					"packets":	78,
					"omitted":	false,
					"sender":	true
				}],
			"sum":	{
				"start":	9.001221,
				"end":	10.001227,
				"seconds":	1.0000059604644775,
				"bytes":	9984,
				"bits_per_second":	79871.523928618859,
				"packets":	78,
				"omitted":	false,
				"sender":	true
			}
		}, {
			"streams":	[{
					"socket":	5,
					"start":	10.001227,
					"end":	11.001244,
					"seconds":	1.0000170469284058,
					"bytes":	9984,
					"bits_per_second":	79870.6384509446,
					"packets":	78,
					"omitted":	false,
					"sender":	true
				}],
			"sum":	{
				"start":	10.001227,
				"end":	11.001244,
				"seconds":	1.0000170469284058,
				"bytes":	9984,
				"bits_per_second":	79870.6384509446,
				"packets":	78,
				"omitted":	false,
				"sender":	true
			}
		}, {
			"streams":	[{
					"socket":	5,
					"start":	11.001244,
					"end":	12.001235,
					"seconds":	0.999990999698639,
					"bytes":	9984,
					"bits_per_second":	79872.718878540443,
					"packets":	78,
					"omitted":	false,
					"sender":	true
				}],
			"sum":	{
				"start":	11.001244,
				"end":	12.001235,
				"seconds":	0.999990999698639,
				"bytes":	9984,
				"bits_per_second":	79872.718878540443,
				"packets":	78,
				"omitted":	false,
				"sender":	true
			}
		}, {
			"streams":	[{
					"socket":	5,
					"start":	12.001235,
					"end":	13.001232,
					"seconds":	0.99999701976776123,
					"bytes":	9984,
					"bits_per_second":	79872.2380378188,
					"packets":	78,
					"omitted":	false,
					"sender":	true
				}],
			"sum":	{
				"start":	12.001235,
				"end":	13.001232,
				"seconds":	0.99999701976776123,
				"bytes":	9984,
				"bits_per_second":	79872.2380378188,
				"packets":	78,
				"omitted":	false,
				"sender":	true
			}
		}, {
			"streams":	[{
					"socket":	5,
					"start":	13.001232,
					"end":	14.001237,
					"seconds":	1.0000050067901611,
					"bytes":	9984,
					"bits_per_second":	79871.600099658463,
					"packets":	78,
					"omitted":	false,
					"sender":	true
				}],
			"sum":	{
				"start":	13.001232,
				"end":	14.001237,
				"seconds":	1.0000050067901611,
				"bytes":	9984,
				"bits_per_second":	79871.600099658463,
				"packets":	78,
				"omitted":	false,
				"sender":	true
			}
		}, {
			"streams":	[{
					"socket":	5,
					"start":	14.001237,
					"end":	15.001235,
					"seconds":	0.99999797344207764,
					"bytes":	9984,
					"bits_per_second":	79872.1618655624,
					"packets":	78,
					"omitted":	false,
					"sender":	true
				}],
			"sum":	{
				"start":	14.001237,
				"end":	15.001235,
				"seconds":	0.99999797344207764,
				"bytes":	9984,
				"bits_per_second":	79872.1618655624,
				"packets":	78,