{
	"start":	{
		"connected":	[{
				"socket":	5,
				"local_host":	"fd00::2",
				"local_port":	49257,
				"remote_host":	"fd00::8",
				"remote_port":	5123
			}],
		"version":	"iperf 3.18",
		"system_info":	"Linux rpi02 6.12.75+rpt-rpi-v6 #1 Raspbian 1:6.12.75-1+rpt1 (2026-03-11) armv6l",
		"timestamp":	{
			"time":	"Sun, 10 May 2026 16:57:05 GMT",
			"timesecs":	1778432225
		},
		"connecting_to":	{
			"host":	"fd00::8",
			"port":	5123
		},
		"cookie":	"xl7whnj7drgvdjldetynhk7i4q7fnumugsdt",
		"target_bitrate":	80000,
		"fq_rate":	0,
		"sock_bufsize":	0,
		"sndbuf_actual":	180224,
		"rcvbuf_actual":	180224,
		"test_start":	{
			"protocol":	"UDP",
			"num_streams":	1,
			"blksize":	256,
			"omit":	0,
			"duration":	30,
			"bytes":	0,
			"blocks":	0,
			"reverse":	0,
			"tos":	0,
			"target_bitrate":	80000,
			"bidir":	0,
			"fqrate":	0,
			"interval":	1
		}
	},
	"intervals":	[{
			"streams":	[{
					"socket":	5,
					"start":	0,
					"end":	1.00099,
					"seconds":	1.0009900331497192,
					"bytes":	10240,
					"bits_per_second":	81838.9767001278,
					"packets":	40,
					"omitted":	false,
					"sender":	true
				}],
			"sum":	{
				"start":	0,
				"end":	1.00099,
				"seconds":	1.0009900331497192,
				"bytes":	10240,
				"bits_per_second":	81838.9767001278,
				"packets":	40,
				"omitted":	false,
				"sender":	true
			}
		}, {
			"streams":	[{
					"socket":	5,
					"start":	1.00099,
					"end":	2.001283,
					"seconds":	1.0002930164337158,
					"bytes":	9984,
					"bits_per_second":	79848.603047097946,
					"packets":	39,
					"omitted":	false,
					"sender":	true
				}],
			"sum":	{
				"start":	1.00099,
				"end":	2.001283,
				"seconds":	1.0002930164337158,
				"bytes":	9984,
				"bits_per_second":	79848.603047097946,
				"packets":	39,
				"omitted":	false,
				"sender":	true
			}
		}, {
			"streams":	[{
					"socket":	5,
					"start":	2.001283,
					"end":	3.001228,
					"seconds":	0.99994498491287231,
					"bytes":	9984,
					"bits_per_second":	79876.394406797728,
					"packets":	39,
					"omitted":	false,
					"sender":	true
				}],
			"sum":	{
				"start":	2.001283,
				"end":	3.001228,
				"seconds":	0.99994498491287231,
				"bytes":	9984,
				"bits_per_second":	79876.394406797728,
				"packets":	39,
				"omitted":	false,
				"sender":	true
			}
		}, {
			"streams":	[{
					"socket":	5,
					"start":	3.001228,
					"end":	4.001229,
					"seconds":	1.0000009536743164,
					"bytes":	9984,
					"bits_per_second":	79871.923828197643,
					"packets":	39,
					"omitted":	false,
					"sender":	true
				}],
			"sum":	{
				"start":	3.001228,
				"end":	4.001229,
				"seconds":	1.0000009536743164,
				"bytes":	9984,
				"bits_per_second":	79871.923828197643,
				"packets":	39,
				"omitted":	false,
				"sender":	true
			}
		}, {
			"streams":	[{
					"socket":	5,
					"start":	4.001229,
					"end":	5.001234,
					"seconds":	1.0000050067901611,
					"bytes":	9984,
					"bits_per_second":	79871.600099658463,
					"packets":	39,
					"omitted":	false,
					"sender":	true
				}],
			"sum":	{
				"start":	4.001229,
				"end":	5.001234,
				"seconds":	1.0000050067901611,
				"bytes":	9984,
				"bits_per_second":	79871.600099658463,
				"packets":	39,
				"omitted":	false,
				"sender":	true
			}
		}, {
			"streams":	[{
					"socket":	5,
					"start":	5.001234,
					"end":	6.001233,
					"seconds":	0.99999898672103882,
					"bytes":	9984,
					"bits_per_second":	79872.0809326992,
					"packets":	39,
					"omitted":	false,
					"sender":	true
				}],
			"sum":	{
				"start":	5.001234,
				"end":	6.001233,
				"seconds":	0.99999898672103882,
				"bytes":	9984,
				"bits_per_second":	79872.0809326992,
				"packets":	39,
				"omitted":	false,
				"sender":	true
			}
		}, {
			"streams":	[{
					"socket":	5,
					"start":	6.001233,
					"end":	7.001224,
					"seconds":	0.999990999698639,
					"bytes":	9984,
					"bits_per_second":	79872.718878540443,
					"packets":	39,
					"omitted":	false,
					"sender":	true
				}],
			"sum":	{
				"start":	6.001233,
				"end":	7.001224,
				"seconds":	0.999990999698639,
				"bytes":	9984,
				"bits_per_second":	79872.718878540443,
				"packets":	39,
				"omitted":	false,
				"sender":	true
			}
		}, {
			"streams":	[{
					"socket":	5,
					"start":	7.001224,
					"end":	8.001228,
					"seconds":	1.0000040531158447,
					"bytes":	9984,
					"bits_per_second":	79871.676270843367,
					"packets":	39,
					"omitted":	false,
					"sender":	true
				}],
			"sum":	{
				"start":	7.001224,
				"end":	8.001228,
				"seconds":	1.0000040531158447,
				"bytes":	9984,
				"bits_per_second":	79871.676270843367,
				"packets":	39,
				"omitted":	false,
				"sender":	true
			}
		}, {
			"streams":	[{
					"socket":	5,
					"start":	8.001228,
					"end":	9.00129,
					"seconds":	1.0000619888305664,
					"bytes":	9984,
					"bits_per_second":	79867.049135023335,
					"packets":	39,
					"omitted":	false,
					"sender":	true
				}],
			"sum":	{
				"start":	8.001228,
				"end":	9.00129,
				"seconds":	1.0000619888305664,
				"bytes":	9984,
				"bits_per_second":	79867.049135023335,
				"packets":	39,
				"omitted":	false,
				"sender":	true
			}
		}, {
			"streams":	[{
					"socket":	5,
					"start":	9.00129,
					"end":	10.001233,
					"seconds":	0.99994301795959473,
					"bytes":	9984,
					"bits_per_second":	79876.551528886659,
					"packets":	39,
					"omitted":	false,
					"sender":	true
				}],
			"sum":	{
				"start":	9.00129,
				"end":	10.001233,
				"seconds":	0.99994301795959473,
				"bytes":	9984,
				"bits_per_second":	79876.551528886659,
				"packets":	39,
				"omitted":	false,
				"sender":	true
			}
		}, {
			"streams":	[{
					"socket":	5,
					"start":	10.001233,
					"end":	11.001308,
					"seconds":	1.0000749826431274,
					"bytes":	9984,
					"bits_per_second":	79866.011435366527,
					"packets":	39,
					"omitted":	false,
					"sender":	true
				}],
			"sum":	{
				"start":	10.001233,
				"end":	11.001308,
				"seconds":	1.0000749826431274,
				"bytes":	9984,
				"bits_per_second":	79866.011435366527,
				"packets":	39,
				"omitted":	false,
				"sender":	true
			}
		}, {
			"streams":	[{
					"socket":	5,
					"start":	11.001308,
					"end":	12.001238,
					"seconds":	0.99993002414703369,
					"bytes":	9984,
					"bits_per_second":	79877.58950245833,
					"packets":	39,
					"omitted":	false,
					"sender":	true
				}],
			"sum":	{
				"start":	11.001308,
				"end":	12.001238,
				"seconds":	0.99993002414703369,
				"bytes":	9984,
				"bits_per_second":	79877.58950245833,
				"packets":	39,
				"omitted":	false,
				"sender":	true
			}
		}, {
			"streams":	[{
					"socket":	5,
					"start":	12.001238,
					"end":	13.001227,
					"seconds":	0.99998897314071655,
					"bytes":	9984,
					"bits_per_second":	79872.880747016563,
					"packets":	39,
					"omitted":	false,
					"sender":	true
				}],
			"sum":	{
				"start":	12.001238,
				"end":	13.001227,
				"seconds":	0.99998897314071655,
				"bytes":	9984,
				"bits_per_second":	79872.880747016563,
				"packets":	39,
				"omitted":	false,
				"sender":	true
			}
		}, {
			"streams":	[{
					"socket":	5,
					"start":	13.001227,
					"end":	14.001253,
					"seconds":	1.0000259876251221,
					"bytes":	9984,
					"bits_per_second":	79869.92437034694,
					"packets":	39,
					"omitted":	false,
					"sender":	true
				}],
			"sum":	{
				"start":	13.001227,
				"end":	14.001253,
				"seconds":	1.0000259876251221,
				"bytes":	9984,
				"bits_per_second":	79869.92437034694,
				"packets":	39,
				"omitted":	false,
				"sender":	true
			}
		}, {
			"streams":	[{
					"socket":	5,
					"start":	14.001253,
					"end":	15.001094,
					"seconds":	0.99984097480773926,
					"bytes":	9984,
					"bits_per_second":	79884.703680361461,
					"packets":	39,
					"omitted":	false,
					"sender":	true
				}],
			"sum":	{
				"start":	14.001253,
				"end":	15.001094,
				"seconds":	0.99984097480773926,
				"bytes":	9984,
				"bits_per_second":	79884.703680361461,
				"packets":	39,