{
	"start":	{
		"connected":	[{
				"socket":	5,
				"local_host":	"fd00::2",
				"local_port":	42068,
				"remote_host":	"fd00::8",
				"remote_port":	5123
			}],
		"version":	"iperf 3.18",
		"system_info":	"Linux rpi02 6.12.75+rpt-rpi-v6 #1 Raspbian 1:6.12.75-1+rpt1 (2026-03-11) armv6l",
		"timestamp":	{
			"time":	"Sun, 10 May 2026 16:50:26 GMT",
			"timesecs":	1778431826
		},
		"connecting_to":	{
			"host":	"fd00::8",
			"port":	5123
		},
		"cookie":	"ytrtasgeud6dbrawy3zs6lwrgaofkp6zko3r",
		"target_bitrate":	40000,
		"fq_rate":	0,
		"sock_bufsize":	0,
		"sndbuf_actual":	180224,
		"rcvbuf_actual":	180224,
		"test_start":	{
			"protocol":	"UDP",
			"num_streams":	1,
			"blksize":	128,
			"omit":	0,
			"duration":	30,
			"bytes":	0,
			"blocks":	0,
			"reverse":	0,
			"tos":	0,
			"target_bitrate":	40000,
			"bidir":	0,
			"fqrate":	0,
			"interval":	1
		}
	},
	"intervals":	[{
			"streams":	[{
					"socket":	5,
					"start":	0,
					"end":	1.001213,
					"seconds":	1.0012129545211792,
					"bytes":	5120,
					"bits_per_second":	40910.377572560217,
					"packets":	40,
					"omitted":	false,
					"sender":	true
				}],
			"sum":	{
				"start":	0,
				"end":	1.001213,
				"seconds":	1.0012129545211792,
				"bytes":	5120,
				"bits_per_second":	40910.377572560217,
				"packets":	40,
				"omitted":	false,
				"sender":	true
			}
		}, {
			"streams":	[{
					"socket":	5,
					"start":	1.001213,
					"end":	2.001216,
					"seconds":	1.0000029802322388,
					"bytes":	4992,
					"bits_per_second":	39935.880981800015,
					"packets":	39,
					"omitted":	false,
					"sender":	true
				}],
			"sum":	{
				"start":	1.001213,
				"end":	2.001216,
				"seconds":	1.0000029802322388,
				"bytes":	4992,
				"bits_per_second":	39935.880981800015,
				"packets":	39,
				"omitted":	false,
				"sender":	true
			}
		}, {
			"streams":	[{
					"socket":	5,
					"start":	2.001216,
					"end":	3.00122,
					"seconds":	1.0000040531158447,
					"bytes":	4992,
					"bits_per_second":	39935.838135421684,
					"packets":	39,
					"omitted":	false,
					"sender":	true
				}],
			"sum":	{
				"start":	2.001216,
				"end":	3.00122,
				"seconds":	1.0000040531158447,
				"bytes":	4992,
				"bits_per_second":	39935.838135421684,
				"packets":	39,
				"omitted":	false,
				"sender":	true
			}
		}, {
			"streams":	[{
					"socket":	5,
					"start":	3.00122,
					"end":	4.00124,
					"seconds":	1.0000200271606445,
					"bytes":	4992,
					"bits_per_second":	39935.20021133,
					"packets":	39,
					"omitted":	false,
					"sender":	true
				}],
			"sum":	{
				"start":	3.00122,
				"end":	4.00124,
				"seconds":	1.0000200271606445,
				"bytes":	4992,
				"bits_per_second":	39935.20021133,
				"packets":	39,
				"omitted":	false,
				"sender":	true
			}
		}, {
			"streams":	[{
					"socket":	5,
					"start":	4.00124,
					"end":	5.001225,
					"seconds":	0.9999849796295166,
					"bytes":	4992,
					"bits_per_second":	39936.599862525785,
					"packets":	39,
					"omitted":	false,
					"sender":	true
				}],
			"sum":	{
				"start":	4.00124,
				"end":	5.001225,
				"seconds":	0.9999849796295166,
				"bytes":	4992,
				"bits_per_second":	39936.599862525785,
				"packets":	39,
				"omitted":	false,
				"sender":	true
			}
		}, {
			"streams":	[{
					"socket":	5,
					"start":	5.001225,
					"end":	6.001299,
					"seconds":	1.000074028968811,
					"bytes":	4992,
					"bits_per_second":	39933.043797946149,
					"packets":	39,
					"omitted":	false,
					"sender":	true
				}],
			"sum":	{
				"start":	5.001225,
				"end":	6.001299,
				"seconds":	1.000074028968811,
				"bytes":	4992,
				"bits_per_second":	39933.043797946149,
				"packets":	39,
				"omitted":	false,
				"sender":	true
			}
		}, {
			"streams":	[{
					"socket":	5,
					"start":	6.001299,
					"end":	7.001214,
					"seconds":	0.99991500377655029,
					"bytes":	4992,
					"bits_per_second":	39939.394697716176,
					"packets":	39,
					"omitted":	false,
					"sender":	true
				}],
			"sum":	{
				"start":	6.001299,
				"end":	7.001214,
				"seconds":	0.99991500377655029,
				"bytes":	4992,
				"bits_per_second":	39939.394697716176,
				"packets":	39,
				"omitted":	false,
				"sender":	true
			}
		}, {
			"streams":	[{
					"socket":	5,
					"start":	7.001214,
					"end":	8.001247,
					"seconds":	1.0000330209732056,
					"bytes":	4992,
					"bits_per_second":	39934.681317958224,
					"packets":	39,
					"omitted":	false,
					"sender":	true
				}],
			"sum":	{
				"start":	7.001214,
				"end":	8.001247,
				"seconds":	1.0000330209732056,
				"bytes":	4992,
				"bits_per_second":	39934.681317958224,
				"packets":	39,
				"omitted":	false,
				"sender":	true
			}
		}, {
			"streams":	[{
					"socket":	5,
					"start":	8.001247,
					"end":	9.001224,
					"seconds":	0.9999769926071167,
					"bytes":	4992,
					"bits_per_second":	39936.9188443824,
					"packets":	39,
					"omitted":	false,
					"sender":	true
				}],
			"sum":	{
				"start":	8.001247,
				"end":	9.001224,
				"seconds":	0.9999769926071167,
				"bytes":	4992,
				"bits_per_second":	39936.9188443824,
				"packets":	39,
				"omitted":	false,
				"sender":	true
			}
		}, {
			"streams":	[{
					"socket":	5,
					"start":	9.001224,
					"end":	10.001226,
					"seconds":	1.0000020265579224,
					"bytes":	4992,
					"bits_per_second":	39935.919067546827,
					"packets":	39,
					"omitted":	false,
					"sender":	true
				}],
			"sum":	{
				"start":	9.001224,
				"end":	10.001226,
				"seconds":	1.0000020265579224,
				"bytes":	4992,
				"bits_per_second":	39935.919067546827,
				"packets":	39,
				"omitted":	false,
				"sender":	true
			}
		}, {
			"streams":	[{
					"socket":	5,
					"start":	10.001226,
					"end":	11.001301,
					"seconds":	1.0000749826431274,
					"bytes":	4992,
					"bits_per_second":	39933.005717683263,
					"packets":	39,
					"omitted":	false,
					"sender":	true
				}],
			"sum":	{
				"start":	10.001226,
				"end":	11.001301,
				"seconds":	1.0000749826431274,
				"bytes":	4992,
				"bits_per_second":	39933.005717683263,
				"packets":	39,
				"omitted":	false,
				"sender":	true
			}
		}, {
			"streams":	[{
					"socket":	5,
					"start":	11.001301,
					"end":	12.001236,
					"seconds":	0.99993497133255,
					"bytes":	4992,
					"bits_per_second":	39938.597153752729,
					"packets":	39,
					"omitted":	false,
					"sender":	true
				}],
			"sum":	{
				"start":	11.001301,
				"end":	12.001236,
				"seconds":	0.99993497133255,
				"bytes":	4992,
				"bits_per_second":	39938.597153752729,
				"packets":	39,
				"omitted":	false,
				"sender":	true
			}
		}, {
			"streams":	[{
					"socket":	5,
					"start":	12.001236,
					"end":	13.00123,
					"seconds":	0.99999397993087769,
					"bytes":	4992,
					"bits_per_second":	39936.2404189278,
					"packets":	39,
					"omitted":	false,
					"sender":	true
				}],
			"sum":	{
				"start":	12.001236,
				"end":	13.00123,
				"seconds":	0.99999397993087769,
				"bytes":	4992,
				"bits_per_second":	39936.2404189278,
				"packets":	39,
				"omitted":	false,
				"sender":	true
			}
		}, {
			"streams":	[{
					"socket":	5,
					"start":	13.00123,
					"end":	14.001241,
					"seconds":	1.0000109672546387,
					"bytes":	4992,
					"bits_per_second":	39935.562016522228,
					"packets":	39,
					"omitted":	false,
					"sender":	true
				}],
			"sum":	{
				"start":	13.00123,
				"end":	14.001241,
				"seconds":	1.0000109672546387,
				"bytes":	4992,
				"bits_per_second":	39935.562016522228,
				"packets":	39,
				"omitted":	false,
				"sender":	true
			}
		}, {
			"streams":	[{
					"socket":	5,
					"start":	14.001241,
					"end":	15.001247,
					"seconds":	1.0000059604644775,
					"bytes":	4992,
					"bits_per_second":	39935.761964309429,
					"packets":	39,
					"omitted":	false,
					"sender":	true
				}],
			"sum":	{
				"start":	14.001241,
				"end":	15.001247,
				"seconds":	1.0000059604644775,
				"bytes":	4992,
				"bits_per_second":	39935.761964309429,
				"packets":	39,
				"omitted":	false,