{
	"start":	{
		"connected":	[{
				"socket":	5,
				"local_host":	"fd00::2",
				"local_port":	45215,
				"remote_host":	"fd00::8",
				"remote_port":	5123
			}],
		"version":	"iperf 3.18",
		"system_info":	"Linux rpi02 6.12.75+rpt-rpi-v6 #1 Raspbian 1:6.12.75-1+rpt1 (2026-03-11) armv6l",
		"timestamp":	{
			"time":	"Sun, 10 May 2026 16:49:53 GMT",
			"timesecs":	1778431793
		},
		"connecting_to":	{
			"host":	"fd00::8",
			"port":	5123
		},
		"cookie":	"klnecput6rgkvyowaoowzaa4sgi63v4fmxyg",
		"target_bitrate":	40000,
		"fq_rate":	0,
		"sock_bufsize":	0,
		"sndbuf_actual":	180224,
		"rcvbuf_actual":	180224,
		"test_start":	{
			"protocol":	"UDP",
			"num_streams":	1,
			"blksize":	64,
			"omit":	0,
			"duration":	30,
			"bytes":	0,
			"blocks":	0,
			"reverse":	0,
			"tos":	0,
			"target_bitrate":	40000,
			"bidir":	0,
			"fqrate":	0,
			"interval":	1
		}
	},
	"intervals":	[{
			"streams":	[{
					"socket":	5,
					"start":	0,
					"end":	1.001225,
					"seconds":	1.0012249946594238,
					"bytes":	5056,
					"bits_per_second":	40398.512038504166,
					"packets":	79,
					"omitted":	false,
					"sender":	true
				}],
			"sum":	{
				"start":	0,
				"end":	1.001225,
				"seconds":	1.0012249946594238,
				"bytes":	5056,
				"bits_per_second":	40398.512038504166,
				"packets":	79,
				"omitted":	false,
				"sender":	true
			}
		}, {
			"streams":	[{
					"socket":	5,
					"start":	1.001225,
					"end":	2.000393,
					"seconds":	0.99916797876358032,
					"bytes":	4992,
					"bits_per_second":	39969.255269187845,
					"packets":	78,
					"omitted":	false,
					"sender":	true
				}],
			"sum":	{
				"start":	1.001225,
				"end":	2.000393,
				"seconds":	0.99916797876358032,
				"bytes":	4992,
				"bits_per_second":	39969.255269187845,
				"packets":	78,
				"omitted":	false,
				"sender":	true
			}
		}, {
			"streams":	[{
					"socket":	5,
					"start":	2.000393,
					"end":	3.001234,
					"seconds":	1.0008410215377808,
					"bytes":	4992,
					"bits_per_second":	39902.441187551238,
					"packets":	78,
					"omitted":	false,
					"sender":	true
				}],
			"sum":	{
				"start":	2.000393,
				"end":	3.001234,
				"seconds":	1.0008410215377808,
				"bytes":	4992,
				"bits_per_second":	39902.441187551238,
				"packets":	78,
				"omitted":	false,
				"sender":	true
			}
		}, {
			"streams":	[{
					"socket":	5,
					"start":	3.001234,
					"end":	4.001224,
					"seconds":	0.99998998641967773,
					"bytes":	4992,
					"bits_per_second":	39936.399906348248,
					"packets":	78,
					"omitted":	false,
					"sender":	true
				}],
			"sum":	{
				"start":	3.001234,
				"end":	4.001224,
				"seconds":	0.99998998641967773,
				"bytes":	4992,
				"bits_per_second":	39936.399906348248,
				"packets":	78,
				"omitted":	false,
				"sender":	true
			}
		}, {
			"streams":	[{
					"socket":	5,
					"start":	4.001224,
					"end":	5.001223,
					"seconds":	0.99999898672103882,
					"bytes":	4992,
					"bits_per_second":	39936.0404663496,
					"packets":	78,
					"omitted":	false,
					"sender":	true
				}],
			"sum":	{
				"start":	4.001224,
				"end":	5.001223,
				"seconds":	0.99999898672103882,
				"bytes":	4992,
				"bits_per_second":	39936.0404663496,
				"packets":	78,
				"omitted":	false,
				"sender":	true
			}
		}, {
			"streams":	[{
					"socket":	5,
					"start":	5.001223,
					"end":	6.001231,
					"seconds":	1.0000079870224,
					"bytes":	4992,
					"bits_per_second":	39935.681032821034,
					"packets":	78,
					"omitted":	false,
					"sender":	true
				}],
			"sum":	{
				"start":	5.001223,
				"end":	6.001231,
				"seconds":	1.0000079870224,
				"bytes":	4992,
				"bits_per_second":	39935.681032821034,
				"packets":	78,
				"omitted":	false,
				"sender":	true
			}
		}, {
			"streams":	[{
					"socket":	5,
					"start":	6.001231,
					"end":	7.000606,
					"seconds":	0.99937498569488525,
					"bytes":	4992,
					"bits_per_second":	39960.97618175995,
					"packets":	78,
					"omitted":	false,
					"sender":	true
				}],
			"sum":	{
				"start":	6.001231,
				"end":	7.000606,
				"seconds":	0.99937498569488525,
				"bytes":	4992,
				"bits_per_second":	39960.97618175995,
				"packets":	78,
				"omitted":	false,
				"sender":	true
			}
		}, {
			"streams":	[{
					"socket":	5,
					"start":	7.000606,
					"end":	8.000562,
					"seconds":	0.99995601177215576,
					"bytes":	4992,
					"bits_per_second":	39937.756791145315,
					"packets":	79,
					"omitted":	false,
					"sender":	true
				}],
			"sum":	{
				"start":	7.000606,
				"end":	8.000562,
				"seconds":	0.99995601177215576,
				"bytes":	4992,
				"bits_per_second":	39937.756791145315,
				"packets":	79,
				"omitted":	false,
				"sender":	true
			}
		}, {
			"streams":	[{
					"socket":	5,
					"start":	8.000562,
					"end":	9.001234,
					"seconds":	1.0006719827651978,
					"bytes":	5056,
					"bits_per_second":	40420.837893580661,
					"packets":	78,
					"omitted":	false,
					"sender":	true
				}],
			"sum":	{
				"start":	8.000562,
				"end":	9.001234,
				"seconds":	1.0006719827651978,
				"bytes":	5056,
				"bits_per_second":	40420.837893580661,
				"packets":	78,
				"omitted":	false,
				"sender":	true
			}
		}, {
			"streams":	[{
					"socket":	5,
					"start":	9.001234,
					"end":	10.001235,
					"seconds":	1.0000009536743164,
					"bytes":	4992,
					"bits_per_second":	39935.961914098822,
					"packets":	78,
					"omitted":	false,
					"sender":	true
				}],
			"sum":	{
				"start":	9.001234,
				"end":	10.001235,
				"seconds":	1.0000009536743164,
				"bytes":	4992,
				"bits_per_second":	39935.961914098822,
				"packets":	78,
				"omitted":	false,
				"sender":	true
			}
		}, {
			"streams":	[{
					"socket":	5,
					"start":	10.001235,
					"end":	11.000434,
					"seconds":	0.99919897317886353,
					"bytes":	4992,
					"bits_per_second":	39968.01545236494,
					"packets":	78,
					"omitted":	false,
					"sender":	true
				}],
			"sum":	{
				"start":	10.001235,
				"end":	11.000434,
				"seconds":	0.99919897317886353,
				"bytes":	4992,
				"bits_per_second":	39968.01545236494,
				"packets":	78,
				"omitted":	false,
				"sender":	true
			}
		}, {
			"streams":	[{
					"socket":	5,
					"start":	11.000434,
					"end":	12.001245,
					"seconds":	1.000810980796814,
					"bytes":	4992,
					"bits_per_second":	39903.638915116841,
					"packets":	78,
					"omitted":	false,
					"sender":	true
				}],
			"sum":	{
				"start":	11.000434,
				"end":	12.001245,
				"seconds":	1.000810980796814,
				"bytes":	4992,
				"bits_per_second":	39903.638915116841,
				"packets":	78,
				"omitted":	false,
				"sender":	true
			}
		}, {
			"streams":	[{
					"socket":	5,
					"start":	12.001245,
					"end":	13.001304,
					"seconds":	1.0000590085983276,
					"bytes":	4992,
					"bits_per_second":	39933.643571666718,
					"packets":	78,
					"omitted":	false,
					"sender":	true
				}],
			"sum":	{
				"start":	12.001245,
				"end":	13.001304,
				"seconds":	1.0000590085983276,
				"bytes":	4992,
				"bits_per_second":	39933.643571666718,
				"packets":	78,
				"omitted":	false,
				"sender":	true
			}
		}, {
			"streams":	[{
					"socket":	5,
					"start":	13.001304,
					"end":	14.00126,
					"seconds":	0.99995601177215576,
					"bytes":	4992,
					"bits_per_second":	39937.756791145315,
					"packets":	78,
					"omitted":	false,
					"sender":	true
				}],
			"sum":	{
				"start":	13.001304,
				"end":	14.00126,
				"seconds":	0.99995601177215576,
				"bytes":	4992,
				"bits_per_second":	39937.756791145315,
				"packets":	78,
				"omitted":	false,
				"sender":	true
			}
		}, {
			"streams":	[{
					"socket":	5,
					"start":	14.00126,
					"end":	15.001257,
					"seconds":	0.99999701976776123,
					"bytes":	4992,
					"bits_per_second":	39936.1190189094,
					"packets":	78,
					"omitted":	false,
					"sender":	true
				}],
			"sum":	{
				"start":	14.00126,
				"end":	15.001257,
				"seconds":	0.99999701976776123,
				"bytes":	4992,
				"bits_per_second":	39936.1190189094,
				"packets":	78,