{
	"start":	{
		"connected":	[{
				"socket":	5,
				"local_host":	"fd00::2",
				"local_port":	38613,
				"remote_host":	"fd00::8",
				"remote_port":	5123
			}],
		"version":	"iperf 3.18",
		"system_info":	"Linux rpi02 6.12.75+rpt-rpi-v6 #1 Raspbian 1:6.12.75-1+rpt1 (2026-03-11) armv6l",
		"timestamp":	{
			"time":	"Sun, 10 May 2026 16:04:32 GMT",
			"timesecs":	1778429072
		},
		"connecting_to":	{
			"host":	"fd00::8",
			"port":	5123
		},
		"cookie":	"zfkgjdhmsubrk3usift7qeygkliab5q4dedz",
		"target_bitrate":	30000,
		"fq_rate":	0,
		"sock_bufsize":	0,
		"sndbuf_actual":	180224,
		"rcvbuf_actual":	180224,
		"test_start":	{
			"protocol":	"UDP",
			"num_streams":	1,
			"blksize":	64,
			"omit":	0,
			"duration":	30,
			"bytes":	0,
			"blocks":	0,
			"reverse":	0,
			"tos":	0,
			"target_bitrate":	30000,
			"bidir":	0,
			"fqrate":	0,
			"interval":	1
		}
	},
	"intervals":	[{
			"streams":	[{
					"socket":	5,
					"start":	0,
					"end":	1.001255,
					"seconds":	1.0012550354003906,
					"bytes":	3776,
					"bits_per_second":	30170.135412023334,
					"packets":	59,
					"omitted":	false,
					"sender":	true
				}],
			"sum":	{
				"start":	0,
				"end":	1.001255,
				"seconds":	1.0012550354003906,
				"bytes":	3776,
				"bits_per_second":	30170.135412023334,
				"packets":	59,
				"omitted":	false,
				"sender":	true
			}
		}, {
			"streams":	[{
					"socket":	5,
					"start":	1.001255,
					"end":	2.001247,
					"seconds":	0.9999920129776,
					"bytes":	3776,
					"bits_per_second":	30208.241273899715,
					"packets":	59,
					"omitted":	false,
					"sender":	true
				}],
			"sum":	{
				"start":	1.001255,
				"end":	2.001247,
				"seconds":	0.9999920129776,
				"bytes":	3776,
				"bits_per_second":	30208.241273899715,
				"packets":	59,
				"omitted":	false,
				"sender":	true
			}
		}, {
			"streams":	[{
					"socket":	5,
					"start":	2.001247,
					"end":	3.001255,
					"seconds":	1.0000079870224,
					"bytes":	3712,
					"bits_per_second":	29695.762819277181,
					"packets":	58,
					"omitted":	false,
					"sender":	true
				}],
			"sum":	{
				"start":	2.001247,
				"end":	3.001255,
				"seconds":	1.0000079870224,
				"bytes":	3712,
				"bits_per_second":	29695.762819277181,
				"packets":	58,
				"omitted":	false,
				"sender":	true
			}
		}, {
			"streams":	[{
					"socket":	5,
					"start":	3.001255,
					"end":	4.001264,
					"seconds":	1.0000089406967163,
					"bytes":	3776,
					"bits_per_second":	30207.72992184828,
					"packets":	59,
					"omitted":	false,
					"sender":	true
				}],
			"sum":	{
				"start":	3.001255,
				"end":	4.001264,
				"seconds":	1.0000089406967163,
				"bytes":	3776,
				"bits_per_second":	30207.72992184828,
				"packets":	59,
				"omitted":	false,
				"sender":	true
			}
		}, {
			"streams":	[{
					"socket":	5,
					"start":	4.001264,
					"end":	5.001058,
					"seconds":	0.99979400634765625,
					"bytes":	3712,
					"bits_per_second":	29702.118447861423,
					"packets":	59,
					"omitted":	false,
					"sender":	true
				}],
			"sum":	{
				"start":	4.001264,
				"end":	5.001058,
				"seconds":	0.99979400634765625,
				"bytes":	3712,
				"bits_per_second":	29702.118447861423,
				"packets":	59,
				"omitted":	false,
				"sender":	true
			}
		}, {
			"streams":	[{
					"socket":	5,
					"start":	5.001058,
					"end":	6.001261,
					"seconds":	1.000203013420105,
					"bytes":	3776,
					"bits_per_second":	30201.868615358835,
					"packets":	58,
					"omitted":	false,
					"sender":	true
				}],
			"sum":	{
				"start":	5.001058,
				"end":	6.001261,
				"seconds":	1.000203013420105,
				"bytes":	3776,
				"bits_per_second":	30201.868615358835,
				"packets":	58,
				"omitted":	false,
				"sender":	true
			}
		}, {
			"streams":	[{
					"socket":	5,
					"start":	6.001261,
					"end":	7.001249,
					"seconds":	0.9999880194664,
					"bytes":	3776,
					"bits_per_second":	30208.361912294888,
					"packets":	59,
					"omitted":	false,
					"sender":	true
				}],
			"sum":	{
				"start":	6.001261,
				"end":	7.001249,
				"seconds":	0.9999880194664,
				"bytes":	3776,
				"bits_per_second":	30208.361912294888,
				"packets":	59,
				"omitted":	false,
				"sender":	true
			}
		}, {
			"streams":	[{
					"socket":	5,
					"start":	7.001249,
					"end":	8.001254,
					"seconds":	1.0000050067901611,
					"bytes":	3712,
					"bits_per_second":	29695.851319103789,
					"packets":	58,
					"omitted":	false,
					"sender":	true
				}],
			"sum":	{
				"start":	7.001249,
				"end":	8.001254,
				"seconds":	1.0000050067901611,
				"bytes":	3712,
				"bits_per_second":	29695.851319103789,
				"packets":	58,
				"omitted":	false,
				"sender":	true
			}
		}, {
			"streams":	[{
					"socket":	5,
					"start":	8.001254,
					"end":	9.001248,
					"seconds":	0.99999397993087769,
					"bytes":	3776,
					"bits_per_second":	30208.181855342827,
					"packets":	59,
					"omitted":	false,
					"sender":	true
				}],
			"sum":	{
				"start":	8.001254,
				"end":	9.001248,
				"seconds":	0.99999397993087769,
				"bytes":	3776,
				"bits_per_second":	30208.181855342827,
				"packets":	59,
				"omitted":	false,
				"sender":	true
			}
		}, {
			"streams":	[{
					"socket":	5,
					"start":	9.001248,
					"end":	10.001545,
					"seconds":	1.000296950340271,
					"bytes":	3712,
					"bits_per_second":	29687.184380496525,
					"packets":	59,
					"omitted":	false,
					"sender":	true
				}],
			"sum":	{
				"start":	9.001248,
				"end":	10.001545,
				"seconds":	1.000296950340271,
				"bytes":	3712,
				"bits_per_second":	29687.184380496525,
				"packets":	59,
				"omitted":	false,
				"sender":	true
			}
		}, {
			"streams":	[{
					"socket":	5,
					"start":	10.001545,
					"end":	11.001299,
					"seconds":	0.999754011631012,
					"bytes":	3776,
					"bits_per_second":	30215.432644994609,
					"packets":	58,
					"omitted":	false,
					"sender":	true
				}],
			"sum":	{
				"start":	10.001545,
				"end":	11.001299,
				"seconds":	0.999754011631012,
				"bytes":	3776,
				"bits_per_second":	30215.432644994609,
				"packets":	58,
				"omitted":	false,
				"sender":	true
			}
		}, {
			"streams":	[{
					"socket":	5,
					"start":	11.001299,
					"end":	12.001239,
					"seconds":	0.99993997812271118,
					"bytes":	3776,
					"bits_per_second":	30209.813249703791,
					"packets":	59,
					"omitted":	false,
					"sender":	true
				}],
			"sum":	{
				"start":	11.001299,
				"end":	12.001239,
				"seconds":	0.99993997812271118,
				"bytes":	3776,
				"bits_per_second":	30209.813249703791,
				"packets":	59,
				"omitted":	false,
				"sender":	true
			}
		}, {
			"streams":	[{
					"socket":	5,
					"start":	12.001239,
					"end":	13.001252,
					"seconds":	1.000012993812561,
					"bytes":	3712,
					"bits_per_second":	29695.61414075597,
					"packets":	58,
					"omitted":	false,
					"sender":	true
				}],
			"sum":	{
				"start":	12.001239,
				"end":	13.001252,
				"seconds":	1.000012993812561,
				"bytes":	3712,
				"bits_per_second":	29695.61414075597,
				"packets":	58,
				"omitted":	false,
				"sender":	true
			}
		}, {
			"streams":	[{
					"socket":	5,
					"start":	13.001252,
					"end":	14.001253,
					"seconds":	1.0000009536743164,
					"bytes":	3776,
					"bits_per_second":	30207.971191433724,
					"packets":	59,
					"omitted":	false,
					"sender":	true
				}],
			"sum":	{
				"start":	13.001252,
				"end":	14.001253,
				"seconds":	1.0000009536743164,
				"bytes":	3776,
				"bits_per_second":	30207.971191433724,
				"packets":	59,
				"omitted":	false,
				"sender":	true
			}
		}, {
			"streams":	[{
					"socket":	5,
					"start":	14.001253,
					"end":	15.001251,
					"seconds":	0.99999797344207764,
					"bytes":	3712,
					"bits_per_second":	29696.060180786022,
					"packets":	58,
					"omitted":	false,
					"sender":	true
				}],
			"sum":	{
				"start":	14.001253,
				"end":	15.001251,
				"seconds":	0.99999797344207764,
				"bytes":	3712,
				"bits_per_second":	29696.060180786022,
				"packets":	58,
				"omitted":	false,