{
	"start":	{
		"connected":	[{
				"socket":	5,
				"local_host":	"fd00::2",
				"local_port":	49431,
				"remote_host":	"fd00::8",
				"remote_port":	5123
			}],
		"version":	"iperf 3.18",
		"system_info":	"Linux rpi02 6.12.75+rpt-rpi-v6 #1 Raspbian 1:6.12.75-1+rpt1 (2026-03-11) armv6l",
		"timestamp":	{
			"time":	"Sun, 10 May 2026 16:13:11 GMT",
			"timesecs":	1778429591
		},
		"connecting_to":	{
			"host":	"fd00::8",
			"port":	5123
		},
		"cookie":	"jjdyqdpx2ncbk3z623ll6bmzyfawnpewteuy",
		"target_bitrate":	80000,
		"fq_rate":	0,
		"sock_bufsize":	0,
		"sndbuf_actual":	180224,
		"rcvbuf_actual":	180224,
		"test_start":	{
			"protocol":	"UDP",
			"num_streams":	1,
			"blksize":	128,
			"omit":	0,
			"duration":	30,
			"bytes":	0,
			"blocks":	0,
			"reverse":	0,
			"tos":	0,
			"target_bitrate":	80000,
			"bidir":	0,
			"fqrate":	0,
			"interval":	1
		}
	},
	"intervals":	[{
			"streams":	[{
					"socket":	5,
					"start":	0,
					"end":	1.00096,
					"seconds":	1.0009599924087524,
					"bytes":	10112,
					"bits_per_second":	80818.4149351748,
					"packets":	79,
					"omitted":	false,
					"sender":	true
				}],
			"sum":	{
				"start":	0,
				"end":	1.00096,
				"seconds":	1.0009599924087524,
				"bytes":	10112,
				"bits_per_second":	80818.4149351748,
				"packets":	79,
				"omitted":	false,
				"sender":	true
			}
		}, {
			"streams":	[{
					"socket":	5,
					"start":	1.00096,
					"end":	2.001227,
					"seconds":	1.0002670288085938,
					"bytes":	9984,
					"bits_per_second":	79850.677568703424,
					"packets":	78,
					"omitted":	false,
					"sender":	true
				}],
			"sum":	{
				"start":	1.00096,
				"end":	2.001227,
				"seconds":	1.0002670288085938,
				"bytes":	9984,
				"bits_per_second":	79850.677568703424,
				"packets":	78,
				"omitted":	false,
				"sender":	true
			}
		}, {
			"streams":	[{
					"socket":	5,
					"start":	2.001227,
					"end":	3.001239,
					"seconds":	1.0000120401382446,
					"bytes":	9984,
					"bits_per_second":	79871.0383416566,
					"packets":	78,
					"omitted":	false,
					"sender":	true
				}],
			"sum":	{
				"start":	2.001227,
				"end":	3.001239,
				"seconds":	1.0000120401382446,
				"bytes":	9984,
				"bits_per_second":	79871.0383416566,
				"packets":	78,
				"omitted":	false,
				"sender":	true
			}
		}, {
			"streams":	[{
					"socket":	5,
					"start":	3.001239,
					"end":	4.001238,
					"seconds":	0.99999898672103882,
					"bytes":	9984,
					"bits_per_second":	79872.0809326992,
					"packets":	78,
					"omitted":	false,
					"sender":	true
				}],
			"sum":	{
				"start":	3.001239,
				"end":	4.001238,
				"seconds":	0.99999898672103882,
				"bytes":	9984,
				"bits_per_second":	79872.0809326992,
				"packets":	78,
				"omitted":	false,
				"sender":	true
			}
		}, {
			"streams":	[{
					"socket":	5,
					"start":	4.001238,
					"end":	5.001228,
					"seconds":	0.99998998641967773,
					"bytes":	9984,
					"bits_per_second":	79872.7998126965,
					"packets":	78,
					"omitted":	false,
					"sender":	true
				}],
			"sum":	{
				"start":	4.001238,
				"end":	5.001228,
				"seconds":	0.99998998641967773,
				"bytes":	9984,
				"bits_per_second":	79872.7998126965,
				"packets":	78,
				"omitted":	false,
				"sender":	true
			}
		}, {
			"streams":	[{
					"socket":	5,
					"start":	5.001228,
					"end":	6.001239,
					"seconds":	1.0000109672546387,
					"bytes":	9984,
					"bits_per_second":	79871.124033044456,
					"packets":	78,
					"omitted":	false,
					"sender":	true
				}],
			"sum":	{
				"start":	5.001228,
				"end":	6.001239,
				"seconds":	1.0000109672546387,
				"bytes":	9984,
				"bits_per_second":	79871.124033044456,
				"packets":	78,
				"omitted":	false,
				"sender":	true
			}
		}, {
			"streams":	[{
					"socket":	5,
					"start":	6.001239,
					"end":	7.001243,
					"seconds":	1.0000040531158447,
					"bytes":	9984,
					"bits_per_second":	79871.676270843367,
					"packets":	78,
					"omitted":	false,
					"sender":	true
				}],
			"sum":	{
				"start":	6.001239,
				"end":	7.001243,
				"seconds":	1.0000040531158447,
				"bytes":	9984,
				"bits_per_second":	79871.676270843367,
				"packets":	78,
				"omitted":	false,
				"sender":	true
			}
		}, {
			"streams":	[{
					"socket":	5,
					"start":	7.001243,
					"end":	8.001218,
					"seconds":	0.999975025653839,
					"bytes":	10112,
					"bits_per_second":	80898.020375164575,
					"packets":	79,
					"omitted":	false,
					"sender":	true
				}],
			"sum":	{
				"start":	7.001243,
				"end":	8.001218,
				"seconds":	0.999975025653839,
				"bytes":	10112,
				"bits_per_second":	80898.020375164575,
				"packets":	79,
				"omitted":	false,
				"sender":	true
			}
		}, {
			"streams":	[{
					"socket":	5,
					"start":	8.001218,
					"end":	9.001238,
					"seconds":	1.0000200271606445,
					"bytes":	9984,
					"bits_per_second":	79870.40042266,
					"packets":	78,
					"omitted":	false,
					"sender":	true
				}],
			"sum":	{
				"start":	8.001218,
				"end":	9.001238,
				"seconds":	1.0000200271606445,
				"bytes":	9984,
				"bits_per_second":	79870.40042266,
				"packets":	78,
				"omitted":	false,
				"sender":	true
			}
		}, {
			"streams":	[{
					"socket":	5,
					"start":	9.001238,
					"end":	10.001233,
					"seconds":	0.999994993209839,
					"bytes":	9984,
					"bits_per_second":	79872.399904346,
					"packets":	78,
					"omitted":	false,
					"sender":	true
				}],
			"sum":	{
				"start":	9.001238,
				"end":	10.001233,
				"seconds":	0.999994993209839,
				"bytes":	9984,
				"bits_per_second":	79872.399904346,
				"packets":	78,
				"omitted":	false,
				"sender":	true
			}
		}, {
			"streams":	[{
					"socket":	5,
					"start":	10.001233,
					"end":	11.001231,
					"seconds":	0.99999797344207764,
					"bytes":	9984,
					"bits_per_second":	79872.1618655624,
					"packets":	78,
					"omitted":	false,
					"sender":	true
				}],
			"sum":	{
				"start":	10.001233,
				"end":	11.001231,
				"seconds":	0.99999797344207764,
				"bytes":	9984,
				"bits_per_second":	79872.1618655624,
				"packets":	78,
				"omitted":	false,
				"sender":	true
			}
		}, {
			"streams":	[{
					"socket":	5,
					"start":	11.001231,
					"end":	12.001231,
					"seconds":	1,
					"bytes":	9984,
					"bits_per_second":	79872,
					"packets":	78,
					"omitted":	false,
					"sender":	true
				}],
			"sum":	{
				"start":	11.001231,
				"end":	12.001231,
				"seconds":	1,
				"bytes":	9984,
				"bits_per_second":	79872,
				"packets":	78,
				"omitted":	false,
				"sender":	true
			}
		}, {
			"streams":	[{
					"socket":	5,
					"start":	12.001231,
					"end":	13.001239,
					"seconds":	1.0000079870224,
					"bytes":	9984,
					"bits_per_second":	79871.362065642068,
					"packets":	78,
					"omitted":	false,
					"sender":	true
				}],
			"sum":	{
				"start":	12.001231,
				"end":	13.001239,
				"seconds":	1.0000079870224,
				"bytes":	9984,
				"bits_per_second":	79871.362065642068,
				"packets":	78,
				"omitted":	false,
				"sender":	true
			}
		}, {
			"streams":	[{
					"socket":	5,
					"start":	13.001239,
					"end":	14.001239,
					"seconds":	1,
					"bytes":	9984,
					"bits_per_second":	79872,
					"packets":	78,
					"omitted":	false,
					"sender":	true
				}],
			"sum":	{
				"start":	13.001239,
				"end":	14.001239,
				"seconds":	1,
				"bytes":	9984,
				"bits_per_second":	79872,
				"packets":	78,
				"omitted":	false,
				"sender":	true
			}
		}, {
			"streams":	[{
					"socket":	5,
					"start":	14.001239,
					"end":	15.001256,
					"seconds":	1.0000170469284058,
					"bytes":	9984,
					"bits_per_second":	79870.6384509446,
					"packets":	78,
					"omitted":	false,
					"sender":	true
				}],
			"sum":	{
				"start":	14.001239,
				"end":	15.001256,
				"seconds":	1.0000170469284058,
				"bytes":	9984,
				"bits_per_second":	79870.6384509446,
				"packets":	78,
				"omitted":	false,
				"sender":	true
			}
		}, {
			"streams":	[{
					"socket":	5,
					"start":	15.001256,
					"end":	16.000565,