{
	"start":	{
		"connected":	[{
				"socket":	5,
				"local_host":	"fd00::2",
				"local_port":	56706,
				"remote_host":	"fd00::8",
				"remote_port":	5123
			}],
		"version":	"iperf 3.18",
		"system_info":	"Linux rpi02 6.12.75+rpt-rpi-v6 #1 Raspbian 1:6.12.75-1+rpt1 (2026-03-11) armv6l",
		"timestamp":	{
			"time":	"Sun, 10 May 2026 16:08:18 GMT",
			"timesecs":	1778429298
		},
		"connecting_to":	{
			"host":	"fd00::8",
			"port":	5123
		},
		"cookie":	"vreqegpqheqw7bpufkbtrhazpfqdjrx256qe",
		"target_bitrate":	40000,
		"fq_rate":	0,
		"sock_bufsize":	0,
		"sndbuf_actual":	180224,
		"rcvbuf_actual":	180224,
		"test_start":	{
			"protocol":	"UDP",
			"num_streams":	1,
			"blksize":	256,
			"omit":	0,
			"duration":	30,
			"bytes":	0,
			"blocks":	0,
			"reverse":	0,
			"tos":	0,
			"target_bitrate":	40000,
			"bidir":	0,
			"fqrate":	0,
			"interval":	1
		}
	},
	"intervals":	[{
			"streams":	[{
					"socket":	5,
					"start":	0,
					"end":	1.001244,
					"seconds":	1.0012439489364624,
					"bytes":	5120,
					"bits_per_second":	40909.1111546875,
					"packets":	20,
					"omitted":	false,
					"sender":	true
				}],
			"sum":	{
				"start":	0,
				"end":	1.001244,
				"seconds":	1.0012439489364624,
				"bytes":	5120,
				"bits_per_second":	40909.1111546875,
				"packets":	20,
				"omitted":	false,
				"sender":	true
			}
		}, {
			"streams":	[{
					"socket":	5,
					"start":	1.001244,
					"end":	2.001235,
					"seconds":	0.999990999698639,
					"bytes":	5120,
					"bits_per_second":	40960.368655661761,
					"packets":	20,
					"omitted":	false,
					"sender":	true
				}],
			"sum":	{
				"start":	1.001244,
				"end":	2.001235,
				"seconds":	0.999990999698639,
				"bytes":	5120,
				"bits_per_second":	40960.368655661761,
				"packets":	20,
				"omitted":	false,
				"sender":	true
			}
		}, {
			"streams":	[{
					"socket":	5,
					"start":	2.001235,
					"end":	3.001264,
					"seconds":	1.0000289678573608,
					"bytes":	4864,
					"bits_per_second":	38910.872835385919,
					"packets":	19,
					"omitted":	false,
					"sender":	true
				}],
			"sum":	{
				"start":	2.001235,
				"end":	3.001264,
				"seconds":	1.0000289678573608,
				"bytes":	4864,
				"bits_per_second":	38910.872835385919,
				"packets":	19,
				"omitted":	false,
				"sender":	true
			}
		}, {
			"streams":	[{
					"socket":	5,
					"start":	3.001264,
					"end":	4.001257,
					"seconds":	0.99999302625656128,
					"bytes":	5120,
					"bits_per_second":	40960.285646523276,
					"packets":	20,
					"omitted":	false,
					"sender":	true
				}],
			"sum":	{
				"start":	3.001264,
				"end":	4.001257,
				"seconds":	0.99999302625656128,
				"bytes":	5120,
				"bits_per_second":	40960.285646523276,
				"packets":	20,
				"omitted":	false,
				"sender":	true
			}
		}, {
			"streams":	[{
					"socket":	5,
					"start":	4.001257,
					"end":	5.001256,
					"seconds":	0.99999898672103882,
					"bytes":	4864,
					"bits_per_second":	38912.0394287509,
					"packets":	19,
					"omitted":	false,
					"sender":	true
				}],
			"sum":	{
				"start":	4.001257,
				"end":	5.001256,
				"seconds":	0.99999898672103882,
				"bytes":	4864,
				"bits_per_second":	38912.0394287509,
				"packets":	19,
				"omitted":	false,
				"sender":	true
			}
		}, {
			"streams":	[{
					"socket":	5,
					"start":	5.001256,
					"end":	6.001244,
					"seconds":	0.9999880194664,
					"bytes":	5120,
					"bits_per_second":	40960.490728535442,
					"packets":	20,
					"omitted":	false,
					"sender":	true
				}],
			"sum":	{
				"start":	5.001256,
				"end":	6.001244,
				"seconds":	0.9999880194664,
				"bytes":	5120,
				"bits_per_second":	40960.490728535442,
				"packets":	20,
				"omitted":	false,
				"sender":	true
			}
		}, {
			"streams":	[{
					"socket":	5,
					"start":	6.001244,
					"end":	7.001246,
					"seconds":	1.0000020265579224,
					"bytes":	4864,
					"bits_per_second":	38911.921142737934,
					"packets":	19,
					"omitted":	false,
					"sender":	true
				}],
			"sum":	{
				"start":	6.001244,
				"end":	7.001246,
				"seconds":	1.0000020265579224,
				"bytes":	4864,
				"bits_per_second":	38911.921142737934,
				"packets":	19,
				"omitted":	false,
				"sender":	true
			}
		}, {
			"streams":	[{
					"socket":	5,
					"start":	7.001246,
					"end":	8.001237,
					"seconds":	0.999990999698639,
					"bytes":	5120,
					"bits_per_second":	40960.368655661761,
					"packets":	20,
					"omitted":	false,
					"sender":	true
				}],
			"sum":	{
				"start":	7.001246,
				"end":	8.001237,
				"seconds":	0.999990999698639,
				"bytes":	5120,
				"bits_per_second":	40960.368655661761,
				"packets":	20,
				"omitted":	false,
				"sender":	true
			}
		}, {
			"streams":	[{
					"socket":	5,
					"start":	8.001237,
					"end":	9.001247,
					"seconds":	1.0000100135803223,
					"bytes":	4864,
					"bits_per_second":	38911.61035546424,
					"packets":	19,
					"omitted":	false,
					"sender":	true
				}],
			"sum":	{
				"start":	8.001237,
				"end":	9.001247,
				"seconds":	1.0000100135803223,
				"bytes":	4864,
				"bits_per_second":	38911.61035546424,
				"packets":	19,
				"omitted":	false,
				"sender":	true
			}
		}, {
			"streams":	[{
					"socket":	5,
					"start":	9.001247,
					"end":	10.001248,
					"seconds":	1.0000009536743164,
					"bytes":	5120,
					"bits_per_second":	40959.960937537253,
					"packets":	20,
					"omitted":	false,
					"sender":	true
				}],
			"sum":	{
				"start":	9.001247,
				"end":	10.001248,
				"seconds":	1.0000009536743164,
				"bytes":	5120,
				"bits_per_second":	40959.960937537253,
				"packets":	20,
				"omitted":	false,
				"sender":	true
			}
		}, {
			"streams":	[{
					"socket":	5,
					"start":	10.001248,
					"end":	11.001267,
					"seconds":	1.0000189542770386,
					"bytes":	4864,
					"bits_per_second":	38911.262465151318,
					"packets":	19,
					"omitted":	false,
					"sender":	true
				}],
			"sum":	{
				"start":	10.001248,
				"end":	11.001267,
				"seconds":	1.0000189542770386,
				"bytes":	4864,
				"bits_per_second":	38911.262465151318,
				"packets":	19,
				"omitted":	false,
				"sender":	true
			}
		}, {
			"streams":	[{
					"socket":	5,
					"start":	11.001267,
					"end":	12.001271,
					"seconds":	1.0000040531158447,
					"bytes":	5120,
					"bits_per_second":	40959.833985047881,
					"packets":	20,
					"omitted":	false,
					"sender":	true
				}],
			"sum":	{
				"start":	11.001267,
				"end":	12.001271,
				"seconds":	1.0000040531158447,
				"bytes":	5120,
				"bits_per_second":	40959.833985047881,
				"packets":	20,
				"omitted":	false,
				"sender":	true
			}
		}, {
			"streams":	[{
					"socket":	5,
					"start":	12.001271,
					"end":	13.001254,
					"seconds":	0.999983012676239,
					"bytes":	4864,
					"bits_per_second":	38912.66102197118,
					"packets":	19,
					"omitted":	false,
					"sender":	true
				}],
			"sum":	{
				"start":	12.001271,
				"end":	13.001254,
				"seconds":	0.999983012676239,
				"bytes":	4864,
				"bits_per_second":	38912.66102197118,
				"packets":	19,
				"omitted":	false,
				"sender":	true
			}
		}, {
			"streams":	[{
					"socket":	5,
					"start":	13.001254,
					"end":	14.001244,
					"seconds":	0.99998998641967773,
					"bytes":	5120,
					"bits_per_second":	40960.410160357176,
					"packets":	20,
					"omitted":	false,
					"sender":	true
				}],
			"sum":	{
				"start":	13.001254,
				"end":	14.001244,
				"seconds":	0.99998998641967773,
				"bytes":	5120,
				"bits_per_second":	40960.410160357176,
				"packets":	20,
				"omitted":	false,
				"sender":	true
			}
		}, {
			"streams":	[{
					"socket":	5,
					"start":	14.001244,
					"end":	15.001255,
					"seconds":	1.0000109672546387,
					"bytes":	4864,
					"bits_per_second":	38911.5732468678,
					"packets":	19,
					"omitted":	false,
					"sender":	true
				}],
			"sum":	{
				"start":	14.001244,
				"end":	15.001255,
				"seconds":	1.0000109672546387,
				"bytes":	4864,
				"bits_per_second":	38911.5732468678,
				"packets":	19,