{
	"start":	{
		"connected":	[{
				"socket":	5,
				"local_host":	"fd00::2",
				"local_port":	39487,
				"remote_host":	"fd00::8",
				"remote_port":	5123
			}],
		"version":	"iperf 3.18",
		"system_info":	"Linux rpi02 6.12.75+rpt-rpi-v6 #1 Raspbian 1:6.12.75-1+rpt1 (2026-03-11) armv6l",
		"timestamp":	{
			"time":	"Sun, 10 May 2026 16:01:47 GMT",
			"timesecs":	1778428907
		},
		"connecting_to":	{
			"host":	"fd00::8",
			"port":	5123
		},
		"cookie":	"ezwpk5vgyesk4j2rkpqmlosysqpz3x2aqwhd",
		"target_bitrate":	20000,
		"fq_rate":	0,
		"sock_bufsize":	0,
		"sndbuf_actual":	180224,
		"rcvbuf_actual":	180224,
		"test_start":	{
			"protocol":	"UDP",
			"num_streams":	1,
			"blksize":	64,
			"omit":	0,
			"duration":	30,
			"bytes":	0,
			"blocks":	0,
			"reverse":	0,
			"tos":	0,
			"target_bitrate":	20000,
			"bidir":	0,
			"fqrate":	0,
			"interval":	1
		}
	},
	"intervals":	[{
			"streams":	[{
					"socket":	5,
					"start":	0,
					"end":	1.001141,
					"seconds":	1.0011409521102905,
					"bytes":	2560,
					"bits_per_second":	20456.659930682592,
					"packets":	40,
					"omitted":	false,
					"sender":	true
				}],
			"sum":	{
				"start":	0,
				"end":	1.001141,
				"seconds":	1.0011409521102905,
				"bytes":	2560,
				"bits_per_second":	20456.659930682592,
				"packets":	40,
				"omitted":	false,
				"sender":	true
			}
		}, {
			"streams":	[{
					"socket":	5,
					"start":	1.001141,
					"end":	2.001236,
					"seconds":	1.000095009803772,
					"bytes":	2496,
					"bits_per_second":	19966.103024469554,
					"packets":	39,
					"omitted":	false,
					"sender":	true
				}],
			"sum":	{
				"start":	1.001141,
				"end":	2.001236,
				"seconds":	1.000095009803772,
				"bytes":	2496,
				"bits_per_second":	19966.103024469554,
				"packets":	39,
				"omitted":	false,
				"sender":	true
			}
		}, {
			"streams":	[{
					"socket":	5,
					"start":	2.001236,
					"end":	3.001238,
					"seconds":	1.0000020265579224,
					"bytes":	2496,
					"bits_per_second":	19967.959533773414,
					"packets":	39,
					"omitted":	false,
					"sender":	true
				}],
			"sum":	{
				"start":	2.001236,
				"end":	3.001238,
				"seconds":	1.0000020265579224,
				"bytes":	2496,
				"bits_per_second":	19967.959533773414,
				"packets":	39,
				"omitted":	false,
				"sender":	true
			}
		}, {
			"streams":	[{
					"socket":	5,
					"start":	3.001238,
					"end":	4.001251,
					"seconds":	1.000012993812561,
					"bytes":	2496,
					"bits_per_second":	19967.740542922118,
					"packets":	39,
					"omitted":	false,
					"sender":	true
				}],
			"sum":	{
				"start":	3.001238,
				"end":	4.001251,
				"seconds":	1.000012993812561,
				"bytes":	2496,
				"bits_per_second":	19967.740542922118,
				"packets":	39,
				"omitted":	false,
				"sender":	true
			}
		}, {
			"streams":	[{
					"socket":	5,
					"start":	4.001251,
					"end":	5.001265,
					"seconds":	1.0000139474868774,
					"bytes":	2496,
					"bits_per_second":	19967.7215004664,
					"packets":	39,
					"omitted":	false,
					"sender":	true
				}],
			"sum":	{
				"start":	4.001251,
				"end":	5.001265,
				"seconds":	1.0000139474868774,
				"bytes":	2496,
				"bits_per_second":	19967.7215004664,
				"packets":	39,
				"omitted":	false,
				"sender":	true
			}
		}, {
			"streams":	[{
					"socket":	5,
					"start":	5.001265,
					"end":	6.001287,
					"seconds":	1.0000220537185669,
					"bytes":	2496,
					"bits_per_second":	19967.559641059208,
					"packets":	39,
					"omitted":	false,
					"sender":	true
				}],
			"sum":	{
				"start":	5.001265,
				"end":	6.001287,
				"seconds":	1.0000220537185669,
				"bytes":	2496,
				"bits_per_second":	19967.559641059208,
				"packets":	39,
				"omitted":	false,
				"sender":	true
			}
		}, {
			"streams":	[{
					"socket":	5,
					"start":	6.001287,
					"end":	7.001239,
					"seconds":	0.99995201826095581,
					"bytes":	2496,
					"bits_per_second":	19968.958145338715,
					"packets":	39,
					"omitted":	false,
					"sender":	true
				}],
			"sum":	{
				"start":	6.001287,
				"end":	7.001239,
				"seconds":	0.99995201826095581,
				"bytes":	2496,
				"bits_per_second":	19968.958145338715,
				"packets":	39,
				"omitted":	false,
				"sender":	true
			}
		}, {
			"streams":	[{
					"socket":	5,
					"start":	7.001239,
					"end":	8.00125,
					"seconds":	1.0000109672546387,
					"bytes":	2496,
					"bits_per_second":	19967.781008261114,
					"packets":	39,
					"omitted":	false,
					"sender":	true
				}],
			"sum":	{
				"start":	7.001239,
				"end":	8.00125,
				"seconds":	1.0000109672546387,
				"bytes":	2496,
				"bits_per_second":	19967.781008261114,
				"packets":	39,
				"omitted":	false,
				"sender":	true
			}
		}, {
			"streams":	[{
					"socket":	5,
					"start":	8.00125,
					"end":	9.001247,
					"seconds":	0.99999701976776123,
					"bytes":	2496,
					"bits_per_second":	19968.0595094547,
					"packets":	39,
					"omitted":	false,
					"sender":	true
				}],
			"sum":	{
				"start":	8.00125,
				"end":	9.001247,
				"seconds":	0.99999701976776123,
				"bytes":	2496,
				"bits_per_second":	19968.0595094547,
				"packets":	39,
				"omitted":	false,
				"sender":	true
			}
		}, {
			"streams":	[{
					"socket":	5,
					"start":	9.001247,
					"end":	10.001244,
					"seconds":	0.99999701976776123,
					"bytes":	2496,
					"bits_per_second":	19968.0595094547,
					"packets":	39,
					"omitted":	false,
					"sender":	true
				}],
			"sum":	{
				"start":	9.001247,
				"end":	10.001244,
				"seconds":	0.99999701976776123,
				"bytes":	2496,
				"bits_per_second":	19968.0595094547,
				"packets":	39,
				"omitted":	false,
				"sender":	true
			}
		}, {
			"streams":	[{
					"socket":	5,
					"start":	10.001244,
					"end":	11.001247,
					"seconds":	1.0000029802322388,
					"bytes":	2496,
					"bits_per_second":	19967.940490900008,
					"packets":	39,
					"omitted":	false,
					"sender":	true
				}],
			"sum":	{
				"start":	10.001244,
				"end":	11.001247,
				"seconds":	1.0000029802322388,
				"bytes":	2496,
				"bits_per_second":	19967.940490900008,
				"packets":	39,
				"omitted":	false,
				"sender":	true
			}
		}, {
			"streams":	[{
					"socket":	5,
					"start":	11.001247,
					"end":	12.001252,
					"seconds":	1.0000050067901611,
					"bytes":	2496,
					"bits_per_second":	19967.900024914616,
					"packets":	39,
					"omitted":	false,
					"sender":	true
				}],
			"sum":	{
				"start":	11.001247,
				"end":	12.001252,
				"seconds":	1.0000050067901611,
				"bytes":	2496,
				"bits_per_second":	19967.900024914616,
				"packets":	39,
				"omitted":	false,
				"sender":	true
			}
		}, {
			"streams":	[{
					"socket":	5,
					"start":	12.001252,
					"end":	13.001245,
					"seconds":	0.99999302625656128,
					"bytes":	2496,
					"bits_per_second":	19968.1392526801,
					"packets":	39,
					"omitted":	false,
					"sender":	true
				}],
			"sum":	{
				"start":	12.001252,
				"end":	13.001245,
				"seconds":	0.99999302625656128,
				"bytes":	2496,
				"bits_per_second":	19968.1392526801,
				"packets":	39,
				"omitted":	false,
				"sender":	true
			}
		}, {
			"streams":	[{
					"socket":	5,
					"start":	13.001245,
					"end":	14.001262,
					"seconds":	1.0000170469284058,
					"bytes":	2496,
					"bits_per_second":	19967.659612736152,
					"packets":	39,
					"omitted":	false,
					"sender":	true
				}],
			"sum":	{
				"start":	13.001245,
				"end":	14.001262,
				"seconds":	1.0000170469284058,
				"bytes":	2496,
				"bits_per_second":	19967.659612736152,
				"packets":	39,
				"omitted":	false,
				"sender":	true
			}
		}, {
			"streams":	[{
					"socket":	5,
					"start":	14.001262,
					"end":	15.001246,
					"seconds":	0.9999840259552002,
					"bytes":	2496,
					"bits_per_second":	19968.318974821879,
					"packets":	39,
					"omitted":	false,
					"sender":	true
				}],
			"sum":	{
				"start":	14.001262,
				"end":	15.001246,
				"seconds":	0.9999840259552002,
				"bytes":	2496,
				"bits_per_second":	19968.318974821879,
				"packets":	39,