{
	"start":	{
		"connected":	[{
				"socket":	5,
				"local_host":	"fd00::2",
				"local_port":	57379,
				"remote_host":	"fd00::8",
				"remote_port":	5123
			}],
		"version":	"iperf 3.18",
		"system_info":	"Linux rpi02 6.12.75+rpt-rpi-v6 #1 Raspbian 1:6.12.75-1+rpt1 (2026-03-11) armv6l",
		"timestamp":	{
			"time":	"Sun, 10 May 2026 16:06:39 GMT",
			"timesecs":	1778429199
		},
		"connecting_to":	{
			"host":	"fd00::8",
			"port":	5123
		},
		"cookie":	"anu3hic5lnavo3chozttv5xposkrawzpbjwd",
		"target_bitrate":	30000,
		"fq_rate":	0,
		"sock_bufsize":	0,
		"sndbuf_actual":	180224,
		"rcvbuf_actual":	180224,
		"test_start":	{
			"protocol":	"UDP",
			"num_streams":	1,
			"blksize":	1024,
			"omit":	0,
			"duration":	30,
			"bytes":	0,
			"blocks":	0,
			"reverse":	0,
			"tos":	0,
			"target_bitrate":	30000,
			"bidir":	0,
			"fqrate":	0,
			"interval":	1
		}
	},
	"intervals":	[{
			"streams":	[{
					"socket":	5,
					"start":	0,
					"end":	1.001242,
					"seconds":	1.0012420415878296,
					"bytes":	4096,
					"bits_per_second":	32727.35126866481,
					"packets":	4,
					"omitted":	false,
					"sender":	true
				}],
			"sum":	{
				"start":	0,
				"end":	1.001242,
				"seconds":	1.0012420415878296,
				"bytes":	4096,
				"bits_per_second":	32727.35126866481,
				"packets":	4,
				"omitted":	false,
				"sender":	true
			}
		}, {
			"streams":	[{
					"socket":	5,
					"start":	1.001242,
					"end":	2.001248,
					"seconds":	1.0000059604644775,
					"bytes":	4096,
					"bits_per_second":	32767.804688664146,
					"packets":	4,
					"omitted":	false,
					"sender":	true
				}],
			"sum":	{
				"start":	1.001242,
				"end":	2.001248,
				"seconds":	1.0000059604644775,
				"bytes":	4096,
				"bits_per_second":	32767.804688664146,
				"packets":	4,
				"omitted":	false,
				"sender":	true
			}
		}, {
			"streams":	[{
					"socket":	5,
					"start":	2.001248,
					"end":	3.001245,
					"seconds":	0.99999701976776123,
					"bytes":	3072,
					"bits_per_second":	24576.073242405779,
					"packets":	3,
					"omitted":	false,
					"sender":	true
				}],
			"sum":	{
				"start":	2.001248,
				"end":	3.001245,
				"seconds":	0.99999701976776123,
				"bytes":	3072,
				"bits_per_second":	24576.073242405779,
				"packets":	3,
				"omitted":	false,
				"sender":	true
			}
		}, {
			"streams":	[{
					"socket":	5,
					"start":	3.001245,
					"end":	4.00125,
					"seconds":	1.0000050067901611,
					"bytes":	4096,
					"bits_per_second":	32767.835938321423,
					"packets":	4,
					"omitted":	false,
					"sender":	true
				}],
			"sum":	{
				"start":	3.001245,
				"end":	4.00125,
				"seconds":	1.0000050067901611,
				"bytes":	4096,
				"bits_per_second":	32767.835938321423,
				"packets":	4,
				"omitted":	false,
				"sender":	true
			}
		}, {
			"streams":	[{
					"socket":	5,
					"start":	4.00125,
					"end":	5.001479,
					"seconds":	1.0002290010452271,
					"bytes":	4096,
					"bits_per_second":	32760.497811758949,
					"packets":	4,
					"omitted":	false,
					"sender":	true
				}],
			"sum":	{
				"start":	4.00125,
				"end":	5.001479,
				"seconds":	1.0002290010452271,
				"bytes":	4096,
				"bits_per_second":	32760.497811758949,
				"packets":	4,
				"omitted":	false,
				"sender":	true
			}
		}, {
			"streams":	[{
					"socket":	5,
					"start":	5.001479,
					"end":	6.001247,
					"seconds":	0.99976801872253418,
					"bytes":	3072,
					"bits_per_second":	24581.702494747016,
					"packets":	3,
					"omitted":	false,
					"sender":	true
				}],
			"sum":	{
				"start":	5.001479,
				"end":	6.001247,
				"seconds":	0.99976801872253418,
				"bytes":	3072,
				"bits_per_second":	24581.702494747016,
				"packets":	3,
				"omitted":	false,
				"sender":	true
			}
		}, {
			"streams":	[{
					"socket":	5,
					"start":	6.001247,
					"end":	7.001256,
					"seconds":	1.0000089406967163,
					"bytes":	4096,
					"bits_per_second":	32767.707033869323,
					"packets":	4,
					"omitted":	false,
					"sender":	true
				}],
			"sum":	{
				"start":	6.001247,
				"end":	7.001256,
				"seconds":	1.0000089406967163,
				"bytes":	4096,
				"bits_per_second":	32767.707033869323,
				"packets":	4,
				"omitted":	false,
				"sender":	true
			}
		}, {
			"streams":	[{
					"socket":	5,
					"start":	7.001256,
					"end":	8.001252,
					"seconds":	0.9999960064888,
					"bytes":	4096,
					"bits_per_second":	32768.130859897588,
					"packets":	4,
					"omitted":	false,
					"sender":	true
				}],
			"sum":	{
				"start":	7.001256,
				"end":	8.001252,
				"seconds":	0.9999960064888,
				"bytes":	4096,
				"bits_per_second":	32768.130859897588,
				"packets":	4,
				"omitted":	false,
				"sender":	true
			}
		}, {
			"streams":	[{
					"socket":	5,
					"start":	8.001252,
					"end":	9.001255,
					"seconds":	1.0000029802322388,
					"bytes":	3072,
					"bits_per_second":	24575.926758030779,
					"packets":	3,
					"omitted":	false,
					"sender":	true
				}],
			"sum":	{
				"start":	8.001252,
				"end":	9.001255,
				"seconds":	1.0000029802322388,
				"bytes":	3072,
				"bits_per_second":	24575.926758030779,
				"packets":	3,
				"omitted":	false,
				"sender":	true
			}
		}, {
			"streams":	[{
					"socket":	5,
					"start":	9.001255,
					"end":	10.001248,
					"seconds":	0.99999302625656128,
					"bytes":	4096,
					"bits_per_second":	32768.228517218624,
					"packets":	4,
					"omitted":	false,
					"sender":	true
				}],
			"sum":	{
				"start":	9.001255,
				"end":	10.001248,
				"seconds":	0.99999302625656128,
				"bytes":	4096,
				"bits_per_second":	32768.228517218624,
				"packets":	4,
				"omitted":	false,
				"sender":	true
			}
		}, {
			"streams":	[{
					"socket":	5,
					"start":	10.001248,
					"end":	11.001249,
					"seconds":	1.0000009536743164,
					"bytes":	4096,
					"bits_per_second":	32767.9687500298,
					"packets":	4,
					"omitted":	false,
					"sender":	true
				}],
			"sum":	{
				"start":	10.001248,
				"end":	11.001249,
				"seconds":	1.0000009536743164,
				"bytes":	4096,
				"bits_per_second":	32767.9687500298,
				"packets":	4,
				"omitted":	false,
				"sender":	true
			}
		}, {
			"streams":	[{
					"socket":	5,
					"start":	11.001249,
					"end":	12.001259,
					"seconds":	1.0000100135803223,
					"bytes":	3072,
					"bits_per_second":	24575.753908714254,
					"packets":	3,
					"omitted":	false,
					"sender":	true
				}],
			"sum":	{
				"start":	11.001249,
				"end":	12.001259,
				"seconds":	1.0000100135803223,
				"bytes":	3072,
				"bits_per_second":	24575.753908714254,
				"packets":	3,
				"omitted":	false,
				"sender":	true
			}
		}, {
			"streams":	[{
					"socket":	5,
					"start":	12.001259,
					"end":	13.001255,
					"seconds":	0.9999960064888,
					"bytes":	4096,
					"bits_per_second":	32768.130859897588,
					"packets":	4,
					"omitted":	false,
					"sender":	true
				}],
			"sum":	{
				"start":	12.001259,
				"end":	13.001255,
				"seconds":	0.9999960064888,
				"bytes":	4096,
				"bits_per_second":	32768.130859897588,
				"packets":	4,
				"omitted":	false,
				"sender":	true
			}
		}, {
			"streams":	[{
					"socket":	5,
					"start":	13.001255,
					"end":	14.001265,
					"seconds":	1.0000100135803223,
					"bytes":	4096,
					"bits_per_second":	32767.671878285673,
					"packets":	4,
					"omitted":	false,
					"sender":	true
				}],
			"sum":	{
				"start":	13.001255,
				"end":	14.001265,
				"seconds":	1.0000100135803223,
				"bytes":	4096,
				"bits_per_second":	32767.671878285673,
				"packets":	4,
				"omitted":	false,
				"sender":	true
			}
		}, {
			"streams":	[{
					"socket":	5,
					"start":	14.001265,
					"end":	15.001255,
					"seconds":	0.99998998641967773,
					"bytes":	3072,
					"bits_per_second":	24576.2460962143,
					"packets":	3,
					"omitted":	false,
					"sender":	true
				}],
			"sum":	{
				"start":	14.001265,
				"end":	15.001255,
				"seconds":	0.99998998641967773,
				"bytes":	3072,
				"bits_per_second":	24576.2460962143,
				"packets":	3,
				"omitted":	false,