{
	"start":	{
		"connected":	[{
				"socket":	5,
				"local_host":	"fd00::2",
				"local_port":	43221,
				"remote_host":	"fd00::8",
				"remote_port":	5123
			}],
		"version":	"iperf 3.18",
		"system_info":	"Linux rpi02 6.12.75+rpt-rpi-v6 #1 Raspbian 1:6.12.75-1+rpt1 (2026-03-11) armv6l",
		"timestamp":	{
			"time":	"Sun, 10 May 2026 15:58:36 GMT",
			"timesecs":	1778428716
		},
		"connecting_to":	{
			"host":	"fd00::8",
			"port":	5123
		},
		"cookie":	"x3vpdr7u4b2gciyyaach3alw5pnzertxifm2",
		"target_bitrate":	10000,
		"fq_rate":	0,
		"sock_bufsize":	0,
		"sndbuf_actual":	180224,
		"rcvbuf_actual":	180224,
		"test_start":	{
			"protocol":	"UDP",
			"num_streams":	1,
			"blksize":	1024,
			"omit":	0,
			"duration":	30,
			"bytes":	0,
			"blocks":	0,
			"reverse":	0,
			"tos":	0,
			"target_bitrate":	10000,
			"bidir":	0,
			"fqrate":	0,
			"interval":	1
		}
	},
	"intervals":	[{
			"streams":	[{
					"socket":	5,
					"start":	0,
					"end":	1.001299,
					"seconds":	1.0012990236282349,
					"bytes":	2048,
					"bits_per_second":	16362.744408390732,
					"packets":	2,
					"omitted":	false,
					"sender":	true
				}],
			"sum":	{
				"start":	0,
				"end":	1.001299,
				"seconds":	1.0012990236282349,
				"bytes":	2048,
				"bits_per_second":	16362.744408390732,
				"packets":	2,
				"omitted":	false,
				"sender":	true
			}
		}, {
			"streams":	[{
					"socket":	5,
					"start":	1.001299,
					"end":	2.000858,
					"seconds":	0.999558985233307,
					"bytes":	1024,
					"bits_per_second":	8195.6143869667758,
					"packets":	1,
					"omitted":	false,
					"sender":	true
				}],
			"sum":	{
				"start":	1.001299,
				"end":	2.000858,
				"seconds":	0.999558985233307,
				"bytes":	1024,
				"bits_per_second":	8195.6143869667758,
				"packets":	1,
				"omitted":	false,
				"sender":	true
			}
		}, {
			"streams":	[{
					"socket":	5,
					"start":	2.000858,
					"end":	3.001313,
					"seconds":	1.0004550218582153,
					"bytes":	1024,
					"bits_per_second":	8188.2741562778338,
					"packets":	1,
					"omitted":	false,
					"sender":	true
				}],
			"sum":	{
				"start":	2.000858,
				"end":	3.001313,
				"seconds":	1.0004550218582153,
				"bytes":	1024,
				"bits_per_second":	8188.2741562778338,
				"packets":	1,
				"omitted":	false,
				"sender":	true
			}
		}, {
			"streams":	[{
					"socket":	5,
					"start":	3.001313,
					"end":	4.001321,
					"seconds":	1.0000079870224,
					"bytes":	1024,
					"bits_per_second":	8191.9345708350838,
					"packets":	1,
					"omitted":	false,
					"sender":	true
				}],
			"sum":	{
				"start":	3.001313,
				"end":	4.001321,
				"seconds":	1.0000079870224,
				"bytes":	1024,
				"bits_per_second":	8191.9345708350838,
				"packets":	1,
				"omitted":	false,
				"sender":	true
			}
		}, {
			"streams":	[{
					"socket":	5,
					"start":	4.001321,
					"end":	5.001302,
					"seconds":	0.99998098611831665,
					"bytes":	2048,
					"bits_per_second":	16384.311529360883,
					"packets":	2,
					"omitted":	false,
					"sender":	true
				}],
			"sum":	{
				"start":	4.001321,
				"end":	5.001302,
				"seconds":	0.99998098611831665,
				"bytes":	2048,
				"bits_per_second":	16384.311529360883,
				"packets":	2,
				"omitted":	false,
				"sender":	true
			}
		}, {
			"streams":	[{
					"socket":	5,
					"start":	5.001302,
					"end":	6.001369,
					"seconds":	1.0000669956207275,
					"bytes":	1024,
					"bits_per_second":	8191.451208641618,
					"packets":	1,
					"omitted":	false,
					"sender":	true
				}],
			"sum":	{
				"start":	5.001302,
				"end":	6.001369,
				"seconds":	1.0000669956207275,
				"bytes":	1024,
				"bits_per_second":	8191.451208641618,
				"packets":	1,
				"omitted":	false,
				"sender":	true
			}
		}, {
			"streams":	[{
					"socket":	5,
					"start":	6.001369,
					"end":	7.001323,
					"seconds":	0.9999539852142334,
					"bytes":	1024,
					"bits_per_second":	8192.3769704712158,
					"packets":	1,
					"omitted":	false,
					"sender":	true
				}],
			"sum":	{
				"start":	6.001369,
				"end":	7.001323,
				"seconds":	0.9999539852142334,
				"bytes":	1024,
				"bits_per_second":	8192.3769704712158,
				"packets":	1,
				"omitted":	false,
				"sender":	true
			}
		}, {
			"streams":	[{
					"socket":	5,
					"start":	7.001323,
					"end":	8.001302,
					"seconds":	0.999979019165039,
					"bytes":	1024,
					"bits_per_second":	8192.17187860616,
					"packets":	1,
					"omitted":	false,
					"sender":	true
				}],
			"sum":	{
				"start":	7.001323,
				"end":	8.001302,
				"seconds":	0.999979019165039,
				"bytes":	1024,
				"bits_per_second":	8192.17187860616,
				"packets":	1,
				"omitted":	false,
				"sender":	true
			}
		}, {
			"streams":	[{
					"socket":	5,
					"start":	8.001302,
					"end":	9.001307,
					"seconds":	1.0000050067901611,
					"bytes":	1024,
					"bits_per_second":	8191.9589845803557,
					"packets":	1,
					"omitted":	false,
					"sender":	true
				}],
			"sum":	{
				"start":	8.001302,
				"end":	9.001307,
				"seconds":	1.0000050067901611,
				"bytes":	1024,
				"bits_per_second":	8191.9589845803557,
				"packets":	1,
				"omitted":	false,
				"sender":	true
			}
		}, {
			"streams":	[{
					"socket":	5,
					"start":	9.001307,
					"end":	10.001327,
					"seconds":	1.0000200271606445,
					"bytes":	2048,
					"bits_per_second":	16383.671881571281,
					"packets":	2,
					"omitted":	false,
					"sender":	true
				}],
			"sum":	{
				"start":	9.001307,
				"end":	10.001327,
				"seconds":	1.0000200271606445,
				"bytes":	2048,
				"bits_per_second":	16383.671881571281,
				"packets":	2,
				"omitted":	false,
				"sender":	true
			}
		}, {
			"streams":	[{
					"socket":	5,
					"start":	10.001327,
					"end":	11.001307,
					"seconds":	0.99997997283935547,
					"bytes":	1024,
					"bits_per_second":	8192.16406578577,
					"packets":	1,
					"omitted":	false,
					"sender":	true
				}],
			"sum":	{
				"start":	10.001327,
				"end":	11.001307,
				"seconds":	0.99997997283935547,
				"bytes":	1024,
				"bits_per_second":	8192.16406578577,
				"packets":	1,
				"omitted":	false,
				"sender":	true
			}
		}, {
			"streams":	[{
					"socket":	5,
					"start":	11.001307,
					"end":	12.001303,
					"seconds":	0.9999960064888,
					"bytes":	1024,
					"bits_per_second":	8192.0327149743971,
					"packets":	1,
					"omitted":	false,
					"sender":	true
				}],
			"sum":	{
				"start":	11.001307,
				"end":	12.001303,
				"seconds":	0.9999960064888,
				"bytes":	1024,
				"bits_per_second":	8192.0327149743971,
				"packets":	1,
				"omitted":	false,
				"sender":	true
			}
		}, {
			"streams":	[{
					"socket":	5,
					"start":	12.001303,
					"end":	13.001307,
					"seconds":	1.0000040531158447,
					"bytes":	1024,
					"bits_per_second":	8191.9667970095752,
					"packets":	1,
					"omitted":	false,
					"sender":	true
				}],
			"sum":	{
				"start":	12.001303,
				"end":	13.001307,
				"seconds":	1.0000040531158447,
				"bytes":	1024,
				"bits_per_second":	8191.9667970095752,
				"packets":	1,
				"omitted":	false,
				"sender":	true
			}
		}, {
			"streams":	[{
					"socket":	5,
					"start":	13.001307,
					"end":	14.001302,
					"seconds":	0.999994993209839,
					"bytes":	2048,
					"bits_per_second":	16384.082031660717,
					"packets":	2,
					"omitted":	false,
					"sender":	true
				}],
			"sum":	{
				"start":	13.001307,
				"end":	14.001302,
				"seconds":	0.999994993209839,
				"bytes":	2048,
				"bits_per_second":	16384.082031660717,
				"packets":	2,
				"omitted":	false,
				"sender":	true
			}
		}, {
			"streams":	[{
					"socket":	5,
					"start":	14.001302,
					"end":	15.001321,
					"seconds":	1.0000189542770386,
					"bytes":	1024,
					"bits_per_second":	8191.84472950554,
					"packets":	1,
					"omitted":	false,
					"sender":	true
				}],
			"sum":	{
				"start":	14.001302,
				"end":	15.001321,
				"seconds":	1.0000189542770386,
				"bytes":	1024,
				"bits_per_second":	8191.84472950554,
				"packets":	1,
				"omitted":	false,