{
	"start":	{
		"connected":	[{
				"socket":	5,
				"local_host":	"fd00::2",
				"local_port":	56957,
				"remote_host":	"fd00::8",
				"remote_port":	5123
			}],
		"version":	"iperf 3.18",
		"system_info":	"Linux rpi02 6.12.75+rpt-rpi-v6 #1 Raspbian 1:6.12.75-1+rpt1 (2026-03-11) armv6l",
		"timestamp":	{
			"time":	"Sun, 10 May 2026 16:12:39 GMT",
			"timesecs":	1778429559
		},
		"connecting_to":	{
			"host":	"fd00::8",
			"port":	5123
		},
		"cookie":	"tsyhc5udylbuuztlueg47lycz4727mfzml2j",
		"target_bitrate":	80000,
		"fq_rate":	0,
		"sock_bufsize":	0,
		"sndbuf_actual":	180224,
		"rcvbuf_actual":	180224,
		"test_start":	{
			"protocol":	"UDP",
			"num_streams":	1,
			"blksize":	64,
			"omit":	0,
			"duration":	30,
			"bytes":	0,
			"blocks":	0,
			"reverse":	0,
			"tos":	0,
			"target_bitrate":	80000,
			"bidir":	0,
			"fqrate":	0,
			"interval":	1
		}
	},
	"intervals":	[{
			"streams":	[{
					"socket":	5,
					"start":	0,
					"end":	1.00094,
					"seconds":	1.0009399652481079,
					"bytes":	10048,
					"bits_per_second":	80308.512788851251,
					"packets":	157,
					"omitted":	false,
					"sender":	true
				}],
			"sum":	{
				"start":	0,
				"end":	1.00094,
				"seconds":	1.0009399652481079,
				"bytes":	10048,
				"bits_per_second":	80308.512788851251,
				"packets":	157,
				"omitted":	false,
				"sender":	true
			}
		}, {
			"streams":	[{
					"socket":	5,
					"start":	1.00094,
					"end":	2.001223,
					"seconds":	1.0002830028533936,
					"bytes":	9984,
					"bits_per_second":	79849.4023912815,
					"packets":	156,
					"omitted":	false,
					"sender":	true
				}],
			"sum":	{
				"start":	1.00094,
				"end":	2.001223,
				"seconds":	1.0002830028533936,
				"bytes":	9984,
				"bits_per_second":	79849.4023912815,
				"packets":	156,
				"omitted":	false,
				"sender":	true
			}
		}, {
			"streams":	[{
					"socket":	5,
					"start":	2.001223,
					"end":	3.001227,
					"seconds":	1.0000040531158447,
					"bytes":	9984,
					"bits_per_second":	79871.676270843367,
					"packets":	156,
					"omitted":	false,
					"sender":	true
				}],
			"sum":	{
				"start":	2.001223,
				"end":	3.001227,
				"seconds":	1.0000040531158447,
				"bytes":	9984,
				"bits_per_second":	79871.676270843367,
				"packets":	156,
				"omitted":	false,
				"sender":	true
			}
		}, {
			"streams":	[{
					"socket":	5,
					"start":	3.001227,
					"end":	4.001227,
					"seconds":	1,
					"bytes":	10048,
					"bits_per_second":	80384,
					"packets":	157,
					"omitted":	false,
					"sender":	true
				}],
			"sum":	{
				"start":	3.001227,
				"end":	4.001227,
				"seconds":	1,
				"bytes":	10048,
				"bits_per_second":	80384,
				"packets":	157,
				"omitted":	false,
				"sender":	true
			}
		}, {
			"streams":	[{
					"socket":	5,
					"start":	4.001227,
					"end":	5.001232,
					"seconds":	1.0000050067901611,
					"bytes":	9984,
					"bits_per_second":	79871.600099658463,
					"packets":	156,
					"omitted":	false,
					"sender":	true
				}],
			"sum":	{
				"start":	4.001227,
				"end":	5.001232,
				"seconds":	1.0000050067901611,
				"bytes":	9984,
				"bits_per_second":	79871.600099658463,
				"packets":	156,
				"omitted":	false,
				"sender":	true
			}
		}, {
			"streams":	[{
					"socket":	5,
					"start":	5.001232,
					"end":	6.001233,
					"seconds":	1.0000009536743164,
					"bytes":	9984,
					"bits_per_second":	79871.923828197643,
					"packets":	156,
					"omitted":	false,
					"sender":	true
				}],
			"sum":	{
				"start":	5.001232,
				"end":	6.001233,
				"seconds":	1.0000009536743164,
				"bytes":	9984,
				"bits_per_second":	79871.923828197643,
				"packets":	156,
				"omitted":	false,
				"sender":	true
			}
		}, {
			"streams":	[{
					"socket":	5,
					"start":	6.001233,
					"end":	7.001235,
					"seconds":	1.0000020265579224,
					"bytes":	9984,
					"bits_per_second":	79871.838135093654,
					"packets":	156,
					"omitted":	false,
					"sender":	true
				}],
			"sum":	{
				"start":	6.001233,
				"end":	7.001235,
				"seconds":	1.0000020265579224,
				"bytes":	9984,
				"bits_per_second":	79871.838135093654,
				"packets":	156,
				"omitted":	false,
				"sender":	true
			}
		}, {
			"streams":	[{
					"socket":	5,
					"start":	7.001235,
					"end":	8.001227,
					"seconds":	0.9999920129776,
					"bytes":	10048,
					"bits_per_second":	80384.642033936529,
					"packets":	157,
					"omitted":	false,
					"sender":	true
				}],
			"sum":	{
				"start":	7.001235,
				"end":	8.001227,
				"seconds":	0.9999920129776,
				"bytes":	10048,
				"bits_per_second":	80384.642033936529,
				"packets":	157,
				"omitted":	false,
				"sender":	true
			}
		}, {
			"streams":	[{
					"socket":	5,
					"start":	8.001227,
					"end":	9.001219,
					"seconds":	0.9999920129776,
					"bytes":	9984,
					"bits_per_second":	79872.6379445484,
					"packets":	156,
					"omitted":	false,
					"sender":	true
				}],
			"sum":	{
				"start":	8.001227,
				"end":	9.001219,
				"seconds":	0.9999920129776,
				"bytes":	9984,
				"bits_per_second":	79872.6379445484,
				"packets":	156,
				"omitted":	false,
				"sender":	true
			}
		}, {
			"streams":	[{
					"socket":	5,
					"start":	9.001219,
					"end":	10.001229,
					"seconds":	1.0000100135803223,
					"bytes":	9984,
					"bits_per_second":	79871.2002033213,
					"packets":	156,
					"omitted":	false,
					"sender":	true
				}],
			"sum":	{
				"start":	9.001219,
				"end":	10.001229,
				"seconds":	1.0000100135803223,
				"bytes":	9984,
				"bits_per_second":	79871.2002033213,
				"packets":	156,
				"omitted":	false,
				"sender":	true
			}
		}, {
			"streams":	[{
					"socket":	5,
					"start":	10.001229,
					"end":	11.001289,
					"seconds":	1.000059962272644,
					"bytes":	9984,
					"bits_per_second":	79867.210980519871,
					"packets":	156,
					"omitted":	false,
					"sender":	true
				}],
			"sum":	{
				"start":	10.001229,
				"end":	11.001289,
				"seconds":	1.000059962272644,
				"bytes":	9984,
				"bits_per_second":	79867.210980519871,
				"packets":	156,
				"omitted":	false,
				"sender":	true
			}
		}, {
			"streams":	[{
					"socket":	5,
					"start":	11.001289,
					"end":	12.001231,
					"seconds":	0.99994200468063354,
					"bytes":	10048,
					"bits_per_second":	80388.662166135764,
					"packets":	157,
					"omitted":	false,
					"sender":	true
				}],
			"sum":	{
				"start":	11.001289,
				"end":	12.001231,
				"seconds":	0.99994200468063354,
				"bytes":	10048,
				"bits_per_second":	80388.662166135764,
				"packets":	157,
				"omitted":	false,
				"sender":	true
			}
		}, {
			"streams":	[{
					"socket":	5,
					"start":	12.001231,
					"end":	13.001249,
					"seconds":	1.0000180006027222,
					"bytes":	9984,
					"bits_per_second":	79870.56228173917,
					"packets":	156,
					"omitted":	false,
					"sender":	true
				}],
			"sum":	{
				"start":	12.001231,
				"end":	13.001249,
				"seconds":	1.0000180006027222,
				"bytes":	9984,
				"bits_per_second":	79870.56228173917,
				"packets":	156,
				"omitted":	false,
				"sender":	true
			}
		}, {
			"streams":	[{
					"socket":	5,
					"start":	13.001249,
					"end":	14.001233,
					"seconds":	0.9999840259552002,
					"bytes":	9984,
					"bits_per_second":	79873.2758992875,
					"packets":	156,
					"omitted":	false,
					"sender":	true
				}],
			"sum":	{
				"start":	13.001249,
				"end":	14.001233,
				"seconds":	0.9999840259552002,
				"bytes":	9984,
				"bits_per_second":	79873.2758992875,
				"packets":	156,
				"omitted":	false,
				"sender":	true
			}
		}, {
			"streams":	[{
					"socket":	5,
					"start":	14.001233,
					"end":	15.001242,
					"seconds":	1.0000089406967163,
					"bytes":	9984,
					"bits_per_second":	79871.28589505647,
					"packets":	156,
					"omitted":	false,
					"sender":	true
				}],
			"sum":	{
				"start":	14.001233,
				"end":	15.001242,
				"seconds":	1.0000089406967163,
				"bytes":	9984,
				"bits_per_second":	79871.28589505647,
				"packets":	156,
				"omitted":	false,