{
	"start":	{
		"connected":	[{
				"socket":	5,
				"local_host":	"fd00::2",
				"local_port":	42903,
				"remote_host":	"fd00::8",
				"remote_port":	5123
			}],
		"version":	"iperf 3.18",
		"system_info":	"Linux rpi02 6.12.75+rpt-rpi-v6 #1 Raspbian 1:6.12.75-1+rpt1 (2026-03-11) armv6l",
		"timestamp":	{
			"time":	"Sun, 10 May 2026 16:12:07 GMT",
			"timesecs":	1778429527
		},
		"connecting_to":	{
			"host":	"fd00::8",
			"port":	5123
		},
		"cookie":	"pcflcubl4prlx5ybkmqmaz5mvn6hzjymqedz",
		"target_bitrate":	60000,
		"fq_rate":	0,
		"sock_bufsize":	0,
		"sndbuf_actual":	180224,
		"rcvbuf_actual":	180224,
		"test_start":	{
			"protocol":	"UDP",
			"num_streams":	1,
			"blksize":	1024,
			"omit":	0,
			"duration":	30,
			"bytes":	0,
			"blocks":	0,
			"reverse":	0,
			"tos":	0,
			"target_bitrate":	60000,
			"bidir":	0,
			"fqrate":	0,
			"interval":	1
		}
	},
	"intervals":	[{
			"streams":	[{
					"socket":	5,
					"start":	0,
					"end":	1.001412,
					"seconds":	1.001412034034729,
					"bytes":	8192,
					"bits_per_second":	65443.59142155786,
					"packets":	8,
					"omitted":	false,
					"sender":	true
				}],
			"sum":	{
				"start":	0,
				"end":	1.001412,
				"seconds":	1.001412034034729,
				"bytes":	8192,
				"bits_per_second":	65443.59142155786,
				"packets":	8,
				"omitted":	false,
				"sender":	true
			}
		}, {
			"streams":	[{
					"socket":	5,
					"start":	1.001412,
					"end":	2.001228,
					"seconds":	0.99981600046157837,
					"bytes":	7168,
					"bits_per_second":	57354.553211317259,
					"packets":	7,
					"omitted":	false,
					"sender":	true
				}],
			"sum":	{
				"start":	1.001412,
				"end":	2.001228,
				"seconds":	0.99981600046157837,
				"bytes":	7168,
				"bits_per_second":	57354.553211317259,
				"packets":	7,
				"omitted":	false,
				"sender":	true
			}
		}, {
			"streams":	[{
					"socket":	5,
					"start":	2.001228,
					"end":	3.001246,
					"seconds":	1.0000180006027222,
					"bytes":	7168,
					"bits_per_second":	57342.967792017866,
					"packets":	7,
					"omitted":	false,
					"sender":	true
				}],
			"sum":	{
				"start":	2.001228,
				"end":	3.001246,
				"seconds":	1.0000180006027222,
				"bytes":	7168,
				"bits_per_second":	57342.967792017866,
				"packets":	7,
				"omitted":	false,
				"sender":	true
			}
		}, {
			"streams":	[{
					"socket":	5,
					"start":	3.001246,
					"end":	4.001301,
					"seconds":	1.0000549554824829,
					"bytes":	8192,
					"bits_per_second":	65532.398635414727,
					"packets":	8,
					"omitted":	false,
					"sender":	true
				}],
			"sum":	{
				"start":	3.001246,
				"end":	4.001301,
				"seconds":	1.0000549554824829,
				"bytes":	8192,
				"bits_per_second":	65532.398635414727,
				"packets":	8,
				"omitted":	false,
				"sender":	true
			}
		}, {
			"streams":	[{
					"socket":	5,
					"start":	4.001301,
					"end":	5.001236,
					"seconds":	0.99993497133255,
					"bytes":	7168,
					"bits_per_second":	57347.729246414172,
					"packets":	7,
					"omitted":	false,
					"sender":	true
				}],
			"sum":	{
				"start":	4.001301,
				"end":	5.001236,
				"seconds":	0.99993497133255,
				"bytes":	7168,
				"bits_per_second":	57347.729246414172,
				"packets":	7,
				"omitted":	false,
				"sender":	true
			}
		}, {
			"streams":	[{
					"socket":	5,
					"start":	5.001236,
					"end":	6.001237,
					"seconds":	1.0000009536743164,
					"bytes":	7168,
					"bits_per_second":	57343.945312552154,
					"packets":	7,
					"omitted":	false,
					"sender":	true
				}],
			"sum":	{
				"start":	5.001236,
				"end":	6.001237,
				"seconds":	1.0000009536743164,
				"bytes":	7168,
				"bits_per_second":	57343.945312552154,
				"packets":	7,
				"omitted":	false,
				"sender":	true
			}
		}, {
			"streams":	[{
					"socket":	5,
					"start":	6.001237,
					"end":	7.001229,
					"seconds":	0.9999920129776,
					"bytes":	8192,
					"bits_per_second":	65536.523441680736,
					"packets":	8,
					"omitted":	false,
					"sender":	true
				}],
			"sum":	{
				"start":	6.001237,
				"end":	7.001229,
				"seconds":	0.9999920129776,
				"bytes":	8192,
				"bits_per_second":	65536.523441680736,
				"packets":	8,
				"omitted":	false,
				"sender":	true
			}
		}, {
			"streams":	[{
					"socket":	5,
					"start":	7.001229,
					"end":	8.001231,
					"seconds":	1.0000020265579224,
					"bytes":	7168,
					"bits_per_second":	57343.883789298,
					"packets":	7,
					"omitted":	false,
					"sender":	true
				}],
			"sum":	{
				"start":	7.001229,
				"end":	8.001231,
				"seconds":	1.0000020265579224,
				"bytes":	7168,
				"bits_per_second":	57343.883789298,
				"packets":	7,
				"omitted":	false,
				"sender":	true
			}
		}, {
			"streams":	[{
					"socket":	5,
					"start":	8.001231,
					"end":	9.001228,
					"seconds":	0.99999701976776123,
					"bytes":	7168,
					"bits_per_second":	57344.170898946817,
					"packets":	7,
					"omitted":	false,
					"sender":	true
				}],
			"sum":	{
				"start":	8.001231,
				"end":	9.001228,
				"seconds":	0.99999701976776123,
				"bytes":	7168,
				"bits_per_second":	57344.170898946817,
				"packets":	7,
				"omitted":	false,
				"sender":	true
			}
		}, {
			"streams":	[{
					"socket":	5,
					"start":	9.001228,
					"end":	10.001245,
					"seconds":	1.0000170469284058,
					"bytes":	8192,
					"bits_per_second":	65534.882831544288,
					"packets":	8,
					"omitted":	false,
					"sender":	true
				}],
			"sum":	{
				"start":	9.001228,
				"end":	10.001245,
				"seconds":	1.0000170469284058,
				"bytes":	8192,
				"bits_per_second":	65534.882831544288,
				"packets":	8,
				"omitted":	false,
				"sender":	true
			}
		}, {
			"streams":	[{
					"socket":	5,
					"start":	10.001245,
					"end":	11.003206,
					"seconds":	1.0019609928131104,
					"bytes":	7168,
					"bits_per_second":	57231.768912481035,
					"packets":	7,
					"omitted":	false,
					"sender":	true
				}],
			"sum":	{
				"start":	10.001245,
				"end":	11.003206,
				"seconds":	1.0019609928131104,
				"bytes":	7168,
				"bits_per_second":	57231.768912481035,
				"packets":	7,
				"omitted":	false,
				"sender":	true
			}
		}, {
			"streams":	[{
					"socket":	5,
					"start":	11.003206,
					"end":	12.00123,
					"seconds":	0.99802398681640625,
					"bytes":	7168,
					"bits_per_second":	57457.536850313045,
					"packets":	7,
					"omitted":	false,
					"sender":	true
				}],
			"sum":	{
				"start":	11.003206,
				"end":	12.00123,
				"seconds":	0.99802398681640625,
				"bytes":	7168,
				"bits_per_second":	57457.536850313045,
				"packets":	7,
				"omitted":	false,
				"sender":	true
			}
		}, {
			"streams":	[{
					"socket":	5,
					"start":	12.00123,
					"end":	13.00123,
					"seconds":	1,
					"bytes":	8192,
					"bits_per_second":	65536,
					"packets":	8,
					"omitted":	false,
					"sender":	true
				}],
			"sum":	{
				"start":	12.00123,
				"end":	13.00123,
				"seconds":	1,
				"bytes":	8192,
				"bits_per_second":	65536,
				"packets":	8,
				"omitted":	false,
				"sender":	true
			}
		}, {
			"streams":	[{
					"socket":	5,
					"start":	13.00123,
					"end":	14.001227,
					"seconds":	0.99999701976776123,
					"bytes":	7168,
					"bits_per_second":	57344.170898946817,
					"packets":	7,
					"omitted":	false,
					"sender":	true
				}],
			"sum":	{
				"start":	13.00123,
				"end":	14.001227,
				"seconds":	0.99999701976776123,
				"bytes":	7168,
				"bits_per_second":	57344.170898946817,
				"packets":	7,
				"omitted":	false,
				"sender":	true
			}
		}, {
			"streams":	[{
					"socket":	5,
					"start":	14.001227,
					"end":	15.00128,
					"seconds":	1.00005304813385,
					"bytes":	7168,
					"bits_per_second":	57340.958169175952,
					"packets":	7,
					"omitted":	false,
					"sender":	true
				}],
			"sum":	{
				"start":	14.001227,
				"end":	15.00128,
				"seconds":	1.00005304813385,
				"bytes":	7168,
				"bits_per_second":	57340.958169175952,
				"packets":	7,
				"omitted":	false,
				"sender":	true
			}
		}, {
			"streams":	[{
					"socket":	5,
					"start":	15.00128,