{
	"start":	{
		"connected":	[{
				"socket":	5,
				"local_host":	"fd00::2",
				"local_port":	47761,
				"remote_host":	"fd00::8",
				"remote_port":	5123
			}],
		"version":	"iperf 3.18",
		"system_info":	"Linux rpi02 6.12.75+rpt-rpi-v6 #1 Raspbian 1:6.12.75-1+rpt1 (2026-03-11) armv6l",
		"timestamp":	{
			"time":	"Sun, 10 May 2026 15:59:08 GMT",
			"timesecs":	1778428748
		},
		"connecting_to":	{
			"host":	"fd00::8",
			"port":	5123
		},
		"cookie":	"eh5r4sq2ow5wj4kdadbiv57z6gh4stn3vgfs",
		"target_bitrate":	15000,
		"fq_rate":	0,
		"sock_bufsize":	0,
		"sndbuf_actual":	180224,
		"rcvbuf_actual":	180224,
		"test_start":	{
			"protocol":	"UDP",
			"num_streams":	1,
			"blksize":	64,
			"omit":	0,
			"duration":	30,
			"bytes":	0,
			"blocks":	0,
			"reverse":	0,
			"tos":	0,
			"target_bitrate":	15000,
			"bidir":	0,
			"fqrate":	0,
			"interval":	1
		}
	},
	"intervals":	[{
			"streams":	[{
					"socket":	5,
					"start":	0,
					"end":	1.000936,
					"seconds":	1.0009360313415527,
					"bytes":	1920,
					"bits_per_second":	15345.636003744436,
					"packets":	30,
					"omitted":	false,
					"sender":	true
				}],
			"sum":	{
				"start":	0,
				"end":	1.000936,
				"seconds":	1.0009360313415527,
				"bytes":	1920,
				"bits_per_second":	15345.636003744436,
				"packets":	30,
				"omitted":	false,
				"sender":	true
			}
		}, {
			"streams":	[{
					"socket":	5,
					"start":	1.000936,
					"end":	2.001231,
					"seconds":	1.0002950429916382,
					"bytes":	1856,
					"bits_per_second":	14843.620493802766,
					"packets":	29,
					"omitted":	false,
					"sender":	true
				}],
			"sum":	{
				"start":	1.000936,
				"end":	2.001231,
				"seconds":	1.0002950429916382,
				"bytes":	1856,
				"bits_per_second":	14843.620493802766,
				"packets":	29,
				"omitted":	false,
				"sender":	true
			}
		}, {
			"streams":	[{
					"socket":	5,
					"start":	2.001231,
					"end":	3.001244,
					"seconds":	1.000012993812561,
					"bytes":	1856,
					"bits_per_second":	14847.807070377985,
					"packets":	29,
					"omitted":	false,
					"sender":	true
				}],
			"sum":	{
				"start":	2.001231,
				"end":	3.001244,
				"seconds":	1.000012993812561,
				"bytes":	1856,
				"bits_per_second":	14847.807070377985,
				"packets":	29,
				"omitted":	false,
				"sender":	true
			}
		}, {
			"streams":	[{
					"socket":	5,
					"start":	3.001244,
					"end":	4.001227,
					"seconds":	0.999983012676239,
					"bytes":	1920,
					"bits_per_second":	15360.260929725466,
					"packets":	30,
					"omitted":	false,
					"sender":	true
				}],
			"sum":	{
				"start":	3.001244,
				"end":	4.001227,
				"seconds":	0.999983012676239,
				"bytes":	1920,
				"bits_per_second":	15360.260929725466,
				"packets":	30,
				"omitted":	false,
				"sender":	true
			}
		}, {
			"streams":	[{
					"socket":	5,
					"start":	4.001227,
					"end":	5.001233,
					"seconds":	1.0000059604644775,
					"bytes":	1856,
					"bits_per_second":	14847.911499550941,
					"packets":	29,
					"omitted":	false,
					"sender":	true
				}],
			"sum":	{
				"start":	4.001227,
				"end":	5.001233,
				"seconds":	1.0000059604644775,
				"bytes":	1856,
				"bits_per_second":	14847.911499550941,
				"packets":	29,
				"omitted":	false,
				"sender":	true
			}
		}, {
			"streams":	[{
					"socket":	5,
					"start":	5.001233,
					"end":	6.001237,
					"seconds":	1.0000040531158447,
					"bytes":	1856,
					"bits_per_second":	14847.939819579855,
					"packets":	29,
					"omitted":	false,
					"sender":	true
				}],
			"sum":	{
				"start":	5.001233,
				"end":	6.001237,
				"seconds":	1.0000040531158447,
				"bytes":	1856,
				"bits_per_second":	14847.939819579855,
				"packets":	29,
				"omitted":	false,
				"sender":	true
			}
		}, {
			"streams":	[{
					"socket":	5,
					"start":	6.001237,
					"end":	7.001215,
					"seconds":	0.999978005886078,
					"bytes":	1920,
					"bits_per_second":	15360.33783702027,
					"packets":	30,
					"omitted":	false,
					"sender":	true
				}],
			"sum":	{
				"start":	6.001237,
				"end":	7.001215,
				"seconds":	0.999978005886078,
				"bytes":	1920,
				"bits_per_second":	15360.33783702027,
				"packets":	30,
				"omitted":	false,
				"sender":	true
			}
		}, {
			"streams":	[{
					"socket":	5,
					"start":	7.001215,
					"end":	8.001231,
					"seconds":	1.0000159740448,
					"bytes":	1856,
					"bits_per_second":	14847.762821171518,
					"packets":	29,
					"omitted":	false,
					"sender":	true
				}],
			"sum":	{
				"start":	7.001215,
				"end":	8.001231,
				"seconds":	1.0000159740448,
				"bytes":	1856,
				"bits_per_second":	14847.762821171518,
				"packets":	29,
				"omitted":	false,
				"sender":	true
			}
		}, {
			"streams":	[{
					"socket":	5,
					"start":	8.001231,
					"end":	9.001238,
					"seconds":	1.0000070333480835,
					"bytes":	1856,
					"bits_per_second":	14847.895569582151,
					"packets":	29,
					"omitted":	false,
					"sender":	true
				}],
			"sum":	{
				"start":	8.001231,
				"end":	9.001238,
				"seconds":	1.0000070333480835,
				"bytes":	1856,
				"bits_per_second":	14847.895569582151,
				"packets":	29,
				"omitted":	false,
				"sender":	true
			}
		}, {
			"streams":	[{
					"socket":	5,
					"start":	9.001238,
					"end":	10.001662,
					"seconds":	1.0004240274429321,
					"bytes":	1920,
					"bits_per_second":	15353.489699022839,
					"packets":	30,
					"omitted":	false,
					"sender":	true
				}],
			"sum":	{
				"start":	9.001238,
				"end":	10.001662,
				"seconds":	1.0004240274429321,
				"bytes":	1920,
				"bits_per_second":	15353.489699022839,
				"packets":	30,
				"omitted":	false,
				"sender":	true
			}
		}, {
			"streams":	[{
					"socket":	5,
					"start":	10.001662,
					"end":	11.00123,
					"seconds":	0.999567985534668,
					"bytes":	1856,
					"bits_per_second":	14854.417323157682,
					"packets":	29,
					"omitted":	false,
					"sender":	true
				}],
			"sum":	{
				"start":	10.001662,
				"end":	11.00123,
				"seconds":	0.999567985534668,
				"bytes":	1856,
				"bits_per_second":	14854.417323157682,
				"packets":	29,
				"omitted":	false,
				"sender":	true
			}
		}, {
			"streams":	[{
					"socket":	5,
					"start":	11.00123,
					"end":	12.001237,
					"seconds":	1.0000070333480835,
					"bytes":	1856,
					"bits_per_second":	14847.895569582151,
					"packets":	29,
					"omitted":	false,
					"sender":	true
				}],
			"sum":	{
				"start":	11.00123,
				"end":	12.001237,
				"seconds":	1.0000070333480835,
				"bytes":	1856,
				"bits_per_second":	14847.895569582151,
				"packets":	29,
				"omitted":	false,
				"sender":	true
			}
		}, {
			"streams":	[{
					"socket":	5,
					"start":	12.001237,
					"end":	13.001235,
					"seconds":	0.99999797344207764,
					"bytes":	1856,
					"bits_per_second":	14848.030090393011,
					"packets":	29,
					"omitted":	false,
					"sender":	true
				}],
			"sum":	{
				"start":	12.001237,
				"end":	13.001235,
				"seconds":	0.99999797344207764,
				"bytes":	1856,
				"bits_per_second":	14848.030090393011,
				"packets":	29,
				"omitted":	false,
				"sender":	true
			}
		}, {
			"streams":	[{
					"socket":	5,
					"start":	13.001235,
					"end":	14.001225,
					"seconds":	0.99998998641967773,
					"bytes":	1920,
					"bits_per_second":	15360.153810133939,
					"packets":	30,
					"omitted":	false,
					"sender":	true
				}],
			"sum":	{
				"start":	13.001235,
				"end":	14.001225,
				"seconds":	0.99998998641967773,
				"bytes":	1920,
				"bits_per_second":	15360.153810133939,
				"packets":	30,
				"omitted":	false,
				"sender":	true
			}
		}, {
			"streams":	[{
					"socket":	5,
					"start":	14.001225,
					"end":	15.001229,
					"seconds":	1.0000040531158447,
					"bytes":	1856,
					"bits_per_second":	14847.939819579855,
					"packets":	29,
					"omitted":	false,
					"sender":	true
				}],
			"sum":	{
				"start":	14.001225,
				"end":	15.001229,
				"seconds":	1.0000040531158447,
				"bytes":	1856,
				"bits_per_second":	14847.939819579855,
				"packets":	29,