{
	"start":	{
		"connected":	[{
				"socket":	5,
				"local_host":	"fd00::2",
				"local_port":	42853,
				"remote_host":	"fd00::8",
				"remote_port":	5123
			}],
		"version":	"iperf 3.18",
		"system_info":	"Linux rpi02 6.12.75+rpt-rpi-v6 #1 Raspbian 1:6.12.75-1+rpt1 (2026-03-11) armv6l",
		"timestamp":	{
			"time":	"Sun, 10 May 2026 15:56:27 GMT",
			"timesecs":	1778428587
		},
		"connecting_to":	{
			"host":	"fd00::8",
			"port":	5123
		},
		"cookie":	"3usamqar4jmglpeg56vcnxfmxe5gsqsopxon",
		"target_bitrate":	10000,
		"fq_rate":	0,
		"sock_bufsize":	0,
		"sndbuf_actual":	180224,
		"rcvbuf_actual":	180224,
		"test_start":	{
			"protocol":	"UDP",
			"num_streams":	1,
			"blksize":	64,
			"omit":	0,
			"duration":	30,
			"bytes":	0,
			"blocks":	0,
			"reverse":	0,
			"tos":	0,
			"target_bitrate":	10000,
			"bidir":	0,
			"fqrate":	0,
			"interval":	1
		}
	},
	"intervals":	[{
			"streams":	[{
					"socket":	5,
					"start":	0,
					"end":	1.001241,
					"seconds":	1.0012409687042236,
					"bytes":	1280,
					"bits_per_second":	10227.30823055743,
					"packets":	20,
					"omitted":	false,
					"sender":	true
				}],
			"sum":	{
				"start":	0,
				"end":	1.001241,
				"seconds":	1.0012409687042236,
				"bytes":	1280,
				"bits_per_second":	10227.30823055743,
				"packets":	20,
				"omitted":	false,
				"sender":	true
			}
		}, {
			"streams":	[{
					"socket":	5,
					"start":	1.001241,
					"end":	2.001221,
					"seconds":	0.99997997283935547,
					"bytes":	1280,
					"bits_per_second":	10240.205082232214,
					"packets":	20,
					"omitted":	false,
					"sender":	true
				}],
			"sum":	{
				"start":	1.001241,
				"end":	2.001221,
				"seconds":	0.99997997283935547,
				"bytes":	1280,
				"bits_per_second":	10240.205082232214,
				"packets":	20,
				"omitted":	false,
				"sender":	true
			}
		}, {
			"streams":	[{
					"socket":	5,
					"start":	2.001221,
					"end":	3.001244,
					"seconds":	1.0000230073928833,
					"bytes":	1216,
					"bits_per_second":	9727.7761892313338,
					"packets":	19,
					"omitted":	false,
					"sender":	true
				}],
			"sum":	{
				"start":	2.001221,
				"end":	3.001244,
				"seconds":	1.0000230073928833,
				"bytes":	1216,
				"bits_per_second":	9727.7761892313338,
				"packets":	19,
				"omitted":	false,
				"sender":	true
			}
		}, {
			"streams":	[{
					"socket":	5,
					"start":	3.001244,
					"end":	4.001229,
					"seconds":	0.9999849796295166,
					"bytes":	1280,
					"bits_per_second":	10240.153810904047,
					"packets":	20,
					"omitted":	false,
					"sender":	true
				}],
			"sum":	{
				"start":	3.001244,
				"end":	4.001229,
				"seconds":	0.9999849796295166,
				"bytes":	1280,
				"bits_per_second":	10240.153810904047,
				"packets":	20,
				"omitted":	false,
				"sender":	true
			}
		}, {
			"streams":	[{
					"socket":	5,
					"start":	4.001229,
					"end":	5.001241,
					"seconds":	1.0000120401382446,
					"bytes":	1216,
					"bits_per_second":	9727.88287494536,
					"packets":	19,
					"omitted":	false,
					"sender":	true
				}],
			"sum":	{
				"start":	4.001229,
				"end":	5.001241,
				"seconds":	1.0000120401382446,
				"bytes":	1216,
				"bits_per_second":	9727.88287494536,
				"packets":	19,
				"omitted":	false,
				"sender":	true
			}
		}, {
			"streams":	[{
					"socket":	5,
					"start":	5.001241,
					"end":	6.001232,
					"seconds":	0.999990999698639,
					"bytes":	1280,
					"bits_per_second":	10240.09216391544,
					"packets":	20,
					"omitted":	false,
					"sender":	true
				}],
			"sum":	{
				"start":	5.001241,
				"end":	6.001232,
				"seconds":	0.999990999698639,
				"bytes":	1280,
				"bits_per_second":	10240.09216391544,
				"packets":	20,
				"omitted":	false,
				"sender":	true
			}
		}, {
			"streams":	[{
					"socket":	5,
					"start":	6.001232,
					"end":	7.001251,
					"seconds":	1.0000189542770386,
					"bytes":	1216,
					"bits_per_second":	9727.81561628783,
					"packets":	19,
					"omitted":	false,
					"sender":	true
				}],
			"sum":	{
				"start":	6.001232,
				"end":	7.001251,
				"seconds":	1.0000189542770386,
				"bytes":	1216,
				"bits_per_second":	9727.81561628783,
				"packets":	19,
				"omitted":	false,
				"sender":	true
			}
		}, {
			"streams":	[{
					"socket":	5,
					"start":	7.001251,
					"end":	8.001252,
					"seconds":	1.0000009536743164,
					"bytes":	1280,
					"bits_per_second":	10239.990234384313,
					"packets":	20,
					"omitted":	false,
					"sender":	true
				}],
			"sum":	{
				"start":	7.001251,
				"end":	8.001252,
				"seconds":	1.0000009536743164,
				"bytes":	1280,
				"bits_per_second":	10239.990234384313,
				"packets":	20,
				"omitted":	false,
				"sender":	true
			}
		}, {
			"streams":	[{
					"socket":	5,
					"start":	8.001252,
					"end":	9.001235,
					"seconds":	0.999983012676239,
					"bytes":	1216,
					"bits_per_second":	9728.165255492795,
					"packets":	19,
					"omitted":	false,
					"sender":	true
				}],
			"sum":	{
				"start":	8.001252,
				"end":	9.001235,
				"seconds":	0.999983012676239,
				"bytes":	1216,
				"bits_per_second":	9728.165255492795,
				"packets":	19,
				"omitted":	false,
				"sender":	true
			}
		}, {
			"streams":	[{
					"socket":	5,
					"start":	9.001235,
					"end":	10.001244,
					"seconds":	1.0000089406967163,
					"bytes":	1280,
					"bits_per_second":	10239.908448084163,
					"packets":	20,
					"omitted":	false,
					"sender":	true
				}],
			"sum":	{
				"start":	9.001235,
				"end":	10.001244,
				"seconds":	1.0000089406967163,
				"bytes":	1280,
				"bits_per_second":	10239.908448084163,
				"packets":	20,
				"omitted":	false,
				"sender":	true
			}
		}, {
			"streams":	[{
					"socket":	5,
					"start":	10.001244,
					"end":	11.001239,
					"seconds":	0.999994993209839,
					"bytes":	1216,
					"bits_per_second":	9728.04870629855,
					"packets":	19,
					"omitted":	false,
					"sender":	true
				}],
			"sum":	{
				"start":	10.001244,
				"end":	11.001239,
				"seconds":	0.999994993209839,
				"bytes":	1216,
				"bits_per_second":	9728.04870629855,
				"packets":	19,
				"omitted":	false,
				"sender":	true
			}
		}, {
			"streams":	[{
					"socket":	5,
					"start":	11.001239,
					"end":	12.001234,
					"seconds":	0.999994993209839,
					"bytes":	1280,
					"bits_per_second":	10240.051269787948,
					"packets":	20,
					"omitted":	false,
					"sender":	true
				}],
			"sum":	{
				"start":	11.001239,
				"end":	12.001234,
				"seconds":	0.999994993209839,
				"bytes":	1280,
				"bits_per_second":	10240.051269787948,
				"packets":	20,
				"omitted":	false,
				"sender":	true
			}
		}, {
			"streams":	[{
					"socket":	5,
					"start":	12.001234,
					"end":	13.001237,
					"seconds":	1.0000029802322388,
					"bytes":	1216,
					"bits_per_second":	9727.9710083871832,
					"packets":	19,
					"omitted":	false,
					"sender":	true
				}],
			"sum":	{
				"start":	12.001234,
				"end":	13.001237,
				"seconds":	1.0000029802322388,
				"bytes":	1216,
				"bits_per_second":	9727.9710083871832,
				"packets":	19,
				"omitted":	false,
				"sender":	true
			}
		}, {
			"streams":	[{
					"socket":	5,
					"start":	13.001237,
					"end":	14.001235,
					"seconds":	0.99999797344207764,
					"bytes":	1280,
					"bits_per_second":	10240.02075199518,
					"packets":	20,
					"omitted":	false,
					"sender":	true
				}],
			"sum":	{
				"start":	13.001237,
				"end":	14.001235,
				"seconds":	0.99999797344207764,
				"bytes":	1280,
				"bits_per_second":	10240.02075199518,
				"packets":	20,
				"omitted":	false,
				"sender":	true
			}
		}, {
			"streams":	[{
					"socket":	5,
					"start":	14.001235,
					"end":	15.001243,
					"seconds":	1.0000079870224,
					"bytes":	1216,
					"bits_per_second":	9727.92230286666,
					"packets":	19,
					"omitted":	false,
					"sender":	true
				}],
			"sum":	{
				"start":	14.001235,
				"end":	15.001243,
				"seconds":	1.0000079870224,
				"bytes":	1216,
				"bits_per_second":	9727.92230286666,
				"packets":	19,
				"omitted":	false,