{
	"start":	{
		"connected":	[{
				"socket":	5,
				"local_host":	"fd00::2",
				"local_port":	42483,
				"remote_host":	"fd00::8",
				"remote_port":	5123
			}],
		"version":	"iperf 3.18",
		"system_info":	"Linux rpi02 6.12.75+rpt-rpi-v6 #1 Raspbian 1:6.12.75-1+rpt1 (2026-03-11) armv6l",
		"timestamp":	{
			"time":	"Sun, 10 May 2026 16:03:58 GMT",
			"timesecs":	1778429038
		},
		"connecting_to":	{
			"host":	"fd00::8",
			"port":	5123
		},
		"cookie":	"momwci7cwggfuro4esljlto4onn377zqsbkn",
		"target_bitrate":	20000,
		"fq_rate":	0,
		"sock_bufsize":	0,
		"sndbuf_actual":	180224,
		"rcvbuf_actual":	180224,
		"test_start":	{
			"protocol":	"UDP",
			"num_streams":	1,
			"blksize":	1024,
			"omit":	0,
			"duration":	30,
			"bytes":	0,
			"blocks":	0,
			"reverse":	0,
			"tos":	0,
			"target_bitrate":	20000,
			"bidir":	0,
			"fqrate":	0,
			"interval":	1
		}
	},
	"intervals":	[{
			"streams":	[{
					"socket":	5,
					"start":	0,
					"end":	1.000939,
					"seconds":	1.0009390115737915,
					"bytes":	3072,
					"bits_per_second":	24552.944500942955,
					"packets":	3,
					"omitted":	false,
					"sender":	true
				}],
			"sum":	{
				"start":	0,
				"end":	1.000939,
				"seconds":	1.0009390115737915,
				"bytes":	3072,
				"bits_per_second":	24552.944500942955,
				"packets":	3,
				"omitted":	false,
				"sender":	true
			}
		}, {
			"streams":	[{
					"socket":	5,
					"start":	1.000939,
					"end":	2.001255,
					"seconds":	1.0003160238265991,
					"bytes":	2048,
					"bits_per_second":	16378.823901395488,
					"packets":	2,
					"omitted":	false,
					"sender":	true
				}],
			"sum":	{
				"start":	1.000939,
				"end":	2.001255,
				"seconds":	1.0003160238265991,
				"bytes":	2048,
				"bits_per_second":	16378.823901395488,
				"packets":	2,
				"omitted":	false,
				"sender":	true
			}
		}, {
			"streams":	[{
					"socket":	5,
					"start":	2.001255,
					"end":	3.001245,
					"seconds":	0.99998998641967773,
					"bytes":	3072,
					"bits_per_second":	24576.2460962143,
					"packets":	3,
					"omitted":	false,
					"sender":	true
				}],
			"sum":	{
				"start":	2.001255,
				"end":	3.001245,
				"seconds":	0.99998998641967773,
				"bytes":	3072,
				"bits_per_second":	24576.2460962143,
				"packets":	3,
				"omitted":	false,
				"sender":	true
			}
		}, {
			"streams":	[{
					"socket":	5,
					"start":	3.001245,
					"end":	4.001179,
					"seconds":	0.99993401765823364,
					"bytes":	2048,
					"bits_per_second":	16385.081126022727,
					"packets":	2,
					"omitted":	false,
					"sender":	true
				}],
			"sum":	{
				"start":	3.001245,
				"end":	4.001179,
				"seconds":	0.99993401765823364,
				"bytes":	2048,
				"bits_per_second":	16385.081126022727,
				"packets":	2,
				"omitted":	false,
				"sender":	true
			}
		}, {
			"streams":	[{
					"socket":	5,
					"start":	4.001179,
					"end":	5.001182,
					"seconds":	1.0000029802322388,
					"bytes":	3072,
					"bits_per_second":	24575.926758030779,
					"packets":	3,
					"omitted":	false,
					"sender":	true
				}],
			"sum":	{
				"start":	4.001179,
				"end":	5.001182,
				"seconds":	1.0000029802322388,
				"bytes":	3072,
				"bits_per_second":	24575.926758030779,
				"packets":	3,
				"omitted":	false,
				"sender":	true
			}
		}, {
			"streams":	[{
					"socket":	5,
					"start":	5.001182,
					"end":	6.001201,
					"seconds":	1.0000189542770386,
					"bytes":	2048,
					"bits_per_second":	16383.689459011081,
					"packets":	2,
					"omitted":	false,
					"sender":	true
				}],
			"sum":	{
				"start":	5.001182,
				"end":	6.001201,
				"seconds":	1.0000189542770386,
				"bytes":	2048,
				"bits_per_second":	16383.689459011081,
				"packets":	2,
				"omitted":	false,
				"sender":	true
			}
		}, {
			"streams":	[{
					"socket":	5,
					"start":	6.001201,
					"end":	7.001248,
					"seconds":	1.000046968460083,
					"bytes":	3072,
					"bits_per_second":	24574.845757338,
					"packets":	3,
					"omitted":	false,
					"sender":	true
				}],
			"sum":	{
				"start":	6.001201,
				"end":	7.001248,
				"seconds":	1.000046968460083,
				"bytes":	3072,
				"bits_per_second":	24574.845757338,
				"packets":	3,
				"omitted":	false,
				"sender":	true
			}
		}, {
			"streams":	[{
					"socket":	5,
					"start":	7.001248,
					"end":	8.001251,
					"seconds":	1.0000029802322388,
					"bytes":	2048,
					"bits_per_second":	16383.951172020519,
					"packets":	2,
					"omitted":	false,
					"sender":	true
				}],
			"sum":	{
				"start":	7.001248,
				"end":	8.001251,
				"seconds":	1.0000029802322388,
				"bytes":	2048,
				"bits_per_second":	16383.951172020519,
				"packets":	2,
				"omitted":	false,
				"sender":	true
			}
		}, {
			"streams":	[{
					"socket":	5,
					"start":	8.001251,
					"end":	9.00125,
					"seconds":	0.99999898672103882,
					"bytes":	2048,
					"bits_per_second":	16384.016601579322,
					"packets":	2,
					"omitted":	false,
					"sender":	true
				}],
			"sum":	{
				"start":	8.001251,
				"end":	9.00125,
				"seconds":	0.99999898672103882,
				"bytes":	2048,
				"bits_per_second":	16384.016601579322,
				"packets":	2,
				"omitted":	false,
				"sender":	true
			}
		}, {
			"streams":	[{
					"socket":	5,
					"start":	9.00125,
					"end":	10.001236,
					"seconds":	0.99998599290847778,
					"bytes":	3072,
					"bits_per_second":	24576.3442431031,
					"packets":	3,
					"omitted":	false,
					"sender":	true
				}],
			"sum":	{
				"start":	9.00125,
				"end":	10.001236,
				"seconds":	0.99998599290847778,
				"bytes":	3072,
				"bits_per_second":	24576.3442431031,
				"packets":	3,
				"omitted":	false,
				"sender":	true
			}
		}, {
			"streams":	[{
					"socket":	5,
					"start":	10.001236,
					"end":	11.00125,
					"seconds":	1.0000139474868774,
					"bytes":	2048,
					"bits_per_second":	16383.771487562175,
					"packets":	2,
					"omitted":	false,
					"sender":	true
				}],
			"sum":	{
				"start":	10.001236,
				"end":	11.00125,
				"seconds":	1.0000139474868774,
				"bytes":	2048,
				"bits_per_second":	16383.771487562175,
				"packets":	2,
				"omitted":	false,
				"sender":	true
			}
		}, {
			"streams":	[{
					"socket":	5,
					"start":	11.00125,
					"end":	12.001248,
					"seconds":	0.99999797344207764,
					"bytes":	3072,
					"bits_per_second":	24576.049804788432,
					"packets":	3,
					"omitted":	false,
					"sender":	true
				}],
			"sum":	{
				"start":	11.00125,
				"end":	12.001248,
				"seconds":	0.99999797344207764,
				"bytes":	3072,
				"bits_per_second":	24576.049804788432,
				"packets":	3,
				"omitted":	false,
				"sender":	true
			}
		}, {
			"streams":	[{
					"socket":	5,
					"start":	12.001248,
					"end":	13.001253,
					"seconds":	1.0000050067901611,
					"bytes":	2048,
					"bits_per_second":	16383.917969160711,
					"packets":	2,
					"omitted":	false,
					"sender":	true
				}],
			"sum":	{
				"start":	12.001248,
				"end":	13.001253,
				"seconds":	1.0000050067901611,
				"bytes":	2048,
				"bits_per_second":	16383.917969160711,
				"packets":	2,
				"omitted":	false,
				"sender":	true
			}
		}, {
			"streams":	[{
					"socket":	5,
					"start":	13.001253,
					"end":	14.001247,
					"seconds":	0.99999397993087769,
					"bytes":	3072,
					"bits_per_second":	24576.147950109418,
					"packets":	3,
					"omitted":	false,
					"sender":	true
				}],
			"sum":	{
				"start":	13.001253,
				"end":	14.001247,
				"seconds":	0.99999397993087769,
				"bytes":	3072,
				"bits_per_second":	24576.147950109418,
				"packets":	3,
				"omitted":	false,
				"sender":	true
			}
		}, {
			"streams":	[{
					"socket":	5,
					"start":	14.001247,
					"end":	15.001244,
					"seconds":	0.99999701976776123,
					"bytes":	2048,
					"bits_per_second":	16384.048828270519,
					"packets":	2,
					"omitted":	false,
					"sender":	true
				}],
			"sum":	{
				"start":	14.001247,
				"end":	15.001244,
				"seconds":	0.99999701976776123,
				"bytes":	2048,
				"bits_per_second":	16384.048828270519,
				"packets":	2,
				"omitted":	false,