{
	"start":	{
		"connected":	[{
				"socket":	5,
				"local_host":	"fd00::2",
				"local_port":	56433,
				"remote_host":	"fd00::8",
				"remote_port":	5123
			}],
		"version":	"iperf 3.18",
		"system_info":	"Linux rpi02 6.12.75+rpt-rpi-v6 #1 Raspbian 1:6.12.75-1+rpt1 (2026-03-11) armv6l",
		"timestamp":	{
			"time":	"Sun, 10 May 2026 16:14:54 GMT",
			"timesecs":	1778429694
		},
		"connecting_to":	{
			"host":	"fd00::8",
			"port":	5123
		},
		"cookie":	"dsvhv6r5xfnletfmj3c5nh5sq6scmrdstmyq",
		"target_bitrate":	80000,
		"fq_rate":	0,
		"sock_bufsize":	0,
		"sndbuf_actual":	180224,
		"rcvbuf_actual":	180224,
		"test_start":	{
			"protocol":	"UDP",
			"num_streams":	1,
			"blksize":	1024,
			"omit":	0,
			"duration":	30,
			"bytes":	0,
			"blocks":	0,
			"reverse":	0,
			"tos":	0,
			"target_bitrate":	80000,
			"bidir":	0,
			"fqrate":	0,
			"interval":	1
		}
	},
	"intervals":	[{
			"streams":	[{
					"socket":	5,
					"start":	0,
					"end":	1.001873,
					"seconds":	1.0018730163574219,
					"bytes":	10240,
					"bits_per_second":	81766.849353665733,
					"packets":	10,
					"omitted":	false,
					"sender":	true
				}],
			"sum":	{
				"start":	0,
				"end":	1.001873,
				"seconds":	1.0018730163574219,
				"bytes":	10240,
				"bits_per_second":	81766.849353665733,
				"packets":	10,
				"omitted":	false,
				"sender":	true
			}
		}, {
			"streams":	[{
					"socket":	5,
					"start":	1.001873,
					"end":	2.001245,
					"seconds":	0.99937200546264648,
					"bytes":	10240,
					"bits_per_second":	81971.477640176832,
					"packets":	10,
					"omitted":	false,
					"sender":	true
				}],
			"sum":	{
				"start":	1.001873,
				"end":	2.001245,
				"seconds":	0.99937200546264648,
				"bytes":	10240,
				"bits_per_second":	81971.477640176832,
				"packets":	10,
				"omitted":	false,
				"sender":	true
			}
		}, {
			"streams":	[{
					"socket":	5,
					"start":	2.001245,
					"end":	3.001237,
					"seconds":	0.9999920129776,
					"bytes":	10240,
					"bits_per_second":	81920.654302100927,
					"packets":	10,
					"omitted":	false,
					"sender":	true
				}],
			"sum":	{
				"start":	2.001245,
				"end":	3.001237,
				"seconds":	0.9999920129776,
				"bytes":	10240,
				"bits_per_second":	81920.654302100927,
				"packets":	10,
				"omitted":	false,
				"sender":	true
			}
		}, {
			"streams":	[{
					"socket":	5,
					"start":	3.001237,
					"end":	4.001371,
					"seconds":	1.0001339912414551,
					"bytes":	10240,
					"bits_per_second":	81909.0249080662,
					"packets":	10,
					"omitted":	false,
					"sender":	true
				}],
			"sum":	{
				"start":	3.001237,
				"end":	4.001371,
				"seconds":	1.0001339912414551,
				"bytes":	10240,
				"bits_per_second":	81909.0249080662,
				"packets":	10,
				"omitted":	false,
				"sender":	true
			}
		}, {
			"streams":	[{
					"socket":	5,
					"start":	4.001371,
					"end":	5.001242,
					"seconds":	0.999871015548706,
					"bytes":	9216,
					"bits_per_second":	73737.510992395139,
					"packets":	9,
					"omitted":	false,
					"sender":	true
				}],
			"sum":	{
				"start":	4.001371,
				"end":	5.001242,
				"seconds":	0.999871015548706,
				"bytes":	9216,
				"bits_per_second":	73737.510992395139,
				"packets":	9,
				"omitted":	false,
				"sender":	true
			}
		}, {
			"streams":	[{
					"socket":	5,
					"start":	5.001242,
					"end":	6.001232,
					"seconds":	0.99998998641967773,
					"bytes":	10240,
					"bits_per_second":	81920.820320714352,
					"packets":	10,
					"omitted":	false,
					"sender":	true
				}],
			"sum":	{
				"start":	5.001242,
				"end":	6.001232,
				"seconds":	0.99998998641967773,
				"bytes":	10240,
				"bits_per_second":	81920.820320714352,
				"packets":	10,
				"omitted":	false,
				"sender":	true
			}
		}, {
			"streams":	[{
					"socket":	5,
					"start":	6.001232,
					"end":	7.000496,
					"seconds":	0.99926400184631348,
					"bytes":	10240,
					"bits_per_second":	81980.337376948039,
					"packets":	10,
					"omitted":	false,
					"sender":	true
				}],
			"sum":	{
				"start":	6.001232,
				"end":	7.000496,
				"seconds":	0.99926400184631348,
				"bytes":	10240,
				"bits_per_second":	81980.337376948039,
				"packets":	10,
				"omitted":	false,
				"sender":	true
			}
		}, {
			"streams":	[{
					"socket":	5,
					"start":	7.000496,
					"end":	8.001227,
					"seconds":	1.0007309913635254,
					"bytes":	10240,
					"bits_per_second":	81860.160929343852,
					"packets":	10,
					"omitted":	false,
					"sender":	true
				}],
			"sum":	{
				"start":	7.000496,
				"end":	8.001227,
				"seconds":	1.0007309913635254,
				"bytes":	10240,
				"bits_per_second":	81860.160929343852,
				"packets":	10,
				"omitted":	false,
				"sender":	true
			}
		}, {
			"streams":	[{
					"socket":	5,
					"start":	8.001227,
					"end":	9.001288,
					"seconds":	1.00006103515625,
					"bytes":	9216,
					"bits_per_second":	73723.500274641439,
					"packets":	9,
					"omitted":	false,
					"sender":	true
				}],
			"sum":	{
				"start":	8.001227,
				"end":	9.001288,
				"seconds":	1.00006103515625,
				"bytes":	9216,
				"bits_per_second":	73723.500274641439,
				"packets":	9,
				"omitted":	false,
				"sender":	true
			}
		}, {
			"streams":	[{
					"socket":	5,
					"start":	9.001288,
					"end":	10.001247,
					"seconds":	0.99995899200439453,
					"bytes":	10240,
					"bits_per_second":	81923.3595127669,
					"packets":	10,
					"omitted":	false,
					"sender":	true
				}],
			"sum":	{
				"start":	9.001288,
				"end":	10.001247,
				"seconds":	0.99995899200439453,
				"bytes":	10240,
				"bits_per_second":	81923.3595127669,
				"packets":	10,
				"omitted":	false,
				"sender":	true
			}
		}, {
			"streams":	[{
					"socket":	5,
					"start":	10.001247,
					"end":	11.001224,
					"seconds":	0.9999769926071167,
					"bytes":	10240,
					"bits_per_second":	81921.884808989547,
					"packets":	10,
					"omitted":	false,
					"sender":	true
				}],
			"sum":	{
				"start":	10.001247,
				"end":	11.001224,
				"seconds":	0.9999769926071167,
				"bytes":	10240,
				"bits_per_second":	81921.884808989547,
				"packets":	10,
				"omitted":	false,
				"sender":	true
			}
		}, {
			"streams":	[{
					"socket":	5,
					"start":	11.001224,
					"end":	12.001234,
					"seconds":	1.0000100135803223,
					"bytes":	10240,
					"bits_per_second":	81919.179695714178,
					"packets":	10,
					"omitted":	false,
					"sender":	true
				}],
			"sum":	{
				"start":	11.001224,
				"end":	12.001234,
				"seconds":	1.0000100135803223,
				"bytes":	10240,
				"bits_per_second":	81919.179695714178,
				"packets":	10,
				"omitted":	false,
				"sender":	true
			}
		}, {
			"streams":	[{
					"socket":	5,
					"start":	12.001234,
					"end":	13.001235,
					"seconds":	1.0000009536743164,
					"bytes":	9216,
					"bits_per_second":	73727.929687567055,
					"packets":	9,
					"omitted":	false,
					"sender":	true
				}],
			"sum":	{
				"start":	12.001234,
				"end":	13.001235,
				"seconds":	1.0000009536743164,
				"bytes":	9216,
				"bits_per_second":	73727.929687567055,
				"packets":	9,
				"omitted":	false,
				"sender":	true
			}
		}, {
			"streams":	[{
					"socket":	5,
					"start":	13.001235,
					"end":	14.001234,
					"seconds":	0.99999898672103882,
					"bytes":	10240,
					"bits_per_second":	81920.0830078966,
					"packets":	10,
					"omitted":	false,
					"sender":	true
				}],
			"sum":	{
				"start":	13.001235,
				"end":	14.001234,
				"seconds":	0.99999898672103882,
				"bytes":	10240,
				"bits_per_second":	81920.0830078966,
				"packets":	10,
				"omitted":	false,
				"sender":	true
			}
		}, {
			"streams":	[{
					"socket":	5,
					"start":	14.001234,
					"end":	15.001244,
					"seconds":	1.0000100135803223,
					"bytes":	10240,
					"bits_per_second":	81919.179695714178,
					"packets":	10,
					"omitted":	false,
					"sender":	true
				}],
			"sum":	{
				"start":	14.001234,
				"end":	15.001244,
				"seconds":	1.0000100135803223,
				"bytes":	10240,
				"bits_per_second":	81919.179695714178,