{
	"start":	{
		"connected":	[{
				"socket":	5,
				"local_host":	"fd00::2",
				"local_port":	41505,
				"remote_host":	"fd00::8",
				"remote_port":	5123
			}],
		"version":	"iperf 3.18",
		"system_info":	"Linux rpi02 6.12.75+rpt-rpi-v6 #1 Raspbian 1:6.12.75-1+rpt1 (2026-03-11) armv6l",
		"timestamp":	{
			"time":	"Sun, 10 May 2026 16:07:12 GMT",
			"timesecs":	1778429232
		},
		"connecting_to":	{
			"host":	"fd00::8",
			"port":	5123
		},
		"cookie":	"62ibcozlarajdr3estnojfdld2og2huiuvx5",
		"target_bitrate":	40000,
		"fq_rate":	0,
		"sock_bufsize":	0,
		"sndbuf_actual":	180224,
		"rcvbuf_actual":	180224,
		"test_start":	{
			"protocol":	"UDP",
			"num_streams":	1,
			"blksize":	64,
			"omit":	0,
			"duration":	30,
			"bytes":	0,
			"blocks":	0,
			"reverse":	0,
			"tos":	0,
			"target_bitrate":	40000,
			"bidir":	0,
			"fqrate":	0,
			"interval":	1
		}
	},
	"intervals":	[{
			"streams":	[{
					"socket":	5,
					"start":	0,
					"end":	1.000935,
					"seconds":	1.0009349584579468,
					"bytes":	5056,
					"bits_per_second":	40410.218124776766,
					"packets":	79,
					"omitted":	false,
					"sender":	true
				}],
			"sum":	{
				"start":	0,
				"end":	1.000935,
				"seconds":	1.0009349584579468,
				"bytes":	5056,
				"bits_per_second":	40410.218124776766,
				"packets":	79,
				"omitted":	false,
				"sender":	true
			}
		}, {
			"streams":	[{
					"socket":	5,
					"start":	1.000935,
					"end":	2.001241,
					"seconds":	1.0003060102462769,
					"bytes":	4992,
					"bits_per_second":	39923.78291335838,
					"packets":	78,
					"omitted":	false,
					"sender":	true
				}],
			"sum":	{
				"start":	1.000935,
				"end":	2.001241,
				"seconds":	1.0003060102462769,
				"bytes":	4992,
				"bits_per_second":	39923.78291335838,
				"packets":	78,
				"omitted":	false,
				"sender":	true
			}
		}, {
			"streams":	[{
					"socket":	5,
					"start":	2.001241,
					"end":	3.00124,
					"seconds":	0.99999898672103882,
					"bytes":	4992,
					"bits_per_second":	39936.0404663496,
					"packets":	78,
					"omitted":	false,
					"sender":	true
				}],
			"sum":	{
				"start":	2.001241,
				"end":	3.00124,
				"seconds":	0.99999898672103882,
				"bytes":	4992,
				"bits_per_second":	39936.0404663496,
				"packets":	78,
				"omitted":	false,
				"sender":	true
			}
		}, {
			"streams":	[{
					"socket":	5,
					"start":	3.00124,
					"end":	4.001239,
					"seconds":	0.99999898672103882,
					"bytes":	4992,
					"bits_per_second":	39936.0404663496,
					"packets":	78,
					"omitted":	false,
					"sender":	true
				}],
			"sum":	{
				"start":	3.00124,
				"end":	4.001239,
				"seconds":	0.99999898672103882,
				"bytes":	4992,
				"bits_per_second":	39936.0404663496,
				"packets":	78,
				"omitted":	false,
				"sender":	true
			}
		}, {
			"streams":	[{
					"socket":	5,
					"start":	4.001239,
					"end":	5.001251,
					"seconds":	1.0000120401382446,
					"bytes":	4992,
					"bits_per_second":	39935.5191708283,
					"packets":	78,
					"omitted":	false,
					"sender":	true
				}],
			"sum":	{
				"start":	4.001239,
				"end":	5.001251,
				"seconds":	1.0000120401382446,
				"bytes":	4992,
				"bits_per_second":	39935.5191708283,
				"packets":	78,
				"omitted":	false,
				"sender":	true
			}
		}, {
			"streams":	[{
					"socket":	5,
					"start":	5.001251,
					"end":	6.001241,
					"seconds":	0.99998998641967773,
					"bytes":	4992,
					"bits_per_second":	39936.399906348248,
					"packets":	78,
					"omitted":	false,
					"sender":	true
				}],
			"sum":	{
				"start":	5.001251,
				"end":	6.001241,
				"seconds":	0.99998998641967773,
				"bytes":	4992,
				"bits_per_second":	39936.399906348248,
				"packets":	78,
				"omitted":	false,
				"sender":	true
			}
		}, {
			"streams":	[{
					"socket":	5,
					"start":	6.001241,
					"end":	7.00124,
					"seconds":	0.99999898672103882,
					"bytes":	4992,
					"bits_per_second":	39936.0404663496,
					"packets":	78,
					"omitted":	false,
					"sender":	true
				}],
			"sum":	{
				"start":	6.001241,
				"end":	7.00124,
				"seconds":	0.99999898672103882,
				"bytes":	4992,
				"bits_per_second":	39936.0404663496,
				"packets":	78,
				"omitted":	false,
				"sender":	true
			}
		}, {
			"streams":	[{
					"socket":	5,
					"start":	7.00124,
					"end":	8.001239,
					"seconds":	0.99999898672103882,
					"bytes":	5056,
					"bits_per_second":	40448.040985148953,
					"packets":	79,
					"omitted":	false,
					"sender":	true
				}],
			"sum":	{
				"start":	7.00124,
				"end":	8.001239,
				"seconds":	0.99999898672103882,
				"bytes":	5056,
				"bits_per_second":	40448.040985148953,
				"packets":	79,
				"omitted":	false,
				"sender":	true
			}
		}, {
			"streams":	[{
					"socket":	5,
					"start":	8.001239,
					"end":	9.001239,
					"seconds":	1,
					"bytes":	4992,
					"bits_per_second":	39936,
					"packets":	78,
					"omitted":	false,
					"sender":	true
				}],
			"sum":	{
				"start":	8.001239,
				"end":	9.001239,
				"seconds":	1,
				"bytes":	4992,
				"bits_per_second":	39936,
				"packets":	78,
				"omitted":	false,
				"sender":	true
			}
		}, {
			"streams":	[{
					"socket":	5,
					"start":	9.001239,
					"end":	10.001243,
					"seconds":	1.0000040531158447,
					"bytes":	4992,
					"bits_per_second":	39935.838135421684,
					"packets":	78,
					"omitted":	false,
					"sender":	true
				}],
			"sum":	{
				"start":	9.001239,
				"end":	10.001243,
				"seconds":	1.0000040531158447,
				"bytes":	4992,
				"bits_per_second":	39935.838135421684,
				"packets":	78,
				"omitted":	false,
				"sender":	true
			}
		}, {
			"streams":	[{
					"socket":	5,
					"start":	10.001243,
					"end":	11.00124,
					"seconds":	0.99999701976776123,
					"bytes":	4992,
					"bits_per_second":	39936.1190189094,
					"packets":	78,
					"omitted":	false,
					"sender":	true
				}],
			"sum":	{
				"start":	10.001243,
				"end":	11.00124,
				"seconds":	0.99999701976776123,
				"bytes":	4992,
				"bits_per_second":	39936.1190189094,
				"packets":	78,
				"omitted":	false,
				"sender":	true
			}
		}, {
			"streams":	[{
					"socket":	5,
					"start":	11.00124,
					"end":	12.001243,
					"seconds":	1.0000029802322388,
					"bytes":	4992,
					"bits_per_second":	39935.880981800015,
					"packets":	78,
					"omitted":	false,
					"sender":	true
				}],
			"sum":	{
				"start":	11.00124,
				"end":	12.001243,
				"seconds":	1.0000029802322388,
				"bytes":	4992,
				"bits_per_second":	39935.880981800015,
				"packets":	78,
				"omitted":	false,
				"sender":	true
			}
		}, {
			"streams":	[{
					"socket":	5,
					"start":	12.001243,
					"end":	13.001287,
					"seconds":	1.0000439882278442,
					"bytes":	4992,
					"bits_per_second":	39934.243363404144,
					"packets":	78,
					"omitted":	false,
					"sender":	true
				}],
			"sum":	{
				"start":	12.001243,
				"end":	13.001287,
				"seconds":	1.0000439882278442,
				"bytes":	4992,
				"bits_per_second":	39934.243363404144,
				"packets":	78,
				"omitted":	false,
				"sender":	true
			}
		}, {
			"streams":	[{
					"socket":	5,
					"start":	13.001287,
					"end":	14.001239,
					"seconds":	0.99995201826095581,
					"bytes":	4992,
					"bits_per_second":	39937.916290677429,
					"packets":	78,
					"omitted":	false,
					"sender":	true
				}],
			"sum":	{
				"start":	13.001287,
				"end":	14.001239,
				"seconds":	0.99995201826095581,
				"bytes":	4992,
				"bits_per_second":	39937.916290677429,
				"packets":	78,
				"omitted":	false,
				"sender":	true
			}
		}, {
			"streams":	[{
					"socket":	5,
					"start":	14.001239,
					"end":	15.001065,
					"seconds":	0.99982601404190063,
					"bytes":	4992,
					"bits_per_second":	39942.949512340216,
					"packets":	78,
					"omitted":	false,
					"sender":	true
				}],
			"sum":	{
				"start":	14.001239,
				"end":	15.001065,
				"seconds":	0.99982601404190063,
				"bytes":	4992,
				"bits_per_second":	39942.949512340216,
				"packets":	78,
				"omitted":	false,