{
	"start":	{
		"connected":	[{
				"socket":	5,
				"local_host":	"192.168.0.73",
				"local_port":	58481,
				"remote_host":	"192.168.0.74",
				"remote_port":	5123
			}],
		"version":	"iperf 3.18",
		"system_info":	"Linux RPI08 6.12.47+rpt-rpi-v7 #1 SMP Raspbian 1:6.12.47-1+rpt1 (2025-09-16) armv7l",
		"timestamp":	{
			"time":	"Mon, 11 May 2026 17:34:02 GMT",
			"timesecs":	1778520842
		},
		"connecting_to":	{
			"host":	"192.168.0.74",
			"port":	5123
		},
		"cookie":	"cq2xa5akyys56hqtgw6mh6ywxigz22efp35k",
		"target_bitrate":	250000,
		"fq_rate":	0,
		"sock_bufsize":	0,
		"sndbuf_actual":	180224,
		"rcvbuf_actual":	180224,
		"test_start":	{
			"protocol":	"UDP",
			"num_streams":	1,
			"blksize":	1024,
			"omit":	0,
			"duration":	30,
			"bytes":	0,
			"blocks":	0,
			"reverse":	0,
			"tos":	0,
			"target_bitrate":	250000,
			"bidir":	0,
			"fqrate":	0,
			"interval":	1
		}
	},
	"intervals":	[{
			"streams":	[{
					"socket":	5,
					"start":	0,
					"end":	1.001144,
					"seconds":	1.0011440515518188,
					"bytes":	31744,
					"bits_per_second":	253661.79782655937,
					"packets":	31,
					"omitted":	false,
					"sender":	true
				}],
			"sum":	{
				"start":	0,
				"end":	1.001144,
				"seconds":	1.0011440515518188,
				"bytes":	31744,
				"bits_per_second":	253661.79782655937,
				"packets":	31,
				"omitted":	false,
				"sender":	true
			}
		}, {
			"streams":	[{
					"socket":	5,
					"start":	1.001144,
					"end":	2.001137,
					"seconds":	0.99999302625656128,
					"bytes":	31744,
					"bits_per_second":	253953.77100844431,
					"packets":	31,
					"omitted":	false,
					"sender":	true
				}],
			"sum":	{
				"start":	1.001144,
				"end":	2.001137,
				"seconds":	0.99999302625656128,
				"bytes":	31744,
				"bits_per_second":	253953.77100844431,
				"packets":	31,
				"omitted":	false,
				"sender":	true
			}
		}, {
			"streams":	[{
					"socket":	5,
					"start":	2.001137,
					"end":	3.00113,
					"seconds":	0.99999302625656128,
					"bytes":	30720,
					"bits_per_second":	245761.71387913966,
					"packets":	30,
					"omitted":	false,
					"sender":	true
				}],
			"sum":	{
				"start":	2.001137,
				"end":	3.00113,
				"seconds":	0.99999302625656128,
				"bytes":	30720,
				"bits_per_second":	245761.71387913966,
				"packets":	30,
				"omitted":	false,
				"sender":	true
			}
		}, {
			"streams":	[{
					"socket":	5,
					"start":	3.00113,
					"end":	4.001134,
					"seconds":	1.0000040531158447,
					"bytes":	31744,
					"bits_per_second":	253950.97070729683,
					"packets":	31,
					"omitted":	false,
					"sender":	true
				}],
			"sum":	{
				"start":	3.00113,
				"end":	4.001134,
				"seconds":	1.0000040531158447,
				"bytes":	31744,
				"bits_per_second":	253950.97070729683,
				"packets":	31,
				"omitted":	false,
				"sender":	true
			}
		}, {
			"streams":	[{
					"socket":	5,
					"start":	4.001134,
					"end":	5.001141,
					"seconds":	1.0000070333480835,
					"bytes":	30720,
					"bits_per_second":	245758.27149653216,
					"packets":	30,
					"omitted":	false,
					"sender":	true
				}],
			"sum":	{
				"start":	4.001134,
				"end":	5.001141,
				"seconds":	1.0000070333480835,
				"bytes":	30720,
				"bits_per_second":	245758.27149653216,
				"packets":	30,
				"omitted":	false,
				"sender":	true
			}
		}, {
			"streams":	[{
					"socket":	5,
					"start":	5.001141,
					"end":	6.001144,
					"seconds":	1.0000029802322388,
					"bytes":	31744,
					"bits_per_second":	253951.24316631805,
					"packets":	31,
					"omitted":	false,
					"sender":	true
				}],
			"sum":	{
				"start":	5.001141,
				"end":	6.001144,
				"seconds":	1.0000029802322388,
				"bytes":	31744,
				"bits_per_second":	253951.24316631805,
				"packets":	31,
				"omitted":	false,
				"sender":	true
			}
		}, {
			"streams":	[{
					"socket":	5,
					"start":	6.001144,
					"end":	7.001133,
					"seconds":	0.99998897314071655,
					"bytes":	30720,
					"bits_per_second":	245762.70999082018,
					"packets":	30,
					"omitted":	false,
					"sender":	true
				}],
			"sum":	{
				"start":	6.001144,
				"end":	7.001133,
				"seconds":	0.99998897314071655,
				"bytes":	30720,
				"bits_per_second":	245762.70999082018,
				"packets":	30,
				"omitted":	false,
				"sender":	true
			}
		}, {
			"streams":	[{
					"socket":	5,
					"start":	7.001133,
					"end":	8.001127,
					"seconds":	0.99999397993087769,
					"bytes":	31744,
					"bits_per_second":	253953.52881779734,
					"packets":	31,
					"omitted":	false,
					"sender":	true
				}],
			"sum":	{
				"start":	7.001133,
				"end":	8.001127,
				"seconds":	0.99999397993087769,
				"bytes":	31744,
				"bits_per_second":	253953.52881779734,
				"packets":	31,
				"omitted":	false,
				"sender":	true
			}
		}, {
			"streams":	[{
					"socket":	5,
					"start":	8.001127,
					"end":	9.001137,
					"seconds":	1.0000100135803223,
					"bytes":	30720,
					"bits_per_second":	245757.53908714256,
					"packets":	30,
					"omitted":	false,
					"sender":	true
				}],
			"sum":	{
				"start":	8.001127,
				"end":	9.001137,
				"seconds":	1.0000100135803223,
				"bytes":	30720,
				"bits_per_second":	245757.53908714256,
				"packets":	30,
				"omitted":	false,
				"sender":	true
			}
		}, {
			"streams":	[{
					"socket":	5,
					"start":	9.001137,
					"end":	10.001152,
					"seconds":	1.0000150203704834,
					"bytes":	31744,
					"bits_per_second":	253948.18560416863,
					"packets":	31,
					"omitted":	false,
					"sender":	true
				}],
			"sum":	{
				"start":	9.001137,
				"end":	10.001152,
				"seconds":	1.0000150203704834,
				"bytes":	31744,
				"bits_per_second":	253948.18560416863,
				"packets":	31,
				"omitted":	false,
				"sender":	true
			}
		}, {
			"streams":	[{
					"socket":	5,
					"start":	10.001152,
					"end":	11.001142,
					"seconds":	0.99998998641967773,
					"bytes":	30720,
					"bits_per_second":	245762.460962143,
					"packets":	30,
					"omitted":	false,
					"sender":	true
				}],
			"sum":	{
				"start":	10.001152,
				"end":	11.001142,
				"seconds":	0.99998998641967773,
				"bytes":	30720,
				"bits_per_second":	245762.460962143,
				"packets":	30,
				"omitted":	false,
				"sender":	true
			}
		}, {
			"streams":	[{
					"socket":	5,
					"start":	11.001142,
					"end":	12.00113,
					"seconds":	0.9999880194664,
					"bytes":	31744,
					"bits_per_second":	253955.04251691973,
					"packets":	31,
					"omitted":	false,
					"sender":	true
				}],
			"sum":	{
				"start":	11.001142,
				"end":	12.00113,
				"seconds":	0.9999880194664,
				"bytes":	31744,
				"bits_per_second":	253955.04251691973,
				"packets":	31,
				"omitted":	false,
				"sender":	true
			}
		}, {
			"streams":	[{
					"socket":	5,
					"start":	12.00113,
					"end":	13.001138,
					"seconds":	1.0000079870224,
					"bytes":	30720,
					"bits_per_second":	245758.03712505253,
					"packets":	30,
					"omitted":	false,
					"sender":	true
				}],
			"sum":	{
				"start":	12.00113,
				"end":	13.001138,
				"seconds":	1.0000079870224,
				"bytes":	30720,
				"bits_per_second":	245758.03712505253,
				"packets":	30,
				"omitted":	false,
				"sender":	true
			}
		}, {
			"streams":	[{
					"socket":	5,
					"start":	13.001138,
					"end":	14.001139,
					"seconds":	1.0000009536743164,
					"bytes":	31744,
					"bits_per_second":	253951.757812731,
					"packets":	31,
					"omitted":	false,
					"sender":	true
				}],
			"sum":	{
				"start":	13.001138,
				"end":	14.001139,
				"seconds":	1.0000009536743164,
				"bytes":	31744,
				"bits_per_second":	253951.757812731,
				"packets":	31,
				"omitted":	false,
				"sender":	true
			}
		}, {
			"streams":	[{
					"socket":	5,
					"start":	14.001139,
					"end":	15.001138,
					"seconds":	0.99999898672103882,
					"bytes":	30720,
					"bits_per_second":	245760.24902368983,
					"packets":	30,
					"omitted":	false,
					"sender":	true
				}],
			"sum":	{
				"start":	14.001139,
				"end":	15.001138,
				"seconds":	0.99999898672103882,
				"bytes":	30720,