{
	"start":	{
		"connected":	[{
				"socket":	5,
				"local_host":	"192.168.0.73",
				"local_port":	57462,
				"remote_host":	"192.168.0.74",
				"remote_port":	5123
			}],
		"version":	"iperf 3.18",
		"system_info":	"Linux RPI08 6.12.47+rpt-rpi-v7 #1 SMP Raspbian 1:6.12.47-1+rpt1 (2025-09-16) armv7l",
		"timestamp":	{
			"time":	"Mon, 11 May 2026 17:15:27 GMT",
			"timesecs":	1778519727
		},
		"connecting_to":	{
			"host":	"192.168.0.74",
			"port":	5123
		},
		"cookie":	"ouctagrt3civ32uf4wdxmjwlxyul52mb32up",
		"target_bitrate":	10000,
		"fq_rate":	0,
		"sock_bufsize":	0,
		"sndbuf_actual":	180224,
		"rcvbuf_actual":	180224,
		"test_start":	{
			"protocol":	"UDP",
			"num_streams":	1,
			"blksize":	256,
			"omit":	0,
			"duration":	30,
			"bytes":	0,
			"blocks":	0,
			"reverse":	0,
			"tos":	0,
			"target_bitrate":	10000,
			"bidir":	0,
			"fqrate":	0,
			"interval":	1
		}
	},
	"intervals":	[{
			"streams":	[{
					"socket":	5,
					"start":	0,
					"end":	1.001144,
					"seconds":	1.0011440515518188,
					"bytes":	1280,
					"bits_per_second":	10228.29829945804,
					"packets":	5,
					"omitted":	false,
					"sender":	true
				}],
			"sum":	{
				"start":	0,
				"end":	1.001144,
				"seconds":	1.0011440515518188,
				"bytes":	1280,
				"bits_per_second":	10228.29829945804,
				"packets":	5,
				"omitted":	false,
				"sender":	true
			}
		}, {
			"streams":	[{
					"socket":	5,
					"start":	1.001144,
					"end":	2.001135,
					"seconds":	0.999990999698639,
					"bytes":	1280,
					"bits_per_second":	10240.09216391544,
					"packets":	5,
					"omitted":	false,
					"sender":	true
				}],
			"sum":	{
				"start":	1.001144,
				"end":	2.001135,
				"seconds":	0.999990999698639,
				"bytes":	1280,
				"bits_per_second":	10240.09216391544,
				"packets":	5,
				"omitted":	false,
				"sender":	true
			}
		}, {
			"streams":	[{
					"socket":	5,
					"start":	2.001135,
					"end":	3.001143,
					"seconds":	1.0000079870224,
					"bytes":	1280,
					"bits_per_second":	10239.918213543855,
					"packets":	5,
					"omitted":	false,
					"sender":	true
				}],
			"sum":	{
				"start":	2.001135,
				"end":	3.001143,
				"seconds":	1.0000079870224,
				"bytes":	1280,
				"bits_per_second":	10239.918213543855,
				"packets":	5,
				"omitted":	false,
				"sender":	true
			}
		}, {
			"streams":	[{
					"socket":	5,
					"start":	3.001143,
					"end":	4.001162,
					"seconds":	1.0000189542770386,
					"bytes":	1280,
					"bits_per_second":	10239.805911881926,
					"packets":	5,
					"omitted":	false,
					"sender":	true
				}],
			"sum":	{
				"start":	3.001143,
				"end":	4.001162,
				"seconds":	1.0000189542770386,
				"bytes":	1280,
				"bits_per_second":	10239.805911881926,
				"packets":	5,
				"omitted":	false,
				"sender":	true
			}
		}, {
			"streams":	[{
					"socket":	5,
					"start":	4.001162,
					"end":	5.001134,
					"seconds":	0.99997198581695557,
					"bytes":	1280,
					"bits_per_second":	10240.286873270896,
					"packets":	5,
					"omitted":	false,
					"sender":	true
				}],
			"sum":	{
				"start":	4.001162,
				"end":	5.001134,
				"seconds":	0.99997198581695557,
				"bytes":	1280,
				"bits_per_second":	10240.286873270896,
				"packets":	5,
				"omitted":	false,
				"sender":	true
			}
		}, {
			"streams":	[{
					"socket":	5,
					"start":	5.001134,
					"end":	6.001146,
					"seconds":	1.0000120401382446,
					"bytes":	1280,
					"bits_per_second":	10239.8767104688,
					"packets":	5,
					"omitted":	false,
					"sender":	true
				}],
			"sum":	{
				"start":	5.001134,
				"end":	6.001146,
				"seconds":	1.0000120401382446,
				"bytes":	1280,
				"bits_per_second":	10239.8767104688,
				"packets":	5,
				"omitted":	false,
				"sender":	true
			}
		}, {
			"streams":	[{
					"socket":	5,
					"start":	6.001146,
					"end":	7.00114,
					"seconds":	0.99999397993087769,
					"bytes":	1280,
					"bits_per_second":	10240.061645878925,
					"packets":	5,
					"omitted":	false,
					"sender":	true
				}],
			"sum":	{
				"start":	6.001146,
				"end":	7.00114,
				"seconds":	0.99999397993087769,
				"bytes":	1280,
				"bits_per_second":	10240.061645878925,
				"packets":	5,
				"omitted":	false,
				"sender":	true
			}
		}, {
			"streams":	[{
					"socket":	5,
					"start":	7.00114,
					"end":	8.001144,
					"seconds":	1.0000040531158447,
					"bytes":	1280,
					"bits_per_second":	10239.95849626197,
					"packets":	5,
					"omitted":	false,
					"sender":	true
				}],
			"sum":	{
				"start":	7.00114,
				"end":	8.001144,
				"seconds":	1.0000040531158447,
				"bytes":	1280,
				"bits_per_second":	10239.95849626197,
				"packets":	5,
				"omitted":	false,
				"sender":	true
			}
		}, {
			"streams":	[{
					"socket":	5,
					"start":	8.001144,
					"end":	9.001142,
					"seconds":	0.99999797344207764,
					"bytes":	1024,
					"bits_per_second":	8192.016601596144,
					"packets":	4,
					"omitted":	false,
					"sender":	true
				}],
			"sum":	{
				"start":	8.001144,
				"end":	9.001142,
				"seconds":	0.99999797344207764,
				"bytes":	1024,
				"bits_per_second":	8192.016601596144,
				"packets":	4,
				"omitted":	false,
				"sender":	true
			}
		}, {
			"streams":	[{
					"socket":	5,
					"start":	9.001142,
					"end":	10.001143,
					"seconds":	1.0000009536743164,
					"bytes":	1280,
					"bits_per_second":	10239.990234384313,
					"packets":	5,
					"omitted":	false,
					"sender":	true
				}],
			"sum":	{
				"start":	9.001142,
				"end":	10.001143,
				"seconds":	1.0000009536743164,
				"bytes":	1280,
				"bits_per_second":	10239.990234384313,
				"packets":	5,
				"omitted":	false,
				"sender":	true
			}
		}, {
			"streams":	[{
					"socket":	5,
					"start":	10.001143,
					"end":	11.00114,
					"seconds":	0.99999701976776123,
					"bytes":	1280,
					"bits_per_second":	10240.030517669074,
					"packets":	5,
					"omitted":	false,
					"sender":	true
				}],
			"sum":	{
				"start":	10.001143,
				"end":	11.00114,
				"seconds":	0.99999701976776123,
				"bytes":	1280,
				"bits_per_second":	10240.030517669074,
				"packets":	5,
				"omitted":	false,
				"sender":	true
			}
		}, {
			"streams":	[{
					"socket":	5,
					"start":	11.00114,
					"end":	12.001137,
					"seconds":	0.99999701976776123,
					"bytes":	1280,
					"bits_per_second":	10240.030517669074,
					"packets":	5,
					"omitted":	false,
					"sender":	true
				}],
			"sum":	{
				"start":	11.00114,
				"end":	12.001137,
				"seconds":	0.99999701976776123,
				"bytes":	1280,
				"bits_per_second":	10240.030517669074,
				"packets":	5,
				"omitted":	false,
				"sender":	true
			}
		}, {
			"streams":	[{
					"socket":	5,
					"start":	12.001137,
					"end":	13.00118,
					"seconds":	1.0000430345535278,
					"bytes":	1280,
					"bits_per_second":	10239.55934513526,
					"packets":	5,
					"omitted":	false,
					"sender":	true
				}],
			"sum":	{
				"start":	12.001137,
				"end":	13.00118,
				"seconds":	1.0000430345535278,
				"bytes":	1280,
				"bits_per_second":	10239.55934513526,
				"packets":	5,
				"omitted":	false,
				"sender":	true
			}
		}, {
			"streams":	[{
					"socket":	5,
					"start":	13.00118,
					"end":	14.00113,
					"seconds":	0.99994999170303345,
					"bytes":	1280,
					"bits_per_second":	10240.512110570715,
					"packets":	5,
					"omitted":	false,
					"sender":	true
				}],
			"sum":	{
				"start":	13.00118,
				"end":	14.00113,
				"seconds":	0.99994999170303345,
				"bytes":	1280,
				"bits_per_second":	10240.512110570715,
				"packets":	5,
				"omitted":	false,
				"sender":	true
			}
		}, {
			"streams":	[{
					"socket":	5,
					"start":	14.00113,
					"end":	15.001128,
					"seconds":	0.99999797344207764,
					"bytes":	1280,
					"bits_per_second":	10240.02075199518,
					"packets":	5,
					"omitted":	false,
					"sender":	true
				}],
			"sum":	{
				"start":	14.00113,
				"end":	15.001128,
				"seconds":	0.99999797344207764,
				"bytes":	1280,
				"bits_per_second":	10240.02075199518,
				"packets":	5,
				"omitted":	false,