{
	"start":	{
		"connected":	[{
				"socket":	5,
				"local_host":	"192.168.0.73",
				"local_port":	56333,
				"remote_host":	"192.168.0.74",
				"remote_port":	5123
			}],
		"version":	"iperf 3.18",
		"system_info":	"Linux RPI08 6.12.47+rpt-rpi-v7 #1 SMP Raspbian 1:6.12.47-1+rpt1 (2025-09-16) armv7l",
		"timestamp":	{
			"time":	"Mon, 11 May 2026 17:18:28 GMT",
			"timesecs":	1778519908
		},
		"connecting_to":	{
			"host":	"192.168.0.74",
			"port":	5123
		},
		"cookie":	"4jajgzgkzbor3zzxhiey3qwpsyqicyvezpjv",
		"target_bitrate":	15000,
		"fq_rate":	0,
		"sock_bufsize":	0,
		"sndbuf_actual":	180224,
		"rcvbuf_actual":	180224,
		"test_start":	{
			"protocol":	"UDP",
			"num_streams":	1,
			"blksize":	512,
			"omit":	0,
			"duration":	30,
			"bytes":	0,
			"blocks":	0,
			"reverse":	0,
			"tos":	0,
			"target_bitrate":	15000,
			"bidir":	0,
			"fqrate":	0,
			"interval":	1
		}
	},
	"intervals":	[{
			"streams":	[{
					"socket":	5,
					"start":	0,
					"end":	1.001143,
					"seconds":	1.0011429786682129,
					"bytes":	2048,
					"bits_per_second":	16365.294817125012,
					"packets":	4,
					"omitted":	false,
					"sender":	true
				}],
			"sum":	{
				"start":	0,
				"end":	1.001143,
				"seconds":	1.0011429786682129,
				"bytes":	2048,
				"bits_per_second":	16365.294817125012,
				"packets":	4,
				"omitted":	false,
				"sender":	true
			}
		}, {
			"streams":	[{
					"socket":	5,
					"start":	1.001143,
					"end":	2.001142,
					"seconds":	0.99999898672103882,
					"bytes":	2048,
					"bits_per_second":	16384.016601579322,
					"packets":	4,
					"omitted":	false,
					"sender":	true
				}],
			"sum":	{
				"start":	1.001143,
				"end":	2.001142,
				"seconds":	0.99999898672103882,
				"bytes":	2048,
				"bits_per_second":	16384.016601579322,
				"packets":	4,
				"omitted":	false,
				"sender":	true
			}
		}, {
			"streams":	[{
					"socket":	5,
					"start":	2.001142,
					"end":	3.001156,
					"seconds":	1.0000139474868774,
					"bytes":	1536,
					"bits_per_second":	12287.828615671631,
					"packets":	3,
					"omitted":	false,
					"sender":	true
				}],
			"sum":	{
				"start":	2.001142,
				"end":	3.001156,
				"seconds":	1.0000139474868774,
				"bytes":	1536,
				"bits_per_second":	12287.828615671631,
				"packets":	3,
				"omitted":	false,
				"sender":	true
			}
		}, {
			"streams":	[{
					"socket":	5,
					"start":	3.001156,
					"end":	4.001136,
					"seconds":	0.99997997283935547,
					"bytes":	2048,
					"bits_per_second":	16384.328131571543,
					"packets":	4,
					"omitted":	false,
					"sender":	true
				}],
			"sum":	{
				"start":	3.001156,
				"end":	4.001136,
				"seconds":	0.99997997283935547,
				"bytes":	2048,
				"bits_per_second":	16384.328131571543,
				"packets":	4,
				"omitted":	false,
				"sender":	true
			}
		}, {
			"streams":	[{
					"socket":	5,
					"start":	4.001136,
					"end":	5.001135,
					"seconds":	0.99999898672103882,
					"bytes":	2048,
					"bits_per_second":	16384.016601579322,
					"packets":	4,
					"omitted":	false,
					"sender":	true
				}],
			"sum":	{
				"start":	4.001136,
				"end":	5.001135,
				"seconds":	0.99999898672103882,
				"bytes":	2048,
				"bits_per_second":	16384.016601579322,
				"packets":	4,
				"omitted":	false,
				"sender":	true
			}
		}, {
			"streams":	[{
					"socket":	5,
					"start":	5.001135,
					"end":	6.001147,
					"seconds":	1.0000120401382446,
					"bytes":	1536,
					"bits_per_second":	12287.852052562557,
					"packets":	3,
					"omitted":	false,
					"sender":	true
				}],
			"sum":	{
				"start":	5.001135,
				"end":	6.001147,
				"seconds":	1.0000120401382446,
				"bytes":	1536,
				"bits_per_second":	12287.852052562557,
				"packets":	3,
				"omitted":	false,
				"sender":	true
			}
		}, {
			"streams":	[{
					"socket":	5,
					"start":	6.001147,
					"end":	7.001156,
					"seconds":	1.0000089406967163,
					"bytes":	2048,
					"bits_per_second":	16383.853516934661,
					"packets":	4,
					"omitted":	false,
					"sender":	true
				}],
			"sum":	{
				"start":	6.001147,
				"end":	7.001156,
				"seconds":	1.0000089406967163,
				"bytes":	2048,
				"bits_per_second":	16383.853516934661,
				"packets":	4,
				"omitted":	false,
				"sender":	true
			}
		}, {
			"streams":	[{
					"socket":	5,
					"start":	7.001156,
					"end":	8.001148,
					"seconds":	0.9999920129776,
					"bytes":	2048,
					"bits_per_second":	16384.130860420184,
					"packets":	4,
					"omitted":	false,
					"sender":	true
				}],
			"sum":	{
				"start":	7.001156,
				"end":	8.001148,
				"seconds":	0.9999920129776,
				"bytes":	2048,
				"bits_per_second":	16384.130860420184,
				"packets":	4,
				"omitted":	false,
				"sender":	true
			}
		}, {
			"streams":	[{
					"socket":	5,
					"start":	8.001148,
					"end":	9.001137,
					"seconds":	0.99998897314071655,
					"bytes":	1536,
					"bits_per_second":	12288.135499541009,
					"packets":	3,
					"omitted":	false,
					"sender":	true
				}],
			"sum":	{
				"start":	8.001148,
				"end":	9.001137,
				"seconds":	0.99998897314071655,
				"bytes":	1536,
				"bits_per_second":	12288.135499541009,
				"packets":	3,
				"omitted":	false,
				"sender":	true
			}
		}, {
			"streams":	[{
					"socket":	5,
					"start":	9.001137,
					"end":	10.001134,
					"seconds":	0.99999701976776123,
					"bytes":	2048,
					"bits_per_second":	16384.048828270519,
					"packets":	4,
					"omitted":	false,
					"sender":	true
				}],
			"sum":	{
				"start":	9.001137,
				"end":	10.001134,
				"seconds":	0.99999701976776123,
				"bytes":	2048,
				"bits_per_second":	16384.048828270519,
				"packets":	4,
				"omitted":	false,
				"sender":	true
			}
		}, {
			"streams":	[{
					"socket":	5,
					"start":	10.001134,
					"end":	11.001137,
					"seconds":	1.0000029802322388,
					"bytes":	2048,
					"bits_per_second":	16383.951172020519,
					"packets":	4,
					"omitted":	false,
					"sender":	true
				}],
			"sum":	{
				"start":	10.001134,
				"end":	11.001137,
				"seconds":	1.0000029802322388,
				"bytes":	2048,
				"bits_per_second":	16383.951172020519,
				"packets":	4,
				"omitted":	false,
				"sender":	true
			}
		}, {
			"streams":	[{
					"socket":	5,
					"start":	11.001137,
					"end":	12.001135,
					"seconds":	0.99999797344207764,
					"bytes":	1536,
					"bits_per_second":	12288.024902394216,
					"packets":	3,
					"omitted":	false,
					"sender":	true
				}],
			"sum":	{
				"start":	11.001137,
				"end":	12.001135,
				"seconds":	0.99999797344207764,
				"bytes":	1536,
				"bits_per_second":	12288.024902394216,
				"packets":	3,
				"omitted":	false,
				"sender":	true
			}
		}, {
			"streams":	[{
					"socket":	5,
					"start":	12.001135,
					"end":	13.001134,
					"seconds":	0.99999898672103882,
					"bytes":	2048,
					"bits_per_second":	16384.016601579322,
					"packets":	4,
					"omitted":	false,
					"sender":	true
				}],
			"sum":	{
				"start":	12.001135,
				"end":	13.001134,
				"seconds":	0.99999898672103882,
				"bytes":	2048,
				"bits_per_second":	16384.016601579322,
				"packets":	4,
				"omitted":	false,
				"sender":	true
			}
		}, {
			"streams":	[{
					"socket":	5,
					"start":	13.001134,
					"end":	14.001141,
					"seconds":	1.0000070333480835,
					"bytes":	2048,
					"bits_per_second":	16383.884766435478,
					"packets":	4,
					"omitted":	false,
					"sender":	true
				}],
			"sum":	{
				"start":	13.001134,
				"end":	14.001141,
				"seconds":	1.0000070333480835,
				"bytes":	2048,
				"bits_per_second":	16383.884766435478,
				"packets":	4,
				"omitted":	false,
				"sender":	true
			}
		}, {
			"streams":	[{
					"socket":	5,
					"start":	14.001141,
					"end":	15.001142,
					"seconds":	1.0000009536743164,
					"bytes":	1536,
					"bits_per_second":	12287.988281261176,
					"packets":	3,
					"omitted":	false,
					"sender":	true
				}],
			"sum":	{
				"start":	14.001141,
				"end":	15.001142,
				"seconds":	1.0000009536743164,
				"bytes":	1536,
				"bits_per_second":	12287.988281261176,
				"packets":	3,