{
	"start":	{
		"connected":	[{
				"socket":	5,
				"local_host":	"fd00::8",
				"local_port":	41618,
				"remote_host":	"fd00::4",
				"remote_port":	5123
			}],
		"version":	"iperf 3.18",
		"system_info":	"Linux RPI08 6.18.29+rpt-rpi-v7 #1 SMP Raspbian 1:6.18.29-1+rpt1 (2026-05-12) armv7l",
		"timestamp":	{
			"time":	"Sat, 16 May 2026 14:40:58 GMT",
			"timesecs":	1778942458
		},
		"connecting_to":	{
			"host":	"fd00::4",
			"port":	5123
		},
		"cookie":	"2xksjhplkya5qeijmuqpoo2h2yliqytcytpm",
		"target_bitrate":	50000,
		"fq_rate":	0,
		"sock_bufsize":	0,
		"sndbuf_actual":	180224,
		"rcvbuf_actual":	180224,
		"test_start":	{
			"protocol":	"UDP",
			"num_streams":	1,
			"blksize":	64,
			"omit":	0,
			"duration":	30,
			"bytes":	0,
			"blocks":	0,
			"reverse":	0,
			"tos":	0,
			"target_bitrate":	50000,
			"bidir":	0,
			"fqrate":	0,
			"interval":	1
		}
	},
	"intervals":	[{
			"streams":	[{
					"socket":	5,
					"start":	0,
					"end":	1.000802,
					"seconds":	1.0008020401000977,
					"bytes":	6272,
					"bits_per_second":	50135.789086702425,
					"packets":	98,
					"omitted":	false,
					"sender":	true
				}],
			"sum":	{
				"start":	0,
				"end":	1.000802,
				"seconds":	1.0008020401000977,
				"bytes":	6272,
				"bits_per_second":	50135.789086702425,
				"packets":	98,
				"omitted":	false,
				"sender":	true
			}
		}, {
			"streams":	[{
					"socket":	5,
					"start":	1.000802,
					"end":	2.001142,
					"seconds":	1.0003399848937988,
					"bytes":	6272,
					"bits_per_second":	50158.946715827755,
					"packets":	98,
					"omitted":	false,
					"sender":	true
				}],
			"sum":	{
				"start":	1.000802,
				"end":	2.001142,
				"seconds":	1.0003399848937988,
				"bytes":	6272,
				"bits_per_second":	50158.946715827755,
				"packets":	98,
				"omitted":	false,
				"sender":	true
			}
		}, {
			"streams":	[{
					"socket":	5,
					"start":	2.001142,
					"end":	3.001153,
					"seconds":	1.0000109672546387,
					"bytes":	6272,
					"bits_per_second":	50175.449713066388,
					"packets":	98,
					"omitted":	false,
					"sender":	true
				}],
			"sum":	{
				"start":	2.001142,
				"end":	3.001153,
				"seconds":	1.0000109672546387,
				"bytes":	6272,
				"bits_per_second":	50175.449713066388,
				"packets":	98,
				"omitted":	false,
				"sender":	true
			}
		}, {
			"streams":	[{
					"socket":	5,
					"start":	3.001153,
					"end":	4.00114,
					"seconds":	0.999987006187439,
					"bytes":	6208,
					"bits_per_second":	49664.645333092369,
					"packets":	97,
					"omitted":	false,
					"sender":	true
				}],
			"sum":	{
				"start":	3.001153,
				"end":	4.00114,
				"seconds":	0.999987006187439,
				"bytes":	6208,
				"bits_per_second":	49664.645333092369,
				"packets":	97,
				"omitted":	false,
				"sender":	true
			}
		}, {
			"streams":	[{
					"socket":	5,
					"start":	4.00114,
					"end":	5.001153,
					"seconds":	1.000012993812561,
					"bytes":	6272,
					"bits_per_second":	50175.3480309325,
					"packets":	98,
					"omitted":	false,
					"sender":	true
				}],
			"sum":	{
				"start":	4.00114,
				"end":	5.001153,
				"seconds":	1.000012993812561,
				"bytes":	6272,
				"bits_per_second":	50175.3480309325,
				"packets":	98,
				"omitted":	false,
				"sender":	true
			}
		}, {
			"streams":	[{
					"socket":	5,
					"start":	5.001153,
					"end":	6.001136,
					"seconds":	0.999983012676239,
					"bytes":	6272,
					"bits_per_second":	50176.852370436522,
					"packets":	98,
					"omitted":	false,
					"sender":	true
				}],
			"sum":	{
				"start":	5.001153,
				"end":	6.001136,
				"seconds":	0.999983012676239,
				"bytes":	6272,
				"bits_per_second":	50176.852370436522,
				"packets":	98,
				"omitted":	false,
				"sender":	true
			}
		}, {
			"streams":	[{
					"socket":	5,
					"start":	6.001136,
					"end":	7.001149,
					"seconds":	1.000012993812561,
					"bytes":	6208,
					"bits_per_second":	49663.354683678088,
					"packets":	97,
					"omitted":	false,
					"sender":	true
				}],
			"sum":	{
				"start":	6.001136,
				"end":	7.001149,
				"seconds":	1.000012993812561,
				"bytes":	6208,
				"bits_per_second":	49663.354683678088,
				"packets":	97,
				"omitted":	false,
				"sender":	true
			}
		}, {
			"streams":	[{
					"socket":	5,
					"start":	7.001149,
					"end":	8.001147,
					"seconds":	0.99999797344207764,
					"bytes":	6272,
					"bits_per_second":	50176.101684776382,
					"packets":	98,
					"omitted":	false,
					"sender":	true
				}],
			"sum":	{
				"start":	7.001149,
				"end":	8.001147,
				"seconds":	0.99999797344207764,
				"bytes":	6272,
				"bits_per_second":	50176.101684776382,
				"packets":	98,
				"omitted":	false,
				"sender":	true
			}
		}, {
			"streams":	[{
					"socket":	5,
					"start":	8.001147,
					"end":	9.001148,
					"seconds":	1.0000009536743164,
					"bytes":	6272,
					"bits_per_second":	50175.952148483135,
					"packets":	98,
					"omitted":	false,
					"sender":	true
				}],
			"sum":	{
				"start":	8.001147,
				"end":	9.001148,
				"seconds":	1.0000009536743164,
				"bytes":	6272,
				"bits_per_second":	50175.952148483135,
				"packets":	98,
				"omitted":	false,
				"sender":	true
			}
		}, {
			"streams":	[{
					"socket":	5,
					"start":	9.001148,
					"end":	10.001134,
					"seconds":	0.99998599290847778,
					"bytes":	6208,
					"bits_per_second":	49664.6956579375,
					"packets":	97,
					"omitted":	false,
					"sender":	true
				}],
			"sum":	{
				"start":	9.001148,
				"end":	10.001134,
				"seconds":	0.99998599290847778,
				"bytes":	6208,
				"bits_per_second":	49664.6956579375,
				"packets":	97,
				"omitted":	false,
				"sender":	true
			}
		}, {
			"streams":	[{
					"socket":	5,
					"start":	10.001134,
					"end":	11.001133,
					"seconds":	0.99999898672103882,
					"bytes":	6272,
					"bits_per_second":	50176.050842336677,
					"packets":	98,
					"omitted":	false,
					"sender":	true
				}],
			"sum":	{
				"start":	10.001134,
				"end":	11.001133,
				"seconds":	0.99999898672103882,
				"bytes":	6272,
				"bits_per_second":	50176.050842336677,
				"packets":	98,
				"omitted":	false,
				"sender":	true
			}
		}, {
			"streams":	[{
					"socket":	5,
					"start":	11.001133,
					"end":	12.001182,
					"seconds":	1.0000489950180054,
					"bytes":	6208,
					"bits_per_second":	49661.566830638956,
					"packets":	97,
					"omitted":	false,
					"sender":	true
				}],
			"sum":	{
				"start":	11.001133,
				"end":	12.001182,
				"seconds":	1.0000489950180054,
				"bytes":	6208,
				"bits_per_second":	49661.566830638956,
				"packets":	97,
				"omitted":	false,
				"sender":	true
			}
		}, {
			"streams":	[{
					"socket":	5,
					"start":	12.001182,
					"end":	13.001141,
					"seconds":	0.99995899200439453,
					"bytes":	6272,
					"bits_per_second":	50178.05770156972,
					"packets":	98,
					"omitted":	false,
					"sender":	true
				}],
			"sum":	{
				"start":	12.001182,
				"end":	13.001141,
				"seconds":	0.99995899200439453,
				"bytes":	6272,
				"bits_per_second":	50178.05770156972,
				"packets":	98,
				"omitted":	false,
				"sender":	true
			}
		}, {
			"streams":	[{
					"socket":	5,
					"start":	13.001141,
					"end":	14.00113,
					"seconds":	0.99998897314071655,
					"bytes":	6272,
					"bits_per_second":	50176.553289792457,
					"packets":	98,
					"omitted":	false,
					"sender":	true
				}],
			"sum":	{
				"start":	13.001141,
				"end":	14.00113,
				"seconds":	0.99998897314071655,
				"bytes":	6272,
				"bits_per_second":	50176.553289792457,
				"packets":	98,
				"omitted":	false,
				"sender":	true
			}
		}, {
			"streams":	[{
					"socket":	5,
					"start":	14.00113,
					"end":	15.001131,
					"seconds":	1.0000009536743164,
					"bytes":	6208,
					"bits_per_second":	49663.952636763919,
					"packets":	97,
					"omitted":	false,
					"sender":	true
				}],
			"sum":	{
				"start":	14.00113,
				"end":	15.001131,
				"seconds":	1.0000009536743164,
				"bytes":	6208,
				"bits_per_second":	49663.952636763919,
				"packets":	97,