{
	"start":	{
		"connected":	[{
				"socket":	5,
				"local_host":	"fd00::8",
				"local_port":	38990,
				"remote_host":	"fd00::4",
				"remote_port":	5123
			}],
		"version":	"iperf 3.18",
		"system_info":	"Linux RPI08 6.12.47+rpt-rpi-v7 #1 SMP Raspbian 1:6.12.47-1+rpt1 (2025-09-16) armv7l",
		"timestamp":	{
			"time":	"Mon, 11 May 2026 16:05:02 GMT",
			"timesecs":	1778515502
		},
		"connecting_to":	{
			"host":	"fd00::4",
			"port":	5123
		},
		"cookie":	"v3msvguxsoujtjx3on7hwak4ydjiil2glau4",
		"target_bitrate":	15000,
		"fq_rate":	0,
		"sock_bufsize":	0,
		"sndbuf_actual":	180224,
		"rcvbuf_actual":	180224,
		"test_start":	{
			"protocol":	"UDP",
			"num_streams":	1,
			"blksize":	64,
			"omit":	0,
			"duration":	30,
			"bytes":	0,
			"blocks":	0,
			"reverse":	0,
			"tos":	0,
			"target_bitrate":	15000,
			"bidir":	0,
			"fqrate":	0,
			"interval":	1
		}
	},
	"intervals":	[{
			"streams":	[{
					"socket":	5,
					"start":	0,
					"end":	1.000853,
					"seconds":	1.0008529424667358,
					"bytes":	1920,
					"bits_per_second":	15346.909968754479,
					"packets":	30,
					"omitted":	false,
					"sender":	true
				}],
			"sum":	{
				"start":	0,
				"end":	1.000853,
				"seconds":	1.0008529424667358,
				"bytes":	1920,
				"bits_per_second":	15346.909968754479,
				"packets":	30,
				"omitted":	false,
				"sender":	true
			}
		}, {
			"streams":	[{
					"socket":	5,
					"start":	1.000853,
					"end":	2.001145,
					"seconds":	1.00029194355011,
					"bytes":	1856,
					"bits_per_second":	14843.666487309049,
					"packets":	29,
					"omitted":	false,
					"sender":	true
				}],
			"sum":	{
				"start":	1.000853,
				"end":	2.001145,
				"seconds":	1.00029194355011,
				"bytes":	1856,
				"bits_per_second":	14843.666487309049,
				"packets":	29,
				"omitted":	false,
				"sender":	true
			}
		}, {
			"streams":	[{
					"socket":	5,
					"start":	2.001145,
					"end":	3.001135,
					"seconds":	0.99998998641967773,
					"bytes":	1856,
					"bits_per_second":	14848.148683129475,
					"packets":	29,
					"omitted":	false,
					"sender":	true
				}],
			"sum":	{
				"start":	2.001145,
				"end":	3.001135,
				"seconds":	0.99998998641967773,
				"bytes":	1856,
				"bits_per_second":	14848.148683129475,
				"packets":	29,
				"omitted":	false,
				"sender":	true
			}
		}, {
			"streams":	[{
					"socket":	5,
					"start":	3.001135,
					"end":	4.001138,
					"seconds":	1.0000029802322388,
					"bytes":	1920,
					"bits_per_second":	15359.954223769237,
					"packets":	30,
					"omitted":	false,
					"sender":	true
				}],
			"sum":	{
				"start":	3.001135,
				"end":	4.001138,
				"seconds":	1.0000029802322388,
				"bytes":	1920,
				"bits_per_second":	15359.954223769237,
				"packets":	30,
				"omitted":	false,
				"sender":	true
			}
		}, {
			"streams":	[{
					"socket":	5,
					"start":	4.001138,
					"end":	5.001141,
					"seconds":	1.0000029802322388,
					"bytes":	1856,
					"bits_per_second":	14847.955749643595,
					"packets":	29,
					"omitted":	false,
					"sender":	true
				}],
			"sum":	{
				"start":	4.001138,
				"end":	5.001141,
				"seconds":	1.0000029802322388,
				"bytes":	1856,
				"bits_per_second":	14847.955749643595,
				"packets":	29,
				"omitted":	false,
				"sender":	true
			}
		}, {
			"streams":	[{
					"socket":	5,
					"start":	5.001141,
					"end":	6.001186,
					"seconds":	1.0000449419021606,
					"bytes":	1856,
					"bits_per_second":	14847.332732624984,
					"packets":	29,
					"omitted":	false,
					"sender":	true
				}],
			"sum":	{
				"start":	5.001141,
				"end":	6.001186,
				"seconds":	1.0000449419021606,
				"bytes":	1856,
				"bits_per_second":	14847.332732624984,
				"packets":	29,
				"omitted":	false,
				"sender":	true
			}
		}, {
			"streams":	[{
					"socket":	5,
					"start":	6.001186,
					"end":	7.00113,
					"seconds":	0.999943971633911,
					"bytes":	1920,
					"bits_per_second":	15360.8606439236,
					"packets":	30,
					"omitted":	false,
					"sender":	true
				}],
			"sum":	{
				"start":	6.001186,
				"end":	7.00113,
				"seconds":	0.999943971633911,
				"bytes":	1920,
				"bits_per_second":	15360.8606439236,
				"packets":	30,
				"omitted":	false,
				"sender":	true
			}
		}, {
			"streams":	[{
					"socket":	5,
					"start":	7.00113,
					"end":	8.001131,
					"seconds":	1.0000009536743164,
					"bytes":	1856,
					"bits_per_second":	14847.985839857254,
					"packets":	29,
					"omitted":	false,
					"sender":	true
				}],
			"sum":	{
				"start":	7.00113,
				"end":	8.001131,
				"seconds":	1.0000009536743164,
				"bytes":	1856,
				"bits_per_second":	14847.985839857254,
				"packets":	29,
				"omitted":	false,
				"sender":	true
			}
		}, {
			"streams":	[{
					"socket":	5,
					"start":	8.001131,
					"end":	9.001136,
					"seconds":	1.0000050067901611,
					"bytes":	1856,
					"bits_per_second":	14847.925659551895,
					"packets":	29,
					"omitted":	false,
					"sender":	true
				}],
			"sum":	{
				"start":	8.001131,
				"end":	9.001136,
				"seconds":	1.0000050067901611,
				"bytes":	1856,
				"bits_per_second":	14847.925659551895,
				"packets":	29,
				"omitted":	false,
				"sender":	true
			}
		}, {
			"streams":	[{
					"socket":	5,
					"start":	9.001136,
					"end":	10.001185,
					"seconds":	1.0000489950180054,
					"bytes":	1856,
					"bits_per_second":	14847.272557613709,
					"packets":	30,
					"omitted":	false,
					"sender":	true
				}],
			"sum":	{
				"start":	9.001136,
				"end":	10.001185,
				"seconds":	1.0000489950180054,
				"bytes":	1856,
				"bits_per_second":	14847.272557613709,
				"packets":	30,
				"omitted":	false,
				"sender":	true
			}
		}, {
			"streams":	[{
					"socket":	5,
					"start":	10.001185,
					"end":	11.001138,
					"seconds":	0.99995297193527222,
					"bytes":	1856,
					"bits_per_second":	14848.698305545036,
					"packets":	29,
					"omitted":	false,
					"sender":	true
				}],
			"sum":	{
				"start":	10.001185,
				"end":	11.001138,
				"seconds":	0.99995297193527222,
				"bytes":	1856,
				"bits_per_second":	14848.698305545036,
				"packets":	29,
				"omitted":	false,
				"sender":	true
			}
		}, {
			"streams":	[{
					"socket":	5,
					"start":	11.001138,
					"end":	12.001126,
					"seconds":	0.9999880194664,
					"bytes":	1856,
					"bits_per_second":	14848.177889094097,
					"packets":	29,
					"omitted":	false,
					"sender":	true
				}],
			"sum":	{
				"start":	11.001138,
				"end":	12.001126,
				"seconds":	0.9999880194664,
				"bytes":	1856,
				"bits_per_second":	14848.177889094097,
				"packets":	29,
				"omitted":	false,
				"sender":	true
			}
		}, {
			"streams":	[{
					"socket":	5,
					"start":	12.001126,
					"end":	13.001135,
					"seconds":	1.0000089406967163,
					"bytes":	1856,
					"bits_per_second":	14847.867249722036,
					"packets":	29,
					"omitted":	false,
					"sender":	true
				}],
			"sum":	{
				"start":	12.001126,
				"end":	13.001135,
				"seconds":	1.0000089406967163,
				"bytes":	1856,
				"bits_per_second":	14847.867249722036,
				"packets":	29,
				"omitted":	false,
				"sender":	true
			}
		}, {
			"streams":	[{
					"socket":	5,
					"start":	13.001135,
					"end":	14.001136,
					"seconds":	1.0000009536743164,
					"bytes":	1920,
					"bits_per_second":	15359.98535157647,
					"packets":	30,
					"omitted":	false,
					"sender":	true
				}],
			"sum":	{
				"start":	13.001135,
				"end":	14.001136,
				"seconds":	1.0000009536743164,
				"bytes":	1920,
				"bits_per_second":	15359.98535157647,
				"packets":	30,
				"omitted":	false,
				"sender":	true
			}
		}, {
			"streams":	[{
					"socket":	5,
					"start":	14.001136,
					"end":	15.001129,
					"seconds":	0.99999302625656128,
					"bytes":	1856,
					"bits_per_second":	14848.103546864688,
					"packets":	29,
					"omitted":	false,
					"sender":	true
				}],
			"sum":	{
				"start":	14.001136,
				"end":	15.001129,
				"seconds":	0.99999302625656128,
				"bytes":	1856,
				"bits_per_second":	14848.103546864688,
				"packets":	29,