{
	"start":	{
		"connected":	[{
				"socket":	5,
				"local_host":	"fd00::8",
				"local_port":	39256,
				"remote_host":	"fd00::4",
				"remote_port":	5123
			}],
		"version":	"iperf 3.18",
		"system_info":	"Linux RPI08 6.12.47+rpt-rpi-v7 #1 SMP Raspbian 1:6.12.47-1+rpt1 (2025-09-16) armv7l",
		"timestamp":	{
			"time":	"Mon, 11 May 2026 16:07:12 GMT",
			"timesecs":	1778515632
		},
		"connecting_to":	{
			"host":	"fd00::4",
			"port":	5123
		},
		"cookie":	"3hvfjm7dmqh64bs5zpevvx2z5bidy7tni22c",
		"target_bitrate":	15000,
		"fq_rate":	0,
		"sock_bufsize":	0,
		"sndbuf_actual":	180224,
		"rcvbuf_actual":	180224,
		"test_start":	{
			"protocol":	"UDP",
			"num_streams":	1,
			"blksize":	1024,
			"omit":	0,
			"duration":	30,
			"bytes":	0,
			"blocks":	0,
			"reverse":	0,
			"tos":	0,
			"target_bitrate":	15000,
			"bidir":	0,
			"fqrate":	0,
			"interval":	1
		}
	},
	"intervals":	[{
			"streams":	[{
					"socket":	5,
					"start":	0,
					"end":	1.000862,
					"seconds":	1.0008620023727417,
					"bytes":	2048,
					"bits_per_second":	16369.889116739852,
					"packets":	2,
					"omitted":	false,
					"sender":	true
				}],
			"sum":	{
				"start":	0,
				"end":	1.000862,
				"seconds":	1.0008620023727417,
				"bytes":	2048,
				"bits_per_second":	16369.889116739852,
				"packets":	2,
				"omitted":	false,
				"sender":	true
			}
		}, {
			"streams":	[{
					"socket":	5,
					"start":	1.000862,
					"end":	2.001144,
					"seconds":	1.0002820491790771,
					"bytes":	2048,
					"bits_per_second":	16379.380209258186,
					"packets":	2,
					"omitted":	false,
					"sender":	true
				}],
			"sum":	{
				"start":	1.000862,
				"end":	2.001144,
				"seconds":	1.0002820491790771,
				"bytes":	2048,
				"bits_per_second":	16379.380209258186,
				"packets":	2,
				"omitted":	false,
				"sender":	true
			}
		}, {
			"streams":	[{
					"socket":	5,
					"start":	2.001144,
					"end":	3.001183,
					"seconds":	1.0000389814376831,
					"bytes":	2048,
					"bits_per_second":	16383.361353020377,
					"packets":	2,
					"omitted":	false,
					"sender":	true
				}],
			"sum":	{
				"start":	2.001144,
				"end":	3.001183,
				"seconds":	1.0000389814376831,
				"bytes":	2048,
				"bits_per_second":	16383.361353020377,
				"packets":	2,
				"omitted":	false,
				"sender":	true
			}
		}, {
			"streams":	[{
					"socket":	5,
					"start":	3.001183,
					"end":	4.001144,
					"seconds":	0.999961018562317,
					"bytes":	2048,
					"bits_per_second":	16384.638696772319,
					"packets":	2,
					"omitted":	false,
					"sender":	true
				}],
			"sum":	{
				"start":	3.001183,
				"end":	4.001144,
				"seconds":	0.999961018562317,
				"bytes":	2048,
				"bits_per_second":	16384.638696772319,
				"packets":	2,
				"omitted":	false,
				"sender":	true
			}
		}, {
			"streams":	[{
					"socket":	5,
					"start":	4.001144,
					"end":	5.001139,
					"seconds":	0.999994993209839,
					"bytes":	2048,
					"bits_per_second":	16384.082031660717,
					"packets":	2,
					"omitted":	false,
					"sender":	true
				}],
			"sum":	{
				"start":	4.001144,
				"end":	5.001139,
				"seconds":	0.999994993209839,
				"bytes":	2048,
				"bits_per_second":	16384.082031660717,
				"packets":	2,
				"omitted":	false,
				"sender":	true
			}
		}, {
			"streams":	[{
					"socket":	5,
					"start":	5.001139,
					"end":	6.001161,
					"seconds":	1.0000220537185669,
					"bytes":	1024,
					"bits_per_second":	8191.8193399217262,
					"packets":	1,
					"omitted":	false,
					"sender":	true
				}],
			"sum":	{
				"start":	5.001139,
				"end":	6.001161,
				"seconds":	1.0000220537185669,
				"bytes":	1024,
				"bits_per_second":	8191.8193399217262,
				"packets":	1,
				"omitted":	false,
				"sender":	true
			}
		}, {
			"streams":	[{
					"socket":	5,
					"start":	6.001161,
					"end":	7.001136,
					"seconds":	0.999975025653839,
					"bytes":	2048,
					"bits_per_second":	16384.40918990675,
					"packets":	2,
					"omitted":	false,
					"sender":	true
				}],
			"sum":	{
				"start":	6.001161,
				"end":	7.001136,
				"seconds":	0.999975025653839,
				"bytes":	2048,
				"bits_per_second":	16384.40918990675,
				"packets":	2,
				"omitted":	false,
				"sender":	true
			}
		}, {
			"streams":	[{
					"socket":	5,
					"start":	7.001136,
					"end":	8.001148,
					"seconds":	1.0000120401382446,
					"bytes":	2048,
					"bits_per_second":	16383.802736750076,
					"packets":	2,
					"omitted":	false,
					"sender":	true
				}],
			"sum":	{
				"start":	7.001136,
				"end":	8.001148,
				"seconds":	1.0000120401382446,
				"bytes":	2048,
				"bits_per_second":	16383.802736750076,
				"packets":	2,
				"omitted":	false,
				"sender":	true
			}
		}, {
			"streams":	[{
					"socket":	5,
					"start":	8.001148,
					"end":	9.001153,
					"seconds":	1.0000050067901611,
					"bytes":	2048,
					"bits_per_second":	16383.917969160711,
					"packets":	2,
					"omitted":	false,
					"sender":	true
				}],
			"sum":	{
				"start":	8.001148,
				"end":	9.001153,
				"seconds":	1.0000050067901611,
				"bytes":	2048,
				"bits_per_second":	16383.917969160711,
				"packets":	2,
				"omitted":	false,
				"sender":	true
			}
		}, {
			"streams":	[{
					"socket":	5,
					"start":	9.001153,
					"end":	10.001142,
					"seconds":	0.99998897314071655,
					"bytes":	2048,
					"bits_per_second":	16384.180666054679,
					"packets":	2,
					"omitted":	false,
					"sender":	true
				}],
			"sum":	{
				"start":	9.001153,
				"end":	10.001142,
				"seconds":	0.99998897314071655,
				"bytes":	2048,
				"bits_per_second":	16384.180666054679,
				"packets":	2,
				"omitted":	false,
				"sender":	true
			}
		}, {
			"streams":	[{
					"socket":	5,
					"start":	10.001142,
					"end":	11.001146,
					"seconds":	1.0000040531158447,
					"bytes":	2048,
					"bits_per_second":	16383.93359401915,
					"packets":	2,
					"omitted":	false,
					"sender":	true
				}],
			"sum":	{
				"start":	10.001142,
				"end":	11.001146,
				"seconds":	1.0000040531158447,
				"bytes":	2048,
				"bits_per_second":	16383.93359401915,
				"packets":	2,
				"omitted":	false,
				"sender":	true
			}
		}, {
			"streams":	[{
					"socket":	5,
					"start":	11.001146,
					"end":	12.001152,
					"seconds":	1.0000059604644775,
					"bytes":	1024,
					"bits_per_second":	8191.9511721660365,
					"packets":	1,
					"omitted":	false,
					"sender":	true
				}],
			"sum":	{
				"start":	11.001146,
				"end":	12.001152,
				"seconds":	1.0000059604644775,
				"bytes":	1024,
				"bits_per_second":	8191.9511721660365,
				"packets":	1,
				"omitted":	false,
				"sender":	true
			}
		}, {
			"streams":	[{
					"socket":	5,
					"start":	12.001152,
					"end":	13.001152,
					"seconds":	1,
					"bytes":	2048,
					"bits_per_second":	16384,
					"packets":	2,
					"omitted":	false,
					"sender":	true
				}],
			"sum":	{
				"start":	12.001152,
				"end":	13.001152,
				"seconds":	1,
				"bytes":	2048,
				"bits_per_second":	16384,
				"packets":	2,
				"omitted":	false,
				"sender":	true
			}
		}, {
			"streams":	[{
					"socket":	5,
					"start":	13.001152,
					"end":	14.00114,
					"seconds":	0.9999880194664,
					"bytes":	2048,
					"bits_per_second":	16384.196291414177,
					"packets":	2,
					"omitted":	false,
					"sender":	true
				}],
			"sum":	{
				"start":	13.001152,
				"end":	14.00114,
				"seconds":	0.9999880194664,
				"bytes":	2048,
				"bits_per_second":	16384.196291414177,
				"packets":	2,
				"omitted":	false,
				"sender":	true
			}
		}, {
			"streams":	[{
					"socket":	5,
					"start":	14.00114,
					"end":	15.001144,
					"seconds":	1.0000040531158447,
					"bytes":	2048,
					"bits_per_second":	16383.93359401915,
					"packets":	2,
					"omitted":	false,
					"sender":	true
				}],
			"sum":	{
				"start":	14.00114,
				"end":	15.001144,
				"seconds":	1.0000040531158447,
				"bytes":	2048,
				"bits_per_second":	16383.93359401915,
				"packets":	2,
				"omitted":	false,
				"sender":	true
			}
		}, {
			"streams":	[{
					"socket":	5,