{
	"start":	{
		"connected":	[{
				"socket":	5,
				"local_host":	"fd00::8",
				"local_port":	54191,
				"remote_host":	"fd00::4",
				"remote_port":	5123
			}],
		"version":	"iperf 3.18",
		"system_info":	"Linux RPI08 6.12.47+rpt-rpi-v7 #1 SMP Raspbian 1:6.12.47-1+rpt1 (2025-09-16) armv7l",
		"timestamp":	{
			"time":	"Mon, 11 May 2026 16:05:35 GMT",
			"timesecs":	1778515535
		},
		"connecting_to":	{
			"host":	"fd00::4",
			"port":	5123
		},
		"cookie":	"xdlbfomwuxmdxcwddeaxnwto7swz55jqkmvu",
		"target_bitrate":	15000,
		"fq_rate":	0,
		"sock_bufsize":	0,
		"sndbuf_actual":	180224,
		"rcvbuf_actual":	180224,
		"test_start":	{
			"protocol":	"UDP",
			"num_streams":	1,
			"blksize":	128,
			"omit":	0,
			"duration":	30,
			"bytes":	0,
			"blocks":	0,
			"reverse":	0,
			"tos":	0,
			"target_bitrate":	15000,
			"bidir":	0,
			"fqrate":	0,
			"interval":	1
		}
	},
	"intervals":	[{
			"streams":	[{
					"socket":	5,
					"start":	0,
					"end":	1.000842,
					"seconds":	1.0008419752120972,
					"bytes":	1920,
					"bits_per_second":	15347.078140627473,
					"packets":	15,
					"omitted":	false,
					"sender":	true
				}],
			"sum":	{
				"start":	0,
				"end":	1.000842,
				"seconds":	1.0008419752120972,
				"bytes":	1920,
				"bits_per_second":	15347.078140627473,
				"packets":	15,
				"omitted":	false,
				"sender":	true
			}
		}, {
			"streams":	[{
					"socket":	5,
					"start":	1.000842,
					"end":	2.001138,
					"seconds":	1.0002959966659546,
					"bytes":	1920,
					"bits_per_second":	15355.45483656416,
					"packets":	15,
					"omitted":	false,
					"sender":	true
				}],
			"sum":	{
				"start":	1.000842,
				"end":	2.001138,
				"seconds":	1.0002959966659546,
				"bytes":	1920,
				"bits_per_second":	15355.45483656416,
				"packets":	15,
				"omitted":	false,
				"sender":	true
			}
		}, {
			"streams":	[{
					"socket":	5,
					"start":	2.001138,
					"end":	3.001139,
					"seconds":	1.0000009536743164,
					"bytes":	1792,
					"bits_per_second":	14335.986328138039,
					"packets":	14,
					"omitted":	false,
					"sender":	true
				}],
			"sum":	{
				"start":	2.001138,
				"end":	3.001139,
				"seconds":	1.0000009536743164,
				"bytes":	1792,
				"bits_per_second":	14335.986328138039,
				"packets":	14,
				"omitted":	false,
				"sender":	true
			}
		}, {
			"streams":	[{
					"socket":	5,
					"start":	3.001139,
					"end":	4.001137,
					"seconds":	0.99999797344207764,
					"bytes":	1920,
					"bits_per_second":	15360.03112799277,
					"packets":	15,
					"omitted":	false,
					"sender":	true
				}],
			"sum":	{
				"start":	3.001139,
				"end":	4.001137,
				"seconds":	0.99999797344207764,
				"bytes":	1920,
				"bits_per_second":	15360.03112799277,
				"packets":	15,
				"omitted":	false,
				"sender":	true
			}
		}, {
			"streams":	[{
					"socket":	5,
					"start":	4.001137,
					"end":	5.001143,
					"seconds":	1.0000059604644775,
					"bytes":	1920,
					"bits_per_second":	15359.908447811318,
					"packets":	15,
					"omitted":	false,
					"sender":	true
				}],
			"sum":	{
				"start":	4.001137,
				"end":	5.001143,
				"seconds":	1.0000059604644775,
				"bytes":	1920,
				"bits_per_second":	15359.908447811318,
				"packets":	15,
				"omitted":	false,
				"sender":	true
			}
		}, {
			"streams":	[{
					"socket":	5,
					"start":	5.001143,
					"end":	6.001143,
					"seconds":	1,
					"bytes":	1792,
					"bits_per_second":	14336,
					"packets":	14,
					"omitted":	false,
					"sender":	true
				}],
			"sum":	{
				"start":	5.001143,
				"end":	6.001143,
				"seconds":	1,
				"bytes":	1792,
				"bits_per_second":	14336,
				"packets":	14,
				"omitted":	false,
				"sender":	true
			}
		}, {
			"streams":	[{
					"socket":	5,
					"start":	6.001143,
					"end":	7.001147,
					"seconds":	1.0000040531158447,
					"bytes":	1920,
					"bits_per_second":	15359.937744392953,
					"packets":	15,
					"omitted":	false,
					"sender":	true
				}],
			"sum":	{
				"start":	6.001143,
				"end":	7.001147,
				"seconds":	1.0000040531158447,
				"bytes":	1920,
				"bits_per_second":	15359.937744392953,
				"packets":	15,
				"omitted":	false,
				"sender":	true
			}
		}, {
			"streams":	[{
					"socket":	5,
					"start":	7.001147,
					"end":	8.001137,
					"seconds":	0.99998998641967773,
					"bytes":	1920,
					"bits_per_second":	15360.153810133939,
					"packets":	15,
					"omitted":	false,
					"sender":	true
				}],
			"sum":	{
				"start":	7.001147,
				"end":	8.001137,
				"seconds":	0.99998998641967773,
				"bytes":	1920,
				"bits_per_second":	15360.153810133939,
				"packets":	15,
				"omitted":	false,
				"sender":	true
			}
		}, {
			"streams":	[{
					"socket":	5,
					"start":	8.001137,
					"end":	9.00114,
					"seconds":	1.0000029802322388,
					"bytes":	1792,
					"bits_per_second":	14335.957275517954,
					"packets":	14,
					"omitted":	false,
					"sender":	true
				}],
			"sum":	{
				"start":	8.001137,
				"end":	9.00114,
				"seconds":	1.0000029802322388,
				"bytes":	1792,
				"bits_per_second":	14335.957275517954,
				"packets":	14,
				"omitted":	false,
				"sender":	true
			}
		}, {
			"streams":	[{
					"socket":	5,
					"start":	9.00114,
					"end":	10.001136,
					"seconds":	0.9999960064888,
					"bytes":	1920,
					"bits_per_second":	15360.061340576996,
					"packets":	15,
					"omitted":	false,
					"sender":	true
				}],
			"sum":	{
				"start":	9.00114,
				"end":	10.001136,
				"seconds":	0.9999960064888,
				"bytes":	1920,
				"bits_per_second":	15360.061340576996,
				"packets":	15,
				"omitted":	false,
				"sender":	true
			}
		}, {
			"streams":	[{
					"socket":	5,
					"start":	10.001136,
					"end":	11.001142,
					"seconds":	1.0000059604644775,
					"bytes":	1920,
					"bits_per_second":	15359.908447811318,
					"packets":	15,
					"omitted":	false,
					"sender":	true
				}],
			"sum":	{
				"start":	10.001136,
				"end":	11.001142,
				"seconds":	1.0000059604644775,
				"bytes":	1920,
				"bits_per_second":	15359.908447811318,
				"packets":	15,
				"omitted":	false,
				"sender":	true
			}
		}, {
			"streams":	[{
					"socket":	5,
					"start":	11.001142,
					"end":	12.001145,
					"seconds":	1.0000029802322388,
					"bytes":	1792,
					"bits_per_second":	14335.957275517954,
					"packets":	14,
					"omitted":	false,
					"sender":	true
				}],
			"sum":	{
				"start":	11.001142,
				"end":	12.001145,
				"seconds":	1.0000029802322388,
				"bytes":	1792,
				"bits_per_second":	14335.957275517954,
				"packets":	14,
				"omitted":	false,
				"sender":	true
			}
		}, {
			"streams":	[{
					"socket":	5,
					"start":	12.001145,
					"end":	13.001145,
					"seconds":	1,
					"bytes":	1920,
					"bits_per_second":	15360,
					"packets":	15,
					"omitted":	false,
					"sender":	true
				}],
			"sum":	{
				"start":	12.001145,
				"end":	13.001145,
				"seconds":	1,
				"bytes":	1920,
				"bits_per_second":	15360,
				"packets":	15,
				"omitted":	false,
				"sender":	true
			}
		}, {
			"streams":	[{
					"socket":	5,
					"start":	13.001145,
					"end":	14.001144,
					"seconds":	0.99999898672103882,
					"bytes":	1920,
					"bits_per_second":	15360.015563980614,
					"packets":	15,
					"omitted":	false,
					"sender":	true
				}],
			"sum":	{
				"start":	13.001145,
				"end":	14.001144,
				"seconds":	0.99999898672103882,
				"bytes":	1920,
				"bits_per_second":	15360.015563980614,
				"packets":	15,
				"omitted":	false,
				"sender":	true
			}
		}, {
			"streams":	[{
					"socket":	5,
					"start":	14.001144,
					"end":	15.001137,
					"seconds":	0.99999302625656128,
					"bytes":	1792,
					"bits_per_second":	14336.099976283147,
					"packets":	14,
					"omitted":	false,
					"sender":	true
				}],
			"sum":	{
				"start":	14.001144,
				"end":	15.001137,
				"seconds":	0.99999302625656128,
				"bytes":	1792,
				"bits_per_second":	14336.099976283147,
				"packets":	14,
				"omitted":	false,
				"sender":	true
			}
		}, {
			"streams":	[{
					"socket":	5,
					"start":	15.001137,