{
	"start":	{
		"connected":	[{
				"socket":	5,
				"local_host":	"fd00::8",
				"local_port":	58868,
				"remote_host":	"fd00::4",
				"remote_port":	5123
			}],
		"version":	"iperf 3.18",
		"system_info":	"Linux RPI08 6.12.47+rpt-rpi-v7 #1 SMP Raspbian 1:6.12.47-1+rpt1 (2025-09-16) armv7l",
		"timestamp":	{
			"time":	"Mon, 11 May 2026 16:12:04 GMT",
			"timesecs":	1778515924
		},
		"connecting_to":	{
			"host":	"fd00::4",
			"port":	5123
		},
		"cookie":	"judoiragg4elfqtfyigrwoxudleaqrprrcmf",
		"target_bitrate":	30000,
		"fq_rate":	0,
		"sock_bufsize":	0,
		"sndbuf_actual":	180224,
		"rcvbuf_actual":	180224,
		"test_start":	{
			"protocol":	"UDP",
			"num_streams":	1,
			"blksize":	512,
			"omit":	0,
			"duration":	30,
			"bytes":	0,
			"blocks":	0,
			"reverse":	0,
			"tos":	0,
			"target_bitrate":	30000,
			"bidir":	0,
			"fqrate":	0,
			"interval":	1
		}
	},
	"intervals":	[{
			"streams":	[{
					"socket":	5,
					"start":	0,
					"end":	1.000859,
					"seconds":	1.0008590221405029,
					"bytes":	4096,
					"bits_per_second":	32739.875721877594,
					"packets":	8,
					"omitted":	false,
					"sender":	true
				}],
			"sum":	{
				"start":	0,
				"end":	1.000859,
				"seconds":	1.0008590221405029,
				"bytes":	4096,
				"bits_per_second":	32739.875721877594,
				"packets":	8,
				"omitted":	false,
				"sender":	true
			}
		}, {
			"streams":	[{
					"socket":	5,
					"start":	1.000859,
					"end":	2.001152,
					"seconds":	1.0002930164337158,
					"bytes":	3584,
					"bits_per_second":	28663.601093830031,
					"packets":	7,
					"omitted":	false,
					"sender":	true
				}],
			"sum":	{
				"start":	1.000859,
				"end":	2.001152,
				"seconds":	1.0002930164337158,
				"bytes":	3584,
				"bits_per_second":	28663.601093830031,
				"packets":	7,
				"omitted":	false,
				"sender":	true
			}
		}, {
			"streams":	[{
					"socket":	5,
					"start":	2.001152,
					"end":	3.001148,
					"seconds":	0.9999960064888,
					"bytes":	3584,
					"bits_per_second":	28672.114502410393,
					"packets":	7,
					"omitted":	false,
					"sender":	true
				}],
			"sum":	{
				"start":	2.001152,
				"end":	3.001148,
				"seconds":	0.9999960064888,
				"bytes":	3584,
				"bits_per_second":	28672.114502410393,
				"packets":	7,
				"omitted":	false,
				"sender":	true
			}
		}, {
			"streams":	[{
					"socket":	5,
					"start":	3.001148,
					"end":	4.001179,
					"seconds":	1.0000309944152832,
					"bytes":	4096,
					"bits_per_second":	32766.984406477728,
					"packets":	8,
					"omitted":	false,
					"sender":	true
				}],
			"sum":	{
				"start":	3.001148,
				"end":	4.001179,
				"seconds":	1.0000309944152832,
				"bytes":	4096,
				"bits_per_second":	32766.984406477728,
				"packets":	8,
				"omitted":	false,
				"sender":	true
			}
		}, {
			"streams":	[{
					"socket":	5,
					"start":	4.001179,
					"end":	5.001147,
					"seconds":	0.99996799230575562,
					"bytes":	3584,
					"bits_per_second":	28672.917753984562,
					"packets":	7,
					"omitted":	false,
					"sender":	true
				}],
			"sum":	{
				"start":	4.001179,
				"end":	5.001147,
				"seconds":	0.99996799230575562,
				"bytes":	3584,
				"bits_per_second":	28672.917753984562,
				"packets":	7,
				"omitted":	false,
				"sender":	true
			}
		}, {
			"streams":	[{
					"socket":	5,
					"start":	5.001147,
					"end":	6.001142,
					"seconds":	0.999994993209839,
					"bytes":	3584,
					"bits_per_second":	28672.143555406252,
					"packets":	7,
					"omitted":	false,
					"sender":	true
				}],
			"sum":	{
				"start":	5.001147,
				"end":	6.001142,
				"seconds":	0.999994993209839,
				"bytes":	3584,
				"bits_per_second":	28672.143555406252,
				"packets":	7,
				"omitted":	false,
				"sender":	true
			}
		}, {
			"streams":	[{
					"socket":	5,
					"start":	6.001142,
					"end":	7.001155,
					"seconds":	1.000012993812561,
					"bytes":	4096,
					"bits_per_second":	32767.574224282449,
					"packets":	8,
					"omitted":	false,
					"sender":	true
				}],
			"sum":	{
				"start":	6.001142,
				"end":	7.001155,
				"seconds":	1.000012993812561,
				"bytes":	4096,
				"bits_per_second":	32767.574224282449,
				"packets":	8,
				"omitted":	false,
				"sender":	true
			}
		}, {
			"streams":	[{
					"socket":	5,
					"start":	7.001155,
					"end":	8.001145,
					"seconds":	0.99998998641967773,
					"bytes":	3584,
					"bits_per_second":	28672.287112250022,
					"packets":	7,
					"omitted":	false,
					"sender":	true
				}],
			"sum":	{
				"start":	7.001155,
				"end":	8.001145,
				"seconds":	0.99998998641967773,
				"bytes":	3584,
				"bits_per_second":	28672.287112250022,
				"packets":	7,
				"omitted":	false,
				"sender":	true
			}
		}, {
			"streams":	[{
					"socket":	5,
					"start":	8.001145,
					"end":	9.001144,
					"seconds":	0.99999898672103882,
					"bytes":	3584,
					"bits_per_second":	28672.029052763814,
					"packets":	7,
					"omitted":	false,
					"sender":	true
				}],
			"sum":	{
				"start":	8.001145,
				"end":	9.001144,
				"seconds":	0.99999898672103882,
				"bytes":	3584,
				"bits_per_second":	28672.029052763814,
				"packets":	7,
				"omitted":	false,
				"sender":	true
			}
		}, {
			"streams":	[{
					"socket":	5,
					"start":	9.001144,
					"end":	10.001137,
					"seconds":	0.99999302625656128,
					"bytes":	4096,
					"bits_per_second":	32768.228517218624,
					"packets":	8,
					"omitted":	false,
					"sender":	true
				}],
			"sum":	{
				"start":	9.001144,
				"end":	10.001137,
				"seconds":	0.99999302625656128,
				"bytes":	4096,
				"bits_per_second":	32768.228517218624,
				"packets":	8,
				"omitted":	false,
				"sender":	true
			}
		}, {
			"streams":	[{
					"socket":	5,
					"start":	10.001137,
					"end":	11.001148,
					"seconds":	1.0000109672546387,
					"bytes":	3584,
					"bits_per_second":	28671.685550323651,
					"packets":	7,
					"omitted":	false,
					"sender":	true
				}],
			"sum":	{
				"start":	10.001137,
				"end":	11.001148,
				"seconds":	1.0000109672546387,
				"bytes":	3584,
				"bits_per_second":	28671.685550323651,
				"packets":	7,
				"omitted":	false,
				"sender":	true
			}
		}, {
			"streams":	[{
					"socket":	5,
					"start":	11.001148,
					"end":	12.001196,
					"seconds":	1.000048041343689,
					"bytes":	3584,
					"bits_per_second":	28670.622624764706,
					"packets":	7,
					"omitted":	false,
					"sender":	true
				}],
			"sum":	{
				"start":	11.001148,
				"end":	12.001196,
				"seconds":	1.000048041343689,
				"bytes":	3584,
				"bits_per_second":	28670.622624764706,
				"packets":	7,
				"omitted":	false,
				"sender":	true
			}
		}, {
			"streams":	[{
					"socket":	5,
					"start":	12.001196,
					"end":	13.001136,
					"seconds":	0.99993997812271118,
					"bytes":	4096,
					"bits_per_second":	32769.966914932927,
					"packets":	8,
					"omitted":	false,
					"sender":	true
				}],
			"sum":	{
				"start":	12.001196,
				"end":	13.001136,
				"seconds":	0.99993997812271118,
				"bytes":	4096,
				"bits_per_second":	32769.966914932927,
				"packets":	8,
				"omitted":	false,
				"sender":	true
			}
		}, {
			"streams":	[{
					"socket":	5,
					"start":	13.001136,
					"end":	14.00115,
					"seconds":	1.0000139474868774,
					"bytes":	3584,
					"bits_per_second":	28671.600103233806,
					"packets":	7,
					"omitted":	false,
					"sender":	true
				}],
			"sum":	{
				"start":	13.001136,
				"end":	14.00115,
				"seconds":	1.0000139474868774,
				"bytes":	3584,
				"bits_per_second":	28671.600103233806,
				"packets":	7,
				"omitted":	false,
				"sender":	true
			}
		}, {
			"streams":	[{
					"socket":	5,
					"start":	14.00115,
					"end":	15.001145,
					"seconds":	0.999994993209839,
					"bytes":	3584,
					"bits_per_second":	28672.143555406252,
					"packets":	7,
					"omitted":	false,
					"sender":	true
				}],
			"sum":	{
				"start":	14.00115,
				"end":	15.001145,
				"seconds":	0.999994993209839,
				"bytes":	3584,
				"bits_per_second":	28672.143555406252,
				"packets":	7,
				"omitted":	false,