{
	"start":	{
		"connected":	[{
				"socket":	5,
				"local_host":	"192.168.0.73",
				"local_port":	60021,
				"remote_host":	"192.168.0.74",
				"remote_port":	5123
			}],
		"version":	"iperf 3.18",
		"system_info":	"Linux RPI08 6.12.47+rpt-rpi-v7 #1 SMP Raspbian 1:6.12.47-1+rpt1 (2025-09-16) armv7l",
		"timestamp":	{
			"time":	"Mon, 11 May 2026 17:32:31 GMT",
			"timesecs":	1778520751
		},
		"connecting_to":	{
			"host":	"192.168.0.74",
			"port":	5123
		},
		"cookie":	"oadkzb7x4u2ezn2yviaim5jydhe53nkkaw5y",
		"target_bitrate":	250000,
		"fq_rate":	0,
		"sock_bufsize":	0,
		"sndbuf_actual":	180224,
		"rcvbuf_actual":	180224,
		"test_start":	{
			"protocol":	"UDP",
			"num_streams":	1,
			"blksize":	128,
			"omit":	0,
			"duration":	30,
			"bytes":	0,
			"blocks":	0,
			"reverse":	0,
			"tos":	0,
			"target_bitrate":	250000,
			"bidir":	0,
			"fqrate":	0,
			"interval":	1
		}
	},
	"intervals":	[{
			"streams":	[{
					"socket":	5,
					"start":	0,
					"end":	1.001141,
					"seconds":	1.0011409521102905,
					"bytes":	31360,
					"bits_per_second":	250594.08415086175,
					"packets":	245,
					"omitted":	false,
					"sender":	true
				}],
			"sum":	{
				"start":	0,
				"end":	1.001141,
				"seconds":	1.0011409521102905,
				"bytes":	31360,
				"bits_per_second":	250594.08415086175,
				"packets":	245,
				"omitted":	false,
				"sender":	true
			}
		}, {
			"streams":	[{
					"socket":	5,
					"start":	1.001141,
					"end":	2.001132,
					"seconds":	0.999990999698639,
					"bytes":	31232,
					"bits_per_second":	249858.24879953676,
					"packets":	244,
					"omitted":	false,
					"sender":	true
				}],
			"sum":	{
				"start":	1.001141,
				"end":	2.001132,
				"seconds":	0.999990999698639,
				"bytes":	31232,
				"bits_per_second":	249858.24879953676,
				"packets":	244,
				"omitted":	false,
				"sender":	true
			}
		}, {
			"streams":	[{
					"socket":	5,
					"start":	2.001132,
					"end":	3.001132,
					"seconds":	1,
					"bytes":	31232,
					"bits_per_second":	249856,
					"packets":	244,
					"omitted":	false,
					"sender":	true
				}],
			"sum":	{
				"start":	2.001132,
				"end":	3.001132,
				"seconds":	1,
				"bytes":	31232,
				"bits_per_second":	249856,
				"packets":	244,
				"omitted":	false,
				"sender":	true
			}
		}, {
			"streams":	[{
					"socket":	5,
					"start":	3.001132,
					"end":	4.001136,
					"seconds":	1.0000040531158447,
					"bytes":	31232,
					"bits_per_second":	249854.987308792,
					"packets":	244,
					"omitted":	false,
					"sender":	true
				}],
			"sum":	{
				"start":	3.001132,
				"end":	4.001136,
				"seconds":	1.0000040531158447,
				"bytes":	31232,
				"bits_per_second":	249854.987308792,
				"packets":	244,
				"omitted":	false,
				"sender":	true
			}
		}, {
			"streams":	[{
					"socket":	5,
					"start":	4.001136,
					"end":	5.001143,
					"seconds":	1.0000070333480835,
					"bytes":	31232,
					"bits_per_second":	249854.242688141,
					"packets":	244,
					"omitted":	false,
					"sender":	true
				}],
			"sum":	{
				"start":	4.001136,
				"end":	5.001143,
				"seconds":	1.0000070333480835,
				"bytes":	31232,
				"bits_per_second":	249854.242688141,
				"packets":	244,
				"omitted":	false,
				"sender":	true
			}
		}, {
			"streams":	[{
					"socket":	5,
					"start":	5.001143,
					"end":	6.001133,
					"seconds":	0.99998998641967773,
					"bytes":	31360,
					"bits_per_second":	250882.5122321877,
					"packets":	245,
					"omitted":	false,
					"sender":	true
				}],
			"sum":	{
				"start":	5.001143,
				"end":	6.001133,
				"seconds":	0.99998998641967773,
				"bytes":	31360,
				"bits_per_second":	250882.5122321877,
				"packets":	245,
				"omitted":	false,
				"sender":	true
			}
		}, {
			"streams":	[{
					"socket":	5,
					"start":	6.001133,
					"end":	7.00113,
					"seconds":	0.99999701976776123,
					"bytes":	31232,
					"bits_per_second":	249856.74463112542,
					"packets":	244,
					"omitted":	false,
					"sender":	true
				}],
			"sum":	{
				"start":	6.001133,
				"end":	7.00113,
				"seconds":	0.99999701976776123,
				"bytes":	31232,
				"bits_per_second":	249856.74463112542,
				"packets":	244,
				"omitted":	false,
				"sender":	true
			}
		}, {
			"streams":	[{
					"socket":	5,
					"start":	7.00113,
					"end":	8.001134,
					"seconds":	1.0000040531158447,
					"bytes":	31232,
					"bits_per_second":	249854.987308792,
					"packets":	244,
					"omitted":	false,
					"sender":	true
				}],
			"sum":	{
				"start":	7.00113,
				"end":	8.001134,
				"seconds":	1.0000040531158447,
				"bytes":	31232,
				"bits_per_second":	249854.987308792,
				"packets":	244,
				"omitted":	false,
				"sender":	true
			}
		}, {
			"streams":	[{
					"socket":	5,
					"start":	8.001134,
					"end":	9.001134,
					"seconds":	1,
					"bytes":	31232,
					"bits_per_second":	249856,
					"packets":	244,
					"omitted":	false,
					"sender":	true
				}],
			"sum":	{
				"start":	8.001134,
				"end":	9.001134,
				"seconds":	1,
				"bytes":	31232,
				"bits_per_second":	249856,
				"packets":	244,
				"omitted":	false,
				"sender":	true
			}
		}, {
			"streams":	[{
					"socket":	5,
					"start":	9.001134,
					"end":	10.001134,
					"seconds":	1,
					"bytes":	31232,
					"bits_per_second":	249856,
					"packets":	244,
					"omitted":	false,
					"sender":	true
				}],
			"sum":	{
				"start":	9.001134,
				"end":	10.001134,
				"seconds":	1,
				"bytes":	31232,
				"bits_per_second":	249856,
				"packets":	244,
				"omitted":	false,
				"sender":	true
			}
		}, {
			"streams":	[{
					"socket":	5,
					"start":	10.001134,
					"end":	11.001132,
					"seconds":	0.99999797344207764,
					"bytes":	31232,
					"bits_per_second":	249856.50634868239,
					"packets":	244,
					"omitted":	false,
					"sender":	true
				}],
			"sum":	{
				"start":	10.001134,
				"end":	11.001132,
				"seconds":	0.99999797344207764,
				"bytes":	31232,
				"bits_per_second":	249856.50634868239,
				"packets":	244,
				"omitted":	false,
				"sender":	true
			}
		}, {
			"streams":	[{
					"socket":	5,
					"start":	11.001132,
					"end":	12.001135,
					"seconds":	1.0000029802322388,
					"bytes":	31232,
					"bits_per_second":	249855.25537331292,
					"packets":	244,
					"omitted":	false,
					"sender":	true
				}],
			"sum":	{
				"start":	11.001132,
				"end":	12.001135,
				"seconds":	1.0000029802322388,
				"bytes":	31232,
				"bits_per_second":	249855.25537331292,
				"packets":	244,
				"omitted":	false,
				"sender":	true
			}
		}, {
			"streams":	[{
					"socket":	5,
					"start":	12.001135,
					"end":	13.001136,
					"seconds":	1.0000009536743164,
					"bytes":	31360,
					"bits_per_second":	250879.76074241567,
					"packets":	245,
					"omitted":	false,
					"sender":	true
				}],
			"sum":	{
				"start":	12.001135,
				"end":	13.001136,
				"seconds":	1.0000009536743164,
				"bytes":	31360,
				"bits_per_second":	250879.76074241567,
				"packets":	245,
				"omitted":	false,
				"sender":	true
			}
		}, {
			"streams":	[{
					"socket":	5,
					"start":	13.001136,
					"end":	14.001126,
					"seconds":	0.99998998641967773,
					"bytes":	31232,
					"bits_per_second":	249858.50197817877,
					"packets":	244,
					"omitted":	false,
					"sender":	true
				}],
			"sum":	{
				"start":	13.001136,
				"end":	14.001126,
				"seconds":	0.99998998641967773,
				"bytes":	31232,
				"bits_per_second":	249858.50197817877,
				"packets":	244,
				"omitted":	false,
				"sender":	true
			}
		}, {
			"streams":	[{
					"socket":	5,
					"start":	14.001126,
					"end":	15.001133,
					"seconds":	1.0000070333480835,
					"bytes":	31232,
					"bits_per_second":	249854.242688141,
					"packets":	244,
					"omitted":	false,
					"sender":	true
				}],
			"sum":	{
				"start":	14.001126,
				"end":	15.001133,
				"seconds":	1.0000070333480835,
				"bytes":	31232,
				"bits_per_second":	249854.242688141,
				"packets":	244,
				"omitted":	false,
				"sender":	true
			}
		}, {
			"streams":	[{
					"socket":	5,