{
	"start":	{
		"connected":	[{
				"socket":	5,
				"local_host":	"192.168.137.136",
				"local_port":	54755,
				"remote_host":	"192.168.137.101",
				"remote_port":	5123
			}],
		"version":	"iperf 3.18",
		"system_info":	"Linux RPI08 6.12.47+rpt-rpi-v7 #1 SMP Raspbian 1:6.12.47-1+rpt1 (2025-09-16) armv7l",
		"timestamp":	{
			"time":	"Sun, 10 May 2026 12:46:05 GMT",
			"timesecs":	1778417165
		},
		"connecting_to":	{
			"host":	"192.168.137.101",
			"port":	5123
		},
		"cookie":	"5unkjvnmnuafne55vf2u5cktlbchv456pbq2",
		"target_bitrate":	60000,
		"fq_rate":	0,
		"sock_bufsize":	0,
		"sndbuf_actual":	180224,
		"rcvbuf_actual":	180224,
		"test_start":	{
			"protocol":	"UDP",
			"num_streams":	1,
			"blksize":	1024,
			"omit":	0,
			"duration":	10,
			"bytes":	0,
			"blocks":	0,
			"reverse":	0,
			"tos":	0,
			"target_bitrate":	60000,
			"bidir":	0,
			"fqrate":	0,
			"interval":	1
		}
	},
	"intervals":	[{
			"streams":	[{
					"socket":	5,
					"start":	0,
					"end":	1.001205,
					"seconds":	1.0012049674987793,
					"bytes":	8192,
					"bits_per_second":	65457.126290256747,
					"packets":	8,
					"omitted":	false,
					"sender":	true
				}],
			"sum":	{
				"start":	0,
				"end":	1.001205,
				"seconds":	1.0012049674987793,
				"bytes":	8192,
				"bits_per_second":	65457.126290256747,
				"packets":	8,
				"omitted":	false,
				"sender":	true
			}
		}, {
			"streams":	[{
					"socket":	5,
					"start":	1.001205,
					"end":	2.001152,
					"seconds":	0.99994701147079468,
					"bytes":	7168,
					"bits_per_second":	57347.038735236863,
					"packets":	7,
					"omitted":	false,
					"sender":	true
				}],
			"sum":	{
				"start":	1.001205,
				"end":	2.001152,
				"seconds":	0.99994701147079468,
				"bytes":	7168,
				"bits_per_second":	57347.038735236863,
				"packets":	7,
				"omitted":	false,
				"sender":	true
			}
		}, {
			"streams":	[{
					"socket":	5,
					"start":	2.001152,
					"end":	3.001159,
					"seconds":	1.0000070333480835,
					"bytes":	7168,
					"bits_per_second":	57343.59668252417,
					"packets":	7,
					"omitted":	false,
					"sender":	true
				}],
			"sum":	{
				"start":	2.001152,
				"end":	3.001159,
				"seconds":	1.0000070333480835,
				"bytes":	7168,
				"bits_per_second":	57343.59668252417,
				"packets":	7,
				"omitted":	false,
				"sender":	true
			}
		}, {
			"streams":	[{
					"socket":	5,
					"start":	3.001159,
					"end":	4.001141,
					"seconds":	0.99998199939727783,
					"bytes":	8192,
					"bits_per_second":	65537.179708735464,
					"packets":	8,
					"omitted":	false,
					"sender":	true
				}],
			"sum":	{
				"start":	3.001159,
				"end":	4.001141,
				"seconds":	0.99998199939727783,
				"bytes":	8192,
				"bits_per_second":	65537.179708735464,
				"packets":	8,
				"omitted":	false,
				"sender":	true
			}
		}, {
			"streams":	[{
					"socket":	5,
					"start":	4.001141,
					"end":	5.001131,
					"seconds":	0.99998998641967773,
					"bytes":	7168,
					"bits_per_second":	57344.574224500044,
					"packets":	7,
					"omitted":	false,
					"sender":	true
				}],
			"sum":	{
				"start":	4.001141,
				"end":	5.001131,
				"seconds":	0.99998998641967773,
				"bytes":	7168,
				"bits_per_second":	57344.574224500044,
				"packets":	7,
				"omitted":	false,
				"sender":	true
			}
		}, {
			"streams":	[{
					"socket":	5,
					"start":	5.001131,
					"end":	6.001147,
					"seconds":	1.0000159740448,
					"bytes":	7168,
					"bits_per_second":	57343.083999007242,
					"packets":	7,
					"omitted":	false,
					"sender":	true
				}],
			"sum":	{
				"start":	5.001131,
				"end":	6.001147,
				"seconds":	1.0000159740448,
				"bytes":	7168,
				"bits_per_second":	57343.083999007242,
				"packets":	7,
				"omitted":	false,
				"sender":	true
			}
		}, {
			"streams":	[{
					"socket":	5,
					"start":	6.001147,
					"end":	7.001152,
					"seconds":	1.0000050067901611,
					"bytes":	8192,
					"bits_per_second":	65535.671876642846,
					"packets":	8,
					"omitted":	false,
					"sender":	true
				}],
			"sum":	{
				"start":	6.001147,
				"end":	7.001152,
				"seconds":	1.0000050067901611,
				"bytes":	8192,
				"bits_per_second":	65535.671876642846,
				"packets":	8,
				"omitted":	false,
				"sender":	true
			}
		}, {
			"streams":	[{
					"socket":	5,
					"start":	7.001152,
					"end":	8.001142,
					"seconds":	0.99998998641967773,
					"bytes":	7168,
					"bits_per_second":	57344.574224500044,
					"packets":	7,
					"omitted":	false,
					"sender":	true
				}],
			"sum":	{
				"start":	7.001152,
				"end":	8.001142,
				"seconds":	0.99998998641967773,
				"bytes":	7168,
				"bits_per_second":	57344.574224500044,
				"packets":	7,
				"omitted":	false,
				"sender":	true
			}
		}, {
			"streams":	[{
					"socket":	5,
					"start":	8.001142,
					"end":	9.001135,
					"seconds":	0.99999302625656128,
					"bytes":	7168,
					"bits_per_second":	57344.399905132588,
					"packets":	7,
					"omitted":	false,
					"sender":	true
				}],
			"sum":	{
				"start":	8.001142,
				"end":	9.001135,
				"seconds":	0.99999302625656128,
				"bytes":	7168,
				"bits_per_second":	57344.399905132588,
				"packets":	7,
				"omitted":	false,
				"sender":	true
			}
		}, {
			"streams":	[{
					"socket":	5,
					"start":	9.001135,
					"end":	10.002915,
					"seconds":	1.0017800331115723,
					"bytes":	8192,
					"bits_per_second":	65419.551033017036,
					"packets":	8,
					"omitted":	false,
					"sender":	true
				}],
			"sum":	{
				"start":	9.001135,
				"end":	10.002915,
				"seconds":	1.0017800331115723,
				"bytes":	8192,
				"bits_per_second":	65419.551033017036,
				"packets":	8,
				"omitted":	false,
				"sender":	true
			}
		}],
	"end":	{
		"streams":	[{
				"udp":	{
					"socket":	5,
					"start":	0,
					"end":	10.002915,
					"seconds":	10.002915,
					"bytes":	75776,
					"bits_per_second":	60603.134186384668,
					"jitter_ms":	2.1611801139255213,
					"lost_packets":	0,
					"packets":	74,
					"lost_percent":	0,
					"out_of_order":	0,
					"sender":	true
				}
			}],
		"sum":	{
			"start":	0,
			"end":	10.010498,
			"seconds":	10.010498,
			"bytes":	75776,
			"bits_per_second":	60603.134186384668,
			"jitter_ms":	2.1611801139255213,
			"lost_packets":	0,
			"packets":	74,
			"lost_percent":	0,
			"sender":	true
		},
		"sum_sent":	{
			"start":	0,
			"end":	10.002915,
			"seconds":	10.002915,
			"bytes":	75776,
			"bits_per_second":	60603.134186384668,
			"jitter_ms":	0,
			"lost_packets":	0,
			"packets":	74,
			"lost_percent":	0,
			"sender":	true
		},
		"sum_received":	{
			"start":	0,
			"end":	10.010498,
			"seconds":	10.010498,
			"bytes":	75776,
			"bits_per_second":	60557.22702307118,
			"jitter_ms":	2.1611801139255213,
			"lost_packets":	0,
			"packets":	74,
			"lost_percent":	0,
			"sender":	false
		},
		"cpu_utilization_percent":	{
			"host_total":	0.19833627822677369,
			"host_user":	0.1375192728541226,
			"host_system":	0.060807027192934487,
			"remote_total":	0.20066920367519617,
			"remote_user":	0,
			"remote_system":	0.20076909376612914
		}
	},