{
	"start":	{
		"connected":	[{
				"socket":	5,
				"local_host":	"192.168.0.73",
				"local_port":	56230,
				"remote_host":	"192.168.0.74",
				"remote_port":	5123
			}],
		"version":	"iperf 3.18",
		"system_info":	"Linux RPI08 6.12.47+rpt-rpi-v7 #1 SMP Raspbian 1:6.12.47-1+rpt1 (2025-09-16) armv7l",
		"timestamp":	{
			"time":	"Mon, 11 May 2026 17:20:28 GMT",
			"timesecs":	1778520028
		},
		"connecting_to":	{
			"host":	"192.168.0.74",
			"port":	5123
		},
		"cookie":	"nftzzd2oanywwcsgd2qd4k2vhcomqjb4rmti",
		"target_bitrate":	20000,
		"fq_rate":	0,
		"sock_bufsize":	0,
		"sndbuf_actual":	180224,
		"rcvbuf_actual":	180224,
		"test_start":	{
			"protocol":	"UDP",
			"num_streams":	1,
			"blksize":	256,
			"omit":	0,
			"duration":	30,
			"bytes":	0,
			"blocks":	0,
			"reverse":	0,
			"tos":	0,
			"target_bitrate":	20000,
			"bidir":	0,
			"fqrate":	0,
			"interval":	1
		}
	},
	"intervals":	[{
			"streams":	[{
					"socket":	5,
					"start":	0,
					"end":	1.001122,
					"seconds":	1.001121997833252,
					"bytes":	2560,
					"bits_per_second":	20457.047237324987,
					"packets":	10,
					"omitted":	false,
					"sender":	true
				}],
			"sum":	{
				"start":	0,
				"end":	1.001122,
				"seconds":	1.001121997833252,
				"bytes":	2560,
				"bits_per_second":	20457.047237324987,
				"packets":	10,
				"omitted":	false,
				"sender":	true
			}
		}, {
			"streams":	[{
					"socket":	5,
					"start":	1.001122,
					"end":	2.001124,
					"seconds":	1.0000020265579224,
					"bytes":	2560,
					"bits_per_second":	20479.95849617786,
					"packets":	10,
					"omitted":	false,
					"sender":	true
				}],
			"sum":	{
				"start":	1.001122,
				"end":	2.001124,
				"seconds":	1.0000020265579224,
				"bytes":	2560,
				"bits_per_second":	20479.95849617786,
				"packets":	10,
				"omitted":	false,
				"sender":	true
			}
		}, {
			"streams":	[{
					"socket":	5,
					"start":	2.001124,
					"end":	3.001118,
					"seconds":	0.99999397993087769,
					"bytes":	2560,
					"bits_per_second":	20480.123291757849,
					"packets":	10,
					"omitted":	false,
					"sender":	true
				}],
			"sum":	{
				"start":	2.001124,
				"end":	3.001118,
				"seconds":	0.99999397993087769,
				"bytes":	2560,
				"bits_per_second":	20480.123291757849,
				"packets":	10,
				"omitted":	false,
				"sender":	true
			}
		}, {
			"streams":	[{
					"socket":	5,
					"start":	3.001118,
					"end":	4.001111,
					"seconds":	0.99999302625656128,
					"bytes":	2560,
					"bits_per_second":	20480.142823261638,
					"packets":	10,
					"omitted":	false,
					"sender":	true
				}],
			"sum":	{
				"start":	3.001118,
				"end":	4.001111,
				"seconds":	0.99999302625656128,
				"bytes":	2560,
				"bits_per_second":	20480.142823261638,
				"packets":	10,
				"omitted":	false,
				"sender":	true
			}
		}, {
			"streams":	[{
					"socket":	5,
					"start":	4.001111,
					"end":	5.001119,
					"seconds":	1.0000079870224,
					"bytes":	2304,
					"bits_per_second":	18431.852784378938,
					"packets":	9,
					"omitted":	false,
					"sender":	true
				}],
			"sum":	{
				"start":	4.001111,
				"end":	5.001119,
				"seconds":	1.0000079870224,
				"bytes":	2304,
				"bits_per_second":	18431.852784378938,
				"packets":	9,
				"omitted":	false,
				"sender":	true
			}
		}, {
			"streams":	[{
					"socket":	5,
					"start":	5.001119,
					"end":	6.001125,
					"seconds":	1.0000059604644775,
					"bytes":	2560,
					"bits_per_second":	20479.877930415092,
					"packets":	10,
					"omitted":	false,
					"sender":	true
				}],
			"sum":	{
				"start":	5.001119,
				"end":	6.001125,
				"seconds":	1.0000059604644775,
				"bytes":	2560,
				"bits_per_second":	20479.877930415092,
				"packets":	10,
				"omitted":	false,
				"sender":	true
			}
		}, {
			"streams":	[{
					"socket":	5,
					"start":	6.001125,
					"end":	7.001124,
					"seconds":	0.99999898672103882,
					"bytes":	2560,
					"bits_per_second":	20480.020751974153,
					"packets":	10,
					"omitted":	false,
					"sender":	true
				}],
			"sum":	{
				"start":	6.001125,
				"end":	7.001124,
				"seconds":	0.99999898672103882,
				"bytes":	2560,
				"bits_per_second":	20480.020751974153,
				"packets":	10,
				"omitted":	false,
				"sender":	true
			}
		}, {
			"streams":	[{
					"socket":	5,
					"start":	7.001124,
					"end":	8.001118,
					"seconds":	0.99999397993087769,
					"bytes":	2560,
					"bits_per_second":	20480.123291757849,
					"packets":	10,
					"omitted":	false,
					"sender":	true
				}],
			"sum":	{
				"start":	7.001124,
				"end":	8.001118,
				"seconds":	0.99999397993087769,
				"bytes":	2560,
				"bits_per_second":	20480.123291757849,
				"packets":	10,
				"omitted":	false,
				"sender":	true
			}
		}, {
			"streams":	[{
					"socket":	5,
					"start":	8.001118,
					"end":	9.001107,
					"seconds":	0.99998897314071655,
					"bytes":	2304,
					"bits_per_second":	18432.203249311515,
					"packets":	9,
					"omitted":	false,
					"sender":	true
				}],
			"sum":	{
				"start":	8.001118,
				"end":	9.001107,
				"seconds":	0.99998897314071655,
				"bytes":	2304,
				"bits_per_second":	18432.203249311515,
				"packets":	9,
				"omitted":	false,
				"sender":	true
			}
		}, {
			"streams":	[{
					"socket":	5,
					"start":	9.001107,
					"end":	10.000588,
					"seconds":	0.99948102235794067,
					"bytes":	2560,
					"bits_per_second":	20490.634181011563,
					"packets":	10,
					"omitted":	false,
					"sender":	true
				}],
			"sum":	{
				"start":	9.001107,
				"end":	10.000588,
				"seconds":	0.99948102235794067,
				"bytes":	2560,
				"bits_per_second":	20490.634181011563,
				"packets":	10,
				"omitted":	false,
				"sender":	true
			}
		}, {
			"streams":	[{
					"socket":	5,
					"start":	10.000588,
					"end":	11.001118,
					"seconds":	1.0005300045013428,
					"bytes":	2560,
					"bits_per_second":	20469.151257694757,
					"packets":	10,
					"omitted":	false,
					"sender":	true
				}],
			"sum":	{
				"start":	10.000588,
				"end":	11.001118,
				"seconds":	1.0005300045013428,
				"bytes":	2560,
				"bits_per_second":	20469.151257694757,
				"packets":	10,
				"omitted":	false,
				"sender":	true
			}
		}, {
			"streams":	[{
					"socket":	5,
					"start":	11.001118,
					"end":	12.001116,
					"seconds":	0.99999797344207764,
					"bytes":	2560,
					"bits_per_second":	20480.04150399036,
					"packets":	10,
					"omitted":	false,
					"sender":	true
				}],
			"sum":	{
				"start":	11.001118,
				"end":	12.001116,
				"seconds":	0.99999797344207764,
				"bytes":	2560,
				"bits_per_second":	20480.04150399036,
				"packets":	10,
				"omitted":	false,
				"sender":	true
			}
		}, {
			"streams":	[{
					"socket":	5,
					"start":	12.001116,
					"end":	13.001113,
					"seconds":	0.99999701976776123,
					"bytes":	2304,
					"bits_per_second":	18432.054931804334,
					"packets":	9,
					"omitted":	false,
					"sender":	true
				}],
			"sum":	{
				"start":	12.001116,
				"end":	13.001113,
				"seconds":	0.99999701976776123,
				"bytes":	2304,
				"bits_per_second":	18432.054931804334,
				"packets":	9,
				"omitted":	false,
				"sender":	true
			}
		}, {
			"streams":	[{
					"socket":	5,
					"start":	13.001113,
					"end":	14.00112,
					"seconds":	1.0000070333480835,
					"bytes":	2560,
					"bits_per_second":	20479.855958044347,
					"packets":	10,
					"omitted":	false,
					"sender":	true
				}],
			"sum":	{
				"start":	13.001113,
				"end":	14.00112,
				"seconds":	1.0000070333480835,
				"bytes":	2560,
				"bits_per_second":	20479.855958044347,
				"packets":	10,
				"omitted":	false,
				"sender":	true
			}
		}, {
			"streams":	[{
					"socket":	5,
					"start":	14.00112,
					"end":	15.001122,
					"seconds":	1.0000020265579224,
					"bytes":	2560,
					"bits_per_second":	20479.95849617786,
					"packets":	10,
					"omitted":	false,
					"sender":	true
				}],
			"sum":	{
				"start":	14.00112,
				"end":	15.001122,
				"seconds":	1.0000020265579224,
				"bytes":	2560,
				"bits_per_second":	20479.95849617786,