{
	"start":	{
		"connected":	[{
				"socket":	5,
				"local_host":	"192.168.0.73",
				"local_port":	51746,
				"remote_host":	"192.168.0.74",
				"remote_port":	5123
			}],
		"version":	"iperf 3.18",
		"system_info":	"Linux RPI08 6.12.47+rpt-rpi-v7 #1 SMP Raspbian 1:6.12.47-1+rpt1 (2025-09-16) armv7l",
		"timestamp":	{
			"time":	"Mon, 11 May 2026 17:24:59 GMT",
			"timesecs":	1778520299
		},
		"connecting_to":	{
			"host":	"192.168.0.74",
			"port":	5123
		},
		"cookie":	"wsozwa2eduzy3tf25mhajed4kzkbomanbm4w",
		"target_bitrate":	40000,
		"fq_rate":	0,
		"sock_bufsize":	0,
		"sndbuf_actual":	180224,
		"rcvbuf_actual":	180224,
		"test_start":	{
			"protocol":	"UDP",
			"num_streams":	1,
			"blksize":	128,
			"omit":	0,
			"duration":	30,
			"bytes":	0,
			"blocks":	0,
			"reverse":	0,
			"tos":	0,
			"target_bitrate":	40000,
			"bidir":	0,
			"fqrate":	0,
			"interval":	1
		}
	},
	"intervals":	[{
			"streams":	[{
					"socket":	5,
					"start":	0,
					"end":	1.001193,
					"seconds":	1.0011930465698242,
					"bytes":	5120,
					"bits_per_second":	40911.1910438577,
					"packets":	40,
					"omitted":	false,
					"sender":	true
				}],
			"sum":	{
				"start":	0,
				"end":	1.001193,
				"seconds":	1.0011930465698242,
				"bytes":	5120,
				"bits_per_second":	40911.1910438577,
				"packets":	40,
				"omitted":	false,
				"sender":	true
			}
		}, {
			"streams":	[{
					"socket":	5,
					"start":	1.001193,
					"end":	2.001188,
					"seconds":	0.999994993209839,
					"bytes":	4992,
					"bits_per_second":	39936.199952173,
					"packets":	39,
					"omitted":	false,
					"sender":	true
				}],
			"sum":	{
				"start":	1.001193,
				"end":	2.001188,
				"seconds":	0.999994993209839,
				"bytes":	4992,
				"bits_per_second":	39936.199952173,
				"packets":	39,
				"omitted":	false,
				"sender":	true
			}
		}, {
			"streams":	[{
					"socket":	5,
					"start":	2.001188,
					"end":	3.001177,
					"seconds":	0.99998897314071655,
					"bytes":	4992,
					"bits_per_second":	39936.440373508281,
					"packets":	39,
					"omitted":	false,
					"sender":	true
				}],
			"sum":	{
				"start":	2.001188,
				"end":	3.001177,
				"seconds":	0.99998897314071655,
				"bytes":	4992,
				"bits_per_second":	39936.440373508281,
				"packets":	39,
				"omitted":	false,
				"sender":	true
			}
		}, {
			"streams":	[{
					"socket":	5,
					"start":	3.001177,
					"end":	4.001177,
					"seconds":	1,
					"bytes":	4992,
					"bits_per_second":	39936,
					"packets":	39,
					"omitted":	false,
					"sender":	true
				}],
			"sum":	{
				"start":	3.001177,
				"end":	4.001177,
				"seconds":	1,
				"bytes":	4992,
				"bits_per_second":	39936,
				"packets":	39,
				"omitted":	false,
				"sender":	true
			}
		}, {
			"streams":	[{
					"socket":	5,
					"start":	4.001177,
					"end":	5.001183,
					"seconds":	1.0000059604644775,
					"bytes":	4992,
					"bits_per_second":	39935.761964309429,
					"packets":	39,
					"omitted":	false,
					"sender":	true
				}],
			"sum":	{
				"start":	4.001177,
				"end":	5.001183,
				"seconds":	1.0000059604644775,
				"bytes":	4992,
				"bits_per_second":	39935.761964309429,
				"packets":	39,
				"omitted":	false,
				"sender":	true
			}
		}, {
			"streams":	[{
					"socket":	5,
					"start":	5.001183,
					"end":	6.001187,
					"seconds":	1.0000040531158447,
					"bytes":	4992,
					"bits_per_second":	39935.838135421684,
					"packets":	39,
					"omitted":	false,
					"sender":	true
				}],
			"sum":	{
				"start":	5.001183,
				"end":	6.001187,
				"seconds":	1.0000040531158447,
				"bytes":	4992,
				"bits_per_second":	39935.838135421684,
				"packets":	39,
				"omitted":	false,
				"sender":	true
			}
		}, {
			"streams":	[{
					"socket":	5,
					"start":	6.001187,
					"end":	7.00118,
					"seconds":	0.99999302625656128,
					"bytes":	4992,
					"bits_per_second":	39936.2785053602,
					"packets":	39,
					"omitted":	false,
					"sender":	true
				}],
			"sum":	{
				"start":	6.001187,
				"end":	7.00118,
				"seconds":	0.99999302625656128,
				"bytes":	4992,
				"bits_per_second":	39936.2785053602,
				"packets":	39,
				"omitted":	false,
				"sender":	true
			}
		}, {
			"streams":	[{
					"socket":	5,
					"start":	7.00118,
					"end":	8.001177,
					"seconds":	0.99999701976776123,
					"bytes":	4992,
					"bits_per_second":	39936.1190189094,
					"packets":	39,
					"omitted":	false,
					"sender":	true
				}],
			"sum":	{
				"start":	7.00118,
				"end":	8.001177,
				"seconds":	0.99999701976776123,
				"bytes":	4992,
				"bits_per_second":	39936.1190189094,
				"packets":	39,
				"omitted":	false,
				"sender":	true
			}
		}, {
			"streams":	[{
					"socket":	5,
					"start":	8.001177,
					"end":	9.001175,
					"seconds":	0.99999797344207764,
					"bytes":	4992,
					"bits_per_second":	39936.0809327812,
					"packets":	39,
					"omitted":	false,
					"sender":	true
				}],
			"sum":	{
				"start":	8.001177,
				"end":	9.001175,
				"seconds":	0.99999797344207764,
				"bytes":	4992,
				"bits_per_second":	39936.0809327812,
				"packets":	39,
				"omitted":	false,
				"sender":	true
			}
		}, {
			"streams":	[{
					"socket":	5,
					"start":	9.001175,
					"end":	10.001173,
					"seconds":	0.99999797344207764,
					"bytes":	4992,
					"bits_per_second":	39936.0809327812,
					"packets":	39,
					"omitted":	false,
					"sender":	true
				}],
			"sum":	{
				"start":	9.001175,
				"end":	10.001173,
				"seconds":	0.99999797344207764,
				"bytes":	4992,
				"bits_per_second":	39936.0809327812,
				"packets":	39,
				"omitted":	false,
				"sender":	true
			}
		}, {
			"streams":	[{
					"socket":	5,
					"start":	10.001173,
					"end":	11.001172,
					"seconds":	0.99999898672103882,
					"bytes":	4992,
					"bits_per_second":	39936.0404663496,
					"packets":	39,
					"omitted":	false,
					"sender":	true
				}],
			"sum":	{
				"start":	10.001173,
				"end":	11.001172,
				"seconds":	0.99999898672103882,
				"bytes":	4992,
				"bits_per_second":	39936.0404663496,
				"packets":	39,
				"omitted":	false,
				"sender":	true
			}
		}, {
			"streams":	[{
					"socket":	5,
					"start":	11.001172,
					"end":	12.001177,
					"seconds":	1.0000050067901611,
					"bytes":	4992,
					"bits_per_second":	39935.800049829231,
					"packets":	39,
					"omitted":	false,
					"sender":	true
				}],
			"sum":	{
				"start":	11.001172,
				"end":	12.001177,
				"seconds":	1.0000050067901611,
				"bytes":	4992,
				"bits_per_second":	39935.800049829231,
				"packets":	39,
				"omitted":	false,
				"sender":	true
			}
		}, {
			"streams":	[{
					"socket":	5,
					"start":	12.001177,
					"end":	13.001187,
					"seconds":	1.0000100135803223,
					"bytes":	4992,
					"bits_per_second":	39935.600101660661,
					"packets":	39,
					"omitted":	false,
					"sender":	true
				}],
			"sum":	{
				"start":	12.001177,
				"end":	13.001187,
				"seconds":	1.0000100135803223,
				"bytes":	4992,
				"bits_per_second":	39935.600101660661,
				"packets":	39,
				"omitted":	false,
				"sender":	true
			}
		}, {
			"streams":	[{
					"socket":	5,
					"start":	13.001187,
					"end":	14.001177,
					"seconds":	0.99998998641967773,
					"bytes":	4992,
					"bits_per_second":	39936.399906348248,
					"packets":	39,
					"omitted":	false,
					"sender":	true
				}],
			"sum":	{
				"start":	13.001187,
				"end":	14.001177,
				"seconds":	0.99998998641967773,
				"bytes":	4992,
				"bits_per_second":	39936.399906348248,
				"packets":	39,
				"omitted":	false,
				"sender":	true
			}
		}, {
			"streams":	[{
					"socket":	5,
					"start":	14.001177,
					"end":	15.000798,
					"seconds":	0.99962097406387329,
					"bytes":	4992,
					"bits_per_second":	39951.142519192668,
					"packets":	39,
					"omitted":	false,
					"sender":	true
				}],
			"sum":	{
				"start":	14.001177,
				"end":	15.000798,
				"seconds":	0.99962097406387329,
				"bytes":	4992,
				"bits_per_second":	39951.142519192668,
				"packets":	39,
				"omitted":	false,