{
	"start":	{
		"connected":	[{
				"socket":	5,
				"local_host":	"192.168.0.73",
				"local_port":	37642,
				"remote_host":	"192.168.0.74",
				"remote_port":	5123
			}],
		"version":	"iperf 3.18",
		"system_info":	"Linux RPI08 6.12.47+rpt-rpi-v7 #1 SMP Raspbian 1:6.12.47-1+rpt1 (2025-09-16) armv7l",
		"timestamp":	{
			"time":	"Mon, 11 May 2026 17:20:58 GMT",
			"timesecs":	1778520058
		},
		"connecting_to":	{
			"host":	"192.168.0.74",
			"port":	5123
		},
		"cookie":	"h7qaph57wlunho47gzeydnqu65vhgxxbxr6s",
		"target_bitrate":	20000,
		"fq_rate":	0,
		"sock_bufsize":	0,
		"sndbuf_actual":	180224,
		"rcvbuf_actual":	180224,
		"test_start":	{
			"protocol":	"UDP",
			"num_streams":	1,
			"blksize":	512,
			"omit":	0,
			"duration":	30,
			"bytes":	0,
			"blocks":	0,
			"reverse":	0,
			"tos":	0,
			"target_bitrate":	20000,
			"bidir":	0,
			"fqrate":	0,
			"interval":	1
		}
	},
	"intervals":	[{
			"streams":	[{
					"socket":	5,
					"start":	0,
					"end":	1.001198,
					"seconds":	1.0011980533599854,
					"bytes":	2560,
					"bits_per_second":	20455.493227608506,
					"packets":	5,
					"omitted":	false,
					"sender":	true
				}],
			"sum":	{
				"start":	0,
				"end":	1.001198,
				"seconds":	1.0011980533599854,
				"bytes":	2560,
				"bits_per_second":	20455.493227608506,
				"packets":	5,
				"omitted":	false,
				"sender":	true
			}
		}, {
			"streams":	[{
					"socket":	5,
					"start":	1.001198,
					"end":	2.001195,
					"seconds":	0.99999701976776123,
					"bytes":	2560,
					"bits_per_second":	20480.061035338149,
					"packets":	5,
					"omitted":	false,
					"sender":	true
				}],
			"sum":	{
				"start":	1.001198,
				"end":	2.001195,
				"seconds":	0.99999701976776123,
				"bytes":	2560,
				"bits_per_second":	20480.061035338149,
				"packets":	5,
				"omitted":	false,
				"sender":	true
			}
		}, {
			"streams":	[{
					"socket":	5,
					"start":	2.001195,
					"end":	3.001175,
					"seconds":	0.99997997283935547,
					"bytes":	2560,
					"bits_per_second":	20480.410164464429,
					"packets":	5,
					"omitted":	false,
					"sender":	true
				}],
			"sum":	{
				"start":	2.001195,
				"end":	3.001175,
				"seconds":	0.99997997283935547,
				"bytes":	2560,
				"bits_per_second":	20480.410164464429,
				"packets":	5,
				"omitted":	false,
				"sender":	true
			}
		}, {
			"streams":	[{
					"socket":	5,
					"start":	3.001175,
					"end":	4.001191,
					"seconds":	1.0000159740448,
					"bytes":	2560,
					"bits_per_second":	20479.6728567883,
					"packets":	5,
					"omitted":	false,
					"sender":	true
				}],
			"sum":	{
				"start":	3.001175,
				"end":	4.001191,
				"seconds":	1.0000159740448,
				"bytes":	2560,
				"bits_per_second":	20479.6728567883,
				"packets":	5,
				"omitted":	false,
				"sender":	true
			}
		}, {
			"streams":	[{
					"socket":	5,
					"start":	4.001191,
					"end":	5.001189,
					"seconds":	0.99999797344207764,
					"bytes":	2560,
					"bits_per_second":	20480.04150399036,
					"packets":	5,
					"omitted":	false,
					"sender":	true
				}],
			"sum":	{
				"start":	4.001191,
				"end":	5.001189,
				"seconds":	0.99999797344207764,
				"bytes":	2560,
				"bits_per_second":	20480.04150399036,
				"packets":	5,
				"omitted":	false,
				"sender":	true
			}
		}, {
			"streams":	[{
					"socket":	5,
					"start":	5.001189,
					"end":	6.001202,
					"seconds":	1.000012993812561,
					"bytes":	2560,
					"bits_per_second":	20479.733890176532,
					"packets":	5,
					"omitted":	false,
					"sender":	true
				}],
			"sum":	{
				"start":	5.001189,
				"end":	6.001202,
				"seconds":	1.000012993812561,
				"bytes":	2560,
				"bits_per_second":	20479.733890176532,
				"packets":	5,
				"omitted":	false,
				"sender":	true
			}
		}, {
			"streams":	[{
					"socket":	5,
					"start":	6.001202,
					"end":	7.001196,
					"seconds":	0.99999397993087769,
					"bytes":	2560,
					"bits_per_second":	20480.123291757849,
					"packets":	5,
					"omitted":	false,
					"sender":	true
				}],
			"sum":	{
				"start":	6.001202,
				"end":	7.001196,
				"seconds":	0.99999397993087769,
				"bytes":	2560,
				"bits_per_second":	20480.123291757849,
				"packets":	5,
				"omitted":	false,
				"sender":	true
			}
		}, {
			"streams":	[{
					"socket":	5,
					"start":	7.001196,
					"end":	8.001199,
					"seconds":	1.0000029802322388,
					"bytes":	2560,
					"bits_per_second":	20479.938965025649,
					"packets":	5,
					"omitted":	false,
					"sender":	true
				}],
			"sum":	{
				"start":	7.001196,
				"end":	8.001199,
				"seconds":	1.0000029802322388,
				"bytes":	2560,
				"bits_per_second":	20479.938965025649,
				"packets":	5,
				"omitted":	false,
				"sender":	true
			}
		}, {
			"streams":	[{
					"socket":	5,
					"start":	8.001199,
					"end":	9.001194,
					"seconds":	0.999994993209839,
					"bytes":	2048,
					"bits_per_second":	16384.082031660717,
					"packets":	4,
					"omitted":	false,
					"sender":	true
				}],
			"sum":	{
				"start":	8.001199,
				"end":	9.001194,
				"seconds":	0.999994993209839,
				"bytes":	2048,
				"bits_per_second":	16384.082031660717,
				"packets":	4,
				"omitted":	false,
				"sender":	true
			}
		}, {
			"streams":	[{
					"socket":	5,
					"start":	9.001194,
					"end":	10.001208,
					"seconds":	1.0000139474868774,
					"bytes":	2560,
					"bits_per_second":	20479.714359452719,
					"packets":	5,
					"omitted":	false,
					"sender":	true
				}],
			"sum":	{
				"start":	9.001194,
				"end":	10.001208,
				"seconds":	1.0000139474868774,
				"bytes":	2560,
				"bits_per_second":	20479.714359452719,
				"packets":	5,
				"omitted":	false,
				"sender":	true
			}
		}, {
			"streams":	[{
					"socket":	5,
					"start":	10.001208,
					"end":	11.001185,
					"seconds":	0.9999769926071167,
					"bytes":	2560,
					"bits_per_second":	20480.471202247387,
					"packets":	5,
					"omitted":	false,
					"sender":	true
				}],
			"sum":	{
				"start":	10.001208,
				"end":	11.001185,
				"seconds":	0.9999769926071167,
				"bytes":	2560,
				"bits_per_second":	20480.471202247387,
				"packets":	5,
				"omitted":	false,
				"sender":	true
			}
		}, {
			"streams":	[{
					"socket":	5,
					"start":	11.001185,
					"end":	12.001191,
					"seconds":	1.0000059604644775,
					"bytes":	2560,
					"bits_per_second":	20479.877930415092,
					"packets":	5,
					"omitted":	false,
					"sender":	true
				}],
			"sum":	{
				"start":	11.001185,
				"end":	12.001191,
				"seconds":	1.0000059604644775,
				"bytes":	2560,
				"bits_per_second":	20479.877930415092,
				"packets":	5,
				"omitted":	false,
				"sender":	true
			}
		}, {
			"streams":	[{
					"socket":	5,
					"start":	12.001191,
					"end":	13.001191,
					"seconds":	1,
					"bytes":	2560,
					"bits_per_second":	20480,
					"packets":	5,
					"omitted":	false,
					"sender":	true
				}],
			"sum":	{
				"start":	12.001191,
				"end":	13.001191,
				"seconds":	1,
				"bytes":	2560,
				"bits_per_second":	20480,
				"packets":	5,
				"omitted":	false,
				"sender":	true
			}
		}, {
			"streams":	[{
					"socket":	5,
					"start":	13.001191,
					"end":	14.001193,
					"seconds":	1.0000020265579224,
					"bytes":	2560,
					"bits_per_second":	20479.95849617786,
					"packets":	5,
					"omitted":	false,
					"sender":	true
				}],
			"sum":	{
				"start":	13.001191,
				"end":	14.001193,
				"seconds":	1.0000020265579224,
				"bytes":	2560,
				"bits_per_second":	20479.95849617786,
				"packets":	5,
				"omitted":	false,
				"sender":	true
			}
		}, {
			"streams":	[{
					"socket":	5,
					"start":	14.001193,
					"end":	15.00119,
					"seconds":	0.99999701976776123,
					"bytes":	2560,
					"bits_per_second":	20480.061035338149,
					"packets":	5,
					"omitted":	false,
					"sender":	true
				}],
			"sum":	{
				"start":	14.001193,
				"end":	15.00119,
				"seconds":	0.99999701976776123,
				"bytes":	2560,
				"bits_per_second":	20480.061035338149,
				"packets":	5,
				"omitted":	false,