{
	"start":	{
		"connected":	[{
				"socket":	5,
				"local_host":	"192.168.0.73",
				"local_port":	35131,
				"remote_host":	"192.168.0.74",
				"remote_port":	5123
			}],
		"version":	"iperf 3.18",
		"system_info":	"Linux RPI08 6.12.47+rpt-rpi-v7 #1 SMP Raspbian 1:6.12.47-1+rpt1 (2025-09-16) armv7l",
		"timestamp":	{
			"time":	"Mon, 11 May 2026 17:15:57 GMT",
			"timesecs":	1778519757
		},
		"connecting_to":	{
			"host":	"192.168.0.74",
			"port":	5123
		},
		"cookie":	"wiunstcjd4aqgylefm24n547ysi73vhlu33c",
		"target_bitrate":	10000,
		"fq_rate":	0,
		"sock_bufsize":	0,
		"sndbuf_actual":	180224,
		"rcvbuf_actual":	180224,
		"test_start":	{
			"protocol":	"UDP",
			"num_streams":	1,
			"blksize":	512,
			"omit":	0,
			"duration":	30,
			"bytes":	0,
			"blocks":	0,
			"reverse":	0,
			"tos":	0,
			"target_bitrate":	10000,
			"bidir":	0,
			"fqrate":	0,
			"interval":	1
		}
	},
	"intervals":	[{
			"streams":	[{
					"socket":	5,
					"start":	0,
					"end":	1.001184,
					"seconds":	1.0011839866638184,
					"bytes":	1536,
					"bits_per_second":	12273.46837712269,
					"packets":	3,
					"omitted":	false,
					"sender":	true
				}],
			"sum":	{
				"start":	0,
				"end":	1.001184,
				"seconds":	1.0011839866638184,
				"bytes":	1536,
				"bits_per_second":	12273.46837712269,
				"packets":	3,
				"omitted":	false,
				"sender":	true
			}
		}, {
			"streams":	[{
					"socket":	5,
					"start":	1.001184,
					"end":	2.001185,
					"seconds":	1.0000009536743164,
					"bytes":	1024,
					"bits_per_second":	8191.99218750745,
					"packets":	2,
					"omitted":	false,
					"sender":	true
				}],
			"sum":	{
				"start":	1.001184,
				"end":	2.001185,
				"seconds":	1.0000009536743164,
				"bytes":	1024,
				"bits_per_second":	8191.99218750745,
				"packets":	2,
				"omitted":	false,
				"sender":	true
			}
		}, {
			"streams":	[{
					"socket":	5,
					"start":	2.001185,
					"end":	3.001181,
					"seconds":	0.9999960064888,
					"bytes":	1536,
					"bits_per_second":	12288.049072461596,
					"packets":	3,
					"omitted":	false,
					"sender":	true
				}],
			"sum":	{
				"start":	2.001185,
				"end":	3.001181,
				"seconds":	0.9999960064888,
				"bytes":	1536,
				"bits_per_second":	12288.049072461596,
				"packets":	3,
				"omitted":	false,
				"sender":	true
			}
		}, {
			"streams":	[{
					"socket":	5,
					"start":	3.001181,
					"end":	4.001178,
					"seconds":	0.99999701976776123,
					"bytes":	1024,
					"bits_per_second":	8192.02441413526,
					"packets":	2,
					"omitted":	false,
					"sender":	true
				}],
			"sum":	{
				"start":	3.001181,
				"end":	4.001178,
				"seconds":	0.99999701976776123,
				"bytes":	1024,
				"bits_per_second":	8192.02441413526,
				"packets":	2,
				"omitted":	false,
				"sender":	true
			}
		}, {
			"streams":	[{
					"socket":	5,
					"start":	4.001178,
					"end":	5.001178,
					"seconds":	1,
					"bytes":	1536,
					"bits_per_second":	12288,
					"packets":	3,
					"omitted":	false,
					"sender":	true
				}],
			"sum":	{
				"start":	4.001178,
				"end":	5.001178,
				"seconds":	1,
				"bytes":	1536,
				"bits_per_second":	12288,
				"packets":	3,
				"omitted":	false,
				"sender":	true
			}
		}, {
			"streams":	[{
					"socket":	5,
					"start":	5.001178,
					"end":	6.001189,
					"seconds":	1.0000109672546387,
					"bytes":	1024,
					"bits_per_second":	8191.9101572353284,
					"packets":	2,
					"omitted":	false,
					"sender":	true
				}],
			"sum":	{
				"start":	5.001178,
				"end":	6.001189,
				"seconds":	1.0000109672546387,
				"bytes":	1024,
				"bits_per_second":	8191.9101572353284,
				"packets":	2,
				"omitted":	false,
				"sender":	true
			}
		}, {
			"streams":	[{
					"socket":	5,
					"start":	6.001189,
					"end":	7.001179,
					"seconds":	0.99998998641967773,
					"bytes":	1536,
					"bits_per_second":	12288.123048107152,
					"packets":	3,
					"omitted":	false,
					"sender":	true
				}],
			"sum":	{
				"start":	6.001189,
				"end":	7.001179,
				"seconds":	0.99998998641967773,
				"bytes":	1536,
				"bits_per_second":	12288.123048107152,
				"packets":	3,
				"omitted":	false,
				"sender":	true
			}
		}, {
			"streams":	[{
					"socket":	5,
					"start":	7.001179,
					"end":	8.001174,
					"seconds":	0.999994993209839,
					"bytes":	1024,
					"bits_per_second":	8192.04101583036,
					"packets":	2,
					"omitted":	false,
					"sender":	true
				}],
			"sum":	{
				"start":	7.001179,
				"end":	8.001174,
				"seconds":	0.999994993209839,
				"bytes":	1024,
				"bits_per_second":	8192.04101583036,
				"packets":	2,
				"omitted":	false,
				"sender":	true
			}
		}, {
			"streams":	[{
					"socket":	5,
					"start":	8.001174,
					"end":	9.001191,
					"seconds":	1.0000170469284058,
					"bytes":	1024,
					"bits_per_second":	8191.860353943036,
					"packets":	2,
					"omitted":	false,
					"sender":	true
				}],
			"sum":	{
				"start":	8.001174,
				"end":	9.001191,
				"seconds":	1.0000170469284058,
				"bytes":	1024,
				"bits_per_second":	8191.860353943036,
				"packets":	2,
				"omitted":	false,
				"sender":	true
			}
		}, {
			"streams":	[{
					"socket":	5,
					"start":	9.001191,
					"end":	10.00118,
					"seconds":	0.99998897314071655,
					"bytes":	1536,
					"bits_per_second":	12288.135499541009,
					"packets":	3,
					"omitted":	false,
					"sender":	true
				}],
			"sum":	{
				"start":	9.001191,
				"end":	10.00118,
				"seconds":	0.99998897314071655,
				"bytes":	1536,
				"bits_per_second":	12288.135499541009,
				"packets":	3,
				"omitted":	false,
				"sender":	true
			}
		}, {
			"streams":	[{
					"socket":	5,
					"start":	10.00118,
					"end":	11.00118,
					"seconds":	1,
					"bytes":	1024,
					"bits_per_second":	8192,
					"packets":	2,
					"omitted":	false,
					"sender":	true
				}],
			"sum":	{
				"start":	10.00118,
				"end":	11.00118,
				"seconds":	1,
				"bytes":	1024,
				"bits_per_second":	8192,
				"packets":	2,
				"omitted":	false,
				"sender":	true
			}
		}, {
			"streams":	[{
					"socket":	5,
					"start":	11.00118,
					"end":	12.001176,
					"seconds":	0.9999960064888,
					"bytes":	1536,
					"bits_per_second":	12288.049072461596,
					"packets":	3,
					"omitted":	false,
					"sender":	true
				}],
			"sum":	{
				"start":	11.00118,
				"end":	12.001176,
				"seconds":	0.9999960064888,
				"bytes":	1536,
				"bits_per_second":	12288.049072461596,
				"packets":	3,
				"omitted":	false,
				"sender":	true
			}
		}, {
			"streams":	[{
					"socket":	5,
					"start":	12.001176,
					"end":	13.001175,
					"seconds":	0.99999898672103882,
					"bytes":	1024,
					"bits_per_second":	8192.00830078966,
					"packets":	2,
					"omitted":	false,
					"sender":	true
				}],
			"sum":	{
				"start":	12.001176,
				"end":	13.001175,
				"seconds":	0.99999898672103882,
				"bytes":	1024,
				"bits_per_second":	8192.00830078966,
				"packets":	2,
				"omitted":	false,
				"sender":	true
			}
		}, {
			"streams":	[{
					"socket":	5,
					"start":	13.001175,
					"end":	14.001174,
					"seconds":	0.99999898672103882,
					"bytes":	1536,
					"bits_per_second":	12288.012451184492,
					"packets":	3,
					"omitted":	false,
					"sender":	true
				}],
			"sum":	{
				"start":	13.001175,
				"end":	14.001174,
				"seconds":	0.99999898672103882,
				"bytes":	1536,
				"bits_per_second":	12288.012451184492,
				"packets":	3,
				"omitted":	false,
				"sender":	true
			}
		}, {
			"streams":	[{
					"socket":	5,
					"start":	14.001174,
					"end":	15.001186,
					"seconds":	1.0000120401382446,
					"bytes":	1024,
					"bits_per_second":	8191.9013683750381,
					"packets":	2,
					"omitted":	false,
					"sender":	true
				}],
			"sum":	{
				"start":	14.001174,
				"end":	15.001186,
				"seconds":	1.0000120401382446,
				"bytes":	1024,
				"bits_per_second":	8191.9013683750381,
				"packets":	2,
				"omitted":	false,
				"sender":	true
			}
		}, {
			"streams":	[{
					"socket":	5,
					"start":	15.001186,
					"end":	16.001179,