{
	"start":	{
		"connected":	[{
				"socket":	5,
				"local_host":	"192.168.0.73",
				"local_port":	40611,
				"remote_host":	"192.168.0.74",
				"remote_port":	5123
			}],
		"version":	"iperf 3.18",
		"system_info":	"Linux RPI08 6.12.47+rpt-rpi-v7 #1 SMP Raspbian 1:6.12.47-1+rpt1 (2025-09-16) armv7l",
		"timestamp":	{
			"time":	"Mon, 11 May 2026 17:25:29 GMT",
			"timesecs":	1778520329
		},
		"connecting_to":	{
			"host":	"192.168.0.74",
			"port":	5123
		},
		"cookie":	"v75fid5wwec2mpojsmlf3zimhylbto4lqrqz",
		"target_bitrate":	40000,
		"fq_rate":	0,
		"sock_bufsize":	0,
		"sndbuf_actual":	180224,
		"rcvbuf_actual":	180224,
		"test_start":	{
			"protocol":	"UDP",
			"num_streams":	1,
			"blksize":	256,
			"omit":	0,
			"duration":	30,
			"bytes":	0,
			"blocks":	0,
			"reverse":	0,
			"tos":	0,
			"target_bitrate":	40000,
			"bidir":	0,
			"fqrate":	0,
			"interval":	1
		}
	},
	"intervals":	[{
			"streams":	[{
					"socket":	5,
					"start":	0,
					"end":	1.001266,
					"seconds":	1.0012660026550293,
					"bytes":	5120,
					"bits_per_second":	40908.2100974042,
					"packets":	20,
					"omitted":	false,
					"sender":	true
				}],
			"sum":	{
				"start":	0,
				"end":	1.001266,
				"seconds":	1.0012660026550293,
				"bytes":	5120,
				"bits_per_second":	40908.2100974042,
				"packets":	20,
				"omitted":	false,
				"sender":	true
			}
		}, {
			"streams":	[{
					"socket":	5,
					"start":	1.001266,
					"end":	2.00126,
					"seconds":	0.99999397993087769,
					"bytes":	5120,
					"bits_per_second":	40960.2465835157,
					"packets":	20,
					"omitted":	false,
					"sender":	true
				}],
			"sum":	{
				"start":	1.001266,
				"end":	2.00126,
				"seconds":	0.99999397993087769,
				"bytes":	5120,
				"bits_per_second":	40960.2465835157,
				"packets":	20,
				"omitted":	false,
				"sender":	true
			}
		}, {
			"streams":	[{
					"socket":	5,
					"start":	2.00126,
					"end":	3.001257,
					"seconds":	0.99999701976776123,
					"bytes":	4864,
					"bits_per_second":	38912.115967142483,
					"packets":	19,
					"omitted":	false,
					"sender":	true
				}],
			"sum":	{
				"start":	2.00126,
				"end":	3.001257,
				"seconds":	0.99999701976776123,
				"bytes":	4864,
				"bits_per_second":	38912.115967142483,
				"packets":	19,
				"omitted":	false,
				"sender":	true
			}
		}, {
			"streams":	[{
					"socket":	5,
					"start":	3.001257,
					"end":	4.001259,
					"seconds":	1.0000020265579224,
					"bytes":	5120,
					"bits_per_second":	40959.91699235572,
					"packets":	20,
					"omitted":	false,
					"sender":	true
				}],
			"sum":	{
				"start":	3.001257,
				"end":	4.001259,
				"seconds":	1.0000020265579224,
				"bytes":	5120,
				"bits_per_second":	40959.91699235572,
				"packets":	20,
				"omitted":	false,
				"sender":	true
			}
		}, {
			"streams":	[{
					"socket":	5,
					"start":	4.001259,
					"end":	5.001254,
					"seconds":	0.999994993209839,
					"bytes":	4864,
					"bits_per_second":	38912.1948251942,
					"packets":	19,
					"omitted":	false,
					"sender":	true
				}],
			"sum":	{
				"start":	4.001259,
				"end":	5.001254,
				"seconds":	0.999994993209839,
				"bytes":	4864,
				"bits_per_second":	38912.1948251942,
				"packets":	19,
				"omitted":	false,
				"sender":	true
			}
		}, {
			"streams":	[{
					"socket":	5,
					"start":	5.001254,
					"end":	6.001263,
					"seconds":	1.0000089406967163,
					"bytes":	5120,
					"bits_per_second":	40959.633792336652,
					"packets":	20,
					"omitted":	false,
					"sender":	true
				}],
			"sum":	{
				"start":	5.001254,
				"end":	6.001263,
				"seconds":	1.0000089406967163,
				"bytes":	5120,
				"bits_per_second":	40959.633792336652,
				"packets":	20,
				"omitted":	false,
				"sender":	true
			}
		}, {
			"streams":	[{
					"socket":	5,
					"start":	6.001263,
					"end":	7.001266,
					"seconds":	1.0000029802322388,
					"bytes":	4864,
					"bits_per_second":	38911.884033548733,
					"packets":	19,
					"omitted":	false,
					"sender":	true
				}],
			"sum":	{
				"start":	6.001263,
				"end":	7.001266,
				"seconds":	1.0000029802322388,
				"bytes":	4864,
				"bits_per_second":	38911.884033548733,
				"packets":	19,
				"omitted":	false,
				"sender":	true
			}
		}, {
			"streams":	[{
					"socket":	5,
					"start":	7.001266,
					"end":	8.001262,
					"seconds":	0.9999960064888,
					"bytes":	5120,
					"bits_per_second":	40960.163574871985,
					"packets":	20,
					"omitted":	false,
					"sender":	true
				}],
			"sum":	{
				"start":	7.001266,
				"end":	8.001262,
				"seconds":	0.9999960064888,
				"bytes":	5120,
				"bits_per_second":	40960.163574871985,
				"packets":	20,
				"omitted":	false,
				"sender":	true
			}
		}, {
			"streams":	[{
					"socket":	5,
					"start":	8.001262,
					"end":	9.001252,
					"seconds":	0.99998998641967773,
					"bytes":	4864,
					"bits_per_second":	38912.389652339312,
					"packets":	19,
					"omitted":	false,
					"sender":	true
				}],
			"sum":	{
				"start":	8.001262,
				"end":	9.001252,
				"seconds":	0.99998998641967773,
				"bytes":	4864,
				"bits_per_second":	38912.389652339312,
				"packets":	19,
				"omitted":	false,
				"sender":	true
			}
		}, {
			"streams":	[{
					"socket":	5,
					"start":	9.001252,
					"end":	10.001258,
					"seconds":	1.0000059604644775,
					"bytes":	5120,
					"bits_per_second":	40959.755860830184,
					"packets":	20,
					"omitted":	false,
					"sender":	true
				}],
			"sum":	{
				"start":	9.001252,
				"end":	10.001258,
				"seconds":	1.0000059604644775,
				"bytes":	5120,
				"bits_per_second":	40959.755860830184,
				"packets":	20,
				"omitted":	false,
				"sender":	true
			}
		}, {
			"streams":	[{
					"socket":	5,
					"start":	10.001258,
					"end":	11.00125,
					"seconds":	0.9999920129776,
					"bytes":	4864,
					"bits_per_second":	38912.310793497942,
					"packets":	19,
					"omitted":	false,
					"sender":	true
				}],
			"sum":	{
				"start":	10.001258,
				"end":	11.00125,
				"seconds":	0.9999920129776,
				"bytes":	4864,
				"bits_per_second":	38912.310793497942,
				"packets":	19,
				"omitted":	false,
				"sender":	true
			}
		}, {
			"streams":	[{
					"socket":	5,
					"start":	11.00125,
					"end":	12.001254,
					"seconds":	1.0000040531158447,
					"bytes":	5120,
					"bits_per_second":	40959.833985047881,
					"packets":	20,
					"omitted":	false,
					"sender":	true
				}],
			"sum":	{
				"start":	11.00125,
				"end":	12.001254,
				"seconds":	1.0000040531158447,
				"bytes":	5120,
				"bits_per_second":	40959.833985047881,
				"packets":	20,
				"omitted":	false,
				"sender":	true
			}
		}, {
			"streams":	[{
					"socket":	5,
					"start":	12.001254,
					"end":	13.00126,
					"seconds":	1.0000059604644775,
					"bytes":	4864,
					"bits_per_second":	38911.768067788675,
					"packets":	19,
					"omitted":	false,
					"sender":	true
				}],
			"sum":	{
				"start":	12.001254,
				"end":	13.00126,
				"seconds":	1.0000059604644775,
				"bytes":	4864,
				"bits_per_second":	38911.768067788675,
				"packets":	19,
				"omitted":	false,
				"sender":	true
			}
		}, {
			"streams":	[{
					"socket":	5,
					"start":	13.00126,
					"end":	14.001254,
					"seconds":	0.99999397993087769,
					"bytes":	5120,
					"bits_per_second":	40960.2465835157,
					"packets":	20,
					"omitted":	false,
					"sender":	true
				}],
			"sum":	{
				"start":	13.00126,
				"end":	14.001254,
				"seconds":	0.99999397993087769,
				"bytes":	5120,
				"bits_per_second":	40960.2465835157,
				"packets":	20,
				"omitted":	false,
				"sender":	true
			}
		}, {
			"streams":	[{
					"socket":	5,
					"start":	14.001254,
					"end":	15.001258,
					"seconds":	1.0000040531158447,
					"bytes":	4864,
					"bits_per_second":	38911.842285795487,
					"packets":	19,
					"omitted":	false,
					"sender":	true
				}],
			"sum":	{
				"start":	14.001254,
				"end":	15.001258,
				"seconds":	1.0000040531158447,
				"bytes":	4864,
				"bits_per_second":	38911.842285795487,
				"packets":	19,