{
	"start":	{
		"connected":	[{
				"socket":	5,
				"local_host":	"192.168.0.73",
				"local_port":	36926,
				"remote_host":	"192.168.0.74",
				"remote_port":	5123
			}],
		"version":	"iperf 3.18",
		"system_info":	"Linux RPI08 6.12.47+rpt-rpi-v7 #1 SMP Raspbian 1:6.12.47-1+rpt1 (2025-09-16) armv7l",
		"timestamp":	{
			"time":	"Mon, 11 May 2026 17:23:59 GMT",
			"timesecs":	1778520239
		},
		"connecting_to":	{
			"host":	"192.168.0.74",
			"port":	5123
		},
		"cookie":	"eky5wq33b725yw3oklk3pk5iqqsn523nfocd",
		"target_bitrate":	30000,
		"fq_rate":	0,
		"sock_bufsize":	0,
		"sndbuf_actual":	180224,
		"rcvbuf_actual":	180224,
		"test_start":	{
			"protocol":	"UDP",
			"num_streams":	1,
			"blksize":	1024,
			"omit":	0,
			"duration":	30,
			"bytes":	0,
			"blocks":	0,
			"reverse":	0,
			"tos":	0,
			"target_bitrate":	30000,
			"bidir":	0,
			"fqrate":	0,
			"interval":	1
		}
	},
	"intervals":	[{
			"streams":	[{
					"socket":	5,
					"start":	0,
					"end":	1.001132,
					"seconds":	1.0011320114135742,
					"bytes":	4096,
					"bits_per_second":	32730.94819306834,
					"packets":	4,
					"omitted":	false,
					"sender":	true
				}],
			"sum":	{
				"start":	0,
				"end":	1.001132,
				"seconds":	1.0011320114135742,
				"bytes":	4096,
				"bits_per_second":	32730.94819306834,
				"packets":	4,
				"omitted":	false,
				"sender":	true
			}
		}, {
			"streams":	[{
					"socket":	5,
					"start":	1.001132,
					"end":	2.001081,
					"seconds":	0.99994897842407227,
					"bytes":	4096,
					"bits_per_second":	32769.671960306048,
					"packets":	4,
					"omitted":	false,
					"sender":	true
				}],
			"sum":	{
				"start":	1.001132,
				"end":	2.001081,
				"seconds":	0.99994897842407227,
				"bytes":	4096,
				"bits_per_second":	32769.671960306048,
				"packets":	4,
				"omitted":	false,
				"sender":	true
			}
		}, {
			"streams":	[{
					"socket":	5,
					"start":	2.001081,
					"end":	3.001117,
					"seconds":	1.0000360012054443,
					"bytes":	3072,
					"bits_per_second":	24575.115266226483,
					"packets":	3,
					"omitted":	false,
					"sender":	true
				}],
			"sum":	{
				"start":	2.001081,
				"end":	3.001117,
				"seconds":	1.0000360012054443,
				"bytes":	3072,
				"bits_per_second":	24575.115266226483,
				"packets":	3,
				"omitted":	false,
				"sender":	true
			}
		}, {
			"streams":	[{
					"socket":	5,
					"start":	3.001117,
					"end":	4.001119,
					"seconds":	1.0000020265579224,
					"bytes":	4096,
					"bits_per_second":	32767.933593884576,
					"packets":	4,
					"omitted":	false,
					"sender":	true
				}],
			"sum":	{
				"start":	3.001117,
				"end":	4.001119,
				"seconds":	1.0000020265579224,
				"bytes":	4096,
				"bits_per_second":	32767.933593884576,
				"packets":	4,
				"omitted":	false,
				"sender":	true
			}
		}, {
			"streams":	[{
					"socket":	5,
					"start":	4.001119,
					"end":	5.001117,
					"seconds":	0.99999797344207764,
					"bytes":	4096,
					"bits_per_second":	32768.066406384576,
					"packets":	4,
					"omitted":	false,
					"sender":	true
				}],
			"sum":	{
				"start":	4.001119,
				"end":	5.001117,
				"seconds":	0.99999797344207764,
				"bytes":	4096,
				"bits_per_second":	32768.066406384576,
				"packets":	4,
				"omitted":	false,
				"sender":	true
			}
		}, {
			"streams":	[{
					"socket":	5,
					"start":	5.001117,
					"end":	6.001126,
					"seconds":	1.0000089406967163,
					"bytes":	3072,
					"bits_per_second":	24575.78027540199,
					"packets":	3,
					"omitted":	false,
					"sender":	true
				}],
			"sum":	{
				"start":	5.001117,
				"end":	6.001126,
				"seconds":	1.0000089406967163,
				"bytes":	3072,
				"bits_per_second":	24575.78027540199,
				"packets":	3,
				"omitted":	false,
				"sender":	true
			}
		}, {
			"streams":	[{
					"socket":	5,
					"start":	6.001126,
					"end":	7.001122,
					"seconds":	0.9999960064888,
					"bytes":	4096,
					"bits_per_second":	32768.130859897588,
					"packets":	4,
					"omitted":	false,
					"sender":	true
				}],
			"sum":	{
				"start":	6.001126,
				"end":	7.001122,
				"seconds":	0.9999960064888,
				"bytes":	4096,
				"bits_per_second":	32768.130859897588,
				"packets":	4,
				"omitted":	false,
				"sender":	true
			}
		}, {
			"streams":	[{
					"socket":	5,
					"start":	7.001122,
					"end":	8.001127,
					"seconds":	1.0000050067901611,
					"bytes":	4096,
					"bits_per_second":	32767.835938321423,
					"packets":	4,
					"omitted":	false,
					"sender":	true
				}],
			"sum":	{
				"start":	7.001122,
				"end":	8.001127,
				"seconds":	1.0000050067901611,
				"bytes":	4096,
				"bits_per_second":	32767.835938321423,
				"packets":	4,
				"omitted":	false,
				"sender":	true
			}
		}, {
			"streams":	[{
					"socket":	5,
					"start":	8.001127,
					"end":	9.001143,
					"seconds":	1.0000159740448,
					"bytes":	3072,
					"bits_per_second":	24575.607428145959,
					"packets":	3,
					"omitted":	false,
					"sender":	true
				}],
			"sum":	{
				"start":	8.001127,
				"end":	9.001143,
				"seconds":	1.0000159740448,
				"bytes":	3072,
				"bits_per_second":	24575.607428145959,
				"packets":	3,
				"omitted":	false,
				"sender":	true
			}
		}, {
			"streams":	[{
					"socket":	5,
					"start":	9.001143,
					"end":	10.001112,
					"seconds":	0.9999690055847168,
					"bytes":	4096,
					"bits_per_second":	32769.015656479678,
					"packets":	4,
					"omitted":	false,
					"sender":	true
				}],
			"sum":	{
				"start":	9.001143,
				"end":	10.001112,
				"seconds":	0.9999690055847168,
				"bytes":	4096,
				"bits_per_second":	32769.015656479678,
				"packets":	4,
				"omitted":	false,
				"sender":	true
			}
		}, {
			"streams":	[{
					"socket":	5,
					"start":	10.001112,
					"end":	11.001119,
					"seconds":	1.0000070333480835,
					"bytes":	4096,
					"bits_per_second":	32767.769532870956,
					"packets":	4,
					"omitted":	false,
					"sender":	true
				}],
			"sum":	{
				"start":	10.001112,
				"end":	11.001119,
				"seconds":	1.0000070333480835,
				"bytes":	4096,
				"bits_per_second":	32767.769532870956,
				"packets":	4,
				"omitted":	false,
				"sender":	true
			}
		}, {
			"streams":	[{
					"socket":	5,
					"start":	11.001119,
					"end":	12.001124,
					"seconds":	1.0000050067901611,
					"bytes":	3072,
					"bits_per_second":	24575.876953741066,
					"packets":	3,
					"omitted":	false,
					"sender":	true
				}],
			"sum":	{
				"start":	11.001119,
				"end":	12.001124,
				"seconds":	1.0000050067901611,
				"bytes":	3072,
				"bits_per_second":	24575.876953741066,
				"packets":	3,
				"omitted":	false,
				"sender":	true
			}
		}, {
			"streams":	[{
					"socket":	5,
					"start":	12.001124,
					"end":	13.00112,
					"seconds":	0.9999960064888,
					"bytes":	4096,
					"bits_per_second":	32768.130859897588,
					"packets":	4,
					"omitted":	false,
					"sender":	true
				}],
			"sum":	{
				"start":	12.001124,
				"end":	13.00112,
				"seconds":	0.9999960064888,
				"bytes":	4096,
				"bits_per_second":	32768.130859897588,
				"packets":	4,
				"omitted":	false,
				"sender":	true
			}
		}, {
			"streams":	[{
					"socket":	5,
					"start":	13.00112,
					"end":	14.001113,
					"seconds":	0.99999302625656128,
					"bytes":	4096,
					"bits_per_second":	32768.228517218624,
					"packets":	4,
					"omitted":	false,
					"sender":	true
				}],
			"sum":	{
				"start":	13.00112,
				"end":	14.001113,
				"seconds":	0.99999302625656128,
				"bytes":	4096,
				"bits_per_second":	32768.228517218624,
				"packets":	4,
				"omitted":	false,
				"sender":	true
			}
		}, {
			"streams":	[{
					"socket":	5,
					"start":	14.001113,
					"end":	15.001119,
					"seconds":	1.0000059604644775,
					"bytes":	3072,
					"bits_per_second":	24575.853516498111,
					"packets":	3,
					"omitted":	false,
					"sender":	true
				}],
			"sum":	{
				"start":	14.001113,
				"end":	15.001119,
				"seconds":	1.0000059604644775,
				"bytes":	3072,
				"bits_per_second":	24575.853516498111,
				"packets":	3,
				"omitted":	false,