{
	"start":	{
		"connected":	[{
				"socket":	5,
				"local_host":	"192.168.137.136",
				"local_port":	42991,
				"remote_host":	"192.168.137.101",
				"remote_port":	5123
			}],
		"version":	"iperf 3.18",
		"system_info":	"Linux RPI08 6.12.47+rpt-rpi-v7 #1 SMP Raspbian 1:6.12.47-1+rpt1 (2025-09-16) armv7l",
		"timestamp":	{
			"time":	"Sun, 10 May 2026 12:45:54 GMT",
			"timesecs":	1778417154
		},
		"connecting_to":	{
			"host":	"192.168.137.101",
			"port":	5123
		},
		"cookie":	"dlnyfeyvr3se6emx6krex4xyghkryoogask6",
		"target_bitrate":	60000,
		"fq_rate":	0,
		"sock_bufsize":	0,
		"sndbuf_actual":	180224,
		"rcvbuf_actual":	180224,
		"test_start":	{
			"protocol":	"UDP",
			"num_streams":	1,
			"blksize":	512,
			"omit":	0,
			"duration":	10,
			"bytes":	0,
			"blocks":	0,
			"reverse":	0,
			"tos":	0,
			"target_bitrate":	60000,
			"bidir":	0,
			"fqrate":	0,
			"interval":	1
		}
	},
	"intervals":	[{
			"streams":	[{
					"socket":	5,
					"start":	0,
					"end":	1.001192,
					"seconds":	1.0011919736862183,
					"bytes":	7680,
					"bits_per_second":	61366.852326820386,
					"packets":	15,
					"omitted":	false,
					"sender":	true
				}],
			"sum":	{
				"start":	0,
				"end":	1.001192,
				"seconds":	1.0011919736862183,
				"bytes":	7680,
				"bits_per_second":	61366.852326820386,
				"packets":	15,
				"omitted":	false,
				"sender":	true
			}
		}, {
			"streams":	[{
					"socket":	5,
					"start":	1.001192,
					"end":	2.001145,
					"seconds":	0.99995297193527222,
					"bytes":	7680,
					"bits_per_second":	61442.889540186356,
					"packets":	15,
					"omitted":	false,
					"sender":	true
				}],
			"sum":	{
				"start":	1.001192,
				"end":	2.001145,
				"seconds":	0.99995297193527222,
				"bytes":	7680,
				"bits_per_second":	61442.889540186356,
				"packets":	15,
				"omitted":	false,
				"sender":	true
			}
		}, {
			"streams":	[{
					"socket":	5,
					"start":	2.001145,
					"end":	3.001138,
					"seconds":	0.99999302625656128,
					"bytes":	7168,
					"bits_per_second":	57344.399905132588,
					"packets":	14,
					"omitted":	false,
					"sender":	true
				}],
			"sum":	{
				"start":	2.001145,
				"end":	3.001138,
				"seconds":	0.99999302625656128,
				"bytes":	7168,
				"bits_per_second":	57344.399905132588,
				"packets":	14,
				"omitted":	false,
				"sender":	true
			}
		}, {
			"streams":	[{
					"socket":	5,
					"start":	3.001138,
					"end":	4.001136,
					"seconds":	0.99999797344207764,
					"bytes":	7680,
					"bits_per_second":	61440.12451197108,
					"packets":	15,
					"omitted":	false,
					"sender":	true
				}],
			"sum":	{
				"start":	3.001138,
				"end":	4.001136,
				"seconds":	0.99999797344207764,
				"bytes":	7680,
				"bits_per_second":	61440.12451197108,
				"packets":	15,
				"omitted":	false,
				"sender":	true
			}
		}, {
			"streams":	[{
					"socket":	5,
					"start":	4.001136,
					"end":	5.001134,
					"seconds":	0.99999797344207764,
					"bytes":	7680,
					"bits_per_second":	61440.12451197108,
					"packets":	15,
					"omitted":	false,
					"sender":	true
				}],
			"sum":	{
				"start":	4.001136,
				"end":	5.001134,
				"seconds":	0.99999797344207764,
				"bytes":	7680,
				"bits_per_second":	61440.12451197108,
				"packets":	15,
				"omitted":	false,
				"sender":	true
			}
		}, {
			"streams":	[{
					"socket":	5,
					"start":	5.001134,
					"end":	6.001128,
					"seconds":	0.99999397993087769,
					"bytes":	7168,
					"bits_per_second":	57344.345216921982,
					"packets":	14,
					"omitted":	false,
					"sender":	true
				}],
			"sum":	{
				"start":	5.001134,
				"end":	6.001128,
				"seconds":	0.99999397993087769,
				"bytes":	7168,
				"bits_per_second":	57344.345216921982,
				"packets":	14,
				"omitted":	false,
				"sender":	true
			}
		}, {
			"streams":	[{
					"socket":	5,
					"start":	6.001128,
					"end":	7.001149,
					"seconds":	1.0000209808349609,
					"bytes":	7680,
					"bits_per_second":	61438.71096454504,
					"packets":	15,
					"omitted":	false,
					"sender":	true
				}],
			"sum":	{
				"start":	6.001128,
				"end":	7.001149,
				"seconds":	1.0000209808349609,
				"bytes":	7680,
				"bits_per_second":	61438.71096454504,
				"packets":	15,
				"omitted":	false,
				"sender":	true
			}
		}, {
			"streams":	[{
					"socket":	5,
					"start":	7.001149,
					"end":	8.001134,
					"seconds":	0.9999849796295166,
					"bytes":	7680,
					"bits_per_second":	61440.922865424283,
					"packets":	15,
					"omitted":	false,
					"sender":	true
				}],
			"sum":	{
				"start":	7.001149,
				"end":	8.001134,
				"seconds":	0.9999849796295166,
				"bytes":	7680,
				"bits_per_second":	61440.922865424283,
				"packets":	15,
				"omitted":	false,
				"sender":	true
			}
		}, {
			"streams":	[{
					"socket":	5,
					"start":	8.001134,
					"end":	9.001128,
					"seconds":	0.99999397993087769,
					"bytes":	7168,
					"bits_per_second":	57344.345216921982,
					"packets":	14,
					"omitted":	false,
					"sender":	true
				}],
			"sum":	{
				"start":	8.001134,
				"end":	9.001128,
				"seconds":	0.99999397993087769,
				"bytes":	7168,
				"bits_per_second":	57344.345216921982,
				"packets":	14,
				"omitted":	false,
				"sender":	true
			}
		}, {
			"streams":	[{
					"socket":	5,
					"start":	9.001128,
					"end":	10.002896,
					"seconds":	1.0017679929733276,
					"bytes":	7680,
					"bits_per_second":	61331.566221876543,
					"packets":	15,
					"omitted":	false,
					"sender":	true
				}],
			"sum":	{
				"start":	9.001128,
				"end":	10.002896,
				"seconds":	1.0017679929733276,
				"bytes":	7680,
				"bits_per_second":	61331.566221876543,
				"packets":	15,
				"omitted":	false,
				"sender":	true
			}
		}],
	"end":	{
		"streams":	[{
				"udp":	{
					"socket":	5,
					"start":	0,
					"end":	10.002896,
					"seconds":	10.002896,
					"bytes":	75264,
					"bits_per_second":	60193.767884820554,
					"jitter_ms":	1.5718974046959373,
					"lost_packets":	0,
					"packets":	147,
					"lost_percent":	0,
					"out_of_order":	0,
					"sender":	true
				}
			}],
		"sum":	{
			"start":	0,
			"end":	10.025809,
			"seconds":	10.025809,
			"bytes":	75264,
			"bits_per_second":	60193.767884820554,
			"jitter_ms":	1.5718974046959373,
			"lost_packets":	0,
			"packets":	147,
			"lost_percent":	0,
			"sender":	true
		},
		"sum_sent":	{
			"start":	0,
			"end":	10.002896,
			"seconds":	10.002896,
			"bytes":	75264,
			"bits_per_second":	60193.767884820554,
			"jitter_ms":	0,
			"lost_packets":	0,
			"packets":	147,
			"lost_percent":	0,
			"sender":	true
		},
		"sum_received":	{
			"start":	0,
			"end":	10.025809,
			"seconds":	10.025809,
			"bytes":	75264,
			"bits_per_second":	60056.200950965649,
			"jitter_ms":	1.5718974046959373,
			"lost_packets":	0,
			"packets":	147,
			"lost_percent":	0,
			"sender":	false
		},
		"cpu_utilization_percent":	{
			"host_total":	0.29401024168126649,
			"host_user":	0.23349157725626735,
			"host_system":	0.0606080715129547,
			"remote_total":	0.323219867105539,
			"remote_user":	0.017902911761484942,
			"remote_system":	0.305316955344054
		}
	},