{
	"start":	{
		"connected":	[{
				"socket":	5,
				"local_host":	"192.168.0.73",
				"local_port":	37129,
				"remote_host":	"192.168.0.74",
				"remote_port":	5123
			}],
		"version":	"iperf 3.18",
		"system_info":	"Linux RPI08 6.12.47+rpt-rpi-v7 #1 SMP Raspbian 1:6.12.47-1+rpt1 (2025-09-16) armv7l",
		"timestamp":	{
			"time":	"Mon, 11 May 2026 17:21:28 GMT",
			"timesecs":	1778520088
		},
		"connecting_to":	{
			"host":	"192.168.0.74",
			"port":	5123
		},
		"cookie":	"dub2hmownwwm4mhgbrlcack4yjssh7kguozl",
		"target_bitrate":	20000,
		"fq_rate":	0,
		"sock_bufsize":	0,
		"sndbuf_actual":	180224,
		"rcvbuf_actual":	180224,
		"test_start":	{
			"protocol":	"UDP",
			"num_streams":	1,
			"blksize":	1024,
			"omit":	0,
			"duration":	30,
			"bytes":	0,
			"blocks":	0,
			"reverse":	0,
			"tos":	0,
			"target_bitrate":	20000,
			"bidir":	0,
			"fqrate":	0,
			"interval":	1
		}
	},
	"intervals":	[{
			"streams":	[{
					"socket":	5,
					"start":	0,
					"end":	1.00114,
					"seconds":	1.0011399984359741,
					"bytes":	3072,
					"bits_per_second":	24548.015300950647,
					"packets":	3,
					"omitted":	false,
					"sender":	true
				}],
			"sum":	{
				"start":	0,
				"end":	1.00114,
				"seconds":	1.0011399984359741,
				"bytes":	3072,
				"bits_per_second":	24548.015300950647,
				"packets":	3,
				"omitted":	false,
				"sender":	true
			}
		}, {
			"streams":	[{
					"socket":	5,
					"start":	1.00114,
					"end":	2.001141,
					"seconds":	1.0000009536743164,
					"bytes":	2048,
					"bits_per_second":	16383.9843750149,
					"packets":	2,
					"omitted":	false,
					"sender":	true
				}],
			"sum":	{
				"start":	1.00114,
				"end":	2.001141,
				"seconds":	1.0000009536743164,
				"bytes":	2048,
				"bits_per_second":	16383.9843750149,
				"packets":	2,
				"omitted":	false,
				"sender":	true
			}
		}, {
			"streams":	[{
					"socket":	5,
					"start":	2.001141,
					"end":	3.001138,
					"seconds":	0.99999701976776123,
					"bytes":	3072,
					"bits_per_second":	24576.073242405779,
					"packets":	3,
					"omitted":	false,
					"sender":	true
				}],
			"sum":	{
				"start":	2.001141,
				"end":	3.001138,
				"seconds":	0.99999701976776123,
				"bytes":	3072,
				"bits_per_second":	24576.073242405779,
				"packets":	3,
				"omitted":	false,
				"sender":	true
			}
		}, {
			"streams":	[{
					"socket":	5,
					"start":	3.001138,
					"end":	4.001133,
					"seconds":	0.999994993209839,
					"bytes":	2048,
					"bits_per_second":	16384.082031660717,
					"packets":	2,
					"omitted":	false,
					"sender":	true
				}],
			"sum":	{
				"start":	3.001138,
				"end":	4.001133,
				"seconds":	0.999994993209839,
				"bytes":	2048,
				"bits_per_second":	16384.082031660717,
				"packets":	2,
				"omitted":	false,
				"sender":	true
			}
		}, {
			"streams":	[{
					"socket":	5,
					"start":	4.001133,
					"end":	5.001129,
					"seconds":	0.9999960064888,
					"bytes":	3072,
					"bits_per_second":	24576.098144923191,
					"packets":	3,
					"omitted":	false,
					"sender":	true
				}],
			"sum":	{
				"start":	4.001133,
				"end":	5.001129,
				"seconds":	0.9999960064888,
				"bytes":	3072,
				"bits_per_second":	24576.098144923191,
				"packets":	3,
				"omitted":	false,
				"sender":	true
			}
		}, {
			"streams":	[{
					"socket":	5,
					"start":	5.001129,
					"end":	6.001135,
					"seconds":	1.0000059604644775,
					"bytes":	2048,
					"bits_per_second":	16383.902344332073,
					"packets":	2,
					"omitted":	false,
					"sender":	true
				}],
			"sum":	{
				"start":	5.001129,
				"end":	6.001135,
				"seconds":	1.0000059604644775,
				"bytes":	2048,
				"bits_per_second":	16383.902344332073,
				"packets":	2,
				"omitted":	false,
				"sender":	true
			}
		}, {
			"streams":	[{
					"socket":	5,
					"start":	6.001135,
					"end":	7.001138,
					"seconds":	1.0000029802322388,
					"bytes":	3072,
					"bits_per_second":	24575.926758030779,
					"packets":	3,
					"omitted":	false,
					"sender":	true
				}],
			"sum":	{
				"start":	6.001135,
				"end":	7.001138,
				"seconds":	1.0000029802322388,
				"bytes":	3072,
				"bits_per_second":	24575.926758030779,
				"packets":	3,
				"omitted":	false,
				"sender":	true
			}
		}, {
			"streams":	[{
					"socket":	5,
					"start":	7.001138,
					"end":	8.001141,
					"seconds":	1.0000029802322388,
					"bytes":	2048,
					"bits_per_second":	16383.951172020519,
					"packets":	2,
					"omitted":	false,
					"sender":	true
				}],
			"sum":	{
				"start":	7.001138,
				"end":	8.001141,
				"seconds":	1.0000029802322388,
				"bytes":	2048,
				"bits_per_second":	16383.951172020519,
				"packets":	2,
				"omitted":	false,
				"sender":	true
			}
		}, {
			"streams":	[{
					"socket":	5,
					"start":	8.001141,
					"end":	9.001125,
					"seconds":	0.9999840259552002,
					"bytes":	2048,
					"bits_per_second":	16384.261722930773,
					"packets":	2,
					"omitted":	false,
					"sender":	true
				}],
			"sum":	{
				"start":	8.001141,
				"end":	9.001125,
				"seconds":	0.9999840259552002,
				"bytes":	2048,
				"bits_per_second":	16384.261722930773,
				"packets":	2,
				"omitted":	false,
				"sender":	true
			}
		}, {
			"streams":	[{
					"socket":	5,
					"start":	9.001125,
					"end":	10.001186,
					"seconds":	1.00006103515625,
					"bytes":	3072,
					"bits_per_second":	24574.500091547146,
					"packets":	3,
					"omitted":	false,
					"sender":	true
				}],
			"sum":	{
				"start":	9.001125,
				"end":	10.001186,
				"seconds":	1.00006103515625,
				"bytes":	3072,
				"bits_per_second":	24574.500091547146,
				"packets":	3,
				"omitted":	false,
				"sender":	true
			}
		}, {
			"streams":	[{
					"socket":	5,
					"start":	10.001186,
					"end":	11.001152,
					"seconds":	0.999966025352478,
					"bytes":	2048,
					"bits_per_second":	16384.556659537313,
					"packets":	2,
					"omitted":	false,
					"sender":	true
				}],
			"sum":	{
				"start":	10.001186,
				"end":	11.001152,
				"seconds":	0.999966025352478,
				"bytes":	2048,
				"bits_per_second":	16384.556659537313,
				"packets":	2,
				"omitted":	false,
				"sender":	true
			}
		}, {
			"streams":	[{
					"socket":	5,
					"start":	11.001152,
					"end":	12.00113,
					"seconds":	0.999978005886078,
					"bytes":	3072,
					"bits_per_second":	24576.540539232432,
					"packets":	3,
					"omitted":	false,
					"sender":	true
				}],
			"sum":	{
				"start":	11.001152,
				"end":	12.00113,
				"seconds":	0.999978005886078,
				"bytes":	3072,
				"bits_per_second":	24576.540539232432,
				"packets":	3,
				"omitted":	false,
				"sender":	true
			}
		}, {
			"streams":	[{
					"socket":	5,
					"start":	12.00113,
					"end":	13.001127,
					"seconds":	0.99999701976776123,
					"bytes":	2048,
					"bits_per_second":	16384.048828270519,
					"packets":	2,
					"omitted":	false,
					"sender":	true
				}],
			"sum":	{
				"start":	12.00113,
				"end":	13.001127,
				"seconds":	0.99999701976776123,
				"bytes":	2048,
				"bits_per_second":	16384.048828270519,
				"packets":	2,
				"omitted":	false,
				"sender":	true
			}
		}, {
			"streams":	[{
					"socket":	5,
					"start":	13.001127,
					"end":	14.001141,
					"seconds":	1.0000139474868774,
					"bytes":	3072,
					"bits_per_second":	24575.657231343263,
					"packets":	3,
					"omitted":	false,
					"sender":	true
				}],
			"sum":	{
				"start":	13.001127,
				"end":	14.001141,
				"seconds":	1.0000139474868774,
				"bytes":	3072,
				"bits_per_second":	24575.657231343263,
				"packets":	3,
				"omitted":	false,
				"sender":	true
			}
		}, {
			"streams":	[{
					"socket":	5,
					"start":	14.001141,
					"end":	15.001135,
					"seconds":	0.99999397993087769,
					"bytes":	2048,
					"bits_per_second":	16384.09863340628,
					"packets":	2,
					"omitted":	false,
					"sender":	true
				}],
			"sum":	{
				"start":	14.001141,
				"end":	15.001135,
				"seconds":	0.99999397993087769,
				"bytes":	2048,
				"bits_per_second":	16384.09863340628,
				"packets":	2,
				"omitted":	false,