{
	"start":	{
		"connected":	[{
				"socket":	5,
				"local_host":	"192.168.0.73",
				"local_port":	49120,
				"remote_host":	"192.168.0.74",
				"remote_port":	5123
			}],
		"version":	"iperf 3.18",
		"system_info":	"Linux RPI08 6.12.47+rpt-rpi-v7 #1 SMP Raspbian 1:6.12.47-1+rpt1 (2025-09-16) armv7l",
		"timestamp":	{
			"time":	"Mon, 11 May 2026 17:18:58 GMT",
			"timesecs":	1778519938
		},
		"connecting_to":	{
			"host":	"192.168.0.74",
			"port":	5123
		},
		"cookie":	"k6jgzlnmp7ceohcsq2tzl45kdeg4s6bvoygs",
		"target_bitrate":	15000,
		"fq_rate":	0,
		"sock_bufsize":	0,
		"sndbuf_actual":	180224,
		"rcvbuf_actual":	180224,
		"test_start":	{
			"protocol":	"UDP",
			"num_streams":	1,
			"blksize":	1024,
			"omit":	0,
			"duration":	30,
			"bytes":	0,
			"blocks":	0,
			"reverse":	0,
			"tos":	0,
			"target_bitrate":	15000,
			"bidir":	0,
			"fqrate":	0,
			"interval":	1
		}
	},
	"intervals":	[{
			"streams":	[{
					"socket":	5,
					"start":	0,
					"end":	1.001131,
					"seconds":	1.0011310577392578,
					"bytes":	2048,
					"bits_per_second":	16365.489686233641,
					"packets":	2,
					"omitted":	false,
					"sender":	true
				}],
			"sum":	{
				"start":	0,
				"end":	1.001131,
				"seconds":	1.0011310577392578,
				"bytes":	2048,
				"bits_per_second":	16365.489686233641,
				"packets":	2,
				"omitted":	false,
				"sender":	true
			}
		}, {
			"streams":	[{
					"socket":	5,
					"start":	1.001131,
					"end":	2.00129,
					"seconds":	1.0001590251922607,
					"bytes":	2048,
					"bits_per_second":	16381.394945519289,
					"packets":	2,
					"omitted":	false,
					"sender":	true
				}],
			"sum":	{
				"start":	1.001131,
				"end":	2.00129,
				"seconds":	1.0001590251922607,
				"bytes":	2048,
				"bits_per_second":	16381.394945519289,
				"packets":	2,
				"omitted":	false,
				"sender":	true
			}
		}, {
			"streams":	[{
					"socket":	5,
					"start":	2.00129,
					"end":	3.001155,
					"seconds":	0.99986499547958374,
					"bytes":	2048,
					"bits_per_second":	16386.212212721217,
					"packets":	2,
					"omitted":	false,
					"sender":	true
				}],
			"sum":	{
				"start":	2.00129,
				"end":	3.001155,
				"seconds":	0.99986499547958374,
				"bytes":	2048,
				"bits_per_second":	16386.212212721217,
				"packets":	2,
				"omitted":	false,
				"sender":	true
			}
		}, {
			"streams":	[{
					"socket":	5,
					"start":	3.001155,
					"end":	4.001128,
					"seconds":	0.99997299909591675,
					"bytes":	2048,
					"bits_per_second":	16384.44239475756,
					"packets":	2,
					"omitted":	false,
					"sender":	true
				}],
			"sum":	{
				"start":	3.001155,
				"end":	4.001128,
				"seconds":	0.99997299909591675,
				"bytes":	2048,
				"bits_per_second":	16384.44239475756,
				"packets":	2,
				"omitted":	false,
				"sender":	true
			}
		}, {
			"streams":	[{
					"socket":	5,
					"start":	4.001128,
					"end":	5.00113,
					"seconds":	1.0000020265579224,
					"bytes":	2048,
					"bits_per_second":	16383.966796942288,
					"packets":	2,
					"omitted":	false,
					"sender":	true
				}],
			"sum":	{
				"start":	4.001128,
				"end":	5.00113,
				"seconds":	1.0000020265579224,
				"bytes":	2048,
				"bits_per_second":	16383.966796942288,
				"packets":	2,
				"omitted":	false,
				"sender":	true
			}
		}, {
			"streams":	[{
					"socket":	5,
					"start":	5.00113,
					"end":	6.001147,
					"seconds":	1.0000170469284058,
					"bytes":	1024,
					"bits_per_second":	8191.860353943036,
					"packets":	1,
					"omitted":	false,
					"sender":	true
				}],
			"sum":	{
				"start":	5.00113,
				"end":	6.001147,
				"seconds":	1.0000170469284058,
				"bytes":	1024,
				"bits_per_second":	8191.860353943036,
				"packets":	1,
				"omitted":	false,
				"sender":	true
			}
		}, {
			"streams":	[{
					"socket":	5,
					"start":	6.001147,
					"end":	7.001153,
					"seconds":	1.0000059604644775,
					"bytes":	2048,
					"bits_per_second":	16383.902344332073,
					"packets":	2,
					"omitted":	false,
					"sender":	true
				}],
			"sum":	{
				"start":	6.001147,
				"end":	7.001153,
				"seconds":	1.0000059604644775,
				"bytes":	2048,
				"bits_per_second":	16383.902344332073,
				"packets":	2,
				"omitted":	false,
				"sender":	true
			}
		}, {
			"streams":	[{
					"socket":	5,
					"start":	7.001153,
					"end":	8.001141,
					"seconds":	0.9999880194664,
					"bytes":	2048,
					"bits_per_second":	16384.196291414177,
					"packets":	2,
					"omitted":	false,
					"sender":	true
				}],
			"sum":	{
				"start":	7.001153,
				"end":	8.001141,
				"seconds":	0.9999880194664,
				"bytes":	2048,
				"bits_per_second":	16384.196291414177,
				"packets":	2,
				"omitted":	false,
				"sender":	true
			}
		}, {
			"streams":	[{
					"socket":	5,
					"start":	8.001141,
					"end":	9.001133,
					"seconds":	0.9999920129776,
					"bytes":	2048,
					"bits_per_second":	16384.130860420184,
					"packets":	2,
					"omitted":	false,
					"sender":	true
				}],
			"sum":	{
				"start":	8.001141,
				"end":	9.001133,
				"seconds":	0.9999920129776,
				"bytes":	2048,
				"bits_per_second":	16384.130860420184,
				"packets":	2,
				"omitted":	false,
				"sender":	true
			}
		}, {
			"streams":	[{
					"socket":	5,
					"start":	9.001133,
					"end":	10.001128,
					"seconds":	0.999994993209839,
					"bytes":	2048,
					"bits_per_second":	16384.082031660717,
					"packets":	2,
					"omitted":	false,
					"sender":	true
				}],
			"sum":	{
				"start":	9.001133,
				"end":	10.001128,
				"seconds":	0.999994993209839,
				"bytes":	2048,
				"bits_per_second":	16384.082031660717,
				"packets":	2,
				"omitted":	false,
				"sender":	true
			}
		}, {
			"streams":	[{
					"socket":	5,
					"start":	10.001128,
					"end":	11.001131,
					"seconds":	1.0000029802322388,
					"bytes":	2048,
					"bits_per_second":	16383.951172020519,
					"packets":	2,
					"omitted":	false,
					"sender":	true
				}],
			"sum":	{
				"start":	10.001128,
				"end":	11.001131,
				"seconds":	1.0000029802322388,
				"bytes":	2048,
				"bits_per_second":	16383.951172020519,
				"packets":	2,
				"omitted":	false,
				"sender":	true
			}
		}, {
			"streams":	[{
					"socket":	5,
					"start":	11.001131,
					"end":	12.001126,
					"seconds":	0.999994993209839,
					"bytes":	1024,
					"bits_per_second":	8192.04101583036,
					"packets":	1,
					"omitted":	false,
					"sender":	true
				}],
			"sum":	{
				"start":	11.001131,
				"end":	12.001126,
				"seconds":	0.999994993209839,
				"bytes":	1024,
				"bits_per_second":	8192.04101583036,
				"packets":	1,
				"omitted":	false,
				"sender":	true
			}
		}, {
			"streams":	[{
					"socket":	5,
					"start":	12.001126,
					"end":	13.00113,
					"seconds":	1.0000040531158447,
					"bytes":	2048,
					"bits_per_second":	16383.93359401915,
					"packets":	2,
					"omitted":	false,
					"sender":	true
				}],
			"sum":	{
				"start":	12.001126,
				"end":	13.00113,
				"seconds":	1.0000040531158447,
				"bytes":	2048,
				"bits_per_second":	16383.93359401915,
				"packets":	2,
				"omitted":	false,
				"sender":	true
			}
		}, {
			"streams":	[{
					"socket":	5,
					"start":	13.00113,
					"end":	14.001155,
					"seconds":	1.0000250339508057,
					"bytes":	2048,
					"bits_per_second":	16383.589854017575,
					"packets":	2,
					"omitted":	false,
					"sender":	true
				}],
			"sum":	{
				"start":	13.00113,
				"end":	14.001155,
				"seconds":	1.0000250339508057,
				"bytes":	2048,
				"bits_per_second":	16383.589854017575,
				"packets":	2,
				"omitted":	false,
				"sender":	true
			}
		}, {
			"streams":	[{
					"socket":	5,
					"start":	14.001155,
					"end":	15.001173,
					"seconds":	1.0000180006027222,
					"bytes":	2048,
					"bits_per_second":	16383.705083433675,
					"packets":	2,
					"omitted":	false,
					"sender":	true
				}],
			"sum":	{
				"start":	14.001155,
				"end":	15.001173,
				"seconds":	1.0000180006027222,
				"bytes":	2048,
				"bits_per_second":	16383.705083433675,
				"packets":	2,
				"omitted":	false,