{
	"start":	{
		"connected":	[{
				"socket":	5,
				"local_host":	"192.168.0.73",
				"local_port":	50635,
				"remote_host":	"192.168.0.74",
				"remote_port":	5123
			}],
		"version":	"iperf 3.18",
		"system_info":	"Linux RPI08 6.12.47+rpt-rpi-v7 #1 SMP Raspbian 1:6.12.47-1+rpt1 (2025-09-16) armv7l",
		"timestamp":	{
			"time":	"Mon, 11 May 2026 17:16:57 GMT",
			"timesecs":	1778519817
		},
		"connecting_to":	{
			"host":	"192.168.0.74",
			"port":	5123
		},
		"cookie":	"kvxjeqptl7e5gri5dy6a53m37pk2q4bvg7hv",
		"target_bitrate":	15000,
		"fq_rate":	0,
		"sock_bufsize":	0,
		"sndbuf_actual":	180224,
		"rcvbuf_actual":	180224,
		"test_start":	{
			"protocol":	"UDP",
			"num_streams":	1,
			"blksize":	64,
			"omit":	0,
			"duration":	30,
			"bytes":	0,
			"blocks":	0,
			"reverse":	0,
			"tos":	0,
			"target_bitrate":	15000,
			"bidir":	0,
			"fqrate":	0,
			"interval":	1
		}
	},
	"intervals":	[{
			"streams":	[{
					"socket":	5,
					"start":	0,
					"end":	1.001196,
					"seconds":	1.001196026802063,
					"bytes":	1920,
					"bits_per_second":	15341.650974246904,
					"packets":	30,
					"omitted":	false,
					"sender":	true
				}],
			"sum":	{
				"start":	0,
				"end":	1.001196,
				"seconds":	1.001196026802063,
				"bytes":	1920,
				"bits_per_second":	15341.650974246904,
				"packets":	30,
				"omitted":	false,
				"sender":	true
			}
		}, {
			"streams":	[{
					"socket":	5,
					"start":	1.001196,
					"end":	2.001194,
					"seconds":	0.99999797344207764,
					"bytes":	1856,
					"bits_per_second":	14848.030090393011,
					"packets":	29,
					"omitted":	false,
					"sender":	true
				}],
			"sum":	{
				"start":	1.001196,
				"end":	2.001194,
				"seconds":	0.99999797344207764,
				"bytes":	1856,
				"bits_per_second":	14848.030090393011,
				"packets":	29,
				"omitted":	false,
				"sender":	true
			}
		}, {
			"streams":	[{
					"socket":	5,
					"start":	2.001194,
					"end":	3.001196,
					"seconds":	1.0000020265579224,
					"bytes":	1856,
					"bits_per_second":	14847.969909728949,
					"packets":	29,
					"omitted":	false,
					"sender":	true
				}],
			"sum":	{
				"start":	2.001194,
				"end":	3.001196,
				"seconds":	1.0000020265579224,
				"bytes":	1856,
				"bits_per_second":	14847.969909728949,
				"packets":	29,
				"omitted":	false,
				"sender":	true
			}
		}, {
			"streams":	[{
					"socket":	5,
					"start":	3.001196,
					"end":	4.00124,
					"seconds":	1.0000439882278442,
					"bytes":	1920,
					"bits_per_second":	15359.324370540055,
					"packets":	30,
					"omitted":	false,
					"sender":	true
				}],
			"sum":	{
				"start":	3.001196,
				"end":	4.00124,
				"seconds":	1.0000439882278442,
				"bytes":	1920,
				"bits_per_second":	15359.324370540055,
				"packets":	30,
				"omitted":	false,
				"sender":	true
			}
		}, {
			"streams":	[{
					"socket":	5,
					"start":	4.00124,
					"end":	5.001198,
					"seconds":	0.99995797872543335,
					"bytes":	1856,
					"bits_per_second":	14848.623958104281,
					"packets":	29,
					"omitted":	false,
					"sender":	true
				}],
			"sum":	{
				"start":	4.00124,
				"end":	5.001198,
				"seconds":	0.99995797872543335,
				"bytes":	1856,
				"bits_per_second":	14848.623958104281,
				"packets":	29,
				"omitted":	false,
				"sender":	true
			}
		}, {
			"streams":	[{
					"socket":	5,
					"start":	5.001198,
					"end":	6.0012,
					"seconds":	1.0000020265579224,
					"bytes":	1856,
					"bits_per_second":	14847.969909728949,
					"packets":	29,
					"omitted":	false,
					"sender":	true
				}],
			"sum":	{
				"start":	5.001198,
				"end":	6.0012,
				"seconds":	1.0000020265579224,
				"bytes":	1856,
				"bits_per_second":	14847.969909728949,
				"packets":	29,
				"omitted":	false,
				"sender":	true
			}
		}, {
			"streams":	[{
					"socket":	5,
					"start":	6.0012,
					"end":	7.001186,
					"seconds":	0.99998599290847778,
					"bytes":	1920,
					"bits_per_second":	15360.215151939434,
					"packets":	30,
					"omitted":	false,
					"sender":	true
				}],
			"sum":	{
				"start":	6.0012,
				"end":	7.001186,
				"seconds":	0.99998599290847778,
				"bytes":	1920,
				"bits_per_second":	15360.215151939434,
				"packets":	30,
				"omitted":	false,
				"sender":	true
			}
		}, {
			"streams":	[{
					"socket":	5,
					"start":	7.001186,
					"end":	8.001189,
					"seconds":	1.0000029802322388,
					"bytes":	1856,
					"bits_per_second":	14847.955749643595,
					"packets":	29,
					"omitted":	false,
					"sender":	true
				}],
			"sum":	{
				"start":	7.001186,
				"end":	8.001189,
				"seconds":	1.0000029802322388,
				"bytes":	1856,
				"bits_per_second":	14847.955749643595,
				"packets":	29,
				"omitted":	false,
				"sender":	true
			}
		}, {
			"streams":	[{
					"socket":	5,
					"start":	8.001189,
					"end":	9.001192,
					"seconds":	1.0000029802322388,
					"bytes":	1856,
					"bits_per_second":	14847.955749643595,
					"packets":	29,
					"omitted":	false,
					"sender":	true
				}],
			"sum":	{
				"start":	8.001189,
				"end":	9.001192,
				"seconds":	1.0000029802322388,
				"bytes":	1856,
				"bits_per_second":	14847.955749643595,
				"packets":	29,
				"omitted":	false,
				"sender":	true
			}
		}, {
			"streams":	[{
					"socket":	5,
					"start":	9.001192,
					"end":	10.001189,
					"seconds":	0.99999701976776123,
					"bytes":	1856,
					"bits_per_second":	14848.044250620158,
					"packets":	30,
					"omitted":	false,
					"sender":	true
				}],
			"sum":	{
				"start":	9.001192,
				"end":	10.001189,
				"seconds":	0.99999701976776123,
				"bytes":	1856,
				"bits_per_second":	14848.044250620158,
				"packets":	30,
				"omitted":	false,
				"sender":	true
			}
		}, {
			"streams":	[{
					"socket":	5,
					"start":	10.001189,
					"end":	11.001189,
					"seconds":	1,
					"bytes":	1920,
					"bits_per_second":	15360,
					"packets":	29,
					"omitted":	false,
					"sender":	true
				}],
			"sum":	{
				"start":	10.001189,
				"end":	11.001189,
				"seconds":	1,
				"bytes":	1920,
				"bits_per_second":	15360,
				"packets":	29,
				"omitted":	false,
				"sender":	true
			}
		}, {
			"streams":	[{
					"socket":	5,
					"start":	11.001189,
					"end":	12.001182,
					"seconds":	0.99999302625656128,
					"bytes":	1856,
					"bits_per_second":	14848.103546864688,
					"packets":	29,
					"omitted":	false,
					"sender":	true
				}],
			"sum":	{
				"start":	11.001189,
				"end":	12.001182,
				"seconds":	0.99999302625656128,
				"bytes":	1856,
				"bits_per_second":	14848.103546864688,
				"packets":	29,
				"omitted":	false,
				"sender":	true
			}
		}, {
			"streams":	[{
					"socket":	5,
					"start":	12.001182,
					"end":	13.001188,
					"seconds":	1.0000059604644775,
					"bytes":	1856,
					"bits_per_second":	14847.911499550941,
					"packets":	29,
					"omitted":	false,
					"sender":	true
				}],
			"sum":	{
				"start":	12.001182,
				"end":	13.001188,
				"seconds":	1.0000059604644775,
				"bytes":	1856,
				"bits_per_second":	14847.911499550941,
				"packets":	29,
				"omitted":	false,
				"sender":	true
			}
		}, {
			"streams":	[{
					"socket":	5,
					"start":	13.001188,
					"end":	14.001186,
					"seconds":	0.99999797344207764,
					"bytes":	1920,
					"bits_per_second":	15360.03112799277,
					"packets":	30,
					"omitted":	false,
					"sender":	true
				}],
			"sum":	{
				"start":	13.001188,
				"end":	14.001186,
				"seconds":	0.99999797344207764,
				"bytes":	1920,
				"bits_per_second":	15360.03112799277,
				"packets":	30,
				"omitted":	false,
				"sender":	true
			}
		}, {
			"streams":	[{
					"socket":	5,
					"start":	14.001186,
					"end":	15.001191,
					"seconds":	1.0000050067901611,
					"bytes":	1856,
					"bits_per_second":	14847.925659551895,
					"packets":	29,
					"omitted":	false,
					"sender":	true
				}],
			"sum":	{
				"start":	14.001186,
				"end":	15.001191,
				"seconds":	1.0000050067901611,
				"bytes":	1856,
				"bits_per_second":	14847.925659551895,
				"packets":	29,
				"omitted":	false,