{
	"start":	{
		"connected":	[{
				"socket":	5,
				"local_host":	"fd00::8",
				"local_port":	37535,
				"remote_host":	"fd00::4",
				"remote_port":	5123
			}],
		"version":	"iperf 3.18",
		"system_info":	"Linux RPI08 6.18.29+rpt-rpi-v7 #1 SMP Raspbian 1:6.18.29-1+rpt1 (2026-05-12) armv7l",
		"timestamp":	{
			"time":	"Thu, 21 May 2026 12:52:01 GMT",
			"timesecs":	1779367921
		},
		"connecting_to":	{
			"host":	"fd00::4",
			"port":	5123
		},
		"cookie":	"kxw3dcnxf4vj3xhstmihoc5hzofjs5ancsrl",
		"target_bitrate":	10000,
		"fq_rate":	0,
		"sock_bufsize":	0,
		"sndbuf_actual":	180224,
		"rcvbuf_actual":	180224,
		"test_start":	{
			"protocol":	"UDP",
			"num_streams":	1,
			"blksize":	512,
			"omit":	0,
			"duration":	30,
			"bytes":	0,
			"blocks":	0,
			"reverse":	0,
			"tos":	0,
			"target_bitrate":	10000,
			"bidir":	0,
			"fqrate":	0,
			"interval":	1
		}
	},
	"intervals":	[{
			"streams":	[{
					"socket":	5,
					"start":	0,
					"end":	1.00108,
					"seconds":	1.00108003616333,
					"bytes":	1536,
					"bits_per_second":	12274.742833843871,
					"packets":	3,
					"omitted":	false,
					"sender":	true
				}],
			"sum":	{
				"start":	0,
				"end":	1.00108,
				"seconds":	1.00108003616333,
				"bytes":	1536,
				"bits_per_second":	12274.742833843871,
				"packets":	3,
				"omitted":	false,
				"sender":	true
			}
		}, {
			"streams":	[{
					"socket":	5,
					"start":	1.00108,
					"end":	2.001127,
					"seconds":	1.000046968460083,
					"bytes":	1024,
					"bits_per_second":	8191.615252446,
					"packets":	2,
					"omitted":	false,
					"sender":	true
				}],
			"sum":	{
				"start":	1.00108,
				"end":	2.001127,
				"seconds":	1.000046968460083,
				"bytes":	1024,
				"bits_per_second":	8191.615252446,
				"packets":	2,
				"omitted":	false,
				"sender":	true
			}
		}, {
			"streams":	[{
					"socket":	5,
					"start":	2.001127,
					"end":	3.001136,
					"seconds":	1.0000089406967163,
					"bytes":	1536,
					"bits_per_second":	12287.890137700995,
					"packets":	3,
					"omitted":	false,
					"sender":	true
				}],
			"sum":	{
				"start":	2.001127,
				"end":	3.001136,
				"seconds":	1.0000089406967163,
				"bytes":	1536,
				"bits_per_second":	12287.890137700995,
				"packets":	3,
				"omitted":	false,
				"sender":	true
			}
		}, {
			"streams":	[{
					"socket":	5,
					"start":	3.001136,
					"end":	4.00114,
					"seconds":	1.0000040531158447,
					"bytes":	1024,
					"bits_per_second":	8191.9667970095752,
					"packets":	2,
					"omitted":	false,
					"sender":	true
				}],
			"sum":	{
				"start":	3.001136,
				"end":	4.00114,
				"seconds":	1.0000040531158447,
				"bytes":	1024,
				"bits_per_second":	8191.9667970095752,
				"packets":	2,
				"omitted":	false,
				"sender":	true
			}
		}, {
			"streams":	[{
					"socket":	5,
					"start":	4.00114,
					"end":	5.001137,
					"seconds":	0.99999701976776123,
					"bytes":	1536,
					"bits_per_second":	12288.036621202889,
					"packets":	3,
					"omitted":	false,
					"sender":	true
				}],
			"sum":	{
				"start":	4.00114,
				"end":	5.001137,
				"seconds":	0.99999701976776123,
				"bytes":	1536,
				"bits_per_second":	12288.036621202889,
				"packets":	3,
				"omitted":	false,
				"sender":	true
			}
		}, {
			"streams":	[{
					"socket":	5,
					"start":	5.001137,
					"end":	6.001134,
					"seconds":	0.99999701976776123,
					"bytes":	1024,
					"bits_per_second":	8192.02441413526,
					"packets":	2,
					"omitted":	false,
					"sender":	true
				}],
			"sum":	{
				"start":	5.001137,
				"end":	6.001134,
				"seconds":	0.99999701976776123,
				"bytes":	1024,
				"bits_per_second":	8192.02441413526,
				"packets":	2,
				"omitted":	false,
				"sender":	true
			}
		}, {
			"streams":	[{
					"socket":	5,
					"start":	6.001134,
					"end":	7.001131,
					"seconds":	0.99999701976776123,
					"bytes":	1536,
					"bits_per_second":	12288.036621202889,
					"packets":	3,
					"omitted":	false,
					"sender":	true
				}],
			"sum":	{
				"start":	6.001134,
				"end":	7.001131,
				"seconds":	0.99999701976776123,
				"bytes":	1536,
				"bits_per_second":	12288.036621202889,
				"packets":	3,
				"omitted":	false,
				"sender":	true
			}
		}, {
			"streams":	[{
					"socket":	5,
					"start":	7.001131,
					"end":	8.001132,
					"seconds":	1.0000009536743164,
					"bytes":	1024,
					"bits_per_second":	8191.99218750745,
					"packets":	2,
					"omitted":	false,
					"sender":	true
				}],
			"sum":	{
				"start":	7.001131,
				"end":	8.001132,
				"seconds":	1.0000009536743164,
				"bytes":	1024,
				"bits_per_second":	8191.99218750745,
				"packets":	2,
				"omitted":	false,
				"sender":	true
			}
		}, {
			"streams":	[{
					"socket":	5,
					"start":	8.001132,
					"end":	9.00114,
					"seconds":	1.0000079870224,
					"bytes":	1024,
					"bits_per_second":	8191.9345708350838,
					"packets":	2,
					"omitted":	false,
					"sender":	true
				}],
			"sum":	{
				"start":	8.001132,
				"end":	9.00114,
				"seconds":	1.0000079870224,
				"bytes":	1024,
				"bits_per_second":	8191.9345708350838,
				"packets":	2,
				"omitted":	false,
				"sender":	true
			}
		}, {
			"streams":	[{
					"socket":	5,
					"start":	9.00114,
					"end":	10.001131,
					"seconds":	0.999990999698639,
					"bytes":	1536,
					"bits_per_second":	12288.110596698529,
					"packets":	3,
					"omitted":	false,
					"sender":	true
				}],
			"sum":	{
				"start":	9.00114,
				"end":	10.001131,
				"seconds":	0.999990999698639,
				"bytes":	1536,
				"bits_per_second":	12288.110596698529,
				"packets":	3,
				"omitted":	false,
				"sender":	true
			}
		}, {
			"streams":	[{
					"socket":	5,
					"start":	10.001131,
					"end":	11.001128,
					"seconds":	0.99999701976776123,
					"bytes":	1024,
					"bits_per_second":	8192.02441413526,
					"packets":	2,
					"omitted":	false,
					"sender":	true
				}],
			"sum":	{
				"start":	10.001131,
				"end":	11.001128,
				"seconds":	0.99999701976776123,
				"bytes":	1024,
				"bits_per_second":	8192.02441413526,
				"packets":	2,
				"omitted":	false,
				"sender":	true
			}
		}, {
			"streams":	[{
					"socket":	5,
					"start":	11.001128,
					"end":	12.00113,
					"seconds":	1.0000020265579224,
					"bytes":	1536,
					"bits_per_second":	12287.975097706716,
					"packets":	3,
					"omitted":	false,
					"sender":	true
				}],
			"sum":	{
				"start":	11.001128,
				"end":	12.00113,
				"seconds":	1.0000020265579224,
				"bytes":	1536,
				"bits_per_second":	12287.975097706716,
				"packets":	3,
				"omitted":	false,
				"sender":	true
			}
		}, {
			"streams":	[{
					"socket":	5,
					"start":	12.00113,
					"end":	13.001127,
					"seconds":	0.99999701976776123,
					"bytes":	1024,
					"bits_per_second":	8192.02441413526,
					"packets":	2,
					"omitted":	false,
					"sender":	true
				}],
			"sum":	{
				"start":	12.00113,
				"end":	13.001127,
				"seconds":	0.99999701976776123,
				"bytes":	1024,
				"bits_per_second":	8192.02441413526,
				"packets":	2,
				"omitted":	false,
				"sender":	true
			}
		}, {
			"streams":	[{
					"socket":	5,
					"start":	13.001127,
					"end":	14.001131,
					"seconds":	1.0000040531158447,
					"bytes":	1536,
					"bits_per_second":	12287.950195514364,
					"packets":	3,
					"omitted":	false,
					"sender":	true
				}],
			"sum":	{
				"start":	13.001127,
				"end":	14.001131,
				"seconds":	1.0000040531158447,
				"bytes":	1536,
				"bits_per_second":	12287.950195514364,
				"packets":	3,
				"omitted":	false,
				"sender":	true
			}
		}, {
			"streams":	[{
					"socket":	5,
					"start":	14.001131,
					"end":	15.001145,
					"seconds":	1.0000139474868774,
					"bytes":	1024,
					"bits_per_second":	8191.8857437810875,
					"packets":	2,
					"omitted":	false,
					"sender":	true
				}],
			"sum":	{
				"start":	14.001131,
				"end":	15.001145,
				"seconds":	1.0000139474868774,
				"bytes":	1024,
				"bits_per_second":	8191.8857437810875,
				"packets":	2,
				"omitted":	false,