{
	"start":	{
		"connected":	[{
				"socket":	5,
				"local_host":	"fd00::8",
				"local_port":	40025,
				"remote_host":	"fd00::4",
				"remote_port":	5123
			}],
		"version":	"iperf 3.18",
		"system_info":	"Linux RPI08 6.18.29+rpt-rpi-v7 #1 SMP Raspbian 1:6.18.29-1+rpt1 (2026-05-12) armv7l",
		"timestamp":	{
			"time":	"Thu, 21 May 2026 12:56:41 GMT",
			"timesecs":	1779368201
		},
		"connecting_to":	{
			"host":	"fd00::4",
			"port":	5123
		},
		"cookie":	"mr2xm62g7c36dh6x2sexerqu5fwj7qstfbhk",
		"target_bitrate":	40000,
		"fq_rate":	0,
		"sock_bufsize":	0,
		"sndbuf_actual":	180224,
		"rcvbuf_actual":	180224,
		"test_start":	{
			"protocol":	"UDP",
			"num_streams":	1,
			"blksize":	40,
			"omit":	0,
			"duration":	30,
			"bytes":	0,
			"blocks":	0,
			"reverse":	0,
			"tos":	0,
			"target_bitrate":	40000,
			"bidir":	0,
			"fqrate":	0,
			"interval":	1
		}
	},
	"intervals":	[{
			"streams":	[{
					"socket":	5,
					"start":	0,
					"end":	1.001102,
					"seconds":	1.0011019706726074,
					"bytes":	5040,
					"bits_per_second":	40275.617450748119,
					"packets":	126,
					"omitted":	false,
					"sender":	true
				}],
			"sum":	{
				"start":	0,
				"end":	1.001102,
				"seconds":	1.0011019706726074,
				"bytes":	5040,
				"bits_per_second":	40275.617450748119,
				"packets":	126,
				"omitted":	false,
				"sender":	true
			}
		}, {
			"streams":	[{
					"socket":	5,
					"start":	1.001102,
					"end":	2.001126,
					"seconds":	1.0000239610672,
					"bytes":	5000,
					"bits_per_second":	39999.041580276767,
					"packets":	125,
					"omitted":	false,
					"sender":	true
				}],
			"sum":	{
				"start":	1.001102,
				"end":	2.001126,
				"seconds":	1.0000239610672,
				"bytes":	5000,
				"bits_per_second":	39999.041580276767,
				"packets":	125,
				"omitted":	false,
				"sender":	true
			}
		}, {
			"streams":	[{
					"socket":	5,
					"start":	2.001126,
					"end":	3.00113,
					"seconds":	1.0000040531158447,
					"bytes":	5000,
					"bits_per_second":	39999.837876023317,
					"packets":	125,
					"omitted":	false,
					"sender":	true
				}],
			"sum":	{
				"start":	2.001126,
				"end":	3.00113,
				"seconds":	1.0000040531158447,
				"bytes":	5000,
				"bits_per_second":	39999.837876023317,
				"packets":	125,
				"omitted":	false,
				"sender":	true
			}
		}, {
			"streams":	[{
					"socket":	5,
					"start":	3.00113,
					"end":	4.001158,
					"seconds":	1.0000280141830444,
					"bytes":	5000,
					"bits_per_second":	39998.879464069119,
					"packets":	125,
					"omitted":	false,
					"sender":	true
				}],
			"sum":	{
				"start":	3.00113,
				"end":	4.001158,
				"seconds":	1.0000280141830444,
				"bytes":	5000,
				"bits_per_second":	39998.879464069119,
				"packets":	125,
				"omitted":	false,
				"sender":	true
			}
		}, {
			"streams":	[{
					"socket":	5,
					"start":	4.001158,
					"end":	5.00113,
					"seconds":	0.99997198581695557,
					"bytes":	5000,
					"bits_per_second":	40001.120598714435,
					"packets":	125,
					"omitted":	false,
					"sender":	true
				}],
			"sum":	{
				"start":	4.001158,
				"end":	5.00113,
				"seconds":	0.99997198581695557,
				"bytes":	5000,
				"bits_per_second":	40001.120598714435,
				"packets":	125,
				"omitted":	false,
				"sender":	true
			}
		}, {
			"streams":	[{
					"socket":	5,
					"start":	5.00113,
					"end":	6.001133,
					"seconds":	1.0000029802322388,
					"bytes":	5000,
					"bits_per_second":	39999.88079106572,
					"packets":	125,
					"omitted":	false,
					"sender":	true
				}],
			"sum":	{
				"start":	5.00113,
				"end":	6.001133,
				"seconds":	1.0000029802322388,
				"bytes":	5000,
				"bits_per_second":	39999.88079106572,
				"packets":	125,
				"omitted":	false,
				"sender":	true
			}
		}, {
			"streams":	[{
					"socket":	5,
					"start":	6.001133,
					"end":	7.001135,
					"seconds":	1.0000020265579224,
					"bytes":	5000,
					"bits_per_second":	39999.918937847382,
					"packets":	125,
					"omitted":	false,
					"sender":	true
				}],
			"sum":	{
				"start":	6.001133,
				"end":	7.001135,
				"seconds":	1.0000020265579224,
				"bytes":	5000,
				"bits_per_second":	39999.918937847382,
				"packets":	125,
				"omitted":	false,
				"sender":	true
			}
		}, {
			"streams":	[{
					"socket":	5,
					"start":	7.001135,
					"end":	8.001143,
					"seconds":	1.0000079870224,
					"bytes":	5000,
					"bits_per_second":	39999.680521655682,
					"packets":	125,
					"omitted":	false,
					"sender":	true
				}],
			"sum":	{
				"start":	7.001135,
				"end":	8.001143,
				"seconds":	1.0000079870224,
				"bytes":	5000,
				"bits_per_second":	39999.680521655682,
				"packets":	125,
				"omitted":	false,
				"sender":	true
			}
		}, {
			"streams":	[{
					"socket":	5,
					"start":	8.001143,
					"end":	9.001126,
					"seconds":	0.999983012676239,
					"bytes":	5000,
					"bits_per_second":	40000.6795044934,
					"packets":	125,
					"omitted":	false,
					"sender":	true
				}],
			"sum":	{
				"start":	8.001143,
				"end":	9.001126,
				"seconds":	0.999983012676239,
				"bytes":	5000,
				"bits_per_second":	40000.6795044934,
				"packets":	125,
				"omitted":	false,
				"sender":	true
			}
		}, {
			"streams":	[{
					"socket":	5,
					"start":	9.001126,
					"end":	10.001131,
					"seconds":	1.0000050067901611,
					"bytes":	5000,
					"bits_per_second":	39999.799729396269,
					"packets":	125,
					"omitted":	false,
					"sender":	true
				}],
			"sum":	{
				"start":	9.001126,
				"end":	10.001131,
				"seconds":	1.0000050067901611,
				"bytes":	5000,
				"bits_per_second":	39999.799729396269,
				"packets":	125,
				"omitted":	false,
				"sender":	true
			}
		}, {
			"streams":	[{
					"socket":	5,
					"start":	10.001131,
					"end":	11.001132,
					"seconds":	1.0000009536743164,
					"bytes":	5000,
					"bits_per_second":	39999.961853063724,
					"packets":	125,
					"omitted":	false,
					"sender":	true
				}],
			"sum":	{
				"start":	10.001131,
				"end":	11.001132,
				"seconds":	1.0000009536743164,
				"bytes":	5000,
				"bits_per_second":	39999.961853063724,
				"packets":	125,
				"omitted":	false,
				"sender":	true
			}
		}, {
			"streams":	[{
					"socket":	5,
					"start":	11.001132,
					"end":	12.001129,
					"seconds":	0.99999701976776123,
					"bytes":	5000,
					"bits_per_second":	40000.119209644821,
					"packets":	125,
					"omitted":	false,
					"sender":	true
				}],
			"sum":	{
				"start":	11.001132,
				"end":	12.001129,
				"seconds":	0.99999701976776123,
				"bytes":	5000,
				"bits_per_second":	40000.119209644821,
				"packets":	125,
				"omitted":	false,
				"sender":	true
			}
		}, {
			"streams":	[{
					"socket":	5,
					"start":	12.001129,
					"end":	13.001132,
					"seconds":	1.0000029802322388,
					"bytes":	5000,
					"bits_per_second":	39999.88079106572,
					"packets":	125,
					"omitted":	false,
					"sender":	true
				}],
			"sum":	{
				"start":	12.001129,
				"end":	13.001132,
				"seconds":	1.0000029802322388,
				"bytes":	5000,
				"bits_per_second":	39999.88079106572,
				"packets":	125,
				"omitted":	false,
				"sender":	true
			}
		}, {
			"streams":	[{
					"socket":	5,
					"start":	13.001132,
					"end":	14.001133,
					"seconds":	1.0000009536743164,
					"bytes":	5000,
					"bits_per_second":	39999.961853063724,
					"packets":	125,
					"omitted":	false,
					"sender":	true
				}],
			"sum":	{
				"start":	13.001132,
				"end":	14.001133,
				"seconds":	1.0000009536743164,
				"bytes":	5000,
				"bits_per_second":	39999.961853063724,
				"packets":	125,
				"omitted":	false,
				"sender":	true
			}
		}, {
			"streams":	[{
					"socket":	5,
					"start":	14.001133,
					"end":	15.001133,
					"seconds":	1,
					"bytes":	5000,
					"bits_per_second":	40000,
					"packets":	125,
					"omitted":	false,
					"sender":	true
				}],
			"sum":	{
				"start":	14.001133,
				"end":	15.001133,
				"seconds":	1,
				"bytes":	5000,
				"bits_per_second":	40000,
				"packets":	125,
				"omitted":	false,