{
	"start":	{
		"connected":	[{
				"socket":	5,
				"local_host":	"fd00::8",
				"local_port":	38668,
				"remote_host":	"fd00::4",
				"remote_port":	5123
			}],
		"version":	"iperf 3.18",
		"system_info":	"Linux RPI08 6.18.29+rpt-rpi-v7 #1 SMP Raspbian 1:6.18.29-1+rpt1 (2026-05-12) armv7l",
		"timestamp":	{
			"time":	"Thu, 21 May 2026 12:54:23 GMT",
			"timesecs":	1779368063
		},
		"connecting_to":	{
			"host":	"fd00::4",
			"port":	5123
		},
		"cookie":	"b7g3ecjb7xeee7pogl4t3t77d3h22lejximr",
		"target_bitrate":	30000,
		"fq_rate":	0,
		"sock_bufsize":	0,
		"sndbuf_actual":	180224,
		"rcvbuf_actual":	180224,
		"test_start":	{
			"protocol":	"UDP",
			"num_streams":	1,
			"blksize":	128,
			"omit":	0,
			"duration":	30,
			"bytes":	0,
			"blocks":	0,
			"reverse":	0,
			"tos":	0,
			"target_bitrate":	30000,
			"bidir":	0,
			"fqrate":	0,
			"interval":	1
		}
	},
	"intervals":	[{
			"streams":	[{
					"socket":	5,
					"start":	0,
					"end":	1.000846,
					"seconds":	1.0008460283279419,
					"bytes":	3840,
					"bits_per_second":	30694.031979446634,
					"packets":	30,
					"omitted":	false,
					"sender":	true
				}],
			"sum":	{
				"start":	0,
				"end":	1.000846,
				"seconds":	1.0008460283279419,
				"bytes":	3840,
				"bits_per_second":	30694.031979446634,
				"packets":	30,
				"omitted":	false,
				"sender":	true
			}
		}, {
			"streams":	[{
					"socket":	5,
					"start":	1.000846,
					"end":	2.001127,
					"seconds":	1.0002809762954712,
					"bytes":	3712,
					"bits_per_second":	29687.658471701408,
					"packets":	29,
					"omitted":	false,
					"sender":	true
				}],
			"sum":	{
				"start":	1.000846,
				"end":	2.001127,
				"seconds":	1.0002809762954712,
				"bytes":	3712,
				"bits_per_second":	29687.658471701408,
				"packets":	29,
				"omitted":	false,
				"sender":	true
			}
		}, {
			"streams":	[{
					"socket":	5,
					"start":	2.001127,
					"end":	3.001133,
					"seconds":	1.0000059604644775,
					"bytes":	3712,
					"bits_per_second":	29695.822999101882,
					"packets":	29,
					"omitted":	false,
					"sender":	true
				}],
			"sum":	{
				"start":	2.001127,
				"end":	3.001133,
				"seconds":	1.0000059604644775,
				"bytes":	3712,
				"bits_per_second":	29695.822999101882,
				"packets":	29,
				"omitted":	false,
				"sender":	true
			}
		}, {
			"streams":	[{
					"socket":	5,
					"start":	3.001133,
					"end":	4.001125,
					"seconds":	0.9999920129776,
					"bytes":	3840,
					"bits_per_second":	30720.245363287846,
					"packets":	30,
					"omitted":	false,
					"sender":	true
				}],
			"sum":	{
				"start":	3.001133,
				"end":	4.001125,
				"seconds":	0.9999920129776,
				"bytes":	3840,
				"bits_per_second":	30720.245363287846,
				"packets":	30,
				"omitted":	false,
				"sender":	true
			}
		}, {
			"streams":	[{
					"socket":	5,
					"start":	4.001125,
					"end":	5.00113,
					"seconds":	1.0000050067901611,
					"bytes":	3712,
					"bits_per_second":	29695.851319103789,
					"packets":	29,
					"omitted":	false,
					"sender":	true
				}],
			"sum":	{
				"start":	4.001125,
				"end":	5.00113,
				"seconds":	1.0000050067901611,
				"bytes":	3712,
				"bits_per_second":	29695.851319103789,
				"packets":	29,
				"omitted":	false,
				"sender":	true
			}
		}, {
			"streams":	[{
					"socket":	5,
					"start":	5.00113,
					"end":	6.001138,
					"seconds":	1.0000079870224,
					"bytes":	3712,
					"bits_per_second":	29695.762819277181,
					"packets":	29,
					"omitted":	false,
					"sender":	true
				}],
			"sum":	{
				"start":	5.00113,
				"end":	6.001138,
				"seconds":	1.0000079870224,
				"bytes":	3712,
				"bits_per_second":	29695.762819277181,
				"packets":	29,
				"omitted":	false,
				"sender":	true
			}
		}, {
			"streams":	[{
					"socket":	5,
					"start":	6.001138,
					"end":	7.001128,
					"seconds":	0.99998998641967773,
					"bytes":	3840,
					"bits_per_second":	30720.307620267879,
					"packets":	30,
					"omitted":	false,
					"sender":	true
				}],
			"sum":	{
				"start":	6.001138,
				"end":	7.001128,
				"seconds":	0.99998998641967773,
				"bytes":	3840,
				"bits_per_second":	30720.307620267879,
				"packets":	30,
				"omitted":	false,
				"sender":	true
			}
		}, {
			"streams":	[{
					"socket":	5,
					"start":	7.001128,
					"end":	8.001128,
					"seconds":	1,
					"bytes":	3712,
					"bits_per_second":	29696,
					"packets":	29,
					"omitted":	false,
					"sender":	true
				}],
			"sum":	{
				"start":	7.001128,
				"end":	8.001128,
				"seconds":	1,
				"bytes":	3712,
				"bits_per_second":	29696,
				"packets":	29,
				"omitted":	false,
				"sender":	true
			}
		}, {
			"streams":	[{
					"socket":	5,
					"start":	8.001128,
					"end":	9.001133,
					"seconds":	1.0000050067901611,
					"bytes":	3712,
					"bits_per_second":	29695.851319103789,
					"packets":	29,
					"omitted":	false,
					"sender":	true
				}],
			"sum":	{
				"start":	8.001128,
				"end":	9.001133,
				"seconds":	1.0000050067901611,
				"bytes":	3712,
				"bits_per_second":	29695.851319103789,
				"packets":	29,
				"omitted":	false,
				"sender":	true
			}
		}, {
			"streams":	[{
					"socket":	5,
					"start":	9.001133,
					"end":	10.001132,
					"seconds":	0.99999898672103882,
					"bytes":	3712,
					"bits_per_second":	29696.030090362521,
					"packets":	29,
					"omitted":	false,
					"sender":	true
				}],
			"sum":	{
				"start":	9.001133,
				"end":	10.001132,
				"seconds":	0.99999898672103882,
				"bytes":	3712,
				"bits_per_second":	29696.030090362521,
				"packets":	29,
				"omitted":	false,
				"sender":	true
			}
		}, {
			"streams":	[{
					"socket":	5,
					"start":	10.001132,
					"end":	11.001139,
					"seconds":	1.0000070333480835,
					"bytes":	3840,
					"bits_per_second":	30719.783937066521,
					"packets":	30,
					"omitted":	false,
					"sender":	true
				}],
			"sum":	{
				"start":	10.001132,
				"end":	11.001139,
				"seconds":	1.0000070333480835,
				"bytes":	3840,
				"bits_per_second":	30719.783937066521,
				"packets":	30,
				"omitted":	false,
				"sender":	true
			}
		}, {
			"streams":	[{
					"socket":	5,
					"start":	11.001139,
					"end":	12.001135,
					"seconds":	0.9999960064888,
					"bytes":	3712,
					"bits_per_second":	29696.118591782193,
					"packets":	29,
					"omitted":	false,
					"sender":	true
				}],
			"sum":	{
				"start":	11.001139,
				"end":	12.001135,
				"seconds":	0.9999960064888,
				"bytes":	3712,
				"bits_per_second":	29696.118591782193,
				"packets":	29,
				"omitted":	false,
				"sender":	true
			}
		}, {
			"streams":	[{
					"socket":	5,
					"start":	12.001135,
					"end":	13.001121,
					"seconds":	0.99998599290847778,
					"bytes":	3712,
					"bits_per_second":	29696.415960416238,
					"packets":	29,
					"omitted":	false,
					"sender":	true
				}],
			"sum":	{
				"start":	12.001135,
				"end":	13.001121,
				"seconds":	0.99998599290847778,
				"bytes":	3712,
				"bits_per_second":	29696.415960416238,
				"packets":	29,
				"omitted":	false,
				"sender":	true
			}
		}, {
			"streams":	[{
					"socket":	5,
					"start":	13.001121,
					"end":	14.001129,
					"seconds":	1.0000079870224,
					"bytes":	3840,
					"bits_per_second":	30719.754640631567,
					"packets":	30,
					"omitted":	false,
					"sender":	true
				}],
			"sum":	{
				"start":	13.001121,
				"end":	14.001129,
				"seconds":	1.0000079870224,
				"bytes":	3840,
				"bits_per_second":	30719.754640631567,
				"packets":	30,
				"omitted":	false,
				"sender":	true
			}
		}, {
			"streams":	[{
					"socket":	5,
					"start":	14.001129,
					"end":	15.001127,
					"seconds":	0.99999797344207764,
					"bytes":	3712,
					"bits_per_second":	29696.060180786022,
					"packets":	29,
					"omitted":	false,
					"sender":	true
				}],
			"sum":	{
				"start":	14.001129,
				"end":	15.001127,
				"seconds":	0.99999797344207764,
				"bytes":	3712,
				"bits_per_second":	29696.060180786022,
				"packets":	29,
				"omitted":	false,