{
	"start":	{
		"connected":	[{
				"socket":	5,
				"local_host":	"fd00::8",
				"local_port":	55915,
				"remote_host":	"fd00::4",
				"remote_port":	5123
			}],
		"version":	"iperf 3.18",
		"system_info":	"Linux RPI08 6.18.29+rpt-rpi-v7 #1 SMP Raspbian 1:6.18.29-1+rpt1 (2026-05-12) armv7l",
		"timestamp":	{
			"time":	"Thu, 21 May 2026 13:02:28 GMT",
			"timesecs":	1779368548
		},
		"connecting_to":	{
			"host":	"fd00::4",
			"port":	5123
		},
		"cookie":	"24q5rapa7hrqh7q5sbya27ollhdp6uek7yvx",
		"target_bitrate":	50000,
		"fq_rate":	0,
		"sock_bufsize":	0,
		"sndbuf_actual":	180224,
		"rcvbuf_actual":	180224,
		"test_start":	{
			"protocol":	"UDP",
			"num_streams":	1,
			"blksize":	512,
			"omit":	0,
			"duration":	30,
			"bytes":	0,
			"blocks":	0,
			"reverse":	0,
			"tos":	0,
			"target_bitrate":	50000,
			"bidir":	0,
			"fqrate":	0,
			"interval":	1
		}
	},
	"intervals":	[{
			"streams":	[{
					"socket":	5,
					"start":	0,
					"end":	1.001073,
					"seconds":	1.0010730028152466,
					"bytes":	6656,
					"bits_per_second":	53190.925986670729,
					"packets":	13,
					"omitted":	false,
					"sender":	true
				}],
			"sum":	{
				"start":	0,
				"end":	1.001073,
				"seconds":	1.0010730028152466,
				"bytes":	6656,
				"bits_per_second":	53190.925986670729,
				"packets":	13,
				"omitted":	false,
				"sender":	true
			}
		}, {
			"streams":	[{
					"socket":	5,
					"start":	1.001073,
					"end":	2.001137,
					"seconds":	1.0000640153884888,
					"bytes":	6144,
					"bits_per_second":	49148.853717035527,
					"packets":	12,
					"omitted":	false,
					"sender":	true
				}],
			"sum":	{
				"start":	1.001073,
				"end":	2.001137,
				"seconds":	1.0000640153884888,
				"bytes":	6144,
				"bits_per_second":	49148.853717035527,
				"packets":	12,
				"omitted":	false,
				"sender":	true
			}
		}, {
			"streams":	[{
					"socket":	5,
					"start":	2.001137,
					"end":	3.001131,
					"seconds":	0.99999397993087769,
					"bytes":	6144,
					"bits_per_second":	49152.295900218836,
					"packets":	12,
					"omitted":	false,
					"sender":	true
				}],
			"sum":	{
				"start":	2.001137,
				"end":	3.001131,
				"seconds":	0.99999397993087769,
				"bytes":	6144,
				"bits_per_second":	49152.295900218836,
				"packets":	12,
				"omitted":	false,
				"sender":	true
			}
		}, {
			"streams":	[{
					"socket":	5,
					"start":	3.001131,
					"end":	4.001128,
					"seconds":	0.99999701976776123,
					"bytes":	6144,
					"bits_per_second":	49152.146484811557,
					"packets":	12,
					"omitted":	false,
					"sender":	true
				}],
			"sum":	{
				"start":	3.001131,
				"end":	4.001128,
				"seconds":	0.99999701976776123,
				"bytes":	6144,
				"bits_per_second":	49152.146484811557,
				"packets":	12,
				"omitted":	false,
				"sender":	true
			}
		}, {
			"streams":	[{
					"socket":	5,
					"start":	4.001128,
					"end":	5.001116,
					"seconds":	0.9999880194664,
					"bytes":	6656,
					"bits_per_second":	53248.637947096075,
					"packets":	13,
					"omitted":	false,
					"sender":	true
				}],
			"sum":	{
				"start":	4.001128,
				"end":	5.001116,
				"seconds":	0.9999880194664,
				"bytes":	6656,
				"bits_per_second":	53248.637947096075,
				"packets":	13,
				"omitted":	false,
				"sender":	true
			}
		}, {
			"streams":	[{
					"socket":	5,
					"start":	5.001116,
					"end":	6.001131,
					"seconds":	1.0000150203704834,
					"bytes":	6144,
					"bits_per_second":	49151.2617298391,
					"packets":	12,
					"omitted":	false,
					"sender":	true
				}],
			"sum":	{
				"start":	5.001116,
				"end":	6.001131,
				"seconds":	1.0000150203704834,
				"bytes":	6144,
				"bits_per_second":	49151.2617298391,
				"packets":	12,
				"omitted":	false,
				"sender":	true
			}
		}, {
			"streams":	[{
					"socket":	5,
					"start":	6.001131,
					"end":	7.001128,
					"seconds":	0.99999701976776123,
					"bytes":	6144,
					"bits_per_second":	49152.146484811557,
					"packets":	12,
					"omitted":	false,
					"sender":	true
				}],
			"sum":	{
				"start":	6.001131,
				"end":	7.001128,
				"seconds":	0.99999701976776123,
				"bytes":	6144,
				"bits_per_second":	49152.146484811557,
				"packets":	12,
				"omitted":	false,
				"sender":	true
			}
		}, {
			"streams":	[{
					"socket":	5,
					"start":	7.001128,
					"end":	8.001123,
					"seconds":	0.999994993209839,
					"bytes":	6144,
					"bits_per_second":	49152.246094982147,
					"packets":	12,
					"omitted":	false,
					"sender":	true
				}],
			"sum":	{
				"start":	7.001128,
				"end":	8.001123,
				"seconds":	0.999994993209839,
				"bytes":	6144,
				"bits_per_second":	49152.246094982147,
				"packets":	12,
				"omitted":	false,
				"sender":	true
			}
		}, {
			"streams":	[{
					"socket":	5,
					"start":	8.001123,
					"end":	9.00114,
					"seconds":	1.0000170469284058,
					"bytes":	6144,
					"bits_per_second":	49151.162123658221,
					"packets":	12,
					"omitted":	false,
					"sender":	true
				}],
			"sum":	{
				"start":	8.001123,
				"end":	9.00114,
				"seconds":	1.0000170469284058,
				"bytes":	6144,
				"bits_per_second":	49151.162123658221,
				"packets":	12,
				"omitted":	false,
				"sender":	true
			}
		}, {
			"streams":	[{
					"socket":	5,
					"start":	9.00114,
					"end":	10.001119,
					"seconds":	0.999979019165039,
					"bytes":	6656,
					"bits_per_second":	53249.117210940021,
					"packets":	13,
					"omitted":	false,
					"sender":	true
				}],
			"sum":	{
				"start":	9.00114,
				"end":	10.001119,
				"seconds":	0.999979019165039,
				"bytes":	6656,
				"bits_per_second":	53249.117210940021,
				"packets":	13,
				"omitted":	false,
				"sender":	true
			}
		}, {
			"streams":	[{
					"socket":	5,
					"start":	10.001119,
					"end":	11.001123,
					"seconds":	1.0000040531158447,
					"bytes":	6144,
					"bits_per_second":	49151.800782057457,
					"packets":	12,
					"omitted":	false,
					"sender":	true
				}],
			"sum":	{
				"start":	10.001119,
				"end":	11.001123,
				"seconds":	1.0000040531158447,
				"bytes":	6144,
				"bits_per_second":	49151.800782057457,
				"packets":	12,
				"omitted":	false,
				"sender":	true
			}
		}, {
			"streams":	[{
					"socket":	5,
					"start":	11.001123,
					"end":	12.001126,
					"seconds":	1.0000029802322388,
					"bytes":	6144,
					"bits_per_second":	49151.853516061557,
					"packets":	12,
					"omitted":	false,
					"sender":	true
				}],
			"sum":	{
				"start":	11.001123,
				"end":	12.001126,
				"seconds":	1.0000029802322388,
				"bytes":	6144,
				"bits_per_second":	49151.853516061557,
				"packets":	12,
				"omitted":	false,
				"sender":	true
			}
		}, {
			"streams":	[{
					"socket":	5,
					"start":	12.001126,
					"end":	13.00113,
					"seconds":	1.0000040531158447,
					"bytes":	6144,
					"bits_per_second":	49151.800782057457,
					"packets":	12,
					"omitted":	false,
					"sender":	true
				}],
			"sum":	{
				"start":	12.001126,
				"end":	13.00113,
				"seconds":	1.0000040531158447,
				"bytes":	6144,
				"bits_per_second":	49151.800782057457,
				"packets":	12,
				"omitted":	false,
				"sender":	true
			}
		}, {
			"streams":	[{
					"socket":	5,
					"start":	13.00113,
					"end":	14.00113,
					"seconds":	1,
					"bytes":	6144,
					"bits_per_second":	49152,
					"packets":	12,
					"omitted":	false,
					"sender":	true
				}],
			"sum":	{
				"start":	13.00113,
				"end":	14.00113,
				"seconds":	1,
				"bytes":	6144,
				"bits_per_second":	49152,
				"packets":	12,
				"omitted":	false,
				"sender":	true
			}
		}, {
			"streams":	[{
					"socket":	5,
					"start":	14.00113,
					"end":	15.001127,
					"seconds":	0.99999701976776123,
					"bytes":	6656,
					"bits_per_second":	53248.158691879187,
					"packets":	13,
					"omitted":	false,
					"sender":	true
				}],
			"sum":	{
				"start":	14.00113,
				"end":	15.001127,
				"seconds":	0.99999701976776123,
				"bytes":	6656,
				"bits_per_second":	53248.158691879187,
				"packets":	13,
				"omitted":	false,