{
	"start":	{
		"connected":	[{
				"socket":	5,
				"local_host":	"fd00::8",
				"local_port":	44156,
				"remote_host":	"fd00::4",
				"remote_port":	5123
			}],
		"version":	"iperf 3.18",
		"system_info":	"Linux RPI08 6.18.29+rpt-rpi-v7 #1 SMP Raspbian 1:6.18.29-1+rpt1 (2026-05-12) armv7l",
		"timestamp":	{
			"time":	"Thu, 21 May 2026 12:49:42 GMT",
			"timesecs":	1779367782
		},
		"connecting_to":	{
			"host":	"fd00::4",
			"port":	5123
		},
		"cookie":	"vhvpuzdfyqwqesbnr36hmkyjlzske47eqrre",
		"target_bitrate":	10000,
		"fq_rate":	0,
		"sock_bufsize":	0,
		"sndbuf_actual":	180224,
		"rcvbuf_actual":	180224,
		"test_start":	{
			"protocol":	"UDP",
			"num_streams":	1,
			"blksize":	40,
			"omit":	0,
			"duration":	30,
			"bytes":	0,
			"blocks":	0,
			"reverse":	0,
			"tos":	0,
			"target_bitrate":	10000,
			"bidir":	0,
			"fqrate":	0,
			"interval":	1
		}
	},
	"intervals":	[{
			"streams":	[{
					"socket":	5,
					"start":	0,
					"end":	1.00112,
					"seconds":	1.0011199712753296,
					"bytes":	1280,
					"bits_per_second":	10228.544324168495,
					"packets":	32,
					"omitted":	false,
					"sender":	true
				}],
			"sum":	{
				"start":	0,
				"end":	1.00112,
				"seconds":	1.0011199712753296,
				"bytes":	1280,
				"bits_per_second":	10228.544324168495,
				"packets":	32,
				"omitted":	false,
				"sender":	true
			}
		}, {
			"streams":	[{
					"socket":	5,
					"start":	1.00112,
					"end":	2.001133,
					"seconds":	1.000012993812561,
					"bytes":	1240,
					"bits_per_second":	9919.87110305426,
					"packets":	31,
					"omitted":	false,
					"sender":	true
				}],
			"sum":	{
				"start":	1.00112,
				"end":	2.001133,
				"seconds":	1.000012993812561,
				"bytes":	1240,
				"bits_per_second":	9919.87110305426,
				"packets":	31,
				"omitted":	false,
				"sender":	true
			}
		}, {
			"streams":	[{
					"socket":	5,
					"start":	2.001133,
					"end":	3.001125,
					"seconds":	0.9999920129776,
					"bytes":	1240,
					"bits_per_second":	9920.0792318950334,
					"packets":	31,
					"omitted":	false,
					"sender":	true
				}],
			"sum":	{
				"start":	2.001133,
				"end":	3.001125,
				"seconds":	0.9999920129776,
				"bytes":	1240,
				"bits_per_second":	9920.0792318950334,
				"packets":	31,
				"omitted":	false,
				"sender":	true
			}
		}, {
			"streams":	[{
					"socket":	5,
					"start":	3.001125,
					"end":	4.001126,
					"seconds":	1.0000009536743164,
					"bytes":	1280,
					"bits_per_second":	10239.990234384313,
					"packets":	32,
					"omitted":	false,
					"sender":	true
				}],
			"sum":	{
				"start":	3.001125,
				"end":	4.001126,
				"seconds":	1.0000009536743164,
				"bytes":	1280,
				"bits_per_second":	10239.990234384313,
				"packets":	32,
				"omitted":	false,
				"sender":	true
			}
		}, {
			"streams":	[{
					"socket":	5,
					"start":	4.001126,
					"end":	5.001124,
					"seconds":	0.99999797344207764,
					"bytes":	1240,
					"bits_per_second":	9920.02010349533,
					"packets":	31,
					"omitted":	false,
					"sender":	true
				}],
			"sum":	{
				"start":	4.001126,
				"end":	5.001124,
				"seconds":	0.99999797344207764,
				"bytes":	1240,
				"bits_per_second":	9920.02010349533,
				"packets":	31,
				"omitted":	false,
				"sender":	true
			}
		}, {
			"streams":	[{
					"socket":	5,
					"start":	5.001124,
					"end":	6.001124,
					"seconds":	1,
					"bytes":	1240,
					"bits_per_second":	9920,
					"packets":	31,
					"omitted":	false,
					"sender":	true
				}],
			"sum":	{
				"start":	5.001124,
				"end":	6.001124,
				"seconds":	1,
				"bytes":	1240,
				"bits_per_second":	9920,
				"packets":	31,
				"omitted":	false,
				"sender":	true
			}
		}, {
			"streams":	[{
					"socket":	5,
					"start":	6.001124,
					"end":	7.001117,
					"seconds":	0.99999302625656128,
					"bytes":	1240,
					"bits_per_second":	9920.0691800173554,
					"packets":	31,
					"omitted":	false,
					"sender":	true
				}],
			"sum":	{
				"start":	6.001124,
				"end":	7.001117,
				"seconds":	0.99999302625656128,
				"bytes":	1240,
				"bits_per_second":	9920.0691800173554,
				"packets":	31,
				"omitted":	false,
				"sender":	true
			}
		}, {
			"streams":	[{
					"socket":	5,
					"start":	7.001117,
					"end":	8.001126,
					"seconds":	1.0000089406967163,
					"bytes":	1280,
					"bits_per_second":	10239.908448084163,
					"packets":	32,
					"omitted":	false,
					"sender":	true
				}],
			"sum":	{
				"start":	7.001117,
				"end":	8.001126,
				"seconds":	1.0000089406967163,
				"bytes":	1280,
				"bits_per_second":	10239.908448084163,
				"packets":	32,
				"omitted":	false,
				"sender":	true
			}
		}, {
			"streams":	[{
					"socket":	5,
					"start":	8.001126,
					"end":	9.001118,
					"seconds":	0.9999920129776,
					"bytes":	1240,
					"bits_per_second":	9920.0792318950334,
					"packets":	31,
					"omitted":	false,
					"sender":	true
				}],
			"sum":	{
				"start":	8.001126,
				"end":	9.001118,
				"seconds":	0.9999920129776,
				"bytes":	1240,
				"bits_per_second":	9920.0792318950334,
				"packets":	31,
				"omitted":	false,
				"sender":	true
			}
		}, {
			"streams":	[{
					"socket":	5,
					"start":	9.001118,
					"end":	10.001126,
					"seconds":	1.0000079870224,
					"bytes":	1240,
					"bits_per_second":	9919.92076937061,
					"packets":	31,
					"omitted":	false,
					"sender":	true
				}],
			"sum":	{
				"start":	9.001118,
				"end":	10.001126,
				"seconds":	1.0000079870224,
				"bytes":	1240,
				"bits_per_second":	9919.92076937061,
				"packets":	31,
				"omitted":	false,
				"sender":	true
			}
		}, {
			"streams":	[{
					"socket":	5,
					"start":	10.001126,
					"end":	11.001123,
					"seconds":	0.99999701976776123,
					"bytes":	1240,
					"bits_per_second":	9920.0295639919168,
					"packets":	31,
					"omitted":	false,
					"sender":	true
				}],
			"sum":	{
				"start":	10.001126,
				"end":	11.001123,
				"seconds":	0.99999701976776123,
				"bytes":	1240,
				"bits_per_second":	9920.0295639919168,
				"packets":	31,
				"omitted":	false,
				"sender":	true
			}
		}, {
			"streams":	[{
					"socket":	5,
					"start":	11.001123,
					"end":	12.00112,
					"seconds":	0.99999701976776123,
					"bytes":	1280,
					"bits_per_second":	10240.030517669074,
					"packets":	32,
					"omitted":	false,
					"sender":	true
				}],
			"sum":	{
				"start":	11.001123,
				"end":	12.00112,
				"seconds":	0.99999701976776123,
				"bytes":	1280,
				"bits_per_second":	10240.030517669074,
				"packets":	32,
				"omitted":	false,
				"sender":	true
			}
		}, {
			"streams":	[{
					"socket":	5,
					"start":	12.00112,
					"end":	13.001128,
					"seconds":	1.0000079870224,
					"bytes":	1240,
					"bits_per_second":	9919.92076937061,
					"packets":	31,
					"omitted":	false,
					"sender":	true
				}],
			"sum":	{
				"start":	12.00112,
				"end":	13.001128,
				"seconds":	1.0000079870224,
				"bytes":	1240,
				"bits_per_second":	9919.92076937061,
				"packets":	31,
				"omitted":	false,
				"sender":	true
			}
		}, {
			"streams":	[{
					"socket":	5,
					"start":	13.001128,
					"end":	14.001118,
					"seconds":	0.99998998641967773,
					"bytes":	1240,
					"bits_per_second":	9920.0993357115,
					"packets":	31,
					"omitted":	false,
					"sender":	true
				}],
			"sum":	{
				"start":	13.001128,
				"end":	14.001118,
				"seconds":	0.99998998641967773,
				"bytes":	1240,
				"bits_per_second":	9920.0993357115,
				"packets":	31,
				"omitted":	false,
				"sender":	true
			}
		}, {
			"streams":	[{
					"socket":	5,
					"start":	14.001118,
					"end":	15.001125,
					"seconds":	1.0000070333480835,
					"bytes":	1240,
					"bits_per_second":	9919.93022967773,
					"packets":	31,
					"omitted":	false,
					"sender":	true
				}],
			"sum":	{
				"start":	14.001118,
				"end":	15.001125,
				"seconds":	1.0000070333480835,
				"bytes":	1240,
				"bits_per_second":	9919.93022967773,
				"packets":	31,
				"omitted":	false,
				"sender":	true
			}
		}, {
			"streams":	[{
					"socket":	5,