{
	"start":	{
		"connected":	[{
				"socket":	5,
				"local_host":	"fd00::2",
				"local_port":	40365,
				"remote_host":	"fd00::4",
				"remote_port":	5123
			}],
		"version":	"iperf 3.18",
		"system_info":	"Linux rpi02 6.12.75+rpt-rpi-v6 #1 Raspbian 1:6.12.75-1+rpt1 (2026-03-11) armv6l",
		"timestamp":	{
			"time":	"Sat, 09 May 2026 14:04:01 GMT",
			"timesecs":	1778335441
		},
		"connecting_to":	{
			"host":	"fd00::4",
			"port":	5123
		},
		"cookie":	"vssjsu7niilccgbfxlzv6nzxl6gmvi2fsorm",
		"target_bitrate":	10000,
		"fq_rate":	0,
		"sock_bufsize":	0,
		"sndbuf_actual":	180224,
		"rcvbuf_actual":	180224,
		"test_start":	{
			"protocol":	"UDP",
			"num_streams":	1,
			"blksize":	64,
			"omit":	0,
			"duration":	10,
			"bytes":	0,
			"blocks":	0,
			"reverse":	0,
			"tos":	0,
			"target_bitrate":	10000,
			"bidir":	0,
			"fqrate":	0,
			"interval":	1
		}
	},
	"intervals":	[{
			"streams":	[{
					"socket":	5,
					"start":	0,
					"end":	1.001203,
					"seconds":	1.0012029409408569,
					"bytes":	1280,
					"bits_per_second":	10227.696684927034,
					"packets":	20,
					"omitted":	false,
					"sender":	true
				}],
			"sum":	{
				"start":	0,
				"end":	1.001203,
				"seconds":	1.0012029409408569,
				"bytes":	1280,
				"bits_per_second":	10227.696684927034,
				"packets":	20,
				"omitted":	false,
				"sender":	true
			}
		}, {
			"streams":	[{
					"socket":	5,
					"start":	1.001203,
					"end":	2.001233,
					"seconds":	1.0000300407409668,
					"bytes":	1280,
					"bits_per_second":	10239.69239205327,
					"packets":	20,
					"omitted":	false,
					"sender":	true
				}],
			"sum":	{
				"start":	1.001203,
				"end":	2.001233,
				"seconds":	1.0000300407409668,
				"bytes":	1280,
				"bits_per_second":	10239.69239205327,
				"packets":	20,
				"omitted":	false,
				"sender":	true
			}
		}, {
			"streams":	[{
					"socket":	5,
					"start":	2.001233,
					"end":	3.00124,
					"seconds":	1.0000070333480835,
					"bytes":	1216,
					"bits_per_second":	9727.9315800710647,
					"packets":	19,
					"omitted":	false,
					"sender":	true
				}],
			"sum":	{
				"start":	2.001233,
				"end":	3.00124,
				"seconds":	1.0000070333480835,
				"bytes":	1216,
				"bits_per_second":	9727.9315800710647,
				"packets":	19,
				"omitted":	false,
				"sender":	true
			}
		}, {
			"streams":	[{
					"socket":	5,
					"start":	3.00124,
					"end":	4.001237,
					"seconds":	0.99999701976776123,
					"bytes":	1280,
					"bits_per_second":	10240.030517669074,
					"packets":	20,
					"omitted":	false,
					"sender":	true
				}],
			"sum":	{
				"start":	3.00124,
				"end":	4.001237,
				"seconds":	0.99999701976776123,
				"bytes":	1280,
				"bits_per_second":	10240.030517669074,
				"packets":	20,
				"omitted":	false,
				"sender":	true
			}
		}, {
			"streams":	[{
					"socket":	5,
					"start":	4.001237,
					"end":	5.00125,
					"seconds":	1.000012993812561,
					"bytes":	1216,
					"bits_per_second":	9727.87359783385,
					"packets":	19,
					"omitted":	false,
					"sender":	true
				}],
			"sum":	{
				"start":	4.001237,
				"end":	5.00125,
				"seconds":	1.000012993812561,
				"bytes":	1216,
				"bits_per_second":	9727.87359783385,
				"packets":	19,
				"omitted":	false,
				"sender":	true
			}
		}, {
			"streams":	[{
					"socket":	5,
					"start":	5.00125,
					"end":	6.001239,
					"seconds":	0.99998897314071655,
					"bytes":	1280,
					"bits_per_second":	10240.112916284175,
					"packets":	20,
					"omitted":	false,
					"sender":	true
				}],
			"sum":	{
				"start":	5.00125,
				"end":	6.001239,
				"seconds":	0.99998897314071655,
				"bytes":	1280,
				"bits_per_second":	10240.112916284175,
				"packets":	20,
				"omitted":	false,
				"sender":	true
			}
		}, {
			"streams":	[{
					"socket":	5,
					"start":	6.001239,
					"end":	7.001253,
					"seconds":	1.0000139474868774,
					"bytes":	1216,
					"bits_per_second":	9727.86432074004,
					"packets":	19,
					"omitted":	false,
					"sender":	true
				}],
			"sum":	{
				"start":	6.001239,
				"end":	7.001253,
				"seconds":	1.0000139474868774,
				"bytes":	1216,
				"bits_per_second":	9727.86432074004,
				"packets":	19,
				"omitted":	false,
				"sender":	true
			}
		}, {
			"streams":	[{
					"socket":	5,
					"start":	7.001253,
					"end":	8.001241,
					"seconds":	0.9999880194664,
					"bytes":	1280,
					"bits_per_second":	10240.122682133861,
					"packets":	20,
					"omitted":	false,
					"sender":	true
				}],
			"sum":	{
				"start":	7.001253,
				"end":	8.001241,
				"seconds":	0.9999880194664,
				"bytes":	1280,
				"bits_per_second":	10240.122682133861,
				"packets":	20,
				"omitted":	false,
				"sender":	true
			}
		}, {
			"streams":	[{
					"socket":	5,
					"start":	8.001241,
					"end":	9.001255,
					"seconds":	1.0000139474868774,
					"bytes":	1216,
					"bits_per_second":	9727.86432074004,
					"packets":	19,
					"omitted":	false,
					"sender":	true
				}],
			"sum":	{
				"start":	8.001241,
				"end":	9.001255,
				"seconds":	1.0000139474868774,
				"bytes":	1216,
				"bits_per_second":	9727.86432074004,
				"packets":	19,
				"omitted":	false,
				"sender":	true
			}
		}, {
			"streams":	[{
					"socket":	5,
					"start":	9.001255,
					"end":	10.0037,
					"seconds":	1.0024449825286865,
					"bytes":	1280,
					"bits_per_second":	10215.024443705035,
					"packets":	20,
					"omitted":	false,
					"sender":	true
				}],
			"sum":	{
				"start":	9.001255,
				"end":	10.0037,
				"seconds":	1.0024449825286865,
				"bytes":	1280,
				"bits_per_second":	10215.024443705035,
				"packets":	20,
				"omitted":	false,
				"sender":	true
			}
		}],
	"end":	{
		"streams":	[{
				"udp":	{
					"socket":	5,
					"start":	0,
					"end":	10.0037,
					"seconds":	10.0037,
					"bytes":	12544,
					"bits_per_second":	10031.488349310755,
					"jitter_ms":	0.80826766859395183,
					"lost_packets":	0,
					"packets":	196,
					"lost_percent":	0,
					"out_of_order":	0,
					"sender":	true
				}
			}],
		"sum":	{
			"start":	0,
			"end":	10.028224,
			"seconds":	10.028224,
			"bytes":	12544,
			"bits_per_second":	10031.488349310755,
			"jitter_ms":	0.80826766859395183,
			"lost_packets":	0,
			"packets":	196,
			"lost_percent":	0,
			"sender":	true
		},
		"sum_sent":	{
			"start":	0,
			"end":	10.0037,
			"seconds":	10.0037,
			"bytes":	12544,
			"bits_per_second":	10031.488349310755,
			"jitter_ms":	0,
			"lost_packets":	0,
			"packets":	196,
			"lost_percent":	0,
			"sender":	true
		},
		"sum_received":	{
			"start":	0,
			"end":	10.028224,
			"seconds":	10.028224,
			"bytes":	12544,
			"bits_per_second":	10006.956366351609,
			"jitter_ms":	0.80826766859395183,
			"lost_packets":	0,
			"packets":	196,
			"lost_percent":	0,
			"sender":	false
		},
		"cpu_utilization_percent":	{
			"host_total":	0.79591048599350123,
			"host_user":	0.45429625872393709,
			"host_system":	0.34159451382809208,
			"remote_total":	0.29333584086931991,
			"remote_user":	0.086394320470876959,
			"remote_system":	0.20696146368571694
		}
	},