{
	"start":	{
		"connected":	[{
				"socket":	5,
				"local_host":	"fd00::2",
				"local_port":	35431,
				"remote_host":	"fd00::4",
				"remote_port":	5123
			}],
		"version":	"iperf 3.18",
		"system_info":	"Linux rpi02 6.12.75+rpt-rpi-v6 #1 Raspbian 1:6.12.75-1+rpt1 (2026-03-11) armv6l",
		"timestamp":	{
			"time":	"Sat, 09 May 2026 14:04:50 GMT",
			"timesecs":	1778335490
		},
		"connecting_to":	{
			"host":	"fd00::4",
			"port":	5123
		},
		"cookie":	"vc5s3z5prynbzhoqajn3y36jwqlcm53ryxoi",
		"target_bitrate":	40000,
		"fq_rate":	0,
		"sock_bufsize":	0,
		"sndbuf_actual":	180224,
		"rcvbuf_actual":	180224,
		"test_start":	{
			"protocol":	"UDP",
			"num_streams":	1,
			"blksize":	64,
			"omit":	0,
			"duration":	10,
			"bytes":	0,
			"blocks":	0,
			"reverse":	0,
			"tos":	0,
			"target_bitrate":	40000,
			"bidir":	0,
			"fqrate":	0,
			"interval":	1
		}
	},
	"intervals":	[{
			"streams":	[{
					"socket":	5,
					"start":	0,
					"end":	1.001199,
					"seconds":	1.0011990070343018,
					"bytes":	5056,
					"bits_per_second":	40399.560642606812,
					"packets":	79,
					"omitted":	false,
					"sender":	true
				}],
			"sum":	{
				"start":	0,
				"end":	1.001199,
				"seconds":	1.0011990070343018,
				"bytes":	5056,
				"bits_per_second":	40399.560642606812,
				"packets":	79,
				"omitted":	false,
				"sender":	true
			}
		}, {
			"streams":	[{
					"socket":	5,
					"start":	1.001199,
					"end":	2.001257,
					"seconds":	1.0000580549240112,
					"bytes":	4992,
					"bits_per_second":	39933.681653146137,
					"packets":	78,
					"omitted":	false,
					"sender":	true
				}],
			"sum":	{
				"start":	1.001199,
				"end":	2.001257,
				"seconds":	1.0000580549240112,
				"bytes":	4992,
				"bits_per_second":	39933.681653146137,
				"packets":	78,
				"omitted":	false,
				"sender":	true
			}
		}, {
			"streams":	[{
					"socket":	5,
					"start":	2.001257,
					"end":	3.001235,
					"seconds":	0.999978005886078,
					"bytes":	4992,
					"bits_per_second":	39936.8783762527,
					"packets":	78,
					"omitted":	false,
					"sender":	true
				}],
			"sum":	{
				"start":	2.001257,
				"end":	3.001235,
				"seconds":	0.999978005886078,
				"bytes":	4992,
				"bits_per_second":	39936.8783762527,
				"packets":	78,
				"omitted":	false,
				"sender":	true
			}
		}, {
			"streams":	[{
					"socket":	5,
					"start":	3.001235,
					"end":	4.001229,
					"seconds":	0.99999397993087769,
					"bytes":	4992,
					"bits_per_second":	39936.2404189278,
					"packets":	78,
					"omitted":	false,
					"sender":	true
				}],
			"sum":	{
				"start":	3.001235,
				"end":	4.001229,
				"seconds":	0.99999397993087769,
				"bytes":	4992,
				"bits_per_second":	39936.2404189278,
				"packets":	78,
				"omitted":	false,
				"sender":	true
			}
		}, {
			"streams":	[{
					"socket":	5,
					"start":	4.001229,
					"end":	5.001237,
					"seconds":	1.0000079870224,
					"bytes":	4992,
					"bits_per_second":	39935.681032821034,
					"packets":	78,
					"omitted":	false,
					"sender":	true
				}],
			"sum":	{
				"start":	4.001229,
				"end":	5.001237,
				"seconds":	1.0000079870224,
				"bytes":	4992,
				"bits_per_second":	39935.681032821034,
				"packets":	78,
				"omitted":	false,
				"sender":	true
			}
		}, {
			"streams":	[{
					"socket":	5,
					"start":	5.001237,
					"end":	6.001294,
					"seconds":	1.0000569820404053,
					"bytes":	4992,
					"bits_per_second":	39933.7244948973,
					"packets":	78,
					"omitted":	false,
					"sender":	true
				}],
			"sum":	{
				"start":	5.001237,
				"end":	6.001294,
				"seconds":	1.0000569820404053,
				"bytes":	4992,
				"bits_per_second":	39933.7244948973,
				"packets":	78,
				"omitted":	false,
				"sender":	true
			}
		}, {
			"streams":	[{
					"socket":	5,
					"start":	6.001294,
					"end":	7.001236,
					"seconds":	0.99994200468063354,
					"bytes":	4992,
					"bits_per_second":	39938.316235405029,
					"packets":	78,
					"omitted":	false,
					"sender":	true
				}],
			"sum":	{
				"start":	6.001294,
				"end":	7.001236,
				"seconds":	0.99994200468063354,
				"bytes":	4992,
				"bits_per_second":	39938.316235405029,
				"packets":	78,
				"omitted":	false,
				"sender":	true
			}
		}, {
			"streams":	[{
					"socket":	5,
					"start":	7.001236,
					"end":	8.001225,
					"seconds":	0.99998897314071655,
					"bytes":	5056,
					"bits_per_second":	40448.446019322488,
					"packets":	79,
					"omitted":	false,
					"sender":	true
				}],
			"sum":	{
				"start":	7.001236,
				"end":	8.001225,
				"seconds":	0.99998897314071655,
				"bytes":	5056,
				"bits_per_second":	40448.446019322488,
				"packets":	79,
				"omitted":	false,
				"sender":	true
			}
		}, {
			"streams":	[{
					"socket":	5,
					"start":	8.001225,
					"end":	9.001228,
					"seconds":	1.0000029802322388,
					"bytes":	4992,
					"bits_per_second":	39935.880981800015,
					"packets":	78,
					"omitted":	false,
					"sender":	true
				}],
			"sum":	{
				"start":	8.001225,
				"end":	9.001228,
				"seconds":	1.0000029802322388,
				"bytes":	4992,
				"bits_per_second":	39935.880981800015,
				"packets":	78,
				"omitted":	false,
				"sender":	true
			}
		}, {
			"streams":	[{
					"socket":	5,
					"start":	9.001228,
					"end":	10.004144,
					"seconds":	1.0029159784317017,
					"bytes":	4992,
					"bits_per_second":	39819.886071063964,
					"packets":	78,
					"omitted":	false,
					"sender":	true
				}],
			"sum":	{
				"start":	9.001228,
				"end":	10.004144,
				"seconds":	1.0029159784317017,
				"bytes":	4992,
				"bits_per_second":	39819.886071063964,
				"packets":	78,
				"omitted":	false,
				"sender":	true
			}
		}],
	"end":	{
		"streams":	[{
				"udp":	{
					"socket":	5,
					"start":	0,
					"end":	10.004144,
					"seconds":	10.004144,
					"bytes":	50048,
					"bits_per_second":	40021.814959880627,
					"jitter_ms":	1.3659484988017978,
					"lost_packets":	2,
					"packets":	782,
					"lost_percent":	0.25575447570332482,
					"out_of_order":	0,
					"sender":	true
				}
			}],
		"sum":	{
			"start":	0,
			"end":	10.03548,
			"seconds":	10.03548,
			"bytes":	50048,
			"bits_per_second":	40021.814959880627,
			"jitter_ms":	1.3659484988017978,
			"lost_packets":	2,
			"packets":	782,
			"lost_percent":	0.25575447570332482,
			"sender":	true
		},
		"sum_sent":	{
			"start":	0,
			"end":	10.004144,
			"seconds":	10.004144,
			"bytes":	50048,
			"bits_per_second":	40021.814959880627,
			"jitter_ms":	0,
			"lost_packets":	0,
			"packets":	782,
			"lost_percent":	0,
			"sender":	true
		},
		"sum_received":	{
			"start":	0,
			"end":	10.03548,
			"seconds":	10.03548,
			"bytes":	49920,
			"bits_per_second":	39794.808021141,
			"jitter_ms":	1.3659484988017978,
			"lost_packets":	2,
			"packets":	782,
			"lost_percent":	0.25575447570332482,
			"sender":	false
		},
		"cpu_utilization_percent":	{
			"host_total":	2.6212715089541638,
			"host_user":	0.63234145826634247,
			"host_system":	1.9888905595820578,
			"remote_total":	0.912702837384227,
			"remote_user":	0.22974012641087749,
			"remote_system":	0.682982639853156
		}
	},