{
	"start":	{
		"connected":	[{
				"socket":	5,
				"local_host":	"fd00::2",
				"local_port":	48878,
				"remote_host":	"fd00::8",
				"remote_port":	5123
			}],
		"version":	"iperf 3.18",
		"system_info":	"Linux rpi02 6.12.75+rpt-rpi-v6 #1 Raspbian 1:6.12.75-1+rpt1 (2026-03-11) armv6l",
		"timestamp":	{
			"time":	"Tue, 19 May 2026 17:26:15 GMT",
			"timesecs":	1779211575
		},
		"connecting_to":	{
			"host":	"fd00::8",
			"port":	5123
		},
		"cookie":	"koneklqles3yetn7fcegl2zkxt4lw6g3m3vp",
		"target_bitrate":	60000,
		"fq_rate":	0,
		"sock_bufsize":	0,
		"sndbuf_actual":	180224,
		"rcvbuf_actual":	180224,
		"test_start":	{
			"protocol":	"UDP",
			"num_streams":	1,
			"blksize":	96,
			"omit":	0,
			"duration":	30,
			"bytes":	0,
			"blocks":	0,
			"reverse":	0,
			"tos":	0,
			"target_bitrate":	60000,
			"bidir":	0,
			"fqrate":	0,
			"interval":	1
		}
	},
	"intervals":	[{
			"streams":	[{
					"socket":	5,
					"start":	0,
					"end":	1.001243,
					"seconds":	1.001242995262146,
					"bytes":	7584,
					"bits_per_second":	60596.678615579054,
					"packets":	79,
					"omitted":	false,
					"sender":	true
				}],
			"sum":	{
				"start":	0,
				"end":	1.001243,
				"seconds":	1.001242995262146,
				"bytes":	7584,
				"bits_per_second":	60596.678615579054,
				"packets":	79,
				"omitted":	false,
				"sender":	true
			}
		}, {
			"streams":	[{
					"socket":	5,
					"start":	1.001243,
					"end":	2.001249,
					"seconds":	1.0000059604644775,
					"bytes":	7488,
					"bits_per_second":	59903.642946464141,
					"packets":	78,
					"omitted":	false,
					"sender":	true
				}],
			"sum":	{
				"start":	1.001243,
				"end":	2.001249,
				"seconds":	1.0000059604644775,
				"bytes":	7488,
				"bits_per_second":	59903.642946464141,
				"packets":	78,
				"omitted":	false,
				"sender":	true
			}
		}, {
			"streams":	[{
					"socket":	5,
					"start":	2.001249,
					"end":	3.001305,
					"seconds":	1.0000560283660889,
					"bytes":	7488,
					"bits_per_second":	59900.643864796584,
					"packets":	78,
					"omitted":	false,
					"sender":	true
				}],
			"sum":	{
				"start":	2.001249,
				"end":	3.001305,
				"seconds":	1.0000560283660889,
				"bytes":	7488,
				"bits_per_second":	59900.643864796584,
				"packets":	78,
				"omitted":	false,
				"sender":	true
			}
		}, {
			"streams":	[{
					"socket":	5,
					"start":	3.001305,
					"end":	4.001249,
					"seconds":	0.999943971633911,
					"bytes":	7488,
					"bits_per_second":	59907.35651130203,
					"packets":	78,
					"omitted":	false,
					"sender":	true
				}],
			"sum":	{
				"start":	3.001305,
				"end":	4.001249,
				"seconds":	0.999943971633911,
				"bytes":	7488,
				"bits_per_second":	59907.35651130203,
				"packets":	78,
				"omitted":	false,
				"sender":	true
			}
		}, {
			"streams":	[{
					"socket":	5,
					"start":	4.001249,
					"end":	5.00124,
					"seconds":	0.999990999698639,
					"bytes":	7488,
					"bits_per_second":	59904.539158905325,
					"packets":	78,
					"omitted":	false,
					"sender":	true
				}],
			"sum":	{
				"start":	4.001249,
				"end":	5.00124,
				"seconds":	0.999990999698639,
				"bytes":	7488,
				"bits_per_second":	59904.539158905325,
				"packets":	78,
				"omitted":	false,
				"sender":	true
			}
		}, {
			"streams":	[{
					"socket":	5,
					"start":	5.00124,
					"end":	6.001233,
					"seconds":	0.99999302625656128,
					"bytes":	7488,
					"bits_per_second":	59904.4177580403,
					"packets":	78,
					"omitted":	false,
					"sender":	true
				}],
			"sum":	{
				"start":	5.00124,
				"end":	6.001233,
				"seconds":	0.99999302625656128,
				"bytes":	7488,
				"bits_per_second":	59904.4177580403,
				"packets":	78,
				"omitted":	false,
				"sender":	true
			}
		}, {
			"streams":	[{
					"socket":	5,
					"start":	6.001233,
					"end":	7.001234,
					"seconds":	1.0000009536743164,
					"bytes":	7488,
					"bits_per_second":	59903.942871148232,
					"packets":	78,
					"omitted":	false,
					"sender":	true
				}],
			"sum":	{
				"start":	6.001233,
				"end":	7.001234,
				"seconds":	1.0000009536743164,
				"bytes":	7488,
				"bits_per_second":	59903.942871148232,
				"packets":	78,
				"omitted":	false,
				"sender":	true
			}
		}, {
			"streams":	[{
					"socket":	5,
					"start":	7.001234,
					"end":	8.001232,
					"seconds":	0.99999797344207764,
					"bytes":	7584,
					"bits_per_second":	60672.122955571445,
					"packets":	79,
					"omitted":	false,
					"sender":	true
				}],
			"sum":	{
				"start":	7.001234,
				"end":	8.001232,
				"seconds":	0.99999797344207764,
				"bytes":	7584,
				"bits_per_second":	60672.122955571445,
				"packets":	79,
				"omitted":	false,
				"sender":	true
			}
		}, {
			"streams":	[{
					"socket":	5,
					"start":	8.001232,
					"end":	9.001236,
					"seconds":	1.0000040531158447,
					"bytes":	7488,
					"bits_per_second":	59903.757203132518,
					"packets":	78,
					"omitted":	false,
					"sender":	true
				}],
			"sum":	{
				"start":	8.001232,
				"end":	9.001236,
				"seconds":	1.0000040531158447,
				"bytes":	7488,
				"bits_per_second":	59903.757203132518,
				"packets":	78,
				"omitted":	false,
				"sender":	true
			}
		}, {
			"streams":	[{
					"socket":	5,
					"start":	9.001236,
					"end":	10.001233,
					"seconds":	0.99999701976776123,
					"bytes":	7488,
					"bits_per_second":	59904.178528364086,
					"packets":	78,
					"omitted":	false,
					"sender":	true
				}],
			"sum":	{
				"start":	9.001236,
				"end":	10.001233,
				"seconds":	0.99999701976776123,
				"bytes":	7488,
				"bits_per_second":	59904.178528364086,
				"packets":	78,
				"omitted":	false,
				"sender":	true
			}
		}, {
			"streams":	[{
					"socket":	5,
					"start":	10.001233,
					"end":	11.001228,
					"seconds":	0.999994993209839,
					"bytes":	7488,
					"bits_per_second":	59904.2999282595,
					"packets":	78,
					"omitted":	false,
					"sender":	true
				}],
			"sum":	{
				"start":	10.001233,
				"end":	11.001228,
				"seconds":	0.999994993209839,
				"bytes":	7488,
				"bits_per_second":	59904.2999282595,
				"packets":	78,
				"omitted":	false,
				"sender":	true
			}
		}, {
			"streams":	[{
					"socket":	5,
					"start":	11.001228,
					"end":	12.001291,
					"seconds":	1.0000629425048828,
					"bytes":	7488,
					"bits_per_second":	59900.229729497769,
					"packets":	78,
					"omitted":	false,
					"sender":	true
				}],
			"sum":	{
				"start":	11.001228,
				"end":	12.001291,
				"seconds":	1.0000629425048828,
				"bytes":	7488,
				"bits_per_second":	59900.229729497769,
				"packets":	78,
				"omitted":	false,
				"sender":	true
			}
		}, {
			"streams":	[{
					"socket":	5,
					"start":	12.001291,
					"end":	13.001238,
					"seconds":	0.99994701147079468,
					"bytes":	7488,
					"bits_per_second":	59907.174393059933,
					"packets":	78,
					"omitted":	false,
					"sender":	true
				}],
			"sum":	{
				"start":	12.001291,
				"end":	13.001238,
				"seconds":	0.99994701147079468,
				"bytes":	7488,
				"bits_per_second":	59907.174393059933,
				"packets":	78,
				"omitted":	false,
				"sender":	true
			}
		}, {
			"streams":	[{
					"socket":	5,
					"start":	13.001238,
					"end":	14.001243,
					"seconds":	1.0000050067901611,
					"bytes":	7488,
					"bits_per_second":	59903.700074743851,
					"packets":	78,
					"omitted":	false,
					"sender":	true
				}],
			"sum":	{
				"start":	13.001238,
				"end":	14.001243,
				"seconds":	1.0000050067901611,
				"bytes":	7488,
				"bits_per_second":	59903.700074743851,
				"packets":	78,
				"omitted":	false,
				"sender":	true
			}
		}, {
			"streams":	[{
					"socket":	5,
					"start":	14.001243,
					"end":	15.001262,
					"seconds":	1.0000189542770386,
					"bytes":	7488,
					"bits_per_second":	59902.864584509261,
					"packets":	78,
					"omitted":	false,
					"sender":	true
				}],
			"sum":	{
				"start":	14.001243,
				"end":	15.001262,
				"seconds":	1.0000189542770386,
				"bytes":	7488,
				"bits_per_second":	59902.864584509261,
				"packets":	78,