{
	"start":	{
		"connected":	[{
				"socket":	5,
				"local_host":	"fd00::2",
				"local_port":	45730,
				"remote_host":	"fd00::8",
				"remote_port":	5123
			}],
		"version":	"iperf 3.18",
		"system_info":	"Linux rpi02 6.12.75+rpt-rpi-v6 #1 Raspbian 1:6.12.75-1+rpt1 (2026-03-11) armv6l",
		"timestamp":	{
			"time":	"Tue, 19 May 2026 17:20:57 GMT",
			"timesecs":	1779211257
		},
		"connecting_to":	{
			"host":	"fd00::8",
			"port":	5123
		},
		"cookie":	"e6mda2tzlg2iqucdtxre3fo24nhobdy7olnn",
		"target_bitrate":	30000,
		"fq_rate":	0,
		"sock_bufsize":	0,
		"sndbuf_actual":	180224,
		"rcvbuf_actual":	180224,
		"test_start":	{
			"protocol":	"UDP",
			"num_streams":	1,
			"blksize":	1024,
			"omit":	0,
			"duration":	30,
			"bytes":	0,
			"blocks":	0,
			"reverse":	0,
			"tos":	0,
			"target_bitrate":	30000,
			"bidir":	0,
			"fqrate":	0,
			"interval":	1
		}
	},
	"intervals":	[{
			"streams":	[{
					"socket":	5,
					"start":	0,
					"end":	1.001211,
					"seconds":	1.0012110471725464,
					"bytes":	4096,
					"bits_per_second":	32728.36440682305,
					"packets":	4,
					"omitted":	false,
					"sender":	true
				}],
			"sum":	{
				"start":	0,
				"end":	1.001211,
				"seconds":	1.0012110471725464,
				"bytes":	4096,
				"bits_per_second":	32728.36440682305,
				"packets":	4,
				"omitted":	false,
				"sender":	true
			}
		}, {
			"streams":	[{
					"socket":	5,
					"start":	1.001211,
					"end":	2.001244,
					"seconds":	1.0000330209732056,
					"bytes":	4096,
					"bits_per_second":	32766.918004478546,
					"packets":	4,
					"omitted":	false,
					"sender":	true
				}],
			"sum":	{
				"start":	1.001211,
				"end":	2.001244,
				"seconds":	1.0000330209732056,
				"bytes":	4096,
				"bits_per_second":	32766.918004478546,
				"packets":	4,
				"omitted":	false,
				"sender":	true
			}
		}, {
			"streams":	[{
					"socket":	5,
					"start":	2.001244,
					"end":	3.001242,
					"seconds":	0.99999797344207764,
					"bytes":	3072,
					"bits_per_second":	24576.049804788432,
					"packets":	3,
					"omitted":	false,
					"sender":	true
				}],
			"sum":	{
				"start":	2.001244,
				"end":	3.001242,
				"seconds":	0.99999797344207764,
				"bytes":	3072,
				"bits_per_second":	24576.049804788432,
				"packets":	3,
				"omitted":	false,
				"sender":	true
			}
		}, {
			"streams":	[{
					"socket":	5,
					"start":	3.001242,
					"end":	4.001236,
					"seconds":	0.99999397993087769,
					"bytes":	4096,
					"bits_per_second":	32768.19726681256,
					"packets":	4,
					"omitted":	false,
					"sender":	true
				}],
			"sum":	{
				"start":	3.001242,
				"end":	4.001236,
				"seconds":	0.99999397993087769,
				"bytes":	4096,
				"bits_per_second":	32768.19726681256,
				"packets":	4,
				"omitted":	false,
				"sender":	true
			}
		}, {
			"streams":	[{
					"socket":	5,
					"start":	4.001236,
					"end":	5.001247,
					"seconds":	1.0000109672546387,
					"bytes":	4096,
					"bits_per_second":	32767.640628941313,
					"packets":	4,
					"omitted":	false,
					"sender":	true
				}],
			"sum":	{
				"start":	4.001236,
				"end":	5.001247,
				"seconds":	1.0000109672546387,
				"bytes":	4096,
				"bits_per_second":	32767.640628941313,
				"packets":	4,
				"omitted":	false,
				"sender":	true
			}
		}, {
			"streams":	[{
					"socket":	5,
					"start":	5.001247,
					"end":	6.001243,
					"seconds":	0.9999960064888,
					"bytes":	3072,
					"bits_per_second":	24576.098144923191,
					"packets":	3,
					"omitted":	false,
					"sender":	true
				}],
			"sum":	{
				"start":	5.001247,
				"end":	6.001243,
				"seconds":	0.9999960064888,
				"bytes":	3072,
				"bits_per_second":	24576.098144923191,
				"packets":	3,
				"omitted":	false,
				"sender":	true
			}
		}, {
			"streams":	[{
					"socket":	5,
					"start":	6.001243,
					"end":	7.001253,
					"seconds":	1.0000100135803223,
					"bytes":	4096,
					"bits_per_second":	32767.671878285673,
					"packets":	4,
					"omitted":	false,
					"sender":	true
				}],
			"sum":	{
				"start":	6.001243,
				"end":	7.001253,
				"seconds":	1.0000100135803223,
				"bytes":	4096,
				"bits_per_second":	32767.671878285673,
				"packets":	4,
				"omitted":	false,
				"sender":	true
			}
		}, {
			"streams":	[{
					"socket":	5,
					"start":	7.001253,
					"end":	8.001267,
					"seconds":	1.0000139474868774,
					"bytes":	4096,
					"bits_per_second":	32767.54297512435,
					"packets":	4,
					"omitted":	false,
					"sender":	true
				}],
			"sum":	{
				"start":	7.001253,
				"end":	8.001267,
				"seconds":	1.0000139474868774,
				"bytes":	4096,
				"bits_per_second":	32767.54297512435,
				"packets":	4,
				"omitted":	false,
				"sender":	true
			}
		}, {
			"streams":	[{
					"socket":	5,
					"start":	8.001267,
					"end":	9.001255,
					"seconds":	0.9999880194664,
					"bytes":	3072,
					"bits_per_second":	24576.294437121265,
					"packets":	3,
					"omitted":	false,
					"sender":	true
				}],
			"sum":	{
				"start":	8.001267,
				"end":	9.001255,
				"seconds":	0.9999880194664,
				"bytes":	3072,
				"bits_per_second":	24576.294437121265,
				"packets":	3,
				"omitted":	false,
				"sender":	true
			}
		}, {
			"streams":	[{
					"socket":	5,
					"start":	9.001255,
					"end":	10.001258,
					"seconds":	1.0000029802322388,
					"bytes":	4096,
					"bits_per_second":	32767.902344041038,
					"packets":	4,
					"omitted":	false,
					"sender":	true
				}],
			"sum":	{
				"start":	9.001255,
				"end":	10.001258,
				"seconds":	1.0000029802322388,
				"bytes":	4096,
				"bits_per_second":	32767.902344041038,
				"packets":	4,
				"omitted":	false,
				"sender":	true
			}
		}, {
			"streams":	[{
					"socket":	5,
					"start":	10.001258,
					"end":	11.001242,
					"seconds":	0.9999840259552002,
					"bytes":	4096,
					"bits_per_second":	32768.523445861545,
					"packets":	4,
					"omitted":	false,
					"sender":	true
				}],
			"sum":	{
				"start":	10.001258,
				"end":	11.001242,
				"seconds":	0.9999840259552002,
				"bytes":	4096,
				"bits_per_second":	32768.523445861545,
				"packets":	4,
				"omitted":	false,
				"sender":	true
			}
		}, {
			"streams":	[{
					"socket":	5,
					"start":	11.001242,
					"end":	12.001252,
					"seconds":	1.0000100135803223,
					"bytes":	3072,
					"bits_per_second":	24575.753908714254,
					"packets":	3,
					"omitted":	false,
					"sender":	true
				}],
			"sum":	{
				"start":	11.001242,
				"end":	12.001252,
				"seconds":	1.0000100135803223,
				"bytes":	3072,
				"bits_per_second":	24575.753908714254,
				"packets":	3,
				"omitted":	false,
				"sender":	true
			}
		}, {
			"streams":	[{
					"socket":	5,
					"start":	12.001252,
					"end":	13.001242,
					"seconds":	0.99998998641967773,
					"bytes":	4096,
					"bits_per_second":	32768.328128285742,
					"packets":	4,
					"omitted":	false,
					"sender":	true
				}],
			"sum":	{
				"start":	12.001252,
				"end":	13.001242,
				"seconds":	0.99998998641967773,
				"bytes":	4096,
				"bits_per_second":	32768.328128285742,
				"packets":	4,
				"omitted":	false,
				"sender":	true
			}
		}, {
			"streams":	[{
					"socket":	5,
					"start":	13.001242,
					"end":	14.001245,
					"seconds":	1.0000029802322388,
					"bytes":	4096,
					"bits_per_second":	32767.902344041038,
					"packets":	4,
					"omitted":	false,
					"sender":	true
				}],
			"sum":	{
				"start":	13.001242,
				"end":	14.001245,
				"seconds":	1.0000029802322388,
				"bytes":	4096,
				"bits_per_second":	32767.902344041038,
				"packets":	4,
				"omitted":	false,
				"sender":	true
			}
		}, {
			"streams":	[{
					"socket":	5,
					"start":	14.001245,
					"end":	15.001245,
					"seconds":	1,
					"bytes":	3072,
					"bits_per_second":	24576,
					"packets":	3,
					"omitted":	false,
					"sender":	true
				}],
			"sum":	{
				"start":	14.001245,
				"end":	15.001245,
				"seconds":	1,
				"bytes":	3072,
				"bits_per_second":	24576,
				"packets":	3,
				"omitted":	false,
				"sender":	true
			}
		}, {
			"streams":	[{
					"socket":	5,