{
	"start":	{
		"connected":	[{
				"socket":	5,
				"local_host":	"fd00::2",
				"local_port":	44218,
				"remote_host":	"fd00::8",
				"remote_port":	5123
			}],
		"version":	"iperf 3.18",
		"system_info":	"Linux rpi02 6.12.75+rpt-rpi-v6 #1 Raspbian 1:6.12.75-1+rpt1 (2026-03-11) armv6l",
		"timestamp":	{
			"time":	"Tue, 19 May 2026 17:16:55 GMT",
			"timesecs":	1779211015
		},
		"connecting_to":	{
			"host":	"fd00::8",
			"port":	5123
		},
		"cookie":	"7nwzp74zfsj2ss6aqpmt3sm6o2qk2mg3laht",
		"target_bitrate":	30000,
		"fq_rate":	0,
		"sock_bufsize":	0,
		"sndbuf_actual":	180224,
		"rcvbuf_actual":	180224,
		"test_start":	{
			"protocol":	"UDP",
			"num_streams":	1,
			"blksize":	64,
			"omit":	0,
			"duration":	30,
			"bytes":	0,
			"blocks":	0,
			"reverse":	0,
			"tos":	0,
			"target_bitrate":	30000,
			"bidir":	0,
			"fqrate":	0,
			"interval":	1
		}
	},
	"intervals":	[{
			"streams":	[{
					"socket":	5,
					"start":	0,
					"end":	1.000962,
					"seconds":	1.0009620189666748,
					"bytes":	3776,
					"bits_per_second":	30178.967261100162,
					"packets":	59,
					"omitted":	false,
					"sender":	true
				}],
			"sum":	{
				"start":	0,
				"end":	1.000962,
				"seconds":	1.0009620189666748,
				"bytes":	3776,
				"bits_per_second":	30178.967261100162,
				"packets":	59,
				"omitted":	false,
				"sender":	true
			}
		}, {
			"streams":	[{
					"socket":	5,
					"start":	1.000962,
					"end":	2.001237,
					"seconds":	1.0002750158309937,
					"bytes":	3776,
					"bits_per_second":	30199.694605892208,
					"packets":	59,
					"omitted":	false,
					"sender":	true
				}],
			"sum":	{
				"start":	1.000962,
				"end":	2.001237,
				"seconds":	1.0002750158309937,
				"bytes":	3776,
				"bits_per_second":	30199.694605892208,
				"packets":	59,
				"omitted":	false,
				"sender":	true
			}
		}, {
			"streams":	[{
					"socket":	5,
					"start":	2.001237,
					"end":	3.001235,
					"seconds":	0.99999797344207764,
					"bytes":	3712,
					"bits_per_second":	29696.060180786022,
					"packets":	58,
					"omitted":	false,
					"sender":	true
				}],
			"sum":	{
				"start":	2.001237,
				"end":	3.001235,
				"seconds":	0.99999797344207764,
				"bytes":	3712,
				"bits_per_second":	29696.060180786022,
				"packets":	58,
				"omitted":	false,
				"sender":	true
			}
		}, {
			"streams":	[{
					"socket":	5,
					"start":	3.001235,
					"end":	4.001237,
					"seconds":	1.0000020265579224,
					"bytes":	3776,
					"bits_per_second":	30207.938781862344,
					"packets":	59,
					"omitted":	false,
					"sender":	true
				}],
			"sum":	{
				"start":	3.001235,
				"end":	4.001237,
				"seconds":	1.0000020265579224,
				"bytes":	3776,
				"bits_per_second":	30207.938781862344,
				"packets":	59,
				"omitted":	false,
				"sender":	true
			}
		}, {
			"streams":	[{
					"socket":	5,
					"start":	4.001237,
					"end":	5.001134,
					"seconds":	0.999897003173828,
					"bytes":	3776,
					"bits_per_second":	30211.111648614933,
					"packets":	59,
					"omitted":	false,
					"sender":	true
				}],
			"sum":	{
				"start":	4.001237,
				"end":	5.001134,
				"seconds":	0.999897003173828,
				"bytes":	3776,
				"bits_per_second":	30211.111648614933,
				"packets":	59,
				"omitted":	false,
				"sender":	true
			}
		}, {
			"streams":	[{
					"socket":	5,
					"start":	5.001134,
					"end":	6.001277,
					"seconds":	1.0001430511474609,
					"bytes":	3712,
					"bits_per_second":	29691.752560726061,
					"packets":	58,
					"omitted":	false,
					"sender":	true
				}],
			"sum":	{
				"start":	5.001134,
				"end":	6.001277,
				"seconds":	1.0001430511474609,
				"bytes":	3712,
				"bits_per_second":	29691.752560726061,
				"packets":	58,
				"omitted":	false,
				"sender":	true
			}
		}, {
			"streams":	[{
					"socket":	5,
					"start":	6.001277,
					"end":	7.001237,
					"seconds":	0.99996000528335571,
					"bytes":	3776,
					"bits_per_second":	30209.208208722357,
					"packets":	59,
					"omitted":	false,
					"sender":	true
				}],
			"sum":	{
				"start":	6.001277,
				"end":	7.001237,
				"seconds":	0.99996000528335571,
				"bytes":	3776,
				"bits_per_second":	30209.208208722357,
				"packets":	59,
				"omitted":	false,
				"sender":	true
			}
		}, {
			"streams":	[{
					"socket":	5,
					"start":	7.001237,
					"end":	8.001243,
					"seconds":	1.0000059604644775,
					"bytes":	3712,
					"bits_per_second":	29695.822999101882,
					"packets":	58,
					"omitted":	false,
					"sender":	true
				}],
			"sum":	{
				"start":	7.001237,
				"end":	8.001243,
				"seconds":	1.0000059604644775,
				"bytes":	3712,
				"bits_per_second":	29695.822999101882,
				"packets":	58,
				"omitted":	false,
				"sender":	true
			}
		}, {
			"streams":	[{
					"socket":	5,
					"start":	8.001243,
					"end":	9.001252,
					"seconds":	1.0000089406967163,
					"bytes":	3776,
					"bits_per_second":	30207.72992184828,
					"packets":	59,
					"omitted":	false,
					"sender":	true
				}],
			"sum":	{
				"start":	8.001243,
				"end":	9.001252,
				"seconds":	1.0000089406967163,
				"bytes":	3776,
				"bits_per_second":	30207.72992184828,
				"packets":	59,
				"omitted":	false,
				"sender":	true
			}
		}, {
			"streams":	[{
					"socket":	5,
					"start":	9.001252,
					"end":	10.001264,
					"seconds":	1.0000120401382446,
					"bytes":	3712,
					"bits_per_second":	29695.642460359515,
					"packets":	58,
					"omitted":	false,
					"sender":	true
				}],
			"sum":	{
				"start":	9.001252,
				"end":	10.001264,
				"seconds":	1.0000120401382446,
				"bytes":	3712,
				"bits_per_second":	29695.642460359515,
				"packets":	58,
				"omitted":	false,
				"sender":	true
			}
		}, {
			"streams":	[{
					"socket":	5,
					"start":	10.001264,
					"end":	11.00132,
					"seconds":	1.0000560283660889,
					"bytes":	3776,
					"bits_per_second":	30206.307589940159,
					"packets":	59,
					"omitted":	false,
					"sender":	true
				}],
			"sum":	{
				"start":	10.001264,
				"end":	11.00132,
				"seconds":	1.0000560283660889,
				"bytes":	3776,
				"bits_per_second":	30206.307589940159,
				"packets":	59,
				"omitted":	false,
				"sender":	true
			}
		}, {
			"streams":	[{
					"socket":	5,
					"start":	11.00132,
					"end":	12.001229,
					"seconds":	0.999908983707428,
					"bytes":	3776,
					"bits_per_second":	30210.749670430825,
					"packets":	59,
					"omitted":	false,
					"sender":	true
				}],
			"sum":	{
				"start":	11.00132,
				"end":	12.001229,
				"seconds":	0.999908983707428,
				"bytes":	3776,
				"bits_per_second":	30210.749670430825,
				"packets":	59,
				"omitted":	false,
				"sender":	true
			}
		}, {
			"streams":	[{
					"socket":	5,
					"start":	12.001229,
					"end":	13.001248,
					"seconds":	1.0000189542770386,
					"bytes":	3712,
					"bits_per_second":	29695.437144457581,
					"packets":	58,
					"omitted":	false,
					"sender":	true
				}],
			"sum":	{
				"start":	12.001229,
				"end":	13.001248,
				"seconds":	1.0000189542770386,
				"bytes":	3712,
				"bits_per_second":	29695.437144457581,
				"packets":	58,
				"omitted":	false,
				"sender":	true
			}
		}, {
			"streams":	[{
					"socket":	5,
					"start":	13.001248,
					"end":	14.001241,
					"seconds":	0.99999302625656128,
					"bytes":	3776,
					"bits_per_second":	30208.210664310915,
					"packets":	59,
					"omitted":	false,
					"sender":	true
				}],
			"sum":	{
				"start":	13.001248,
				"end":	14.001241,
				"seconds":	0.99999302625656128,
				"bytes":	3776,
				"bits_per_second":	30208.210664310915,
				"packets":	59,
				"omitted":	false,
				"sender":	true
			}
		}, {
			"streams":	[{
					"socket":	5,
					"start":	14.001241,
					"end":	15.001233,
					"seconds":	0.9999920129776,
					"bytes":	3712,
					"bits_per_second":	29696.237184511585,
					"packets":	58,
					"omitted":	false,
					"sender":	true
				}],
			"sum":	{
				"start":	14.001241,
				"end":	15.001233,
				"seconds":	0.9999920129776,
				"bytes":	3712,
				"bits_per_second":	29696.237184511585,
				"packets":	58,