{
	"start":	{
		"connected":	[{
				"socket":	5,
				"local_host":	"fd00::2",
				"local_port":	54562,
				"remote_host":	"fd00::8",
				"remote_port":	5123
			}],
		"version":	"iperf 3.18",
		"system_info":	"Linux rpi02 6.12.75+rpt-rpi-v6 #1 Raspbian 1:6.12.75-1+rpt1 (2026-03-11) armv6l",
		"timestamp":	{
			"time":	"Tue, 19 May 2026 17:34:00 GMT",
			"timesecs":	1779212040
		},
		"connecting_to":	{
			"host":	"fd00::8",
			"port":	5123
		},
		"cookie":	"5erwt2vu3epqay3lmlwh7k2obdat3vzs6s3o",
		"target_bitrate":	70000,
		"fq_rate":	0,
		"sock_bufsize":	0,
		"sndbuf_actual":	180224,
		"rcvbuf_actual":	180224,
		"test_start":	{
			"protocol":	"UDP",
			"num_streams":	1,
			"blksize":	256,
			"omit":	0,
			"duration":	30,
			"bytes":	0,
			"blocks":	0,
			"reverse":	0,
			"tos":	0,
			"target_bitrate":	70000,
			"bidir":	0,
			"fqrate":	0,
			"interval":	1
		}
	},
	"intervals":	[{
			"streams":	[{
					"socket":	5,
					"start":	0,
					"end":	1.000932,
					"seconds":	1.000931978225708,
					"bytes":	8960,
					"bits_per_second":	71613.2580028693,
					"packets":	35,
					"omitted":	false,
					"sender":	true
				}],
			"sum":	{
				"start":	0,
				"end":	1.000932,
				"seconds":	1.000931978225708,
				"bytes":	8960,
				"bits_per_second":	71613.2580028693,
				"packets":	35,
				"omitted":	false,
				"sender":	true
			}
		}, {
			"streams":	[{
					"socket":	5,
					"start":	1.000932,
					"end":	2.001278,
					"seconds":	1.0003459453582764,
					"bytes":	8704,
					"bits_per_second":	69607.91946336237,
					"packets":	34,
					"omitted":	false,
					"sender":	true
				}],
			"sum":	{
				"start":	1.000932,
				"end":	2.001278,
				"seconds":	1.0003459453582764,
				"bytes":	8704,
				"bits_per_second":	69607.91946336237,
				"packets":	34,
				"omitted":	false,
				"sender":	true
			}
		}, {
			"streams":	[{
					"socket":	5,
					"start":	2.001278,
					"end":	3.001247,
					"seconds":	0.9999690055847168,
					"bytes":	8704,
					"bits_per_second":	69634.1582700193,
					"packets":	34,
					"omitted":	false,
					"sender":	true
				}],
			"sum":	{
				"start":	2.001278,
				"end":	3.001247,
				"seconds":	0.9999690055847168,
				"bytes":	8704,
				"bits_per_second":	69634.1582700193,
				"packets":	34,
				"omitted":	false,
				"sender":	true
			}
		}, {
			"streams":	[{
					"socket":	5,
					"start":	3.001247,
					"end":	4.001312,
					"seconds":	1.0000649690628052,
					"bytes":	8704,
					"bits_per_second":	69627.476368114876,
					"packets":	34,
					"omitted":	false,
					"sender":	true
				}],
			"sum":	{
				"start":	3.001247,
				"end":	4.001312,
				"seconds":	1.0000649690628052,
				"bytes":	8704,
				"bits_per_second":	69627.476368114876,
				"packets":	34,
				"omitted":	false,
				"sender":	true
			}
		}, {
			"streams":	[{
					"socket":	5,
					"start":	4.001312,
					"end":	5.001253,
					"seconds":	0.99994099140167236,
					"bytes":	8704,
					"bits_per_second":	69636.1091291927,
					"packets":	34,
					"omitted":	false,
					"sender":	true
				}],
			"sum":	{
				"start":	4.001312,
				"end":	5.001253,
				"seconds":	0.99994099140167236,
				"bytes":	8704,
				"bits_per_second":	69636.1091291927,
				"packets":	34,
				"omitted":	false,
				"sender":	true
			}
		}, {
			"streams":	[{
					"socket":	5,
					"start":	5.001253,
					"end":	6.001228,
					"seconds":	0.999975025653839,
					"bytes":	8960,
					"bits_per_second":	71681.79020584203,
					"packets":	35,
					"omitted":	false,
					"sender":	true
				}],
			"sum":	{
				"start":	5.001253,
				"end":	6.001228,
				"seconds":	0.999975025653839,
				"bytes":	8960,
				"bits_per_second":	71681.79020584203,
				"packets":	35,
				"omitted":	false,
				"sender":	true
			}
		}, {
			"streams":	[{
					"socket":	5,
					"start":	6.001228,
					"end":	7.001236,
					"seconds":	1.0000079870224,
					"bytes":	8704,
					"bits_per_second":	69631.443852098222,
					"packets":	34,
					"omitted":	false,
					"sender":	true
				}],
			"sum":	{
				"start":	6.001228,
				"end":	7.001236,
				"seconds":	1.0000079870224,
				"bytes":	8704,
				"bits_per_second":	69631.443852098222,
				"packets":	34,
				"omitted":	false,
				"sender":	true
			}
		}, {
			"streams":	[{
					"socket":	5,
					"start":	7.001236,
					"end":	8.001335,
					"seconds":	1.0000989437103271,
					"bytes":	8704,
					"bits_per_second":	69625.111033182431,
					"packets":	34,
					"omitted":	false,
					"sender":	true
				}],
			"sum":	{
				"start":	7.001236,
				"end":	8.001335,
				"seconds":	1.0000989437103271,
				"bytes":	8704,
				"bits_per_second":	69625.111033182431,
				"packets":	34,
				"omitted":	false,
				"sender":	true
			}
		}, {
			"streams":	[{
					"socket":	5,
					"start":	8.001335,
					"end":	9.001242,
					"seconds":	0.99990701675415039,
					"bytes":	8704,
					"bits_per_second":	69638.475211461177,
					"packets":	34,
					"omitted":	false,
					"sender":	true
				}],
			"sum":	{
				"start":	8.001335,
				"end":	9.001242,
				"seconds":	0.99990701675415039,
				"bytes":	8704,
				"bits_per_second":	69638.475211461177,
				"packets":	34,
				"omitted":	false,
				"sender":	true
			}
		}, {
			"streams":	[{
					"socket":	5,
					"start":	9.001242,
					"end":	10.001238,
					"seconds":	0.9999960064888,
					"bytes":	8704,
					"bits_per_second":	69632.278077282375,
					"packets":	34,
					"omitted":	false,
					"sender":	true
				}],
			"sum":	{
				"start":	9.001242,
				"end":	10.001238,
				"seconds":	0.9999960064888,
				"bytes":	8704,
				"bits_per_second":	69632.278077282375,
				"packets":	34,
				"omitted":	false,
				"sender":	true
			}
		}, {
			"streams":	[{
					"socket":	5,
					"start":	10.001238,
					"end":	11.001217,
					"seconds":	0.999979019165039,
					"bytes":	8960,
					"bits_per_second":	71681.503937803864,
					"packets":	35,
					"omitted":	false,
					"sender":	true
				}],
			"sum":	{
				"start":	10.001238,
				"end":	11.001217,
				"seconds":	0.999979019165039,
				"bytes":	8960,
				"bits_per_second":	71681.503937803864,
				"packets":	35,
				"omitted":	false,
				"sender":	true
			}
		}, {
			"streams":	[{
					"socket":	5,
					"start":	11.001217,
					"end":	12.001236,
					"seconds":	1.0000189542770386,
					"bytes":	8704,
					"bits_per_second":	69630.6802007971,
					"packets":	34,
					"omitted":	false,
					"sender":	true
				}],
			"sum":	{
				"start":	11.001217,
				"end":	12.001236,
				"seconds":	1.0000189542770386,
				"bytes":	8704,
				"bits_per_second":	69630.6802007971,
				"packets":	34,
				"omitted":	false,
				"sender":	true
			}
		}, {
			"streams":	[{
					"socket":	5,
					"start":	12.001236,
					"end":	13.001253,
					"seconds":	1.0000170469284058,
					"bytes":	8704,
					"bits_per_second":	69630.8130085158,
					"packets":	34,
					"omitted":	false,
					"sender":	true
				}],
			"sum":	{
				"start":	12.001236,
				"end":	13.001253,
				"seconds":	1.0000170469284058,
				"bytes":	8704,
				"bits_per_second":	69630.8130085158,
				"packets":	34,
				"omitted":	false,
				"sender":	true
			}
		}, {
			"streams":	[{
					"socket":	5,
					"start":	13.001253,
					"end":	14.001237,
					"seconds":	0.9999840259552002,
					"bytes":	8704,
					"bits_per_second":	69633.1123224558,
					"packets":	34,
					"omitted":	false,
					"sender":	true
				}],
			"sum":	{
				"start":	13.001253,
				"end":	14.001237,
				"seconds":	0.9999840259552002,
				"bytes":	8704,
				"bits_per_second":	69633.1123224558,
				"packets":	34,
				"omitted":	false,
				"sender":	true
			}
		}, {
			"streams":	[{
					"socket":	5,
					"start":	14.001237,
					"end":	15.00124,
					"seconds":	1.0000029802322388,
					"bytes":	8704,
					"bits_per_second":	69631.7924810872,
					"packets":	34,
					"omitted":	false,
					"sender":	true
				}],
			"sum":	{
				"start":	14.001237,
				"end":	15.00124,
				"seconds":	1.0000029802322388,
				"bytes":	8704,
				"bits_per_second":	69631.7924810872,
				"packets":	34,
				"omitted":	false,