{
	"start":	{
		"connected":	[{
				"socket":	5,
				"local_host":	"fd00::2",
				"local_port":	49228,
				"remote_host":	"fd00::8",
				"remote_port":	5123
			}],
		"version":	"iperf 3.18",
		"system_info":	"Linux rpi02 6.12.75+rpt-rpi-v6 #1 Raspbian 1:6.12.75-1+rpt1 (2026-03-11) armv6l",
		"timestamp":	{
			"time":	"Tue, 19 May 2026 17:27:25 GMT",
			"timesecs":	1779211645
		},
		"connecting_to":	{
			"host":	"fd00::8",
			"port":	5123
		},
		"cookie":	"6m7wk2wzgif4ujo7sppjeopctorryo5rrqpk",
		"target_bitrate":	60000,
		"fq_rate":	0,
		"sock_bufsize":	0,
		"sndbuf_actual":	180224,
		"rcvbuf_actual":	180224,
		"test_start":	{
			"protocol":	"UDP",
			"num_streams":	1,
			"blksize":	256,
			"omit":	0,
			"duration":	30,
			"bytes":	0,
			"blocks":	0,
			"reverse":	0,
			"tos":	0,
			"target_bitrate":	60000,
			"bidir":	0,
			"fqrate":	0,
			"interval":	1
		}
	},
	"intervals":	[{
			"streams":	[{
					"socket":	5,
					"start":	0,
					"end":	1.001216,
					"seconds":	1.0012160539627075,
					"bytes":	7680,
					"bits_per_second":	61365.376390866848,
					"packets":	30,
					"omitted":	false,
					"sender":	true
				}],
			"sum":	{
				"start":	0,
				"end":	1.001216,
				"seconds":	1.0012160539627075,
				"bytes":	7680,
				"bits_per_second":	61365.376390866848,
				"packets":	30,
				"omitted":	false,
				"sender":	true
			}
		}, {
			"streams":	[{
					"socket":	5,
					"start":	1.001216,
					"end":	2.001222,
					"seconds":	1.0000059604644775,
					"bytes":	7424,
					"bits_per_second":	59391.645998203763,
					"packets":	29,
					"omitted":	false,
					"sender":	true
				}],
			"sum":	{
				"start":	1.001216,
				"end":	2.001222,
				"seconds":	1.0000059604644775,
				"bytes":	7424,
				"bits_per_second":	59391.645998203763,
				"packets":	29,
				"omitted":	false,
				"sender":	true
			}
		}, {
			"streams":	[{
					"socket":	5,
					"start":	2.001222,
					"end":	3.001223,
					"seconds":	1.0000009536743164,
					"bytes":	7424,
					"bits_per_second":	59391.943359429017,
					"packets":	29,
					"omitted":	false,
					"sender":	true
				}],
			"sum":	{
				"start":	2.001222,
				"end":	3.001223,
				"seconds":	1.0000009536743164,
				"bytes":	7424,
				"bits_per_second":	59391.943359429017,
				"packets":	29,
				"omitted":	false,
				"sender":	true
			}
		}, {
			"streams":	[{
					"socket":	5,
					"start":	3.001223,
					"end":	4.001215,
					"seconds":	0.9999920129776,
					"bytes":	7680,
					"bits_per_second":	61440.4907265757,
					"packets":	30,
					"omitted":	false,
					"sender":	true
				}],
			"sum":	{
				"start":	3.001223,
				"end":	4.001215,
				"seconds":	0.9999920129776,
				"bytes":	7680,
				"bits_per_second":	61440.4907265757,
				"packets":	30,
				"omitted":	false,
				"sender":	true
			}
		}, {
			"streams":	[{
					"socket":	5,
					"start":	4.001215,
					"end":	5.001226,
					"seconds":	1.0000109672546387,
					"bytes":	7424,
					"bits_per_second":	59391.34863995613,
					"packets":	29,
					"omitted":	false,
					"sender":	true
				}],
			"sum":	{
				"start":	4.001215,
				"end":	5.001226,
				"seconds":	1.0000109672546387,
				"bytes":	7424,
				"bits_per_second":	59391.34863995613,
				"packets":	29,
				"omitted":	false,
				"sender":	true
			}
		}, {
			"streams":	[{
					"socket":	5,
					"start":	5.001226,
					"end":	6.001231,
					"seconds":	1.0000050067901611,
					"bytes":	7424,
					"bits_per_second":	59391.702638207578,
					"packets":	29,
					"omitted":	false,
					"sender":	true
				}],
			"sum":	{
				"start":	5.001226,
				"end":	6.001231,
				"seconds":	1.0000050067901611,
				"bytes":	7424,
				"bits_per_second":	59391.702638207578,
				"packets":	29,
				"omitted":	false,
				"sender":	true
			}
		}, {
			"streams":	[{
					"socket":	5,
					"start":	6.001231,
					"end":	7.001233,
					"seconds":	1.0000020265579224,
					"bytes":	7680,
					"bits_per_second":	61439.87548853358,
					"packets":	30,
					"omitted":	false,
					"sender":	true
				}],
			"sum":	{
				"start":	6.001231,
				"end":	7.001233,
				"seconds":	1.0000020265579224,
				"bytes":	7680,
				"bits_per_second":	61439.87548853358,
				"packets":	30,
				"omitted":	false,
				"sender":	true
			}
		}, {
			"streams":	[{
					"socket":	5,
					"start":	7.001233,
					"end":	8.001219,
					"seconds":	0.99998599290847778,
					"bytes":	7424,
					"bits_per_second":	59392.831920832476,
					"packets":	29,
					"omitted":	false,
					"sender":	true
				}],
			"sum":	{
				"start":	7.001233,
				"end":	8.001219,
				"seconds":	0.99998599290847778,
				"bytes":	7424,
				"bits_per_second":	59392.831920832476,
				"packets":	29,
				"omitted":	false,
				"sender":	true
			}
		}, {
			"streams":	[{
					"socket":	5,
					"start":	8.001219,
					"end":	9.001251,
					"seconds":	1.0000319480895996,
					"bytes":	7424,
					"bits_per_second":	59390.102599680817,
					"packets":	29,
					"omitted":	false,
					"sender":	true
				}],
			"sum":	{
				"start":	8.001219,
				"end":	9.001251,
				"seconds":	1.0000319480895996,
				"bytes":	7424,
				"bits_per_second":	59390.102599680817,
				"packets":	29,
				"omitted":	false,
				"sender":	true
			}
		}, {
			"streams":	[{
					"socket":	5,
					"start":	9.001251,
					"end":	10.001234,
					"seconds":	0.999983012676239,
					"bytes":	7424,
					"bits_per_second":	59393.0089282718,
					"packets":	29,
					"omitted":	false,
					"sender":	true
				}],
			"sum":	{
				"start":	9.001251,
				"end":	10.001234,
				"seconds":	0.999983012676239,
				"bytes":	7424,
				"bits_per_second":	59393.0089282718,
				"packets":	29,
				"omitted":	false,
				"sender":	true
			}
		}, {
			"streams":	[{
					"socket":	5,
					"start":	10.001234,
					"end":	11.001307,
					"seconds":	1.0000729560852051,
					"bytes":	7680,
					"bits_per_second":	61435.5179051211,
					"packets":	30,
					"omitted":	false,
					"sender":	true
				}],
			"sum":	{
				"start":	10.001234,
				"end":	11.001307,
				"seconds":	1.0000729560852051,
				"bytes":	7680,
				"bits_per_second":	61435.5179051211,
				"packets":	30,
				"omitted":	false,
				"sender":	true
			}
		}, {
			"streams":	[{
					"socket":	5,
					"start":	11.001307,
					"end":	12.001327,
					"seconds":	1.0000200271606445,
					"bytes":	7424,
					"bits_per_second":	59390.810570695889,
					"packets":	29,
					"omitted":	false,
					"sender":	true
				}],
			"sum":	{
				"start":	11.001307,
				"end":	12.001327,
				"seconds":	1.0000200271606445,
				"bytes":	7424,
				"bits_per_second":	59390.810570695889,
				"packets":	29,
				"omitted":	false,
				"sender":	true
			}
		}, {
			"streams":	[{
					"socket":	5,
					"start":	12.001327,
					"end":	13.001265,
					"seconds":	0.99993801116943359,
					"bytes":	7424,
					"bits_per_second":	59395.681868859741,
					"packets":	29,
					"omitted":	false,
					"sender":	true
				}],
			"sum":	{
				"start":	12.001327,
				"end":	13.001265,
				"seconds":	0.99993801116943359,
				"bytes":	7424,
				"bits_per_second":	59395.681868859741,
				"packets":	29,
				"omitted":	false,
				"sender":	true
			}
		}, {
			"streams":	[{
					"socket":	5,
					"start":	13.001265,
					"end":	14.001234,
					"seconds":	0.9999690055847168,
					"bytes":	7680,
					"bits_per_second":	61441.9043558994,
					"packets":	30,
					"omitted":	false,
					"sender":	true
				}],
			"sum":	{
				"start":	13.001265,
				"end":	14.001234,
				"seconds":	0.9999690055847168,
				"bytes":	7680,
				"bits_per_second":	61441.9043558994,
				"packets":	30,
				"omitted":	false,
				"sender":	true
			}
		}, {
			"streams":	[{
					"socket":	5,
					"start":	14.001234,
					"end":	15.001215,
					"seconds":	0.99998098611831665,
					"bytes":	7424,
					"bits_per_second":	59393.1292939332,
					"packets":	29,
					"omitted":	false,
					"sender":	true
				}],
			"sum":	{
				"start":	14.001234,
				"end":	15.001215,
				"seconds":	0.99998098611831665,
				"bytes":	7424,
				"bits_per_second":	59393.1292939332,
				"packets":	29,
				"omitted":	false,