{
	"start":	{
		"connected":	[{
				"socket":	5,
				"local_host":	"fd00::2",
				"local_port":	56650,
				"remote_host":	"fd00::8",
				"remote_port":	5123
			}],
		"version":	"iperf 3.18",
		"system_info":	"Linux rpi02 6.12.75+rpt-rpi-v6 #1 Raspbian 1:6.12.75-1+rpt1 (2026-03-11) armv6l",
		"timestamp":	{
			"time":	"Tue, 19 May 2026 17:19:49 GMT",
			"timesecs":	1779211189
		},
		"connecting_to":	{
			"host":	"fd00::8",
			"port":	5123
		},
		"cookie":	"4cb7ycedhhai5ypbcx2n4tkusvkbcn3kxe24",
		"target_bitrate":	30000,
		"fq_rate":	0,
		"sock_bufsize":	0,
		"sndbuf_actual":	180224,
		"rcvbuf_actual":	180224,
		"test_start":	{
			"protocol":	"UDP",
			"num_streams":	1,
			"blksize":	512,
			"omit":	0,
			"duration":	30,
			"bytes":	0,
			"blocks":	0,
			"reverse":	0,
			"tos":	0,
			"target_bitrate":	30000,
			"bidir":	0,
			"fqrate":	0,
			"interval":	1
		}
	},
	"intervals":	[{
			"streams":	[{
					"socket":	5,
					"start":	0,
					"end":	1.001258,
					"seconds":	1.0012580156326294,
					"bytes":	4096,
					"bits_per_second":	32726.829137338838,
					"packets":	8,
					"omitted":	false,
					"sender":	true
				}],
			"sum":	{
				"start":	0,
				"end":	1.001258,
				"seconds":	1.0012580156326294,
				"bytes":	4096,
				"bits_per_second":	32726.829137338838,
				"packets":	8,
				"omitted":	false,
				"sender":	true
			}
		}, {
			"streams":	[{
					"socket":	5,
					"start":	1.001258,
					"end":	2.00125,
					"seconds":	0.9999920129776,
					"bytes":	3584,
					"bits_per_second":	28672.229005735324,
					"packets":	7,
					"omitted":	false,
					"sender":	true
				}],
			"sum":	{
				"start":	1.001258,
				"end":	2.00125,
				"seconds":	0.9999920129776,
				"bytes":	3584,
				"bits_per_second":	28672.229005735324,
				"packets":	7,
				"omitted":	false,
				"sender":	true
			}
		}, {
			"streams":	[{
					"socket":	5,
					"start":	2.00125,
					"end":	3.001265,
					"seconds":	1.0000150203704834,
					"bytes":	3584,
					"bits_per_second":	28671.569342406136,
					"packets":	7,
					"omitted":	false,
					"sender":	true
				}],
			"sum":	{
				"start":	2.00125,
				"end":	3.001265,
				"seconds":	1.0000150203704834,
				"bytes":	3584,
				"bits_per_second":	28671.569342406136,
				"packets":	7,
				"omitted":	false,
				"sender":	true
			}
		}, {
			"streams":	[{
					"socket":	5,
					"start":	3.001265,
					"end":	4.001243,
					"seconds":	0.999978005886078,
					"bytes":	4096,
					"bits_per_second":	32768.720718976576,
					"packets":	8,
					"omitted":	false,
					"sender":	true
				}],
			"sum":	{
				"start":	3.001265,
				"end":	4.001243,
				"seconds":	0.999978005886078,
				"bytes":	4096,
				"bits_per_second":	32768.720718976576,
				"packets":	8,
				"omitted":	false,
				"sender":	true
			}
		}, {
			"streams":	[{
					"socket":	5,
					"start":	4.001243,
					"end":	5.001257,
					"seconds":	1.0000139474868774,
					"bytes":	3584,
					"bits_per_second":	28671.600103233806,
					"packets":	7,
					"omitted":	false,
					"sender":	true
				}],
			"sum":	{
				"start":	4.001243,
				"end":	5.001257,
				"seconds":	1.0000139474868774,
				"bytes":	3584,
				"bits_per_second":	28671.600103233806,
				"packets":	7,
				"omitted":	false,
				"sender":	true
			}
		}, {
			"streams":	[{
					"socket":	5,
					"start":	5.001257,
					"end":	6.001247,
					"seconds":	0.99998998641967773,
					"bytes":	3584,
					"bits_per_second":	28672.287112250022,
					"packets":	7,
					"omitted":	false,
					"sender":	true
				}],
			"sum":	{
				"start":	5.001257,
				"end":	6.001247,
				"seconds":	0.99998998641967773,
				"bytes":	3584,
				"bits_per_second":	28672.287112250022,
				"packets":	7,
				"omitted":	false,
				"sender":	true
			}
		}, {
			"streams":	[{
					"socket":	5,
					"start":	6.001247,
					"end":	7.001251,
					"seconds":	1.0000040531158447,
					"bytes":	4096,
					"bits_per_second":	32767.8671880383,
					"packets":	8,
					"omitted":	false,
					"sender":	true
				}],
			"sum":	{
				"start":	6.001247,
				"end":	7.001251,
				"seconds":	1.0000040531158447,
				"bytes":	4096,
				"bits_per_second":	32767.8671880383,
				"packets":	8,
				"omitted":	false,
				"sender":	true
			}
		}, {
			"streams":	[{
					"socket":	5,
					"start":	7.001251,
					"end":	8.001242,
					"seconds":	0.999990999698639,
					"bytes":	3584,
					"bits_per_second":	28672.258058963234,
					"packets":	7,
					"omitted":	false,
					"sender":	true
				}],
			"sum":	{
				"start":	7.001251,
				"end":	8.001242,
				"seconds":	0.999990999698639,
				"bytes":	3584,
				"bits_per_second":	28672.258058963234,
				"packets":	7,
				"omitted":	false,
				"sender":	true
			}
		}, {
			"streams":	[{
					"socket":	5,
					"start":	8.001242,
					"end":	9.00125,
					"seconds":	1.0000079870224,
					"bytes":	3584,
					"bits_per_second":	28671.7709979228,
					"packets":	7,
					"omitted":	false,
					"sender":	true
				}],
			"sum":	{
				"start":	8.001242,
				"end":	9.00125,
				"seconds":	1.0000079870224,
				"bytes":	3584,
				"bits_per_second":	28671.7709979228,
				"packets":	7,
				"omitted":	false,
				"sender":	true
			}
		}, {
			"streams":	[{
					"socket":	5,
					"start":	9.00125,
					"end":	10.001244,
					"seconds":	0.99999397993087769,
					"bytes":	4096,
					"bits_per_second":	32768.19726681256,
					"packets":	8,
					"omitted":	false,
					"sender":	true
				}],
			"sum":	{
				"start":	9.00125,
				"end":	10.001244,
				"seconds":	0.99999397993087769,
				"bytes":	4096,
				"bits_per_second":	32768.19726681256,
				"packets":	8,
				"omitted":	false,
				"sender":	true
			}
		}, {
			"streams":	[{
					"socket":	5,
					"start":	10.001244,
					"end":	11.001249,
					"seconds":	1.0000050067901611,
					"bytes":	3584,
					"bits_per_second":	28671.856446031245,
					"packets":	7,
					"omitted":	false,
					"sender":	true
				}],
			"sum":	{
				"start":	10.001244,
				"end":	11.001249,
				"seconds":	1.0000050067901611,
				"bytes":	3584,
				"bits_per_second":	28671.856446031245,
				"packets":	7,
				"omitted":	false,
				"sender":	true
			}
		}, {
			"streams":	[{
					"socket":	5,
					"start":	11.001249,
					"end":	12.00125,
					"seconds":	1.0000009536743164,
					"bytes":	3584,
					"bits_per_second":	28671.972656276077,
					"packets":	7,
					"omitted":	false,
					"sender":	true
				}],
			"sum":	{
				"start":	11.001249,
				"end":	12.00125,
				"seconds":	1.0000009536743164,
				"bytes":	3584,
				"bits_per_second":	28671.972656276077,
				"packets":	7,
				"omitted":	false,
				"sender":	true
			}
		}, {
			"streams":	[{
					"socket":	5,
					"start":	12.00125,
					"end":	13.001244,
					"seconds":	0.99999397993087769,
					"bytes":	4096,
					"bits_per_second":	32768.19726681256,
					"packets":	8,
					"omitted":	false,
					"sender":	true
				}],
			"sum":	{
				"start":	12.00125,
				"end":	13.001244,
				"seconds":	0.99999397993087769,
				"bytes":	4096,
				"bits_per_second":	32768.19726681256,
				"packets":	8,
				"omitted":	false,
				"sender":	true
			}
		}, {
			"streams":	[{
					"socket":	5,
					"start":	13.001244,
					"end":	14.00125,
					"seconds":	1.0000059604644775,
					"bytes":	3584,
					"bits_per_second":	28671.829102581127,
					"packets":	7,
					"omitted":	false,
					"sender":	true
				}],
			"sum":	{
				"start":	13.001244,
				"end":	14.00125,
				"seconds":	1.0000059604644775,
				"bytes":	3584,
				"bits_per_second":	28671.829102581127,
				"packets":	7,
				"omitted":	false,
				"sender":	true
			}
		}, {
			"streams":	[{
					"socket":	5,
					"start":	14.00125,
					"end":	15.001254,
					"seconds":	1.0000040531158447,
					"bytes":	3584,
					"bits_per_second":	28671.883789533513,
					"packets":	7,
					"omitted":	false,
					"sender":	true
				}],
			"sum":	{
				"start":	14.00125,
				"end":	15.001254,
				"seconds":	1.0000040531158447,
				"bytes":	3584,
				"bits_per_second":	28671.883789533513,
				"packets":	7,
				"omitted":	false,