{
	"start":	{
		"connected":	[{
				"socket":	5,
				"local_host":	"fd00::2",
				"local_port":	47515,
				"remote_host":	"fd00::8",
				"remote_port":	5123
			}],
		"version":	"iperf 3.18",
		"system_info":	"Linux rpi02 6.12.75+rpt-rpi-v6 #1 Raspbian 1:6.12.75-1+rpt1 (2026-03-11) armv6l",
		"timestamp":	{
			"time":	"Tue, 19 May 2026 17:14:34 GMT",
			"timesecs":	1779210874
		},
		"connecting_to":	{
			"host":	"fd00::8",
			"port":	5123
		},
		"cookie":	"zxlvhlx7mv7zryojhb6ulwtn2ziliavca2yv",
		"target_bitrate":	10000,
		"fq_rate":	0,
		"sock_bufsize":	0,
		"sndbuf_actual":	180224,
		"rcvbuf_actual":	180224,
		"test_start":	{
			"protocol":	"UDP",
			"num_streams":	1,
			"blksize":	128,
			"omit":	0,
			"duration":	30,
			"bytes":	0,
			"blocks":	0,
			"reverse":	0,
			"tos":	0,
			"target_bitrate":	10000,
			"bidir":	0,
			"fqrate":	0,
			"interval":	1
		}
	},
	"intervals":	[{
			"streams":	[{
					"socket":	5,
					"start":	0,
					"end":	1.001213,
					"seconds":	1.0012129545211792,
					"bytes":	1280,
					"bits_per_second":	10227.594393140054,
					"packets":	10,
					"omitted":	false,
					"sender":	true
				}],
			"sum":	{
				"start":	0,
				"end":	1.001213,
				"seconds":	1.0012129545211792,
				"bytes":	1280,
				"bits_per_second":	10227.594393140054,
				"packets":	10,
				"omitted":	false,
				"sender":	true
			}
		}, {
			"streams":	[{
					"socket":	5,
					"start":	1.001213,
					"end":	2.00124,
					"seconds":	1.0000269412994385,
					"bytes":	1280,
					"bits_per_second":	10239.724128526086,
					"packets":	10,
					"omitted":	false,
					"sender":	true
				}],
			"sum":	{
				"start":	1.001213,
				"end":	2.00124,
				"seconds":	1.0000269412994385,
				"bytes":	1280,
				"bits_per_second":	10239.724128526086,
				"packets":	10,
				"omitted":	false,
				"sender":	true
			}
		}, {
			"streams":	[{
					"socket":	5,
					"start":	2.00124,
					"end":	3.001245,
					"seconds":	1.0000050067901611,
					"bytes":	1280,
					"bits_per_second":	10239.948730725444,
					"packets":	10,
					"omitted":	false,
					"sender":	true
				}],
			"sum":	{
				"start":	2.00124,
				"end":	3.001245,
				"seconds":	1.0000050067901611,
				"bytes":	1280,
				"bits_per_second":	10239.948730725444,
				"packets":	10,
				"omitted":	false,
				"sender":	true
			}
		}, {
			"streams":	[{
					"socket":	5,
					"start":	3.001245,
					"end":	4.001234,
					"seconds":	0.99998897314071655,
					"bytes":	1280,
					"bits_per_second":	10240.112916284175,
					"packets":	10,
					"omitted":	false,
					"sender":	true
				}],
			"sum":	{
				"start":	3.001245,
				"end":	4.001234,
				"seconds":	0.99998897314071655,
				"bytes":	1280,
				"bits_per_second":	10240.112916284175,
				"packets":	10,
				"omitted":	false,
				"sender":	true
			}
		}, {
			"streams":	[{
					"socket":	5,
					"start":	4.001234,
					"end":	5.001246,
					"seconds":	1.0000120401382446,
					"bytes":	1152,
					"bits_per_second":	9215.88903942192,
					"packets":	9,
					"omitted":	false,
					"sender":	true
				}],
			"sum":	{
				"start":	4.001234,
				"end":	5.001246,
				"seconds":	1.0000120401382446,
				"bytes":	1152,
				"bits_per_second":	9215.88903942192,
				"packets":	9,
				"omitted":	false,
				"sender":	true
			}
		}, {
			"streams":	[{
					"socket":	5,
					"start":	5.001246,
					"end":	6.001252,
					"seconds":	1.0000059604644775,
					"bytes":	1280,
					"bits_per_second":	10239.938965207546,
					"packets":	10,
					"omitted":	false,
					"sender":	true
				}],
			"sum":	{
				"start":	5.001246,
				"end":	6.001252,
				"seconds":	1.0000059604644775,
				"bytes":	1280,
				"bits_per_second":	10239.938965207546,
				"packets":	10,
				"omitted":	false,
				"sender":	true
			}
		}, {
			"streams":	[{
					"socket":	5,
					"start":	6.001252,
					"end":	7.001242,
					"seconds":	0.99998998641967773,
					"bytes":	1280,
					"bits_per_second":	10240.102540089294,
					"packets":	10,
					"omitted":	false,
					"sender":	true
				}],
			"sum":	{
				"start":	6.001252,
				"end":	7.001242,
				"seconds":	0.99998998641967773,
				"bytes":	1280,
				"bits_per_second":	10240.102540089294,
				"packets":	10,
				"omitted":	false,
				"sender":	true
			}
		}, {
			"streams":	[{
					"socket":	5,
					"start":	7.001242,
					"end":	8.001242,
					"seconds":	1,
					"bytes":	1280,
					"bits_per_second":	10240,
					"packets":	10,
					"omitted":	false,
					"sender":	true
				}],
			"sum":	{
				"start":	7.001242,
				"end":	8.001242,
				"seconds":	1,
				"bytes":	1280,
				"bits_per_second":	10240,
				"packets":	10,
				"omitted":	false,
				"sender":	true
			}
		}, {
			"streams":	[{
					"socket":	5,
					"start":	8.001242,
					"end":	9.001251,
					"seconds":	1.0000089406967163,
					"bytes":	1152,
					"bits_per_second":	9215.9176032757459,
					"packets":	9,
					"omitted":	false,
					"sender":	true
				}],
			"sum":	{
				"start":	8.001242,
				"end":	9.001251,
				"seconds":	1.0000089406967163,
				"bytes":	1152,
				"bits_per_second":	9215.9176032757459,
				"packets":	9,
				"omitted":	false,
				"sender":	true
			}
		}, {
			"streams":	[{
					"socket":	5,
					"start":	9.001251,
					"end":	10.001253,
					"seconds":	1.0000020265579224,
					"bytes":	1280,
					"bits_per_second":	10239.97924808893,
					"packets":	10,
					"omitted":	false,
					"sender":	true
				}],
			"sum":	{
				"start":	9.001251,
				"end":	10.001253,
				"seconds":	1.0000020265579224,
				"bytes":	1280,
				"bits_per_second":	10239.97924808893,
				"packets":	10,
				"omitted":	false,
				"sender":	true
			}
		}, {
			"streams":	[{
					"socket":	5,
					"start":	10.001253,
					"end":	11.00125,
					"seconds":	0.99999701976776123,
					"bytes":	1280,
					"bits_per_second":	10240.030517669074,
					"packets":	10,
					"omitted":	false,
					"sender":	true
				}],
			"sum":	{
				"start":	10.001253,
				"end":	11.00125,
				"seconds":	0.99999701976776123,
				"bytes":	1280,
				"bits_per_second":	10240.030517669074,
				"packets":	10,
				"omitted":	false,
				"sender":	true
			}
		}, {
			"streams":	[{
					"socket":	5,
					"start":	11.00125,
					"end":	12.001245,
					"seconds":	0.999994993209839,
					"bytes":	1280,
					"bits_per_second":	10240.051269787948,
					"packets":	10,
					"omitted":	false,
					"sender":	true
				}],
			"sum":	{
				"start":	11.00125,
				"end":	12.001245,
				"seconds":	0.999994993209839,
				"bytes":	1280,
				"bits_per_second":	10240.051269787948,
				"packets":	10,
				"omitted":	false,
				"sender":	true
			}
		}, {
			"streams":	[{
					"socket":	5,
					"start":	12.001245,
					"end":	13.001247,
					"seconds":	1.0000020265579224,
					"bytes":	1152,
					"bits_per_second":	9215.981323280037,
					"packets":	9,
					"omitted":	false,
					"sender":	true
				}],
			"sum":	{
				"start":	12.001245,
				"end":	13.001247,
				"seconds":	1.0000020265579224,
				"bytes":	1152,
				"bits_per_second":	9215.981323280037,
				"packets":	9,
				"omitted":	false,
				"sender":	true
			}
		}, {
			"streams":	[{
					"socket":	5,
					"start":	13.001247,
					"end":	14.001251,
					"seconds":	1.0000040531158447,
					"bytes":	1280,
					"bits_per_second":	10239.95849626197,
					"packets":	10,
					"omitted":	false,
					"sender":	true
				}],
			"sum":	{
				"start":	13.001247,
				"end":	14.001251,
				"seconds":	1.0000040531158447,
				"bytes":	1280,
				"bits_per_second":	10239.95849626197,
				"packets":	10,
				"omitted":	false,
				"sender":	true
			}
		}, {
			"streams":	[{
					"socket":	5,
					"start":	14.001251,
					"end":	15.001251,
					"seconds":	1,
					"bytes":	1280,
					"bits_per_second":	10240,
					"packets":	10,
					"omitted":	false,
					"sender":	true
				}],
			"sum":	{
				"start":	14.001251,
				"end":	15.001251,
				"seconds":	1,
				"bytes":	1280,
				"bits_per_second":	10240,
				"packets":	10,
				"omitted":	false,
				"sender":	true
			}
		}, {
			"streams":	[{
					"socket":	5,
					"start":	15.001251,
					"end":	16.001255,