{
	"start":	{
		"connected":	[{
				"socket":	5,
				"local_host":	"fd00::2",
				"local_port":	36119,
				"remote_host":	"fd00::8",
				"remote_port":	5123
			}],
		"version":	"iperf 3.18",
		"system_info":	"Linux rpi02 6.12.75+rpt-rpi-v6 #1 Raspbian 1:6.12.75-1+rpt1 (2026-03-11) armv6l",
		"timestamp":	{
			"time":	"Tue, 19 May 2026 17:25:40 GMT",
			"timesecs":	1779211540
		},
		"connecting_to":	{
			"host":	"fd00::8",
			"port":	5123
		},
		"cookie":	"4btndysqe7ufwyqmgqkgodgrjdgbxvbkr7gx",
		"target_bitrate":	60000,
		"fq_rate":	0,
		"sock_bufsize":	0,
		"sndbuf_actual":	180224,
		"rcvbuf_actual":	180224,
		"test_start":	{
			"protocol":	"UDP",
			"num_streams":	1,
			"blksize":	64,
			"omit":	0,
			"duration":	30,
			"bytes":	0,
			"blocks":	0,
			"reverse":	0,
			"tos":	0,
			"target_bitrate":	60000,
			"bidir":	0,
			"fqrate":	0,
			"interval":	1
		}
	},
	"intervals":	[{
			"streams":	[{
					"socket":	5,
					"start":	0,
					"end":	1.00138,
					"seconds":	1.00137996673584,
					"bytes":	7552,
					"bits_per_second":	60332.7428218239,
					"packets":	118,
					"omitted":	false,
					"sender":	true
				}],
			"sum":	{
				"start":	0,
				"end":	1.00138,
				"seconds":	1.00137996673584,
				"bytes":	7552,
				"bits_per_second":	60332.7428218239,
				"packets":	118,
				"omitted":	false,
				"sender":	true
			}
		}, {
			"streams":	[{
					"socket":	5,
					"start":	1.00138,
					"end":	2.001389,
					"seconds":	1.0000089406967163,
					"bytes":	7488,
					"bits_per_second":	59903.464421292352,
					"packets":	117,
					"omitted":	false,
					"sender":	true
				}],
			"sum":	{
				"start":	1.00138,
				"end":	2.001389,
				"seconds":	1.0000089406967163,
				"bytes":	7488,
				"bits_per_second":	59903.464421292352,
				"packets":	117,
				"omitted":	false,
				"sender":	true
			}
		}, {
			"streams":	[{
					"socket":	5,
					"start":	2.001389,
					"end":	3.001392,
					"seconds":	1.0000029802322388,
					"bytes":	7488,
					"bits_per_second":	59903.821472700023,
					"packets":	117,
					"omitted":	false,
					"sender":	true
				}],
			"sum":	{
				"start":	2.001389,
				"end":	3.001392,
				"seconds":	1.0000029802322388,
				"bytes":	7488,
				"bits_per_second":	59903.821472700023,
				"packets":	117,
				"omitted":	false,
				"sender":	true
			}
		}, {
			"streams":	[{
					"socket":	5,
					"start":	3.001392,
					"end":	4.001397,
					"seconds":	1.0000050067901611,
					"bytes":	7488,
					"bits_per_second":	59903.700074743851,
					"packets":	117,
					"omitted":	false,
					"sender":	true
				}],
			"sum":	{
				"start":	3.001392,
				"end":	4.001397,
				"seconds":	1.0000050067901611,
				"bytes":	7488,
				"bits_per_second":	59903.700074743851,
				"packets":	117,
				"omitted":	false,
				"sender":	true
			}
		}, {
			"streams":	[{
					"socket":	5,
					"start":	4.001397,
					"end":	5.00147,
					"seconds":	1.0000729560852051,
					"bytes":	7552,
					"bits_per_second":	60411.592606702412,
					"packets":	118,
					"omitted":	false,
					"sender":	true
				}],
			"sum":	{
				"start":	4.001397,
				"end":	5.00147,
				"seconds":	1.0000729560852051,
				"bytes":	7552,
				"bits_per_second":	60411.592606702412,
				"packets":	118,
				"omitted":	false,
				"sender":	true
			}
		}, {
			"streams":	[{
					"socket":	5,
					"start":	5.00147,
					"end":	6.00139,
					"seconds":	0.99992001056671143,
					"bytes":	7488,
					"bits_per_second":	59908.7920703267,
					"packets":	117,
					"omitted":	false,
					"sender":	true
				}],
			"sum":	{
				"start":	5.00147,
				"end":	6.00139,
				"seconds":	0.99992001056671143,
				"bytes":	7488,
				"bits_per_second":	59908.7920703267,
				"packets":	117,
				"omitted":	false,
				"sender":	true
			}
		}, {
			"streams":	[{
					"socket":	5,
					"start":	6.00139,
					"end":	7.001377,
					"seconds":	0.999987006187439,
					"bytes":	7488,
					"bits_per_second":	59904.778391461929,
					"packets":	117,
					"omitted":	false,
					"sender":	true
				}],
			"sum":	{
				"start":	6.00139,
				"end":	7.001377,
				"seconds":	0.999987006187439,
				"bytes":	7488,
				"bits_per_second":	59904.778391461929,
				"packets":	117,
				"omitted":	false,
				"sender":	true
			}
		}, {
			"streams":	[{
					"socket":	5,
					"start":	7.001377,
					"end":	8.001391,
					"seconds":	1.0000139474868774,
					"bytes":	7488,
					"bits_per_second":	59903.1645013992,
					"packets":	117,
					"omitted":	false,
					"sender":	true
				}],
			"sum":	{
				"start":	7.001377,
				"end":	8.001391,
				"seconds":	1.0000139474868774,
				"bytes":	7488,
				"bits_per_second":	59903.1645013992,
				"packets":	117,
				"omitted":	false,
				"sender":	true
			}
		}, {
			"streams":	[{
					"socket":	5,
					"start":	8.001391,
					"end":	9.001397,
					"seconds":	1.0000059604644775,
					"bytes":	7488,
					"bits_per_second":	59903.642946464141,
					"packets":	117,
					"omitted":	false,
					"sender":	true
				}],
			"sum":	{
				"start":	8.001391,
				"end":	9.001397,
				"seconds":	1.0000059604644775,
				"bytes":	7488,
				"bits_per_second":	59903.642946464141,
				"packets":	117,
				"omitted":	false,
				"sender":	true
			}
		}, {
			"streams":	[{
					"socket":	5,
					"start":	9.001397,
					"end":	10.00148,
					"seconds":	1.0000829696655273,
					"bytes":	7552,
					"bits_per_second":	60410.987720554651,
					"packets":	118,
					"omitted":	false,
					"sender":	true
				}],
			"sum":	{
				"start":	9.001397,
				"end":	10.00148,
				"seconds":	1.0000829696655273,
				"bytes":	7552,
				"bits_per_second":	60410.987720554651,
				"packets":	118,
				"omitted":	false,
				"sender":	true
			}
		}, {
			"streams":	[{
					"socket":	5,
					"start":	10.00148,
					"end":	11.001394,
					"seconds":	0.999913990497589,
					"bytes":	7488,
					"bits_per_second":	59909.152756418436,
					"packets":	117,
					"omitted":	false,
					"sender":	true
				}],
			"sum":	{
				"start":	10.00148,
				"end":	11.001394,
				"seconds":	0.999913990497589,
				"bytes":	7488,
				"bits_per_second":	59909.152756418436,
				"packets":	117,
				"omitted":	false,
				"sender":	true
			}
		}, {
			"streams":	[{
					"socket":	5,
					"start":	11.001394,
					"end":	12.001455,
					"seconds":	1.00006103515625,
					"bytes":	7488,
					"bits_per_second":	59900.343973146169,
					"packets":	117,
					"omitted":	false,
					"sender":	true
				}],
			"sum":	{
				"start":	11.001394,
				"end":	12.001455,
				"seconds":	1.00006103515625,
				"bytes":	7488,
				"bits_per_second":	59900.343973146169,
				"packets":	117,
				"omitted":	false,
				"sender":	true
			}
		}, {
			"streams":	[{
					"socket":	5,
					"start":	12.001455,
					"end":	13.001391,
					"seconds":	0.99993598461151123,
					"bytes":	7488,
					"bits_per_second":	59907.83502333254,
					"packets":	117,
					"omitted":	false,
					"sender":	true
				}],
			"sum":	{
				"start":	12.001455,
				"end":	13.001391,
				"seconds":	0.99993598461151123,
				"bytes":	7488,
				"bits_per_second":	59907.83502333254,
				"packets":	117,
				"omitted":	false,
				"sender":	true
			}
		}, {
			"streams":	[{
					"socket":	5,
					"start":	13.001391,
					"end":	14.001407,
					"seconds":	1.0000159740448,
					"bytes":	7488,
					"bits_per_second":	59903.043106105775,
					"packets":	117,
					"omitted":	false,
					"sender":	true
				}],
			"sum":	{
				"start":	13.001391,
				"end":	14.001407,
				"seconds":	1.0000159740448,
				"bytes":	7488,
				"bits_per_second":	59903.043106105775,
				"packets":	117,
				"omitted":	false,
				"sender":	true
			}
		}, {
			"streams":	[{
					"socket":	5,
					"start":	14.001407,
					"end":	15.001403,
					"seconds":	0.9999960064888,
					"bytes":	7488,
					"bits_per_second":	59904.239228250284,
					"packets":	117,
					"omitted":	false,
					"sender":	true
				}],
			"sum":	{
				"start":	14.001407,
				"end":	15.001403,
				"seconds":	0.9999960064888,
				"bytes":	7488,
				"bits_per_second":	59904.239228250284,
				"packets":	117,