{
	"start":	{
		"connected":	[{
				"socket":	5,
				"local_host":	"fd00::2",
				"local_port":	32859,
				"remote_host":	"fd00::8",
				"remote_port":	5123
			}],
		"version":	"iperf 3.18",
		"system_info":	"Linux rpi02 6.12.75+rpt-rpi-v6 #1 Raspbian 1:6.12.75-1+rpt1 (2026-03-11) armv6l",
		"timestamp":	{
			"time":	"Tue, 19 May 2026 17:37:02 GMT",
			"timesecs":	1779212222
		},
		"connecting_to":	{
			"host":	"fd00::8",
			"port":	5123
		},
		"cookie":	"nagudrls5ed37enlapzbnrjczurdjygll4mp",
		"target_bitrate":	80000,
		"fq_rate":	0,
		"sock_bufsize":	0,
		"sndbuf_actual":	180224,
		"rcvbuf_actual":	180224,
		"test_start":	{
			"protocol":	"UDP",
			"num_streams":	1,
			"blksize":	128,
			"omit":	0,
			"duration":	30,
			"bytes":	0,
			"blocks":	0,
			"reverse":	0,
			"tos":	0,
			"target_bitrate":	80000,
			"bidir":	0,
			"fqrate":	0,
			"interval":	1
		}
	},
	"intervals":	[{
			"streams":	[{
					"socket":	5,
					"start":	0,
					"end":	1.001181,
					"seconds":	1.0011810064315796,
					"bytes":	10112,
					"bits_per_second":	80800.5740024278,
					"packets":	79,
					"omitted":	false,
					"sender":	true
				}],
			"sum":	{
				"start":	0,
				"end":	1.001181,
				"seconds":	1.0011810064315796,
				"bytes":	10112,
				"bits_per_second":	80800.5740024278,
				"packets":	79,
				"omitted":	false,
				"sender":	true
			}
		}, {
			"streams":	[{
					"socket":	5,
					"start":	1.001181,
					"end":	2.001236,
					"seconds":	1.0000549554824829,
					"bytes":	9984,
					"bits_per_second":	79867.6108369117,
					"packets":	78,
					"omitted":	false,
					"sender":	true
				}],
			"sum":	{
				"start":	1.001181,
				"end":	2.001236,
				"seconds":	1.0000549554824829,
				"bytes":	9984,
				"bits_per_second":	79867.6108369117,
				"packets":	78,
				"omitted":	false,
				"sender":	true
			}
		}, {
			"streams":	[{
					"socket":	5,
					"start":	2.001236,
					"end":	3.001256,
					"seconds":	1.0000200271606445,
					"bytes":	9984,
					"bits_per_second":	79870.40042266,
					"packets":	78,
					"omitted":	false,
					"sender":	true
				}],
			"sum":	{
				"start":	2.001236,
				"end":	3.001256,
				"seconds":	1.0000200271606445,
				"bytes":	9984,
				"bits_per_second":	79870.40042266,
				"packets":	78,
				"omitted":	false,
				"sender":	true
			}
		}, {
			"streams":	[{
					"socket":	5,
					"start":	3.001256,
					"end":	4.001261,
					"seconds":	1.0000050067901611,
					"bytes":	9984,
					"bits_per_second":	79871.600099658463,
					"packets":	78,
					"omitted":	false,
					"sender":	true
				}],
			"sum":	{
				"start":	3.001256,
				"end":	4.001261,
				"seconds":	1.0000050067901611,
				"bytes":	9984,
				"bits_per_second":	79871.600099658463,
				"packets":	78,
				"omitted":	false,
				"sender":	true
			}
		}, {
			"streams":	[{
					"socket":	5,
					"start":	4.001261,
					"end":	5.001267,
					"seconds":	1.0000059604644775,
					"bytes":	9984,
					"bits_per_second":	79871.523928618859,
					"packets":	78,
					"omitted":	false,
					"sender":	true
				}],
			"sum":	{
				"start":	4.001261,
				"end":	5.001267,
				"seconds":	1.0000059604644775,
				"bytes":	9984,
				"bits_per_second":	79871.523928618859,
				"packets":	78,
				"omitted":	false,
				"sender":	true
			}
		}, {
			"streams":	[{
					"socket":	5,
					"start":	5.001267,
					"end":	6.001235,
					"seconds":	0.99996799230575562,
					"bytes":	9984,
					"bits_per_second":	79874.556600385564,
					"packets":	78,
					"omitted":	false,
					"sender":	true
				}],
			"sum":	{
				"start":	5.001267,
				"end":	6.001235,
				"seconds":	0.99996799230575562,
				"bytes":	9984,
				"bits_per_second":	79874.556600385564,
				"packets":	78,
				"omitted":	false,
				"sender":	true
			}
		}, {
			"streams":	[{
					"socket":	5,
					"start":	6.001235,
					"end":	7.001252,
					"seconds":	1.0000170469284058,
					"bytes":	9984,
					"bits_per_second":	79870.6384509446,
					"packets":	78,
					"omitted":	false,
					"sender":	true
				}],
			"sum":	{
				"start":	6.001235,
				"end":	7.001252,
				"seconds":	1.0000170469284058,
				"bytes":	9984,
				"bits_per_second":	79870.6384509446,
				"packets":	78,
				"omitted":	false,
				"sender":	true
			}
		}, {
			"streams":	[{
					"socket":	5,
					"start":	7.001252,
					"end":	8.00058,
					"seconds":	0.99932801723480225,
					"bytes":	10112,
					"bits_per_second":	80950.397271802562,
					"packets":	79,
					"omitted":	false,
					"sender":	true
				}],
			"sum":	{
				"start":	7.001252,
				"end":	8.00058,
				"seconds":	0.99932801723480225,
				"bytes":	10112,
				"bits_per_second":	80950.397271802562,
				"packets":	79,
				"omitted":	false,
				"sender":	true
			}
		}, {
			"streams":	[{
					"socket":	5,
					"start":	8.00058,
					"end":	9.001245,
					"seconds":	1.0006649494171143,
					"bytes":	9984,
					"bits_per_second":	79818.9244527105,
					"packets":	78,
					"omitted":	false,
					"sender":	true
				}],
			"sum":	{
				"start":	8.00058,
				"end":	9.001245,
				"seconds":	1.0006649494171143,
				"bytes":	9984,
				"bits_per_second":	79818.9244527105,
				"packets":	78,
				"omitted":	false,
				"sender":	true
			}
		}, {
			"streams":	[{
					"socket":	5,
					"start":	9.001245,
					"end":	10.001225,
					"seconds":	0.99997997283935547,
					"bytes":	9984,
					"bits_per_second":	79873.599641411274,
					"packets":	78,
					"omitted":	false,
					"sender":	true
				}],
			"sum":	{
				"start":	9.001245,
				"end":	10.001225,
				"seconds":	0.99997997283935547,
				"bytes":	9984,
				"bits_per_second":	79873.599641411274,
				"packets":	78,
				"omitted":	false,
				"sender":	true
			}
		}, {
			"streams":	[{
					"socket":	5,
					"start":	10.001225,
					"end":	11.001247,
					"seconds":	1.0000220537185669,
					"bytes":	9984,
					"bits_per_second":	79870.238564236832,
					"packets":	78,
					"omitted":	false,
					"sender":	true
				}],
			"sum":	{
				"start":	10.001225,
				"end":	11.001247,
				"seconds":	1.0000220537185669,
				"bytes":	9984,
				"bits_per_second":	79870.238564236832,
				"packets":	78,
				"omitted":	false,
				"sender":	true
			}
		}, {
			"streams":	[{
					"socket":	5,
					"start":	11.001247,
					"end":	12.001295,
					"seconds":	1.000048041343689,
					"bytes":	9984,
					"bits_per_second":	79868.163026130249,
					"packets":	78,
					"omitted":	false,
					"sender":	true
				}],
			"sum":	{
				"start":	11.001247,
				"end":	12.001295,
				"seconds":	1.000048041343689,
				"bytes":	9984,
				"bits_per_second":	79868.163026130249,
				"packets":	78,
				"omitted":	false,
				"sender":	true
			}
		}, {
			"streams":	[{
					"socket":	5,
					"start":	12.001295,
					"end":	13.001268,
					"seconds":	0.99997299909591675,
					"bytes":	9984,
					"bits_per_second":	79874.1566744431,
					"packets":	78,
					"omitted":	false,
					"sender":	true
				}],
			"sum":	{
				"start":	12.001295,
				"end":	13.001268,
				"seconds":	0.99997299909591675,
				"bytes":	9984,
				"bits_per_second":	79874.1566744431,
				"packets":	78,
				"omitted":	false,
				"sender":	true
			}
		}, {
			"streams":	[{
					"socket":	5,
					"start":	13.001268,
					"end":	14.00125,
					"seconds":	0.99998199939727783,
					"bytes":	9984,
					"bits_per_second":	79873.437770021352,
					"packets":	78,
					"omitted":	false,
					"sender":	true
				}],
			"sum":	{
				"start":	13.001268,
				"end":	14.00125,
				"seconds":	0.99998199939727783,
				"bytes":	9984,
				"bits_per_second":	79873.437770021352,
				"packets":	78,
				"omitted":	false,
				"sender":	true
			}
		}, {
			"streams":	[{
					"socket":	5,
					"start":	14.00125,
					"end":	15.001237,
					"seconds":	0.999987006187439,
					"bytes":	9984,
					"bits_per_second":	79873.037855282571,
					"packets":	78,
					"omitted":	false,
					"sender":	true
				}],
			"sum":	{
				"start":	14.00125,
				"end":	15.001237,
				"seconds":	0.999987006187439,
				"bytes":	9984,
				"bits_per_second":	79873.037855282571,
				"packets":	78,
				"omitted":	false,