{
	"start":	{
		"connected":	[{
				"socket":	5,
				"local_host":	"fd00::2",
				"local_port":	36117,
				"remote_host":	"fd00::8",
				"remote_port":	5123
			}],
		"version":	"iperf 3.18",
		"system_info":	"Linux rpi02 6.12.75+rpt-rpi-v6 #1 Raspbian 1:6.12.75-1+rpt1 (2026-03-11) armv6l",
		"timestamp":	{
			"time":	"Tue, 19 May 2026 17:15:08 GMT",
			"timesecs":	1779210908
		},
		"connecting_to":	{
			"host":	"fd00::8",
			"port":	5123
		},
		"cookie":	"f4tdlwrdlceh7k3ygujx3s6yonsxkrtt4c7s",
		"target_bitrate":	10000,
		"fq_rate":	0,
		"sock_bufsize":	0,
		"sndbuf_actual":	180224,
		"rcvbuf_actual":	180224,
		"test_start":	{
			"protocol":	"UDP",
			"num_streams":	1,
			"blksize":	256,
			"omit":	0,
			"duration":	30,
			"bytes":	0,
			"blocks":	0,
			"reverse":	0,
			"tos":	0,
			"target_bitrate":	10000,
			"bidir":	0,
			"fqrate":	0,
			"interval":	1
		}
	},
	"intervals":	[{
			"streams":	[{
					"socket":	5,
					"start":	0,
					"end":	1.000981,
					"seconds":	1.0009809732437134,
					"bytes":	1280,
					"bits_per_second":	10229.96467836639,
					"packets":	5,
					"omitted":	false,
					"sender":	true
				}],
			"sum":	{
				"start":	0,
				"end":	1.000981,
				"seconds":	1.0009809732437134,
				"bytes":	1280,
				"bits_per_second":	10229.96467836639,
				"packets":	5,
				"omitted":	false,
				"sender":	true
			}
		}, {
			"streams":	[{
					"socket":	5,
					"start":	1.000981,
					"end":	2.001245,
					"seconds":	1.000264048576355,
					"bytes":	1280,
					"bits_per_second":	10237.296856339361,
					"packets":	5,
					"omitted":	false,
					"sender":	true
				}],
			"sum":	{
				"start":	1.000981,
				"end":	2.001245,
				"seconds":	1.000264048576355,
				"bytes":	1280,
				"bits_per_second":	10237.296856339361,
				"packets":	5,
				"omitted":	false,
				"sender":	true
			}
		}, {
			"streams":	[{
					"socket":	5,
					"start":	2.001245,
					"end":	3.001236,
					"seconds":	0.999990999698639,
					"bytes":	1280,
					"bits_per_second":	10240.09216391544,
					"packets":	5,
					"omitted":	false,
					"sender":	true
				}],
			"sum":	{
				"start":	2.001245,
				"end":	3.001236,
				"seconds":	0.999990999698639,
				"bytes":	1280,
				"bits_per_second":	10240.09216391544,
				"packets":	5,
				"omitted":	false,
				"sender":	true
			}
		}, {
			"streams":	[{
					"socket":	5,
					"start":	3.001236,
					"end":	4.001254,
					"seconds":	1.0000180006027222,
					"bytes":	1280,
					"bits_per_second":	10239.815677146047,
					"packets":	5,
					"omitted":	false,
					"sender":	true
				}],
			"sum":	{
				"start":	3.001236,
				"end":	4.001254,
				"seconds":	1.0000180006027222,
				"bytes":	1280,
				"bits_per_second":	10239.815677146047,
				"packets":	5,
				"omitted":	false,
				"sender":	true
			}
		}, {
			"streams":	[{
					"socket":	5,
					"start":	4.001254,
					"end":	5.001248,
					"seconds":	0.99999397993087769,
					"bytes":	1280,
					"bits_per_second":	10240.061645878925,
					"packets":	5,
					"omitted":	false,
					"sender":	true
				}],
			"sum":	{
				"start":	4.001254,
				"end":	5.001248,
				"seconds":	0.99999397993087769,
				"bytes":	1280,
				"bits_per_second":	10240.061645878925,
				"packets":	5,
				"omitted":	false,
				"sender":	true
			}
		}, {
			"streams":	[{
					"socket":	5,
					"start":	5.001248,
					"end":	6.00125,
					"seconds":	1.0000020265579224,
					"bytes":	1280,
					"bits_per_second":	10239.97924808893,
					"packets":	5,
					"omitted":	false,
					"sender":	true
				}],
			"sum":	{
				"start":	5.001248,
				"end":	6.00125,
				"seconds":	1.0000020265579224,
				"bytes":	1280,
				"bits_per_second":	10239.97924808893,
				"packets":	5,
				"omitted":	false,
				"sender":	true
			}
		}, {
			"streams":	[{
					"socket":	5,
					"start":	6.00125,
					"end":	7.001243,
					"seconds":	0.99999302625656128,
					"bytes":	1280,
					"bits_per_second":	10240.071411630819,
					"packets":	5,
					"omitted":	false,
					"sender":	true
				}],
			"sum":	{
				"start":	6.00125,
				"end":	7.001243,
				"seconds":	0.99999302625656128,
				"bytes":	1280,
				"bits_per_second":	10240.071411630819,
				"packets":	5,
				"omitted":	false,
				"sender":	true
			}
		}, {
			"streams":	[{
					"socket":	5,
					"start":	7.001243,
					"end":	8.001232,
					"seconds":	0.99998897314071655,
					"bytes":	1280,
					"bits_per_second":	10240.112916284175,
					"packets":	5,
					"omitted":	false,
					"sender":	true
				}],
			"sum":	{
				"start":	7.001243,
				"end":	8.001232,
				"seconds":	0.99998897314071655,
				"bytes":	1280,
				"bits_per_second":	10240.112916284175,
				"packets":	5,
				"omitted":	false,
				"sender":	true
			}
		}, {
			"streams":	[{
					"socket":	5,
					"start":	8.001232,
					"end":	9.001246,
					"seconds":	1.0000139474868774,
					"bytes":	1024,
					"bits_per_second":	8191.8857437810875,
					"packets":	4,
					"omitted":	false,
					"sender":	true
				}],
			"sum":	{
				"start":	8.001232,
				"end":	9.001246,
				"seconds":	1.0000139474868774,
				"bytes":	1024,
				"bits_per_second":	8191.8857437810875,
				"packets":	4,
				"omitted":	false,
				"sender":	true
			}
		}, {
			"streams":	[{
					"socket":	5,
					"start":	9.001246,
					"end":	10.001243,
					"seconds":	0.99999701976776123,
					"bytes":	1280,
					"bits_per_second":	10240.030517669074,
					"packets":	5,
					"omitted":	false,
					"sender":	true
				}],
			"sum":	{
				"start":	9.001246,
				"end":	10.001243,
				"seconds":	0.99999701976776123,
				"bytes":	1280,
				"bits_per_second":	10240.030517669074,
				"packets":	5,
				"omitted":	false,
				"sender":	true
			}
		}, {
			"streams":	[{
					"socket":	5,
					"start":	10.001243,
					"end":	11.001252,
					"seconds":	1.0000089406967163,
					"bytes":	1280,
					"bits_per_second":	10239.908448084163,
					"packets":	5,
					"omitted":	false,
					"sender":	true
				}],
			"sum":	{
				"start":	10.001243,
				"end":	11.001252,
				"seconds":	1.0000089406967163,
				"bytes":	1280,
				"bits_per_second":	10239.908448084163,
				"packets":	5,
				"omitted":	false,
				"sender":	true
			}
		}, {
			"streams":	[{
					"socket":	5,
					"start":	11.001252,
					"end":	12.00125,
					"seconds":	0.99999797344207764,
					"bytes":	1280,
					"bits_per_second":	10240.02075199518,
					"packets":	5,
					"omitted":	false,
					"sender":	true
				}],
			"sum":	{
				"start":	11.001252,
				"end":	12.00125,
				"seconds":	0.99999797344207764,
				"bytes":	1280,
				"bits_per_second":	10240.02075199518,
				"packets":	5,
				"omitted":	false,
				"sender":	true
			}
		}, {
			"streams":	[{
					"socket":	5,
					"start":	12.00125,
					"end":	13.001251,
					"seconds":	1.0000009536743164,
					"bytes":	1280,
					"bits_per_second":	10239.990234384313,
					"packets":	5,
					"omitted":	false,
					"sender":	true
				}],
			"sum":	{
				"start":	12.00125,
				"end":	13.001251,
				"seconds":	1.0000009536743164,
				"bytes":	1280,
				"bits_per_second":	10239.990234384313,
				"packets":	5,
				"omitted":	false,
				"sender":	true
			}
		}, {
			"streams":	[{
					"socket":	5,
					"start":	13.001251,
					"end":	14.001251,
					"seconds":	1,
					"bytes":	1280,
					"bits_per_second":	10240,
					"packets":	5,
					"omitted":	false,
					"sender":	true
				}],
			"sum":	{
				"start":	13.001251,
				"end":	14.001251,
				"seconds":	1,
				"bytes":	1280,
				"bits_per_second":	10240,
				"packets":	5,
				"omitted":	false,
				"sender":	true
			}
		}, {
			"streams":	[{
					"socket":	5,
					"start":	14.001251,
					"end":	15.001246,
					"seconds":	0.999994993209839,
					"bytes":	1280,
					"bits_per_second":	10240.051269787948,
					"packets":	5,
					"omitted":	false,
					"sender":	true
				}],
			"sum":	{
				"start":	14.001251,
				"end":	15.001246,
				"seconds":	0.999994993209839,
				"bytes":	1280,
				"bits_per_second":	10240.051269787948,
				"packets":	5,
				"omitted":	false,
				"sender":	true
			}
		}, {
			"streams":	[{
					"socket":	5,