{
	"start":	{
		"connected":	[{
				"socket":	5,
				"local_host":	"fd00::2",
				"local_port":	45988,
				"remote_host":	"fd00::8",
				"remote_port":	5123
			}],
		"version":	"iperf 3.18",
		"system_info":	"Linux rpi02 6.12.75+rpt-rpi-v6 #1 Raspbian 1:6.12.75-1+rpt1 (2026-03-11) armv6l",
		"timestamp":	{
			"time":	"Tue, 19 May 2026 17:34:43 GMT",
			"timesecs":	1779212083
		},
		"connecting_to":	{
			"host":	"fd00::8",
			"port":	5123
		},
		"cookie":	"5i7whkt7ief5aucbe4c2z6g35qqa7yngscii",
		"target_bitrate":	70000,
		"fq_rate":	0,
		"sock_bufsize":	0,
		"sndbuf_actual":	180224,
		"rcvbuf_actual":	180224,
		"test_start":	{
			"protocol":	"UDP",
			"num_streams":	1,
			"blksize":	512,
			"omit":	0,
			"duration":	30,
			"bytes":	0,
			"blocks":	0,
			"reverse":	0,
			"tos":	0,
			"target_bitrate":	70000,
			"bidir":	0,
			"fqrate":	0,
			"interval":	1
		}
	},
	"intervals":	[{
			"streams":	[{
					"socket":	5,
					"start":	0,
					"end":	1.001578,
					"seconds":	1.0015779733657837,
					"bytes":	9216,
					"bits_per_second":	73611.842473171069,
					"packets":	18,
					"omitted":	false,
					"sender":	true
				}],
			"sum":	{
				"start":	0,
				"end":	1.001578,
				"seconds":	1.0015779733657837,
				"bytes":	9216,
				"bits_per_second":	73611.842473171069,
				"packets":	18,
				"omitted":	false,
				"sender":	true
			}
		}, {
			"streams":	[{
					"socket":	5,
					"start":	1.001578,
					"end":	2.001305,
					"seconds":	0.99972701072692871,
					"bytes":	8704,
					"bits_per_second":	69651.013979675,
					"packets":	17,
					"omitted":	false,
					"sender":	true
				}],
			"sum":	{
				"start":	1.001578,
				"end":	2.001305,
				"seconds":	0.99972701072692871,
				"bytes":	8704,
				"bits_per_second":	69651.013979675,
				"packets":	17,
				"omitted":	false,
				"sender":	true
			}
		}, {
			"streams":	[{
					"socket":	5,
					"start":	2.001305,
					"end":	3.001254,
					"seconds":	0.99994897842407227,
					"bytes":	8704,
					"bits_per_second":	69635.552915650362,
					"packets":	17,
					"omitted":	false,
					"sender":	true
				}],
			"sum":	{
				"start":	2.001305,
				"end":	3.001254,
				"seconds":	0.99994897842407227,
				"bytes":	8704,
				"bits_per_second":	69635.552915650362,
				"packets":	17,
				"omitted":	false,
				"sender":	true
			}
		}, {
			"streams":	[{
					"socket":	5,
					"start":	3.001254,
					"end":	4.001253,
					"seconds":	0.99999898672103882,
					"bytes":	8704,
					"bits_per_second":	69632.0705567121,
					"packets":	17,
					"omitted":	false,
					"sender":	true
				}],
			"sum":	{
				"start":	3.001254,
				"end":	4.001253,
				"seconds":	0.99999898672103882,
				"bytes":	8704,
				"bits_per_second":	69632.0705567121,
				"packets":	17,
				"omitted":	false,
				"sender":	true
			}
		}, {
			"streams":	[{
					"socket":	5,
					"start":	4.001253,
					"end":	5.00125,
					"seconds":	0.99999701976776123,
					"bytes":	8704,
					"bits_per_second":	69632.2075201497,
					"packets":	17,
					"omitted":	false,
					"sender":	true
				}],
			"sum":	{
				"start":	4.001253,
				"end":	5.00125,
				"seconds":	0.99999701976776123,
				"bytes":	8704,
				"bits_per_second":	69632.2075201497,
				"packets":	17,
				"omitted":	false,
				"sender":	true
			}
		}, {
			"streams":	[{
					"socket":	5,
					"start":	5.00125,
					"end":	6.001251,
					"seconds":	1.0000009536743164,
					"bytes":	8704,
					"bits_per_second":	69631.93359381333,
					"packets":	17,
					"omitted":	false,
					"sender":	true
				}],
			"sum":	{
				"start":	5.00125,
				"end":	6.001251,
				"seconds":	1.0000009536743164,
				"bytes":	8704,
				"bits_per_second":	69631.93359381333,
				"packets":	17,
				"omitted":	false,
				"sender":	true
			}
		}, {
			"streams":	[{
					"socket":	5,
					"start":	6.001251,
					"end":	7.001252,
					"seconds":	1.0000009536743164,
					"bytes":	8704,
					"bits_per_second":	69631.93359381333,
					"packets":	17,
					"omitted":	false,
					"sender":	true
				}],
			"sum":	{
				"start":	6.001251,
				"end":	7.001252,
				"seconds":	1.0000009536743164,
				"bytes":	8704,
				"bits_per_second":	69631.93359381333,
				"packets":	17,
				"omitted":	false,
				"sender":	true
			}
		}, {
			"streams":	[{
					"socket":	5,
					"start":	7.001252,
					"end":	8.001291,
					"seconds":	1.0000389814376831,
					"bytes":	8704,
					"bits_per_second":	69629.2857503366,
					"packets":	17,
					"omitted":	false,
					"sender":	true
				}],
			"sum":	{
				"start":	7.001252,
				"end":	8.001291,
				"seconds":	1.0000389814376831,
				"bytes":	8704,
				"bits_per_second":	69629.2857503366,
				"packets":	17,
				"omitted":	false,
				"sender":	true
			}
		}, {
			"streams":	[{
					"socket":	5,
					"start":	8.001291,
					"end":	9.00131,
					"seconds":	1.0000189542770386,
					"bytes":	8704,
					"bits_per_second":	69630.6802007971,
					"packets":	17,
					"omitted":	false,
					"sender":	true
				}],
			"sum":	{
				"start":	8.001291,
				"end":	9.00131,
				"seconds":	1.0000189542770386,
				"bytes":	8704,
				"bits_per_second":	69630.6802007971,
				"packets":	17,
				"omitted":	false,
				"sender":	true
			}
		}, {
			"streams":	[{
					"socket":	5,
					"start":	9.00131,
					"end":	10.001253,
					"seconds":	0.99994301795959473,
					"bytes":	8704,
					"bits_per_second":	69635.9679995422,
					"packets":	17,
					"omitted":	false,
					"sender":	true
				}],
			"sum":	{
				"start":	9.00131,
				"end":	10.001253,
				"seconds":	0.99994301795959473,
				"bytes":	8704,
				"bits_per_second":	69635.9679995422,
				"packets":	17,
				"omitted":	false,
				"sender":	true
			}
		}, {
			"streams":	[{
					"socket":	5,
					"start":	10.001253,
					"end":	11.001316,
					"seconds":	1.0000629425048828,
					"bytes":	9216,
					"bits_per_second":	73723.3596670742,
					"packets":	18,
					"omitted":	false,
					"sender":	true
				}],
			"sum":	{
				"start":	10.001253,
				"end":	11.001316,
				"seconds":	1.0000629425048828,
				"bytes":	9216,
				"bits_per_second":	73723.3596670742,
				"packets":	18,
				"omitted":	false,
				"sender":	true
			}
		}, {
			"streams":	[{
					"socket":	5,
					"start":	11.001316,
					"end":	12.001251,
					"seconds":	0.99993497133255,
					"bytes":	8704,
					"bits_per_second":	69636.5283706458,
					"packets":	17,
					"omitted":	false,
					"sender":	true
				}],
			"sum":	{
				"start":	11.001316,
				"end":	12.001251,
				"seconds":	0.99993497133255,
				"bytes":	8704,
				"bits_per_second":	69636.5283706458,
				"packets":	17,
				"omitted":	false,
				"sender":	true
			}
		}, {
			"streams":	[{
					"socket":	5,
					"start":	12.001251,
					"end":	13.001252,
					"seconds":	1.0000009536743164,
					"bytes":	8704,
					"bits_per_second":	69631.93359381333,
					"packets":	17,
					"omitted":	false,
					"sender":	true
				}],
			"sum":	{
				"start":	12.001251,
				"end":	13.001252,
				"seconds":	1.0000009536743164,
				"bytes":	8704,
				"bits_per_second":	69631.93359381333,
				"packets":	17,
				"omitted":	false,
				"sender":	true
			}
		}, {
			"streams":	[{
					"socket":	5,
					"start":	13.001252,
					"end":	14.001119,
					"seconds":	0.999867022037506,
					"bytes":	8704,
					"bits_per_second":	69641.260752960428,
					"packets":	17,
					"omitted":	false,
					"sender":	true
				}],
			"sum":	{
				"start":	13.001252,
				"end":	14.001119,
				"seconds":	0.999867022037506,
				"bytes":	8704,
				"bits_per_second":	69641.260752960428,
				"packets":	17,
				"omitted":	false,
				"sender":	true
			}
		}, {
			"streams":	[{
					"socket":	5,
					"start":	14.001119,
					"end":	15.001065,
					"seconds":	0.9999459981918335,
					"bytes":	8704,
					"bits_per_second":	69635.760456977732,
					"packets":	17,
					"omitted":	false,
					"sender":	true
				}],
			"sum":	{
				"start":	14.001119,
				"end":	15.001065,
				"seconds":	0.9999459981918335,
				"bytes":	8704,
				"bits_per_second":	69635.760456977732,
				"packets":	17,
				"omitted":	false,