{
	"start":	{
		"connected":	[{
				"socket":	5,
				"local_host":	"fd00::2",
				"local_port":	33775,
				"remote_host":	"fd00::8",
				"remote_port":	5123
			}],
		"version":	"iperf 3.18",
		"system_info":	"Linux rpi02 6.12.75+rpt-rpi-v6 #1 Raspbian 1:6.12.75-1+rpt1 (2026-03-11) armv6l",
		"timestamp":	{
			"time":	"Tue, 19 May 2026 17:23:55 GMT",
			"timesecs":	1779211435
		},
		"connecting_to":	{
			"host":	"fd00::8",
			"port":	5123
		},
		"cookie":	"kvojjbm5ry74b6ialchw2ypvbzra2hyfcpqa",
		"target_bitrate":	50000,
		"fq_rate":	0,
		"sock_bufsize":	0,
		"sndbuf_actual":	180224,
		"rcvbuf_actual":	180224,
		"test_start":	{
			"protocol":	"UDP",
			"num_streams":	1,
			"blksize":	256,
			"omit":	0,
			"duration":	30,
			"bytes":	0,
			"blocks":	0,
			"reverse":	0,
			"tos":	0,
			"target_bitrate":	50000,
			"bidir":	0,
			"fqrate":	0,
			"interval":	1
		}
	},
	"intervals":	[{
			"streams":	[{
					"socket":	5,
					"start":	0,
					"end":	1.001238,
					"seconds":	1.0012379884719849,
					"bytes":	6400,
					"bits_per_second":	51136.693363121034,
					"packets":	25,
					"omitted":	false,
					"sender":	true
				}],
			"sum":	{
				"start":	0,
				"end":	1.001238,
				"seconds":	1.0012379884719849,
				"bytes":	6400,
				"bits_per_second":	51136.693363121034,
				"packets":	25,
				"omitted":	false,
				"sender":	true
			}
		}, {
			"streams":	[{
					"socket":	5,
					"start":	1.001238,
					"end":	2.001248,
					"seconds":	1.0000100135803223,
					"bytes":	6144,
					"bits_per_second":	49151.5078174285,
					"packets":	24,
					"omitted":	false,
					"sender":	true
				}],
			"sum":	{
				"start":	1.001238,
				"end":	2.001248,
				"seconds":	1.0000100135803223,
				"bytes":	6144,
				"bits_per_second":	49151.5078174285,
				"packets":	24,
				"omitted":	false,
				"sender":	true
			}
		}, {
			"streams":	[{
					"socket":	5,
					"start":	2.001248,
					"end":	3.001275,
					"seconds":	1.0000269412994385,
					"bytes":	6400,
					"bits_per_second":	51198.620642630427,
					"packets":	25,
					"omitted":	false,
					"sender":	true
				}],
			"sum":	{
				"start":	2.001248,
				"end":	3.001275,
				"seconds":	1.0000269412994385,
				"bytes":	6400,
				"bits_per_second":	51198.620642630427,
				"packets":	25,
				"omitted":	false,
				"sender":	true
			}
		}, {
			"streams":	[{
					"socket":	5,
					"start":	3.001275,
					"end":	4.001296,
					"seconds":	1.0000209808349609,
					"bytes":	6144,
					"bits_per_second":	49150.968771636035,
					"packets":	24,
					"omitted":	false,
					"sender":	true
				}],
			"sum":	{
				"start":	3.001275,
				"end":	4.001296,
				"seconds":	1.0000209808349609,
				"bytes":	6144,
				"bits_per_second":	49150.968771636035,
				"packets":	24,
				"omitted":	false,
				"sender":	true
			}
		}, {
			"streams":	[{
					"socket":	5,
					"start":	4.001296,
					"end":	5.00124,
					"seconds":	0.999943971633911,
					"bytes":	6400,
					"bits_per_second":	51202.868813078661,
					"packets":	25,
					"omitted":	false,
					"sender":	true
				}],
			"sum":	{
				"start":	4.001296,
				"end":	5.00124,
				"seconds":	0.999943971633911,
				"bytes":	6400,
				"bits_per_second":	51202.868813078661,
				"packets":	25,
				"omitted":	false,
				"sender":	true
			}
		}, {
			"streams":	[{
					"socket":	5,
					"start":	5.00124,
					"end":	6.000507,
					"seconds":	0.99926698207855225,
					"bytes":	6144,
					"bits_per_second":	49188.0557263686,
					"packets":	24,
					"omitted":	false,
					"sender":	true
				}],
			"sum":	{
				"start":	5.00124,
				"end":	6.000507,
				"seconds":	0.99926698207855225,
				"bytes":	6144,
				"bits_per_second":	49188.0557263686,
				"packets":	24,
				"omitted":	false,
				"sender":	true
			}
		}, {
			"streams":	[{
					"socket":	5,
					"start":	6.000507,
					"end":	7.001269,
					"seconds":	1.0007619857788086,
					"bytes":	6144,
					"bits_per_second":	49114.575392019062,
					"packets":	24,
					"omitted":	false,
					"sender":	true
				}],
			"sum":	{
				"start":	6.000507,
				"end":	7.001269,
				"seconds":	1.0007619857788086,
				"bytes":	6144,
				"bits_per_second":	49114.575392019062,
				"packets":	24,
				"omitted":	false,
				"sender":	true
			}
		}, {
			"streams":	[{
					"socket":	5,
					"start":	7.001269,
					"end":	8.00125,
					"seconds":	0.99998098611831665,
					"bytes":	6400,
					"bits_per_second":	51200.973529252755,
					"packets":	25,
					"omitted":	false,
					"sender":	true
				}],
			"sum":	{
				"start":	7.001269,
				"end":	8.00125,
				"seconds":	0.99998098611831665,
				"bytes":	6400,
				"bits_per_second":	51200.973529252755,
				"packets":	25,
				"omitted":	false,
				"sender":	true
			}
		}, {
			"streams":	[{
					"socket":	5,
					"start":	8.00125,
					"end":	9.001259,
					"seconds":	1.0000089406967163,
					"bytes":	6144,
					"bits_per_second":	49151.560550803981,
					"packets":	24,
					"omitted":	false,
					"sender":	true
				}],
			"sum":	{
				"start":	8.00125,
				"end":	9.001259,
				"seconds":	1.0000089406967163,
				"bytes":	6144,
				"bits_per_second":	49151.560550803981,
				"packets":	24,
				"omitted":	false,
				"sender":	true
			}
		}, {
			"streams":	[{
					"socket":	5,
					"start":	9.001259,
					"end":	10.001253,
					"seconds":	0.99999397993087769,
					"bytes":	6400,
					"bits_per_second":	51200.308229394628,
					"packets":	25,
					"omitted":	false,
					"sender":	true
				}],
			"sum":	{
				"start":	9.001259,
				"end":	10.001253,
				"seconds":	0.99999397993087769,
				"bytes":	6400,
				"bits_per_second":	51200.308229394628,
				"packets":	25,
				"omitted":	false,
				"sender":	true
			}
		}, {
			"streams":	[{
					"socket":	5,
					"start":	10.001253,
					"end":	11.001239,
					"seconds":	0.99998599290847778,
					"bytes":	6144,
					"bits_per_second":	49152.6884862062,
					"packets":	24,
					"omitted":	false,
					"sender":	true
				}],
			"sum":	{
				"start":	10.001253,
				"end":	11.001239,
				"seconds":	0.99998599290847778,
				"bytes":	6144,
				"bits_per_second":	49152.6884862062,
				"packets":	24,
				"omitted":	false,
				"sender":	true
			}
		}, {
			"streams":	[{
					"socket":	5,
					"start":	11.001239,
					"end":	12.001252,
					"seconds":	1.000012993812561,
					"bytes":	6144,
					"bits_per_second":	49151.361336423673,
					"packets":	24,
					"omitted":	false,
					"sender":	true
				}],
			"sum":	{
				"start":	11.001239,
				"end":	12.001252,
				"seconds":	1.000012993812561,
				"bytes":	6144,
				"bits_per_second":	49151.361336423673,
				"packets":	24,
				"omitted":	false,
				"sender":	true
			}
		}, {
			"streams":	[{
					"socket":	5,
					"start":	12.001252,
					"end":	13.001262,
					"seconds":	1.0000100135803223,
					"bytes":	6400,
					"bits_per_second":	51199.487309821365,
					"packets":	25,
					"omitted":	false,
					"sender":	true
				}],
			"sum":	{
				"start":	12.001252,
				"end":	13.001262,
				"seconds":	1.0000100135803223,
				"bytes":	6400,
				"bits_per_second":	51199.487309821365,
				"packets":	25,
				"omitted":	false,
				"sender":	true
			}
		}, {
			"streams":	[{
					"socket":	5,
					"start":	13.001262,
					"end":	14.001259,
					"seconds":	0.99999701976776123,
					"bytes":	6144,
					"bits_per_second":	49152.146484811557,
					"packets":	24,
					"omitted":	false,
					"sender":	true
				}],
			"sum":	{
				"start":	13.001262,
				"end":	14.001259,
				"seconds":	0.99999701976776123,
				"bytes":	6144,
				"bits_per_second":	49152.146484811557,
				"packets":	24,
				"omitted":	false,
				"sender":	true
			}
		}, {
			"streams":	[{
					"socket":	5,
					"start":	14.001259,
					"end":	15.001286,
					"seconds":	1.0000269412994385,
					"bytes":	6400,
					"bits_per_second":	51198.620642630427,
					"packets":	25,
					"omitted":	false,
					"sender":	true
				}],
			"sum":	{
				"start":	14.001259,
				"end":	15.001286,
				"seconds":	1.0000269412994385,
				"bytes":	6400,
				"bits_per_second":	51198.620642630427,
				"packets":	25,