{
	"start":	{
		"connected":	[{
				"socket":	5,
				"local_host":	"fd00::2",
				"local_port":	48035,
				"remote_host":	"fd00::8",
				"remote_port":	5123
			}],
		"version":	"iperf 3.18",
		"system_info":	"Linux rpi02 6.12.75+rpt-rpi-v6 #1 Raspbian 1:6.12.75-1+rpt1 (2026-03-11) armv6l",
		"timestamp":	{
			"time":	"Tue, 19 May 2026 17:26:50 GMT",
			"timesecs":	1779211610
		},
		"connecting_to":	{
			"host":	"fd00::8",
			"port":	5123
		},
		"cookie":	"nx3ahjikz6ygupwrhfryqegnsmgfq7biq64p",
		"target_bitrate":	60000,
		"fq_rate":	0,
		"sock_bufsize":	0,
		"sndbuf_actual":	180224,
		"rcvbuf_actual":	180224,
		"test_start":	{
			"protocol":	"UDP",
			"num_streams":	1,
			"blksize":	128,
			"omit":	0,
			"duration":	30,
			"bytes":	0,
			"blocks":	0,
			"reverse":	0,
			"tos":	0,
			"target_bitrate":	60000,
			"bidir":	0,
			"fqrate":	0,
			"interval":	1
		}
	},
	"intervals":	[{
			"streams":	[{
					"socket":	5,
					"start":	0,
					"end":	1.00116,
					"seconds":	1.0011600255966187,
					"bytes":	7552,
					"bits_per_second":	60345.997098712018,
					"packets":	59,
					"omitted":	false,
					"sender":	true
				}],
			"sum":	{
				"start":	0,
				"end":	1.00116,
				"seconds":	1.0011600255966187,
				"bytes":	7552,
				"bits_per_second":	60345.997098712018,
				"packets":	59,
				"omitted":	false,
				"sender":	true
			}
		}, {
			"streams":	[{
					"socket":	5,
					"start":	1.00116,
					"end":	2.001238,
					"seconds":	1.0000779628753662,
					"bytes":	7552,
					"bits_per_second":	60411.290162114376,
					"packets":	59,
					"omitted":	false,
					"sender":	true
				}],
			"sum":	{
				"start":	1.00116,
				"end":	2.001238,
				"seconds":	1.0000779628753662,
				"bytes":	7552,
				"bits_per_second":	60411.290162114376,
				"packets":	59,
				"omitted":	false,
				"sender":	true
			}
		}, {
			"streams":	[{
					"socket":	5,
					"start":	2.001238,
					"end":	3.001242,
					"seconds":	1.0000040531158447,
					"bytes":	7424,
					"bits_per_second":	59391.75927831942,
					"packets":	58,
					"omitted":	false,
					"sender":	true
				}],
			"sum":	{
				"start":	2.001238,
				"end":	3.001242,
				"seconds":	1.0000040531158447,
				"bytes":	7424,
				"bits_per_second":	59391.75927831942,
				"packets":	58,
				"omitted":	false,
				"sender":	true
			}
		}, {
			"streams":	[{
					"socket":	5,
					"start":	3.001242,
					"end":	4.00123,
					"seconds":	0.9999880194664,
					"bytes":	7552,
					"bits_per_second":	60416.723824589775,
					"packets":	59,
					"omitted":	false,
					"sender":	true
				}],
			"sum":	{
				"start":	3.001242,
				"end":	4.00123,
				"seconds":	0.9999880194664,
				"bytes":	7552,
				"bits_per_second":	60416.723824589775,
				"packets":	59,
				"omitted":	false,
				"sender":	true
			}
		}, {
			"streams":	[{
					"socket":	5,
					"start":	4.00123,
					"end":	5.00102,
					"seconds":	0.9997900128364563,
					"bytes":	7552,
					"bits_per_second":	60428.689249052069,
					"packets":	59,
					"omitted":	false,
					"sender":	true
				}],
			"sum":	{
				"start":	4.00123,
				"end":	5.00102,
				"seconds":	0.9997900128364563,
				"bytes":	7552,
				"bits_per_second":	60428.689249052069,
				"packets":	59,
				"omitted":	false,
				"sender":	true
			}
		}, {
			"streams":	[{
					"socket":	5,
					"start":	5.00102,
					"end":	6.00124,
					"seconds":	1.0002199411392212,
					"bytes":	7424,
					"bits_per_second":	59378.940128262446,
					"packets":	58,
					"omitted":	false,
					"sender":	true
				}],
			"sum":	{
				"start":	5.00102,
				"end":	6.00124,
				"seconds":	1.0002199411392212,
				"bytes":	7424,
				"bits_per_second":	59378.940128262446,
				"packets":	58,
				"omitted":	false,
				"sender":	true
			}
		}, {
			"streams":	[{
					"socket":	5,
					"start":	6.00124,
					"end":	7.001258,
					"seconds":	1.0000180006027222,
					"bytes":	7552,
					"bits_per_second":	60414.912495161683,
					"packets":	59,
					"omitted":	false,
					"sender":	true
				}],
			"sum":	{
				"start":	6.00124,
				"end":	7.001258,
				"seconds":	1.0000180006027222,
				"bytes":	7552,
				"bits_per_second":	60414.912495161683,
				"packets":	59,
				"omitted":	false,
				"sender":	true
			}
		}, {
			"streams":	[{
					"socket":	5,
					"start":	7.001258,
					"end":	8.001216,
					"seconds":	0.99995797872543335,
					"bytes":	7424,
					"bits_per_second":	59394.495832417124,
					"packets":	58,
					"omitted":	false,
					"sender":	true
				}],
			"sum":	{
				"start":	7.001258,
				"end":	8.001216,
				"seconds":	0.99995797872543335,
				"bytes":	7424,
				"bits_per_second":	59394.495832417124,
				"packets":	58,
				"omitted":	false,
				"sender":	true
			}
		}, {
			"streams":	[{
					"socket":	5,
					"start":	8.001216,
					"end":	9.001227,
					"seconds":	1.0000109672546387,
					"bytes":	7552,
					"bits_per_second":	60415.337409610547,
					"packets":	59,
					"omitted":	false,
					"sender":	true
				}],
			"sum":	{
				"start":	8.001216,
				"end":	9.001227,
				"seconds":	1.0000109672546387,
				"bytes":	7552,
				"bits_per_second":	60415.337409610547,
				"packets":	59,
				"omitted":	false,
				"sender":	true
			}
		}, {
			"streams":	[{
					"socket":	5,
					"start":	9.001227,
					"end":	10.001258,
					"seconds":	1.0000309944152832,
					"bytes":	7424,
					"bits_per_second":	59390.159236740881,
					"packets":	58,
					"omitted":	false,
					"sender":	true
				}],
			"sum":	{
				"start":	9.001227,
				"end":	10.001258,
				"seconds":	1.0000309944152832,
				"bytes":	7424,
				"bits_per_second":	59390.159236740881,
				"packets":	58,
				"omitted":	false,
				"sender":	true
			}
		}, {
			"streams":	[{
					"socket":	5,
					"start":	10.001258,
					"end":	11.000761,
					"seconds":	0.99950301647186279,
					"bytes":	7552,
					"bits_per_second":	60446.04068656233,
					"packets":	59,
					"omitted":	false,
					"sender":	true
				}],
			"sum":	{
				"start":	10.001258,
				"end":	11.000761,
				"seconds":	0.99950301647186279,
				"bytes":	7552,
				"bits_per_second":	60446.04068656233,
				"packets":	59,
				"omitted":	false,
				"sender":	true
			}
		}, {
			"streams":	[{
					"socket":	5,
					"start":	11.000761,
					"end":	12.001241,
					"seconds":	1.000480055809021,
					"bytes":	7552,
					"bits_per_second":	60387.010864645,
					"packets":	59,
					"omitted":	false,
					"sender":	true
				}],
			"sum":	{
				"start":	11.000761,
				"end":	12.001241,
				"seconds":	1.000480055809021,
				"bytes":	7552,
				"bits_per_second":	60387.010864645,
				"packets":	59,
				"omitted":	false,
				"sender":	true
			}
		}, {
			"streams":	[{
					"socket":	5,
					"start":	12.001241,
					"end":	13.001239,
					"seconds":	0.99999797344207764,
					"bytes":	7424,
					"bits_per_second":	59392.120361572044,
					"packets":	58,
					"omitted":	false,
					"sender":	true
				}],
			"sum":	{
				"start":	12.001241,
				"end":	13.001239,
				"seconds":	0.99999797344207764,
				"bytes":	7424,
				"bits_per_second":	59392.120361572044,
				"packets":	58,
				"omitted":	false,
				"sender":	true
			}
		}, {
			"streams":	[{
					"socket":	5,
					"start":	13.001239,
					"end":	14.001238,
					"seconds":	0.99999898672103882,
					"bytes":	7552,
					"bits_per_second":	60416.061218323754,
					"packets":	59,
					"omitted":	false,
					"sender":	true
				}],
			"sum":	{
				"start":	13.001239,
				"end":	14.001238,
				"seconds":	0.99999898672103882,
				"bytes":	7552,
				"bits_per_second":	60416.061218323754,
				"packets":	59,
				"omitted":	false,
				"sender":	true
			}
		}, {
			"streams":	[{
					"socket":	5,
					"start":	14.001238,
					"end":	15.001273,
					"seconds":	1.0000350475311279,
					"bytes":	7424,
					"bits_per_second":	59389.918529981638,
					"packets":	58,
					"omitted":	false,
					"sender":	true
				}],
			"sum":	{
				"start":	14.001238,
				"end":	15.001273,
				"seconds":	1.0000350475311279,
				"bytes":	7424,
				"bits_per_second":	59389.918529981638,
				"packets":	58,
				"omitted":	false,