{
	"start":	{
		"connected":	[{
				"socket":	5,
				"local_host":	"fd00::2",
				"local_port":	58279,
				"remote_host":	"fd00::8",
				"remote_port":	5123
			}],
		"version":	"iperf 3.18",
		"system_info":	"Linux rpi02 6.12.75+rpt-rpi-v6 #1 Raspbian 1:6.12.75-1+rpt1 (2026-03-11) armv6l",
		"timestamp":	{
			"time":	"Tue, 19 May 2026 17:29:08 GMT",
			"timesecs":	1779211748
		},
		"connecting_to":	{
			"host":	"fd00::8",
			"port":	5123
		},
		"cookie":	"dlgatxhlawtdmv5f2rsli4b67reseq6rcwpu",
		"target_bitrate":	70000,
		"fq_rate":	0,
		"sock_bufsize":	0,
		"sndbuf_actual":	180224,
		"rcvbuf_actual":	180224,
		"test_start":	{
			"protocol":	"UDP",
			"num_streams":	1,
			"blksize":	64,
			"omit":	0,
			"duration":	30,
			"bytes":	0,
			"blocks":	0,
			"reverse":	0,
			"tos":	0,
			"target_bitrate":	70000,
			"bidir":	0,
			"fqrate":	0,
			"interval":	1
		}
	},
	"intervals":	[{
			"streams":	[{
					"socket":	5,
					"start":	0,
					"end":	1.001226,
					"seconds":	1.00122594833374,
					"bytes":	8768,
					"bits_per_second":	70058.112373870274,
					"packets":	137,
					"omitted":	false,
					"sender":	true
				}],
			"sum":	{
				"start":	0,
				"end":	1.001226,
				"seconds":	1.00122594833374,
				"bytes":	8768,
				"bits_per_second":	70058.112373870274,
				"packets":	137,
				"omitted":	false,
				"sender":	true
			}
		}, {
			"streams":	[{
					"socket":	5,
					"start":	1.001226,
					"end":	2.001238,
					"seconds":	1.0000120401382446,
					"bytes":	8768,
					"bits_per_second":	70143.155466711265,
					"packets":	137,
					"omitted":	false,
					"sender":	true
				}],
			"sum":	{
				"start":	1.001226,
				"end":	2.001238,
				"seconds":	1.0000120401382446,
				"bytes":	8768,
				"bits_per_second":	70143.155466711265,
				"packets":	137,
				"omitted":	false,
				"sender":	true
			}
		}, {
			"streams":	[{
					"socket":	5,
					"start":	2.001238,
					"end":	3.001251,
					"seconds":	1.000012993812561,
					"bytes":	8768,
					"bits_per_second":	70143.0885738546,
					"packets":	137,
					"omitted":	false,
					"sender":	true
				}],
			"sum":	{
				"start":	2.001238,
				"end":	3.001251,
				"seconds":	1.000012993812561,
				"bytes":	8768,
				"bits_per_second":	70143.0885738546,
				"packets":	137,
				"omitted":	false,
				"sender":	true
			}
		}, {
			"streams":	[{
					"socket":	5,
					"start":	3.001251,
					"end":	4.001339,
					"seconds":	1.0000879764556885,
					"bytes":	8768,
					"bits_per_second":	70137.82952234894,
					"packets":	137,
					"omitted":	false,
					"sender":	true
				}],
			"sum":	{
				"start":	3.001251,
				"end":	4.001339,
				"seconds":	1.0000879764556885,
				"bytes":	8768,
				"bits_per_second":	70137.82952234894,
				"packets":	137,
				"omitted":	false,
				"sender":	true
			}
		}, {
			"streams":	[{
					"socket":	5,
					"start":	4.001339,
					"end":	5.001246,
					"seconds":	0.99990701675415039,
					"bytes":	8704,
					"bits_per_second":	69638.475211461177,
					"packets":	136,
					"omitted":	false,
					"sender":	true
				}],
			"sum":	{
				"start":	4.001339,
				"end":	5.001246,
				"seconds":	0.99990701675415039,
				"bytes":	8704,
				"bits_per_second":	69638.475211461177,
				"packets":	136,
				"omitted":	false,
				"sender":	true
			}
		}, {
			"streams":	[{
					"socket":	5,
					"start":	5.001246,
					"end":	6.001247,
					"seconds":	1.0000009536743164,
					"bytes":	8768,
					"bits_per_second":	70143.933105532546,
					"packets":	137,
					"omitted":	false,
					"sender":	true
				}],
			"sum":	{
				"start":	5.001246,
				"end":	6.001247,
				"seconds":	1.0000009536743164,
				"bytes":	8768,
				"bits_per_second":	70143.933105532546,
				"packets":	137,
				"omitted":	false,
				"sender":	true
			}
		}, {
			"streams":	[{
					"socket":	5,
					"start":	6.001247,
					"end":	7.001243,
					"seconds":	0.9999960064888,
					"bytes":	8768,
					"bits_per_second":	70144.280121968273,
					"packets":	137,
					"omitted":	false,
					"sender":	true
				}],
			"sum":	{
				"start":	6.001247,
				"end":	7.001243,
				"seconds":	0.9999960064888,
				"bytes":	8768,
				"bits_per_second":	70144.280121968273,
				"packets":	137,
				"omitted":	false,
				"sender":	true
			}
		}, {
			"streams":	[{
					"socket":	5,
					"start":	7.001243,
					"end":	8.001249,
					"seconds":	1.0000059604644775,
					"bytes":	8704,
					"bits_per_second":	69631.5849634113,
					"packets":	136,
					"omitted":	false,
					"sender":	true
				}],
			"sum":	{
				"start":	7.001243,
				"end":	8.001249,
				"seconds":	1.0000059604644775,
				"bytes":	8704,
				"bits_per_second":	69631.5849634113,
				"packets":	136,
				"omitted":	false,
				"sender":	true
			}
		}, {
			"streams":	[{
					"socket":	5,
					"start":	8.001249,
					"end":	9.00125,
					"seconds":	1.0000009536743164,
					"bytes":	8768,
					"bits_per_second":	70143.933105532546,
					"packets":	137,
					"omitted":	false,
					"sender":	true
				}],
			"sum":	{
				"start":	8.001249,
				"end":	9.00125,
				"seconds":	1.0000009536743164,
				"bytes":	8768,
				"bits_per_second":	70143.933105532546,
				"packets":	137,
				"omitted":	false,
				"sender":	true
			}
		}, {
			"streams":	[{
					"socket":	5,
					"start":	9.00125,
					"end":	10.00124,
					"seconds":	0.99998998641967773,
					"bytes":	8768,
					"bits_per_second":	70144.702399611662,
					"packets":	137,
					"omitted":	false,
					"sender":	true
				}],
			"sum":	{
				"start":	9.00125,
				"end":	10.00124,
				"seconds":	0.99998998641967773,
				"bytes":	8768,
				"bits_per_second":	70144.702399611662,
				"packets":	137,
				"omitted":	false,
				"sender":	true
			}
		}, {
			"streams":	[{
					"socket":	5,
					"start":	10.00124,
					"end":	11.001117,
					"seconds":	0.99987697601318359,
					"bytes":	8768,
					"bits_per_second":	70152.6304562844,
					"packets":	137,
					"omitted":	false,
					"sender":	true
				}],
			"sum":	{
				"start":	10.00124,
				"end":	11.001117,
				"seconds":	0.99987697601318359,
				"bytes":	8768,
				"bits_per_second":	70152.6304562844,
				"packets":	137,
				"omitted":	false,
				"sender":	true
			}
		}, {
			"streams":	[{
					"socket":	5,
					"start":	11.001117,
					"end":	12.001241,
					"seconds":	1.0001239776611328,
					"bytes":	8704,
					"bits_per_second":	69623.368257643233,
					"packets":	136,
					"omitted":	false,
					"sender":	true
				}],
			"sum":	{
				"start":	11.001117,
				"end":	12.001241,
				"seconds":	1.0001239776611328,
				"bytes":	8704,
				"bits_per_second":	69623.368257643233,
				"packets":	136,
				"omitted":	false,
				"sender":	true
			}
		}, {
			"streams":	[{
					"socket":	5,
					"start":	12.001241,
					"end":	13.001241,
					"seconds":	1,
					"bytes":	8768,
					"bits_per_second":	70144,
					"packets":	137,
					"omitted":	false,
					"sender":	true
				}],
			"sum":	{
				"start":	12.001241,
				"end":	13.001241,
				"seconds":	1,
				"bytes":	8768,
				"bits_per_second":	70144,
				"packets":	137,
				"omitted":	false,
				"sender":	true
			}
		}, {
			"streams":	[{
					"socket":	5,
					"start":	13.001241,
					"end":	14.001245,
					"seconds":	1.0000040531158447,
					"bytes":	8768,
					"bits_per_second":	70143.7156993945,
					"packets":	137,
					"omitted":	false,
					"sender":	true
				}],
			"sum":	{
				"start":	13.001241,
				"end":	14.001245,
				"seconds":	1.0000040531158447,
				"bytes":	8768,
				"bits_per_second":	70143.7156993945,
				"packets":	137,
				"omitted":	false,
				"sender":	true
			}
		}, {
			"streams":	[{
					"socket":	5,
					"start":	14.001245,
					"end":	15.001275,
					"seconds":	1.0000300407409668,
					"bytes":	8704,
					"bits_per_second":	69629.908265962236,
					"packets":	136,
					"omitted":	false,
					"sender":	true
				}],
			"sum":	{
				"start":	14.001245,
				"end":	15.001275,
				"seconds":	1.0000300407409668,
				"bytes":	8704,
				"bits_per_second":	69629.908265962236,
				"packets":	136,
				"omitted":	false,