{
	"start":	{
		"connected":	[{
				"socket":	5,
				"local_host":	"fd00::2",
				"local_port":	35301,
				"remote_host":	"fd00::8",
				"remote_port":	5123
			}],
		"version":	"iperf 3.18",
		"system_info":	"Linux rpi02 6.12.75+rpt-rpi-v6 #1 Raspbian 1:6.12.75-1+rpt1 (2026-03-11) armv6l",
		"timestamp":	{
			"time":	"Tue, 19 May 2026 17:21:33 GMT",
			"timesecs":	1779211293
		},
		"connecting_to":	{
			"host":	"fd00::8",
			"port":	5123
		},
		"cookie":	"msin6bkeik64qgxs5ypcz4q7g2l2x3lqv2sf",
		"target_bitrate":	50000,
		"fq_rate":	0,
		"sock_bufsize":	0,
		"sndbuf_actual":	180224,
		"rcvbuf_actual":	180224,
		"test_start":	{
			"protocol":	"UDP",
			"num_streams":	1,
			"blksize":	64,
			"omit":	0,
			"duration":	30,
			"bytes":	0,
			"blocks":	0,
			"reverse":	0,
			"tos":	0,
			"target_bitrate":	50000,
			"bidir":	0,
			"fqrate":	0,
			"interval":	1
		}
	},
	"intervals":	[{
			"streams":	[{
					"socket":	5,
					"start":	0,
					"end":	1.001237,
					"seconds":	1.0012370347976685,
					"bytes":	6272,
					"bits_per_second":	50114.007229206865,
					"packets":	98,
					"omitted":	false,
					"sender":	true
				}],
			"sum":	{
				"start":	0,
				"end":	1.001237,
				"seconds":	1.0012370347976685,
				"bytes":	6272,
				"bits_per_second":	50114.007229206865,
				"packets":	98,
				"omitted":	false,
				"sender":	true
			}
		}, {
			"streams":	[{
					"socket":	5,
					"start":	1.001237,
					"end":	2.00131,
					"seconds":	1.0000729560852051,
					"bytes":	6272,
					"bits_per_second":	50172.339622515559,
					"packets":	98,
					"omitted":	false,
					"sender":	true
				}],
			"sum":	{
				"start":	1.001237,
				"end":	2.00131,
				"seconds":	1.0000729560852051,
				"bytes":	6272,
				"bits_per_second":	50172.339622515559,
				"packets":	98,
				"omitted":	false,
				"sender":	true
			}
		}, {
			"streams":	[{
					"socket":	5,
					"start":	2.00131,
					"end":	3.000735,
					"seconds":	0.99942499399185181,
					"bytes":	6272,
					"bits_per_second":	50204.868100796244,
					"packets":	98,
					"omitted":	false,
					"sender":	true
				}],
			"sum":	{
				"start":	2.00131,
				"end":	3.000735,
				"seconds":	0.99942499399185181,
				"bytes":	6272,
				"bits_per_second":	50204.868100796244,
				"packets":	98,
				"omitted":	false,
				"sender":	true
			}
		}, {
			"streams":	[{
					"socket":	5,
					"start":	3.000735,
					"end":	4.001247,
					"seconds":	1.0005120038986206,
					"bytes":	6208,
					"bits_per_second":	49638.584851034262,
					"packets":	97,
					"omitted":	false,
					"sender":	true
				}],
			"sum":	{
				"start":	3.000735,
				"end":	4.001247,
				"seconds":	1.0005120038986206,
				"bytes":	6208,
				"bits_per_second":	49638.584851034262,
				"packets":	97,
				"omitted":	false,
				"sender":	true
			}
		}, {
			"streams":	[{
					"socket":	5,
					"start":	4.001247,
					"end":	5.001256,
					"seconds":	1.0000089406967163,
					"bytes":	6272,
					"bits_per_second":	50175.5513956124,
					"packets":	98,
					"omitted":	false,
					"sender":	true
				}],
			"sum":	{
				"start":	4.001247,
				"end":	5.001256,
				"seconds":	1.0000089406967163,
				"bytes":	6272,
				"bits_per_second":	50175.5513956124,
				"packets":	98,
				"omitted":	false,
				"sender":	true
			}
		}, {
			"streams":	[{
					"socket":	5,
					"start":	5.001256,
					"end":	6.001134,
					"seconds":	0.99987798929214478,
					"bytes":	6272,
					"bits_per_second":	50182.122756319179,
					"packets":	98,
					"omitted":	false,
					"sender":	true
				}],
			"sum":	{
				"start":	5.001256,
				"end":	6.001134,
				"seconds":	0.99987798929214478,
				"bytes":	6272,
				"bits_per_second":	50182.122756319179,
				"packets":	98,
				"omitted":	false,
				"sender":	true
			}
		}, {
			"streams":	[{
					"socket":	5,
					"start":	6.001134,
					"end":	7.001243,
					"seconds":	1.0001089572906494,
					"bytes":	6208,
					"bits_per_second":	49658.589334648626,
					"packets":	97,
					"omitted":	false,
					"sender":	true
				}],
			"sum":	{
				"start":	6.001134,
				"end":	7.001243,
				"seconds":	1.0001089572906494,
				"bytes":	6208,
				"bits_per_second":	49658.589334648626,
				"packets":	97,
				"omitted":	false,
				"sender":	true
			}
		}, {
			"streams":	[{
					"socket":	5,
					"start":	7.001243,
					"end":	8.001232,
					"seconds":	0.99998897314071655,
					"bytes":	6272,
					"bits_per_second":	50176.553289792457,
					"packets":	98,
					"omitted":	false,
					"sender":	true
				}],
			"sum":	{
				"start":	7.001243,
				"end":	8.001232,
				"seconds":	0.99998897314071655,
				"bytes":	6272,
				"bits_per_second":	50176.553289792457,
				"packets":	98,
				"omitted":	false,
				"sender":	true
			}
		}, {
			"streams":	[{
					"socket":	5,
					"start":	8.001232,
					"end":	9.001375,
					"seconds":	1.0001430511474609,
					"bytes":	6272,
					"bits_per_second":	50168.823292261281,
					"packets":	98,
					"omitted":	false,
					"sender":	true
				}],
			"sum":	{
				"start":	8.001232,
				"end":	9.001375,
				"seconds":	1.0001430511474609,
				"bytes":	6272,
				"bits_per_second":	50168.823292261281,
				"packets":	98,
				"omitted":	false,
				"sender":	true
			}
		}, {
			"streams":	[{
					"socket":	5,
					"start":	9.001375,
					"end":	10.001366,
					"seconds":	0.999990999698639,
					"bytes":	6208,
					"bits_per_second":	49664.446994989885,
					"packets":	97,
					"omitted":	false,
					"sender":	true
				}],
			"sum":	{
				"start":	9.001375,
				"end":	10.001366,
				"seconds":	0.999990999698639,
				"bytes":	6208,
				"bits_per_second":	49664.446994989885,
				"packets":	97,
				"omitted":	false,
				"sender":	true
			}
		}, {
			"streams":	[{
					"socket":	5,
					"start":	10.001366,
					"end":	11.001237,
					"seconds":	0.999871015548706,
					"bytes":	6272,
					"bits_per_second":	50182.472758713353,
					"packets":	98,
					"omitted":	false,
					"sender":	true
				}],
			"sum":	{
				"start":	10.001366,
				"end":	11.001237,
				"seconds":	0.999871015548706,
				"bytes":	6272,
				"bits_per_second":	50182.472758713353,
				"packets":	98,
				"omitted":	false,
				"sender":	true
			}
		}, {
			"streams":	[{
					"socket":	5,
					"start":	11.001237,
					"end":	12.001232,
					"seconds":	0.999994993209839,
					"bytes":	6208,
					"bits_per_second":	49664.248658471544,
					"packets":	97,
					"omitted":	false,
					"sender":	true
				}],
			"sum":	{
				"start":	11.001237,
				"end":	12.001232,
				"seconds":	0.999994993209839,
				"bytes":	6208,
				"bits_per_second":	49664.248658471544,
				"packets":	97,
				"omitted":	false,
				"sender":	true
			}
		}, {
			"streams":	[{
					"socket":	5,
					"start":	12.001232,
					"end":	13.001242,
					"seconds":	1.0000100135803223,
					"bytes":	6272,
					"bits_per_second":	50175.497563624936,
					"packets":	98,
					"omitted":	false,
					"sender":	true
				}],
			"sum":	{
				"start":	12.001232,
				"end":	13.001242,
				"seconds":	1.0000100135803223,
				"bytes":	6272,
				"bits_per_second":	50175.497563624936,
				"packets":	98,
				"omitted":	false,
				"sender":	true
			}
		}, {
			"streams":	[{
					"socket":	5,
					"start":	13.001242,
					"end":	14.001241,
					"seconds":	0.99999898672103882,
					"bytes":	6272,
					"bits_per_second":	50176.050842336677,
					"packets":	98,
					"omitted":	false,
					"sender":	true
				}],
			"sum":	{
				"start":	13.001242,
				"end":	14.001241,
				"seconds":	0.99999898672103882,
				"bytes":	6272,
				"bits_per_second":	50176.050842336677,
				"packets":	98,
				"omitted":	false,
				"sender":	true
			}
		}, {
			"streams":	[{
					"socket":	5,
					"start":	14.001241,
					"end":	15.001222,
					"seconds":	0.99998098611831665,
					"bytes":	6208,
					"bits_per_second":	49664.944323375174,
					"packets":	97,
					"omitted":	false,
					"sender":	true
				}],
			"sum":	{
				"start":	14.001241,
				"end":	15.001222,
				"seconds":	0.99998098611831665,
				"bytes":	6208,
				"bits_per_second":	49664.944323375174,
				"packets":	97,