{
	"start":	{
		"connected":	[{
				"socket":	5,
				"local_host":	"fd00::2",
				"local_port":	58241,
				"remote_host":	"fd00::8",
				"remote_port":	5123
			}],
		"version":	"iperf 3.18",
		"system_info":	"Linux rpi02 6.12.75+rpt-rpi-v6 #1 Raspbian 1:6.12.75-1+rpt1 (2026-03-11) armv6l",
		"timestamp":	{
			"time":	"Tue, 19 May 2026 17:38:11 GMT",
			"timesecs":	1779212291
		},
		"connecting_to":	{
			"host":	"fd00::8",
			"port":	5123
		},
		"cookie":	"f6xjdqzsm73hjw452wj5b7vlfhdajqbjgsaz",
		"target_bitrate":	80000,
		"fq_rate":	0,
		"sock_bufsize":	0,
		"sndbuf_actual":	180224,
		"rcvbuf_actual":	180224,
		"test_start":	{
			"protocol":	"UDP",
			"num_streams":	1,
			"blksize":	512,
			"omit":	0,
			"duration":	30,
			"bytes":	0,
			"blocks":	0,
			"reverse":	0,
			"tos":	0,
			"target_bitrate":	80000,
			"bidir":	0,
			"fqrate":	0,
			"interval":	1
		}
	},
	"intervals":	[{
			"streams":	[{
					"socket":	5,
					"start":	0,
					"end":	1.001289,
					"seconds":	1.0012890100479126,
					"bytes":	10240,
					"bits_per_second":	81814.540235571,
					"packets":	20,
					"omitted":	false,
					"sender":	true
				}],
			"sum":	{
				"start":	0,
				"end":	1.001289,
				"seconds":	1.0012890100479126,
				"bytes":	10240,
				"bits_per_second":	81814.540235571,
				"packets":	20,
				"omitted":	false,
				"sender":	true
			}
		}, {
			"streams":	[{
					"socket":	5,
					"start":	1.001289,
					"end":	2.001229,
					"seconds":	0.99993997812271118,
					"bytes":	10240,
					"bits_per_second":	81924.9172873323,
					"packets":	20,
					"omitted":	false,
					"sender":	true
				}],
			"sum":	{
				"start":	1.001289,
				"end":	2.001229,
				"seconds":	0.99993997812271118,
				"bytes":	10240,
				"bits_per_second":	81924.9172873323,
				"packets":	20,
				"omitted":	false,
				"sender":	true
			}
		}, {
			"streams":	[{
					"socket":	5,
					"start":	2.001229,
					"end":	3.001238,
					"seconds":	1.0000089406967163,
					"bytes":	9728,
					"bits_per_second":	77823.304205439636,
					"packets":	19,
					"omitted":	false,
					"sender":	true
				}],
			"sum":	{
				"start":	2.001229,
				"end":	3.001238,
				"seconds":	1.0000089406967163,
				"bytes":	9728,
				"bits_per_second":	77823.304205439636,
				"packets":	19,
				"omitted":	false,
				"sender":	true
			}
		}, {
			"streams":	[{
					"socket":	5,
					"start":	3.001238,
					"end":	4.001235,
					"seconds":	0.99999701976776123,
					"bytes":	10240,
					"bits_per_second":	81920.2441413526,
					"packets":	20,
					"omitted":	false,
					"sender":	true
				}],
			"sum":	{
				"start":	3.001238,
				"end":	4.001235,
				"seconds":	0.99999701976776123,
				"bytes":	10240,
				"bits_per_second":	81920.2441413526,
				"packets":	20,
				"omitted":	false,
				"sender":	true
			}
		}, {
			"streams":	[{
					"socket":	5,
					"start":	4.001235,
					"end":	5.001242,
					"seconds":	1.0000070333480835,
					"bytes":	9728,
					"bits_per_second":	77823.4526405685,
					"packets":	19,
					"omitted":	false,
					"sender":	true
				}],
			"sum":	{
				"start":	4.001235,
				"end":	5.001242,
				"seconds":	1.0000070333480835,
				"bytes":	9728,
				"bits_per_second":	77823.4526405685,
				"packets":	19,
				"omitted":	false,
				"sender":	true
			}
		}, {
			"streams":	[{
					"socket":	5,
					"start":	5.001242,
					"end":	6.001342,
					"seconds":	1.0001000165939331,
					"bytes":	10240,
					"bits_per_second":	81911.807460014941,
					"packets":	20,
					"omitted":	false,
					"sender":	true
				}],
			"sum":	{
				"start":	5.001242,
				"end":	6.001342,
				"seconds":	1.0001000165939331,
				"bytes":	10240,
				"bits_per_second":	81911.807460014941,
				"packets":	20,
				"omitted":	false,
				"sender":	true
			}
		}, {
			"streams":	[{
					"socket":	5,
					"start":	6.001342,
					"end":	7.001241,
					"seconds":	0.99989902973175049,
					"bytes":	9728,
					"bits_per_second":	77831.858703651669,
					"packets":	19,
					"omitted":	false,
					"sender":	true
				}],
			"sum":	{
				"start":	6.001342,
				"end":	7.001241,
				"seconds":	0.99989902973175049,
				"bytes":	9728,
				"bits_per_second":	77831.858703651669,
				"packets":	19,
				"omitted":	false,
				"sender":	true
			}
		}, {
			"streams":	[{
					"socket":	5,
					"start":	7.001241,
					"end":	8.00131,
					"seconds":	1.00006902217865,
					"bytes":	10240,
					"bits_per_second":	81914.346093369953,
					"packets":	20,
					"omitted":	false,
					"sender":	true
				}],
			"sum":	{
				"start":	7.001241,
				"end":	8.00131,
				"seconds":	1.00006902217865,
				"bytes":	10240,
				"bits_per_second":	81914.346093369953,
				"packets":	20,
				"omitted":	false,
				"sender":	true
			}
		}, {
			"streams":	[{
					"socket":	5,
					"start":	8.00131,
					"end":	9.001245,
					"seconds":	0.99993497133255,
					"bytes":	9728,
					"bits_per_second":	77829.061120133527,
					"packets":	19,
					"omitted":	false,
					"sender":	true
				}],
			"sum":	{
				"start":	8.00131,
				"end":	9.001245,
				"seconds":	0.99993497133255,
				"bytes":	9728,
				"bits_per_second":	77829.061120133527,
				"packets":	19,
				"omitted":	false,
				"sender":	true
			}
		}, {
			"streams":	[{
					"socket":	5,
					"start":	9.001245,
					"end":	10.001306,
					"seconds":	1.00006103515625,
					"bytes":	10240,
					"bits_per_second":	81915.000305157155,
					"packets":	20,
					"omitted":	false,
					"sender":	true
				}],
			"sum":	{
				"start":	9.001245,
				"end":	10.001306,
				"seconds":	1.00006103515625,
				"bytes":	10240,
				"bits_per_second":	81915.000305157155,
				"packets":	20,
				"omitted":	false,
				"sender":	true
			}
		}, {
			"streams":	[{
					"socket":	5,
					"start":	10.001306,
					"end":	11.001243,
					"seconds":	0.99993699789047241,
					"bytes":	9728,
					"bits_per_second":	77828.903385095473,
					"packets":	19,
					"omitted":	false,
					"sender":	true
				}],
			"sum":	{
				"start":	10.001306,
				"end":	11.001243,
				"seconds":	0.99993699789047241,
				"bytes":	9728,
				"bits_per_second":	77828.903385095473,
				"packets":	19,
				"omitted":	false,
				"sender":	true
			}
		}, {
			"streams":	[{
					"socket":	5,
					"start":	11.001243,
					"end":	12.001237,
					"seconds":	0.99999397993087769,
					"bytes":	10240,
					"bits_per_second":	81920.4931670314,
					"packets":	20,
					"omitted":	false,
					"sender":	true
				}],
			"sum":	{
				"start":	11.001243,
				"end":	12.001237,
				"seconds":	0.99999397993087769,
				"bytes":	10240,
				"bits_per_second":	81920.4931670314,
				"packets":	20,
				"omitted":	false,
				"sender":	true
			}
		}, {
			"streams":	[{
					"socket":	5,
					"start":	12.001237,
					"end":	13.00124,
					"seconds":	1.0000029802322388,
					"bytes":	9728,
					"bits_per_second":	77823.768067097466,
					"packets":	19,
					"omitted":	false,
					"sender":	true
				}],
			"sum":	{
				"start":	12.001237,
				"end":	13.00124,
				"seconds":	1.0000029802322388,
				"bytes":	9728,
				"bits_per_second":	77823.768067097466,
				"packets":	19,
				"omitted":	false,
				"sender":	true
			}
		}, {
			"streams":	[{
					"socket":	5,
					"start":	13.00124,
					"end":	14.001244,
					"seconds":	1.0000040531158447,
					"bytes":	10240,
					"bits_per_second":	81919.667970095761,
					"packets":	20,
					"omitted":	false,
					"sender":	true
				}],
			"sum":	{
				"start":	13.00124,
				"end":	14.001244,
				"seconds":	1.0000040531158447,
				"bytes":	10240,
				"bits_per_second":	81919.667970095761,
				"packets":	20,
				"omitted":	false,
				"sender":	true
			}
		}, {
			"streams":	[{
					"socket":	5,
					"start":	14.001244,
					"end":	15.001236,
					"seconds":	0.9999920129776,
					"bytes":	9728,
					"bits_per_second":	77824.6215869959,
					"packets":	19,
					"omitted":	false,
					"sender":	true
				}],
			"sum":	{
				"start":	14.001244,
				"end":	15.001236,
				"seconds":	0.9999920129776,
				"bytes":	9728,
				"bits_per_second":	77824.6215869959,
				"packets":	19,
				"omitted":	false,