{
	"start":	{
		"connected":	[{
				"socket":	5,
				"local_host":	"fd00::2",
				"local_port":	45683,
				"remote_host":	"fd00::8",
				"remote_port":	5123
			}],
		"version":	"iperf 3.18",
		"system_info":	"Linux rpi02 6.12.75+rpt-rpi-v6 #1 Raspbian 1:6.12.75-1+rpt1 (2026-03-11) armv6l",
		"timestamp":	{
			"time":	"Tue, 19 May 2026 17:16:21 GMT",
			"timesecs":	1779210981
		},
		"connecting_to":	{
			"host":	"fd00::8",
			"port":	5123
		},
		"cookie":	"bpcxlii2h3epdk6qdjraws7imgtbvlnpdzvy",
		"target_bitrate":	10000,
		"fq_rate":	0,
		"sock_bufsize":	0,
		"sndbuf_actual":	180224,
		"rcvbuf_actual":	180224,
		"test_start":	{
			"protocol":	"UDP",
			"num_streams":	1,
			"blksize":	1024,
			"omit":	0,
			"duration":	30,
			"bytes":	0,
			"blocks":	0,
			"reverse":	0,
			"tos":	0,
			"target_bitrate":	10000,
			"bidir":	0,
			"fqrate":	0,
			"interval":	1
		}
	},
	"intervals":	[{
			"streams":	[{
					"socket":	5,
					"start":	0,
					"end":	1.001041,
					"seconds":	1.001041054725647,
					"bytes":	2048,
					"bits_per_second":	16366.961097804649,
					"packets":	2,
					"omitted":	false,
					"sender":	true
				}],
			"sum":	{
				"start":	0,
				"end":	1.001041,
				"seconds":	1.001041054725647,
				"bytes":	2048,
				"bits_per_second":	16366.961097804649,
				"packets":	2,
				"omitted":	false,
				"sender":	true
			}
		}, {
			"streams":	[{
					"socket":	5,
					"start":	1.001041,
					"end":	2.00132,
					"seconds":	1.0002789497375488,
					"bytes":	1024,
					"bits_per_second":	8189.71548101597,
					"packets":	1,
					"omitted":	false,
					"sender":	true
				}],
			"sum":	{
				"start":	1.001041,
				"end":	2.00132,
				"seconds":	1.0002789497375488,
				"bytes":	1024,
				"bits_per_second":	8189.71548101597,
				"packets":	1,
				"omitted":	false,
				"sender":	true
			}
		}, {
			"streams":	[{
					"socket":	5,
					"start":	2.00132,
					"end":	3.00135,
					"seconds":	1.0000300407409668,
					"bytes":	1024,
					"bits_per_second":	8191.7539136426167,
					"packets":	1,
					"omitted":	false,
					"sender":	true
				}],
			"sum":	{
				"start":	2.00132,
				"end":	3.00135,
				"seconds":	1.0000300407409668,
				"bytes":	1024,
				"bits_per_second":	8191.7539136426167,
				"packets":	1,
				"omitted":	false,
				"sender":	true
			}
		}, {
			"streams":	[{
					"socket":	5,
					"start":	3.00135,
					"end":	4.001301,
					"seconds":	0.99995100498199463,
					"bytes":	1024,
					"bits_per_second":	8192.4013868534566,
					"packets":	1,
					"omitted":	false,
					"sender":	true
				}],
			"sum":	{
				"start":	3.00135,
				"end":	4.001301,
				"seconds":	0.99995100498199463,
				"bytes":	1024,
				"bits_per_second":	8192.4013868534566,
				"packets":	1,
				"omitted":	false,
				"sender":	true
			}
		}, {
			"streams":	[{
					"socket":	5,
					"start":	4.001301,
					"end":	5.00126,
					"seconds":	0.99995899200439453,
					"bytes":	2048,
					"bits_per_second":	16384.671902553378,
					"packets":	2,
					"omitted":	false,
					"sender":	true
				}],
			"sum":	{
				"start":	4.001301,
				"end":	5.00126,
				"seconds":	0.99995899200439453,
				"bytes":	2048,
				"bits_per_second":	16384.671902553378,
				"packets":	2,
				"omitted":	false,
				"sender":	true
			}
		}, {
			"streams":	[{
					"socket":	5,
					"start":	5.00126,
					"end":	6.001254,
					"seconds":	0.99999397993087769,
					"bytes":	1024,
					"bits_per_second":	8192.04931670314,
					"packets":	1,
					"omitted":	false,
					"sender":	true
				}],
			"sum":	{
				"start":	5.00126,
				"end":	6.001254,
				"seconds":	0.99999397993087769,
				"bytes":	1024,
				"bits_per_second":	8192.04931670314,
				"packets":	1,
				"omitted":	false,
				"sender":	true
			}
		}, {
			"streams":	[{
					"socket":	5,
					"start":	6.001254,
					"end":	7.001257,
					"seconds":	1.0000029802322388,
					"bytes":	1024,
					"bits_per_second":	8191.97558601026,
					"packets":	1,
					"omitted":	false,
					"sender":	true
				}],
			"sum":	{
				"start":	6.001254,
				"end":	7.001257,
				"seconds":	1.0000029802322388,
				"bytes":	1024,
				"bits_per_second":	8191.97558601026,
				"packets":	1,
				"omitted":	false,
				"sender":	true
			}
		}, {
			"streams":	[{
					"socket":	5,
					"start":	7.001257,
					"end":	8.001258,
					"seconds":	1.0000009536743164,
					"bytes":	1024,
					"bits_per_second":	8191.99218750745,
					"packets":	1,
					"omitted":	false,
					"sender":	true
				}],
			"sum":	{
				"start":	7.001257,
				"end":	8.001258,
				"seconds":	1.0000009536743164,
				"bytes":	1024,
				"bits_per_second":	8191.99218750745,
				"packets":	1,
				"omitted":	false,
				"sender":	true
			}
		}, {
			"streams":	[{
					"socket":	5,
					"start":	8.001258,
					"end":	9.001256,
					"seconds":	0.99999797344207764,
					"bytes":	1024,
					"bits_per_second":	8192.016601596144,
					"packets":	1,
					"omitted":	false,
					"sender":	true
				}],
			"sum":	{
				"start":	8.001258,
				"end":	9.001256,
				"seconds":	0.99999797344207764,
				"bytes":	1024,
				"bits_per_second":	8192.016601596144,
				"packets":	1,
				"omitted":	false,
				"sender":	true
			}
		}, {
			"streams":	[{
					"socket":	5,
					"start":	9.001256,
					"end":	10.001382,
					"seconds":	1.0001260042190552,
					"bytes":	2048,
					"bits_per_second":	16381.935806972031,
					"packets":	2,
					"omitted":	false,
					"sender":	true
				}],
			"sum":	{
				"start":	9.001256,
				"end":	10.001382,
				"seconds":	1.0001260042190552,
				"bytes":	2048,
				"bits_per_second":	16381.935806972031,
				"packets":	2,
				"omitted":	false,
				"sender":	true
			}
		}, {
			"streams":	[{
					"socket":	5,
					"start":	10.001382,
					"end":	11.001258,
					"seconds":	0.99987602233886719,
					"bytes":	1024,
					"bits_per_second":	8193.0157509304245,
					"packets":	1,
					"omitted":	false,
					"sender":	true
				}],
			"sum":	{
				"start":	10.001382,
				"end":	11.001258,
				"seconds":	0.99987602233886719,
				"bytes":	1024,
				"bits_per_second":	8193.0157509304245,
				"packets":	1,
				"omitted":	false,
				"sender":	true
			}
		}, {
			"streams":	[{
					"socket":	5,
					"start":	11.001258,
					"end":	12.001264,
					"seconds":	1.0000059604644775,
					"bytes":	1024,
					"bits_per_second":	8191.9511721660365,
					"packets":	1,
					"omitted":	false,
					"sender":	true
				}],
			"sum":	{
				"start":	11.001258,
				"end":	12.001264,
				"seconds":	1.0000059604644775,
				"bytes":	1024,
				"bits_per_second":	8191.9511721660365,
				"packets":	1,
				"omitted":	false,
				"sender":	true
			}
		}, {
			"streams":	[{
					"socket":	5,
					"start":	12.001264,
					"end":	13.001258,
					"seconds":	0.99999397993087769,
					"bytes":	1024,
					"bits_per_second":	8192.04931670314,
					"packets":	1,
					"omitted":	false,
					"sender":	true
				}],
			"sum":	{
				"start":	12.001264,
				"end":	13.001258,
				"seconds":	0.99999397993087769,
				"bytes":	1024,
				"bits_per_second":	8192.04931670314,
				"packets":	1,
				"omitted":	false,
				"sender":	true
			}
		}, {
			"streams":	[{
					"socket":	5,
					"start":	13.001258,
					"end":	14.001258,
					"seconds":	1,
					"bytes":	2048,
					"bits_per_second":	16384,
					"packets":	2,
					"omitted":	false,
					"sender":	true
				}],
			"sum":	{
				"start":	13.001258,
				"end":	14.001258,
				"seconds":	1,
				"bytes":	2048,
				"bits_per_second":	16384,
				"packets":	2,
				"omitted":	false,
				"sender":	true
			}
		}, {
			"streams":	[{
					"socket":	5,
					"start":	14.001258,
					"end":	15.001261,
					"seconds":	1.0000029802322388,
					"bytes":	1024,
					"bits_per_second":	8191.97558601026,
					"packets":	1,
					"omitted":	false,
					"sender":	true
				}],
			"sum":	{
				"start":	14.001258,
				"end":	15.001261,
				"seconds":	1.0000029802322388,
				"bytes":	1024,
				"bits_per_second":	8191.97558601026,
				"packets":	1,
				"omitted":	false,
				"sender":	true
			}
		}, {
			"streams":	[{
					"socket":	5,
					"start":	15.001261,