{
	"start":	{
		"connected":	[{
				"socket":	5,
				"local_host":	"fd00::2",
				"local_port":	42900,
				"remote_host":	"fd00::8",
				"remote_port":	5123
			}],
		"version":	"iperf 3.18",
		"system_info":	"Linux rpi02 6.12.75+rpt-rpi-v6 #1 Raspbian 1:6.12.75-1+rpt1 (2026-03-11) armv6l",
		"timestamp":	{
			"time":	"Tue, 19 May 2026 17:36:27 GMT",
			"timesecs":	1779212187
		},
		"connecting_to":	{
			"host":	"fd00::8",
			"port":	5123
		},
		"cookie":	"zyo3vhm62bivcqhuebmb5eoywrqopbn23wgt",
		"target_bitrate":	80000,
		"fq_rate":	0,
		"sock_bufsize":	0,
		"sndbuf_actual":	180224,
		"rcvbuf_actual":	180224,
		"test_start":	{
			"protocol":	"UDP",
			"num_streams":	1,
			"blksize":	96,
			"omit":	0,
			"duration":	30,
			"bytes":	0,
			"blocks":	0,
			"reverse":	0,
			"tos":	0,
			"target_bitrate":	80000,
			"bidir":	0,
			"fqrate":	0,
			"interval":	1
		}
	},
	"intervals":	[{
			"streams":	[{
					"socket":	5,
					"start":	0,
					"end":	1.001278,
					"seconds":	1.0012780427932739,
					"bytes":	10080,
					"bits_per_second":	80537.070177867776,
					"packets":	105,
					"omitted":	false,
					"sender":	true
				}],
			"sum":	{
				"start":	0,
				"end":	1.001278,
				"seconds":	1.0012780427932739,
				"bytes":	10080,
				"bits_per_second":	80537.070177867776,
				"packets":	105,
				"omitted":	false,
				"sender":	true
			}
		}, {
			"streams":	[{
					"socket":	5,
					"start":	1.001278,
					"end":	2.001276,
					"seconds":	0.99999797344207764,
					"bytes":	9984,
					"bits_per_second":	79872.1618655624,
					"packets":	104,
					"omitted":	false,
					"sender":	true
				}],
			"sum":	{
				"start":	1.001278,
				"end":	2.001276,
				"seconds":	0.99999797344207764,
				"bytes":	9984,
				"bits_per_second":	79872.1618655624,
				"packets":	104,
				"omitted":	false,
				"sender":	true
			}
		}, {
			"streams":	[{
					"socket":	5,
					"start":	2.001276,
					"end":	3.001281,
					"seconds":	1.0000050067901611,
					"bytes":	9984,
					"bits_per_second":	79871.600099658463,
					"packets":	104,
					"omitted":	false,
					"sender":	true
				}],
			"sum":	{
				"start":	2.001276,
				"end":	3.001281,
				"seconds":	1.0000050067901611,
				"bytes":	9984,
				"bits_per_second":	79871.600099658463,
				"packets":	104,
				"omitted":	false,
				"sender":	true
			}
		}, {
			"streams":	[{
					"socket":	5,
					"start":	3.001281,
					"end":	4.001321,
					"seconds":	1.0000400543212891,
					"bytes":	9984,
					"bits_per_second":	79868.8009093874,
					"packets":	104,
					"omitted":	false,
					"sender":	true
				}],
			"sum":	{
				"start":	3.001281,
				"end":	4.001321,
				"seconds":	1.0000400543212891,
				"bytes":	9984,
				"bits_per_second":	79868.8009093874,
				"packets":	104,
				"omitted":	false,
				"sender":	true
			}
		}, {
			"streams":	[{
					"socket":	5,
					"start":	4.001321,
					"end":	5.001287,
					"seconds":	0.999966025352478,
					"bytes":	9984,
					"bits_per_second":	79874.7137152444,
					"packets":	104,
					"omitted":	false,
					"sender":	true
				}],
			"sum":	{
				"start":	4.001321,
				"end":	5.001287,
				"seconds":	0.999966025352478,
				"bytes":	9984,
				"bits_per_second":	79874.7137152444,
				"packets":	104,
				"omitted":	false,
				"sender":	true
			}
		}, {
			"streams":	[{
					"socket":	5,
					"start":	5.001287,
					"end":	6.001238,
					"seconds":	0.99995100498199463,
					"bytes":	10080,
					"bits_per_second":	80643.9511518387,
					"packets":	105,
					"omitted":	false,
					"sender":	true
				}],
			"sum":	{
				"start":	5.001287,
				"end":	6.001238,
				"seconds":	0.99995100498199463,
				"bytes":	10080,
				"bits_per_second":	80643.9511518387,
				"packets":	105,
				"omitted":	false,
				"sender":	true
			}
		}, {
			"streams":	[{
					"socket":	5,
					"start":	6.001238,
					"end":	7.001243,
					"seconds":	1.0000050067901611,
					"bytes":	9984,
					"bits_per_second":	79871.600099658463,
					"packets":	104,
					"omitted":	false,
					"sender":	true
				}],
			"sum":	{
				"start":	6.001238,
				"end":	7.001243,
				"seconds":	1.0000050067901611,
				"bytes":	9984,
				"bits_per_second":	79871.600099658463,
				"packets":	104,
				"omitted":	false,
				"sender":	true
			}
		}, {
			"streams":	[{
					"socket":	5,
					"start":	7.001243,
					"end":	8.001229,
					"seconds":	0.99998599290847778,
					"bytes":	9984,
					"bits_per_second":	79873.118790085064,
					"packets":	104,
					"omitted":	false,
					"sender":	true
				}],
			"sum":	{
				"start":	7.001243,
				"end":	8.001229,
				"seconds":	0.99998599290847778,
				"bytes":	9984,
				"bits_per_second":	79873.118790085064,
				"packets":	104,
				"omitted":	false,
				"sender":	true
			}
		}, {
			"streams":	[{
					"socket":	5,
					"start":	8.001229,
					"end":	9.001277,
					"seconds":	1.000048041343689,
					"bytes":	9984,
					"bits_per_second":	79868.163026130249,
					"packets":	104,
					"omitted":	false,
					"sender":	true
				}],
			"sum":	{
				"start":	8.001229,
				"end":	9.001277,
				"seconds":	1.000048041343689,
				"bytes":	9984,
				"bits_per_second":	79868.163026130249,
				"packets":	104,
				"omitted":	false,
				"sender":	true
			}
		}, {
			"streams":	[{
					"socket":	5,
					"start":	9.001277,
					"end":	10.001287,
					"seconds":	1.0000100135803223,
					"bytes":	9984,
					"bits_per_second":	79871.2002033213,
					"packets":	104,
					"omitted":	false,
					"sender":	true
				}],
			"sum":	{
				"start":	9.001277,
				"end":	10.001287,
				"seconds":	1.0000100135803223,
				"bytes":	9984,
				"bits_per_second":	79871.2002033213,
				"packets":	104,
				"omitted":	false,
				"sender":	true
			}
		}, {
			"streams":	[{
					"socket":	5,
					"start":	10.001287,
					"end":	11.001281,
					"seconds":	0.99999397993087769,
					"bytes":	9984,
					"bits_per_second":	79872.4808378556,
					"packets":	104,
					"omitted":	false,
					"sender":	true
				}],
			"sum":	{
				"start":	10.001287,
				"end":	11.001281,
				"seconds":	0.99999397993087769,
				"bytes":	9984,
				"bits_per_second":	79872.4808378556,
				"packets":	104,
				"omitted":	false,
				"sender":	true
			}
		}, {
			"streams":	[{
					"socket":	5,
					"start":	11.001281,
					"end":	12.001242,
					"seconds":	0.999961018562317,
					"bytes":	10080,
					"bits_per_second":	80643.143585676255,
					"packets":	105,
					"omitted":	false,
					"sender":	true
				}],
			"sum":	{
				"start":	11.001281,
				"end":	12.001242,
				"seconds":	0.999961018562317,
				"bytes":	10080,
				"bits_per_second":	80643.143585676255,
				"packets":	105,
				"omitted":	false,
				"sender":	true
			}
		}, {
			"streams":	[{
					"socket":	5,
					"start":	12.001242,
					"end":	13.001302,
					"seconds":	1.000059962272644,
					"bytes":	9984,
					"bits_per_second":	79867.210980519871,
					"packets":	104,
					"omitted":	false,
					"sender":	true
				}],
			"sum":	{
				"start":	12.001242,
				"end":	13.001302,
				"seconds":	1.000059962272644,
				"bytes":	9984,
				"bits_per_second":	79867.210980519871,
				"packets":	104,
				"omitted":	false,
				"sender":	true
			}
		}, {
			"streams":	[{
					"socket":	5,
					"start":	13.001302,
					"end":	14.00124,
					"seconds":	0.99993801116943359,
					"bytes":	9984,
					"bits_per_second":	79876.951478811374,
					"packets":	104,
					"omitted":	false,
					"sender":	true
				}],
			"sum":	{
				"start":	13.001302,
				"end":	14.00124,
				"seconds":	0.99993801116943359,
				"bytes":	9984,
				"bits_per_second":	79876.951478811374,
				"packets":	104,
				"omitted":	false,
				"sender":	true
			}
		}, {
			"streams":	[{
					"socket":	5,
					"start":	14.00124,
					"end":	15.001238,
					"seconds":	0.99999797344207764,
					"bytes":	9984,
					"bits_per_second":	79872.1618655624,
					"packets":	104,
					"omitted":	false,
					"sender":	true
				}],
			"sum":	{
				"start":	14.00124,
				"end":	15.001238,
				"seconds":	0.99999797344207764,
				"bytes":	9984,
				"bits_per_second":	79872.1618655624,