{
	"start":	{
		"connected":	[{
				"socket":	5,
				"local_host":	"fd00::2",
				"local_port":	32806,
				"remote_host":	"fd00::8",
				"remote_port":	5123
			}],
		"version":	"iperf 3.18",
		"system_info":	"Linux rpi02 6.12.75+rpt-rpi-v6 #1 Raspbian 1:6.12.75-1+rpt1 (2026-03-11) armv6l",
		"timestamp":	{
			"time":	"Tue, 19 May 2026 17:18:06 GMT",
			"timesecs":	1779211086
		},
		"connecting_to":	{
			"host":	"fd00::8",
			"port":	5123
		},
		"cookie":	"5r6w4i2cccsadoybydv3xj5ywhc4pacvebpd",
		"target_bitrate":	30000,
		"fq_rate":	0,
		"sock_bufsize":	0,
		"sndbuf_actual":	180224,
		"rcvbuf_actual":	180224,
		"test_start":	{
			"protocol":	"UDP",
			"num_streams":	1,
			"blksize":	96,
			"omit":	0,
			"duration":	30,
			"bytes":	0,
			"blocks":	0,
			"reverse":	0,
			"tos":	0,
			"target_bitrate":	30000,
			"bidir":	0,
			"fqrate":	0,
			"interval":	1
		}
	},
	"intervals":	[{
			"streams":	[{
					"socket":	5,
					"start":	0,
					"end":	1.001226,
					"seconds":	1.00122594833374,
					"bytes":	3840,
					"bits_per_second":	30682.384981257052,
					"packets":	40,
					"omitted":	false,
					"sender":	true
				}],
			"sum":	{
				"start":	0,
				"end":	1.001226,
				"seconds":	1.00122594833374,
				"bytes":	3840,
				"bits_per_second":	30682.384981257052,
				"packets":	40,
				"omitted":	false,
				"sender":	true
			}
		}, {
			"streams":	[{
					"socket":	5,
					"start":	1.001226,
					"end":	2.001231,
					"seconds":	1.0000050067901611,
					"bytes":	3744,
					"bits_per_second":	29951.850037371925,
					"packets":	39,
					"omitted":	false,
					"sender":	true
				}],
			"sum":	{
				"start":	1.001226,
				"end":	2.001231,
				"seconds":	1.0000050067901611,
				"bytes":	3744,
				"bits_per_second":	29951.850037371925,
				"packets":	39,
				"omitted":	false,
				"sender":	true
			}
		}, {
			"streams":	[{
					"socket":	5,
					"start":	2.001231,
					"end":	3.001343,
					"seconds":	1.0001120567321777,
					"bytes":	3744,
					"bits_per_second":	29948.644052814288,
					"packets":	39,
					"omitted":	false,
					"sender":	true
				}],
			"sum":	{
				"start":	2.001231,
				"end":	3.001343,
				"seconds":	1.0001120567321777,
				"bytes":	3744,
				"bits_per_second":	29948.644052814288,
				"packets":	39,
				"omitted":	false,
				"sender":	true
			}
		}, {
			"streams":	[{
					"socket":	5,
					"start":	3.001343,
					"end":	4.001234,
					"seconds":	0.99989098310470581,
					"bytes":	3744,
					"bits_per_second":	29955.2656300567,
					"packets":	39,
					"omitted":	false,
					"sender":	true
				}],
			"sum":	{
				"start":	3.001343,
				"end":	4.001234,
				"seconds":	0.99989098310470581,
				"bytes":	3744,
				"bits_per_second":	29955.2656300567,
				"packets":	39,
				"omitted":	false,
				"sender":	true
			}
		}, {
			"streams":	[{
					"socket":	5,
					"start":	4.001234,
					"end":	5.001247,
					"seconds":	1.000012993812561,
					"bytes":	3744,
					"bits_per_second":	29951.610814383177,
					"packets":	39,
					"omitted":	false,
					"sender":	true
				}],
			"sum":	{
				"start":	4.001234,
				"end":	5.001247,
				"seconds":	1.000012993812561,
				"bytes":	3744,
				"bits_per_second":	29951.610814383177,
				"packets":	39,
				"omitted":	false,
				"sender":	true
			}
		}, {
			"streams":	[{
					"socket":	5,
					"start":	5.001247,
					"end":	6.001237,
					"seconds":	0.99998998641967773,
					"bytes":	3744,
					"bits_per_second":	29952.299929761182,
					"packets":	39,
					"omitted":	false,
					"sender":	true
				}],
			"sum":	{
				"start":	5.001247,
				"end":	6.001237,
				"seconds":	0.99998998641967773,
				"bytes":	3744,
				"bits_per_second":	29952.299929761182,
				"packets":	39,
				"omitted":	false,
				"sender":	true
			}
		}, {
			"streams":	[{
					"socket":	5,
					"start":	6.001237,
					"end":	7.001238,
					"seconds":	1.0000009536743164,
					"bytes":	3744,
					"bits_per_second":	29951.971435574116,
					"packets":	39,
					"omitted":	false,
					"sender":	true
				}],
			"sum":	{
				"start":	6.001237,
				"end":	7.001238,
				"seconds":	1.0000009536743164,
				"bytes":	3744,
				"bits_per_second":	29951.971435574116,
				"packets":	39,
				"omitted":	false,
				"sender":	true
			}
		}, {
			"streams":	[{
					"socket":	5,
					"start":	7.001238,
					"end":	8.001243,
					"seconds":	1.0000050067901611,
					"bytes":	3744,
					"bits_per_second":	29951.850037371925,
					"packets":	39,
					"omitted":	false,
					"sender":	true
				}],
			"sum":	{
				"start":	7.001238,
				"end":	8.001243,
				"seconds":	1.0000050067901611,
				"bytes":	3744,
				"bits_per_second":	29951.850037371925,
				"packets":	39,
				"omitted":	false,
				"sender":	true
			}
		}, {
			"streams":	[{
					"socket":	5,
					"start":	8.001243,
					"end":	9.001237,
					"seconds":	0.99999397993087769,
					"bytes":	3744,
					"bits_per_second":	29952.180314195855,
					"packets":	39,
					"omitted":	false,
					"sender":	true
				}],
			"sum":	{
				"start":	8.001243,
				"end":	9.001237,
				"seconds":	0.99999397993087769,
				"bytes":	3744,
				"bits_per_second":	29952.180314195855,
				"packets":	39,
				"omitted":	false,
				"sender":	true
			}
		}, {
			"streams":	[{
					"socket":	5,
					"start":	9.001237,
					"end":	10.001234,
					"seconds":	0.99999701976776123,
					"bytes":	3744,
					"bits_per_second":	29952.089264182043,
					"packets":	39,
					"omitted":	false,
					"sender":	true
				}],
			"sum":	{
				"start":	9.001237,
				"end":	10.001234,
				"seconds":	0.99999701976776123,
				"bytes":	3744,
				"bits_per_second":	29952.089264182043,
				"packets":	39,
				"omitted":	false,
				"sender":	true
			}
		}, {
			"streams":	[{
					"socket":	5,
					"start":	10.001234,
					"end":	11.001242,
					"seconds":	1.0000079870224,
					"bytes":	3744,
					"bits_per_second":	29951.760774615777,
					"packets":	39,
					"omitted":	false,
					"sender":	true
				}],
			"sum":	{
				"start":	10.001234,
				"end":	11.001242,
				"seconds":	1.0000079870224,
				"bytes":	3744,
				"bits_per_second":	29951.760774615777,
				"packets":	39,
				"omitted":	false,
				"sender":	true
			}
		}, {
			"streams":	[{
					"socket":	5,
					"start":	11.001242,
					"end":	12.001243,
					"seconds":	1.0000009536743164,
					"bytes":	3744,
					"bits_per_second":	29951.971435574116,
					"packets":	39,
					"omitted":	false,
					"sender":	true
				}],
			"sum":	{
				"start":	11.001242,
				"end":	12.001243,
				"seconds":	1.0000009536743164,
				"bytes":	3744,
				"bits_per_second":	29951.971435574116,
				"packets":	39,
				"omitted":	false,
				"sender":	true
			}
		}, {
			"streams":	[{
					"socket":	5,
					"start":	12.001243,
					"end":	13.001255,
					"seconds":	1.0000120401382446,
					"bytes":	3744,
					"bits_per_second":	29951.639378121235,
					"packets":	39,
					"omitted":	false,
					"sender":	true
				}],
			"sum":	{
				"start":	12.001243,
				"end":	13.001255,
				"seconds":	1.0000120401382446,
				"bytes":	3744,
				"bits_per_second":	29951.639378121235,
				"packets":	39,
				"omitted":	false,
				"sender":	true
			}
		}, {
			"streams":	[{
					"socket":	5,
					"start":	13.001255,
					"end":	14.00124,
					"seconds":	0.9999849796295166,
					"bytes":	3744,
					"bits_per_second":	29952.449896894337,
					"packets":	39,
					"omitted":	false,
					"sender":	true
				}],
			"sum":	{
				"start":	13.001255,
				"end":	14.00124,
				"seconds":	0.9999849796295166,
				"bytes":	3744,
				"bits_per_second":	29952.449896894337,
				"packets":	39,
				"omitted":	false,
				"sender":	true
			}
		}, {
			"streams":	[{
					"socket":	5,
					"start":	14.00124,
					"end":	15.001235,
					"seconds":	0.999994993209839,
					"bytes":	3744,
					"bits_per_second":	29952.149964129745,
					"packets":	39,
					"omitted":	false,
					"sender":	true
				}],
			"sum":	{
				"start":	14.00124,
				"end":	15.001235,
				"seconds":	0.999994993209839,
				"bytes":	3744,
				"bits_per_second":	29952.149964129745,
				"packets":	39,