{
	"start":	{
		"connected":	[{
				"socket":	5,
				"local_host":	"fd00::2",
				"local_port":	48815,
				"remote_host":	"fd00::8",
				"remote_port":	5123
			}],
		"version":	"iperf 3.18",
		"system_info":	"Linux rpi02 6.12.75+rpt-rpi-v6 #1 Raspbian 1:6.12.75-1+rpt1 (2026-03-11) armv6l",
		"timestamp":	{
			"time":	"Tue, 19 May 2026 17:25:05 GMT",
			"timesecs":	1779211505
		},
		"connecting_to":	{
			"host":	"fd00::8",
			"port":	5123
		},
		"cookie":	"7n5nrlhr5e3xszmkdjdmrpcx62yueslef27i",
		"target_bitrate":	50000,
		"fq_rate":	0,
		"sock_bufsize":	0,
		"sndbuf_actual":	180224,
		"rcvbuf_actual":	180224,
		"test_start":	{
			"protocol":	"UDP",
			"num_streams":	1,
			"blksize":	1024,
			"omit":	0,
			"duration":	30,
			"bytes":	0,
			"blocks":	0,
			"reverse":	0,
			"tos":	0,
			"target_bitrate":	50000,
			"bidir":	0,
			"fqrate":	0,
			"interval":	1
		}
	},
	"intervals":	[{
			"streams":	[{
					"socket":	5,
					"start":	0,
					"end":	1.001004,
					"seconds":	1.0010039806365967,
					"bytes":	7168,
					"bits_per_second":	57286.485477841568,
					"packets":	7,
					"omitted":	false,
					"sender":	true
				}],
			"sum":	{
				"start":	0,
				"end":	1.001004,
				"seconds":	1.0010039806365967,
				"bytes":	7168,
				"bits_per_second":	57286.485477841568,
				"packets":	7,
				"omitted":	false,
				"sender":	true
			}
		}, {
			"streams":	[{
					"socket":	5,
					"start":	1.001004,
					"end":	2.001235,
					"seconds":	1.0002310276031494,
					"bytes":	6144,
					"bits_per_second":	49140.647154070786,
					"packets":	6,
					"omitted":	false,
					"sender":	true
				}],
			"sum":	{
				"start":	1.001004,
				"end":	2.001235,
				"seconds":	1.0002310276031494,
				"bytes":	6144,
				"bits_per_second":	49140.647154070786,
				"packets":	6,
				"omitted":	false,
				"sender":	true
			}
		}, {
			"streams":	[{
					"socket":	5,
					"start":	2.001235,
					"end":	3.001231,
					"seconds":	0.9999960064888,
					"bytes":	6144,
					"bits_per_second":	49152.196289846383,
					"packets":	6,
					"omitted":	false,
					"sender":	true
				}],
			"sum":	{
				"start":	2.001235,
				"end":	3.001231,
				"seconds":	0.9999960064888,
				"bytes":	6144,
				"bits_per_second":	49152.196289846383,
				"packets":	6,
				"omitted":	false,
				"sender":	true
			}
		}, {
			"streams":	[{
					"socket":	5,
					"start":	3.001231,
					"end":	4.001264,
					"seconds":	1.0000330209732056,
					"bytes":	6144,
					"bits_per_second":	49150.377006717819,
					"packets":	6,
					"omitted":	false,
					"sender":	true
				}],
			"sum":	{
				"start":	3.001231,
				"end":	4.001264,
				"seconds":	1.0000330209732056,
				"bytes":	6144,
				"bits_per_second":	49150.377006717819,
				"packets":	6,
				"omitted":	false,
				"sender":	true
			}
		}, {
			"streams":	[{
					"socket":	5,
					"start":	4.001264,
					"end":	5.001295,
					"seconds":	1.0000309944152832,
					"bytes":	6144,
					"bits_per_second":	49150.4766097166,
					"packets":	6,
					"omitted":	false,
					"sender":	true
				}],
			"sum":	{
				"start":	4.001264,
				"end":	5.001295,
				"seconds":	1.0000309944152832,
				"bytes":	6144,
				"bits_per_second":	49150.4766097166,
				"packets":	6,
				"omitted":	false,
				"sender":	true
			}
		}, {
			"streams":	[{
					"socket":	5,
					"start":	5.001295,
					"end":	6.001238,
					"seconds":	0.99994301795959473,
					"bytes":	6144,
					"bits_per_second":	49154.800940853325,
					"packets":	6,
					"omitted":	false,
					"sender":	true
				}],
			"sum":	{
				"start":	5.001295,
				"end":	6.001238,
				"seconds":	0.99994301795959473,
				"bytes":	6144,
				"bits_per_second":	49154.800940853325,
				"packets":	6,
				"omitted":	false,
				"sender":	true
			}
		}, {
			"streams":	[{
					"socket":	5,
					"start":	6.001238,
					"end":	7.001241,
					"seconds":	1.0000029802322388,
					"bytes":	6144,
					"bits_per_second":	49151.853516061557,
					"packets":	6,
					"omitted":	false,
					"sender":	true
				}],
			"sum":	{
				"start":	6.001238,
				"end":	7.001241,
				"seconds":	1.0000029802322388,
				"bytes":	6144,
				"bits_per_second":	49151.853516061557,
				"packets":	6,
				"omitted":	false,
				"sender":	true
			}
		}, {
			"streams":	[{
					"socket":	5,
					"start":	7.001241,
					"end":	8.00123,
					"seconds":	0.99998897314071655,
					"bytes":	6144,
					"bits_per_second":	49152.541998164037,
					"packets":	6,
					"omitted":	false,
					"sender":	true
				}],
			"sum":	{
				"start":	7.001241,
				"end":	8.00123,
				"seconds":	0.99998897314071655,
				"bytes":	6144,
				"bits_per_second":	49152.541998164037,
				"packets":	6,
				"omitted":	false,
				"sender":	true
			}
		}, {
			"streams":	[{
					"socket":	5,
					"start":	8.00123,
					"end":	9.001237,
					"seconds":	1.0000070333480835,
					"bytes":	6144,
					"bits_per_second":	49151.654299306436,
					"packets":	6,
					"omitted":	false,
					"sender":	true
				}],
			"sum":	{
				"start":	8.00123,
				"end":	9.001237,
				"seconds":	1.0000070333480835,
				"bytes":	6144,
				"bits_per_second":	49151.654299306436,
				"packets":	6,
				"omitted":	false,
				"sender":	true
			}
		}, {
			"streams":	[{
					"socket":	5,
					"start":	9.001237,
					"end":	10.001345,
					"seconds":	1.000108003616333,
					"bytes":	7168,
					"bits_per_second":	57337.807309457974,
					"packets":	7,
					"omitted":	false,
					"sender":	true
				}],
			"sum":	{
				"start":	9.001237,
				"end":	10.001345,
				"seconds":	1.000108003616333,
				"bytes":	7168,
				"bits_per_second":	57337.807309457974,
				"packets":	7,
				"omitted":	false,
				"sender":	true
			}
		}, {
			"streams":	[{
					"socket":	5,
					"start":	10.001345,
					"end":	11.001233,
					"seconds":	0.999888002872467,
					"bytes":	6144,
					"bits_per_second":	49157.505499412619,
					"packets":	6,
					"omitted":	false,
					"sender":	true
				}],
			"sum":	{
				"start":	10.001345,
				"end":	11.001233,
				"seconds":	0.999888002872467,
				"bytes":	6144,
				"bits_per_second":	49157.505499412619,
				"packets":	6,
				"omitted":	false,
				"sender":	true
			}
		}, {
			"streams":	[{
					"socket":	5,
					"start":	11.001233,
					"end":	12.001241,
					"seconds":	1.0000079870224,
					"bytes":	6144,
					"bits_per_second":	49151.6074250105,
					"packets":	6,
					"omitted":	false,
					"sender":	true
				}],
			"sum":	{
				"start":	11.001233,
				"end":	12.001241,
				"seconds":	1.0000079870224,
				"bytes":	6144,
				"bits_per_second":	49151.6074250105,
				"packets":	6,
				"omitted":	false,
				"sender":	true
			}
		}, {
			"streams":	[{
					"socket":	5,
					"start":	12.001241,
					"end":	13.00126,
					"seconds":	1.0000189542770386,
					"bytes":	6144,
					"bits_per_second":	49151.06837703324,
					"packets":	6,
					"omitted":	false,
					"sender":	true
				}],
			"sum":	{
				"start":	12.001241,
				"end":	13.00126,
				"seconds":	1.0000189542770386,
				"bytes":	6144,
				"bits_per_second":	49151.06837703324,
				"packets":	6,
				"omitted":	false,
				"sender":	true
			}
		}, {
			"streams":	[{
					"socket":	5,
					"start":	13.00126,
					"end":	14.001243,
					"seconds":	0.999983012676239,
					"bytes":	6144,
					"bits_per_second":	49152.8349751215,
					"packets":	6,
					"omitted":	false,
					"sender":	true
				}],
			"sum":	{
				"start":	13.00126,
				"end":	14.001243,
				"seconds":	0.999983012676239,
				"bytes":	6144,
				"bits_per_second":	49152.8349751215,
				"packets":	6,
				"omitted":	false,
				"sender":	true
			}
		}, {
			"streams":	[{
					"socket":	5,
					"start":	14.001243,
					"end":	15.001248,
					"seconds":	1.0000050067901611,
					"bytes":	6144,
					"bits_per_second":	49151.753907482132,
					"packets":	6,
					"omitted":	false,
					"sender":	true
				}],
			"sum":	{
				"start":	14.001243,
				"end":	15.001248,
				"seconds":	1.0000050067901611,
				"bytes":	6144,
				"bits_per_second":	49151.753907482132,
				"packets":	6,
				"omitted":	false,