{
	"start":	{
		"connected":	[{
				"socket":	5,
				"local_host":	"fd00::8",
				"local_port":	54176,
				"remote_host":	"fd00::4",
				"remote_port":	5123
			}],
		"version":	"iperf 3.18",
		"system_info":	"Linux RPI08 6.18.29+rpt-rpi-v7 #1 SMP Raspbian 1:6.18.29-1+rpt1 (2026-05-12) armv7l",
		"timestamp":	{
			"time":	"Wed, 20 May 2026 17:03:25 GMT",
			"timesecs":	1779296605
		},
		"connecting_to":	{
			"host":	"fd00::4",
			"port":	5123
		},
		"cookie":	"6u4dnz5mvko7ndvz6vzm7bsvp4njwrtx5eyc",
		"target_bitrate":	40000,
		"fq_rate":	0,
		"sock_bufsize":	0,
		"sndbuf_actual":	180224,
		"rcvbuf_actual":	180224,
		"test_start":	{
			"protocol":	"UDP",
			"num_streams":	1,
			"blksize":	40,
			"omit":	0,
			"duration":	30,
			"bytes":	0,
			"blocks":	0,
			"reverse":	0,
			"tos":	0,
			"target_bitrate":	40000,
			"bidir":	0,
			"fqrate":	0,
			"interval":	1
		}
	},
	"intervals":	[{
			"streams":	[{
					"socket":	5,
					"start":	0,
					"end":	1.000168,
					"seconds":	1.0001679658889771,
					"bytes":	5040,
					"bits_per_second":	40313.228752695017,
					"packets":	126,
					"omitted":	false,
					"sender":	true
				}],
			"sum":	{
				"start":	0,
				"end":	1.000168,
				"seconds":	1.0001679658889771,
				"bytes":	5040,
				"bits_per_second":	40313.228752695017,
				"packets":	126,
				"omitted":	false,
				"sender":	true
			}
		}, {
			"streams":	[{
					"socket":	5,
					"start":	1.000168,
					"end":	2.001141,
					"seconds":	1.0009729862213135,
					"bytes":	5000,
					"bits_per_second":	39961.118382425622,
					"packets":	125,
					"omitted":	false,
					"sender":	true
				}],
			"sum":	{
				"start":	1.000168,
				"end":	2.001141,
				"seconds":	1.0009729862213135,
				"bytes":	5000,
				"bits_per_second":	39961.118382425622,
				"packets":	125,
				"omitted":	false,
				"sender":	true
			}
		}, {
			"streams":	[{
					"socket":	5,
					"start":	2.001141,
					"end":	3.001126,
					"seconds":	0.9999849796295166,
					"bytes":	5000,
					"bits_per_second":	40000.600823843932,
					"packets":	125,
					"omitted":	false,
					"sender":	true
				}],
			"sum":	{
				"start":	2.001141,
				"end":	3.001126,
				"seconds":	0.9999849796295166,
				"bytes":	5000,
				"bits_per_second":	40000.600823843932,
				"packets":	125,
				"omitted":	false,
				"sender":	true
			}
		}, {
			"streams":	[{
					"socket":	5,
					"start":	3.001126,
					"end":	4.001124,
					"seconds":	0.99999797344207764,
					"bytes":	5000,
					"bits_per_second":	40000.081062481171,
					"packets":	125,
					"omitted":	false,
					"sender":	true
				}],
			"sum":	{
				"start":	3.001126,
				"end":	4.001124,
				"seconds":	0.99999797344207764,
				"bytes":	5000,
				"bits_per_second":	40000.081062481171,
				"packets":	125,
				"omitted":	false,
				"sender":	true
			}
		}, {
			"streams":	[{
					"socket":	5,
					"start":	4.001124,
					"end":	5.001137,
					"seconds":	1.000012993812561,
					"bytes":	5000,
					"bits_per_second":	39999.480254251037,
					"packets":	125,
					"omitted":	false,
					"sender":	true
				}],
			"sum":	{
				"start":	4.001124,
				"end":	5.001137,
				"seconds":	1.000012993812561,
				"bytes":	5000,
				"bits_per_second":	39999.480254251037,
				"packets":	125,
				"omitted":	false,
				"sender":	true
			}
		}, {
			"streams":	[{
					"socket":	5,
					"start":	5.001137,
					"end":	6.001127,
					"seconds":	0.99998998641967773,
					"bytes":	5000,
					"bits_per_second":	40000.4005472238,
					"packets":	125,
					"omitted":	false,
					"sender":	true
				}],
			"sum":	{
				"start":	5.001137,
				"end":	6.001127,
				"seconds":	0.99998998641967773,
				"bytes":	5000,
				"bits_per_second":	40000.4005472238,
				"packets":	125,
				"omitted":	false,
				"sender":	true
			}
		}, {
			"streams":	[{
					"socket":	5,
					"start":	6.001127,
					"end":	7.001125,
					"seconds":	0.99999797344207764,
					"bytes":	5000,
					"bits_per_second":	40000.081062481171,
					"packets":	125,
					"omitted":	false,
					"sender":	true
				}],
			"sum":	{
				"start":	6.001127,
				"end":	7.001125,
				"seconds":	0.99999797344207764,
				"bytes":	5000,
				"bits_per_second":	40000.081062481171,
				"packets":	125,
				"omitted":	false,
				"sender":	true
			}
		}, {
			"streams":	[{
					"socket":	5,
					"start":	7.001125,
					"end":	8.001129,
					"seconds":	1.0000040531158447,
					"bytes":	5000,
					"bits_per_second":	39999.837876023317,
					"packets":	125,
					"omitted":	false,
					"sender":	true
				}],
			"sum":	{
				"start":	7.001125,
				"end":	8.001129,
				"seconds":	1.0000040531158447,
				"bytes":	5000,
				"bits_per_second":	39999.837876023317,
				"packets":	125,
				"omitted":	false,
				"sender":	true
			}
		}, {
			"streams":	[{
					"socket":	5,
					"start":	8.001129,
					"end":	9.001129,
					"seconds":	1,
					"bytes":	5000,
					"bits_per_second":	40000,
					"packets":	125,
					"omitted":	false,
					"sender":	true
				}],
			"sum":	{
				"start":	8.001129,
				"end":	9.001129,
				"seconds":	1,
				"bytes":	5000,
				"bits_per_second":	40000,
				"packets":	125,
				"omitted":	false,
				"sender":	true
			}
		}, {
			"streams":	[{
					"socket":	5,
					"start":	9.001129,
					"end":	10.001117,
					"seconds":	0.9999880194664,
					"bytes":	5000,
					"bits_per_second":	40000.479227085387,
					"packets":	125,
					"omitted":	false,
					"sender":	true
				}],
			"sum":	{
				"start":	9.001129,
				"end":	10.001117,
				"seconds":	0.9999880194664,
				"bytes":	5000,
				"bits_per_second":	40000.479227085387,
				"packets":	125,
				"omitted":	false,
				"sender":	true
			}
		}, {
			"streams":	[{
					"socket":	5,
					"start":	10.001117,
					"end":	11.00113,
					"seconds":	1.000012993812561,
					"bytes":	5000,
					"bits_per_second":	39999.480254251037,
					"packets":	125,
					"omitted":	false,
					"sender":	true
				}],
			"sum":	{
				"start":	10.001117,
				"end":	11.00113,
				"seconds":	1.000012993812561,
				"bytes":	5000,
				"bits_per_second":	39999.480254251037,
				"packets":	125,
				"omitted":	false,
				"sender":	true
			}
		}, {
			"streams":	[{
					"socket":	5,
					"start":	11.00113,
					"end":	12.001129,
					"seconds":	0.99999898672103882,
					"bytes":	5000,
					"bits_per_second":	40000.04053119952,
					"packets":	125,
					"omitted":	false,
					"sender":	true
				}],
			"sum":	{
				"start":	11.00113,
				"end":	12.001129,
				"seconds":	0.99999898672103882,
				"bytes":	5000,
				"bits_per_second":	40000.04053119952,
				"packets":	125,
				"omitted":	false,
				"sender":	true
			}
		}, {
			"streams":	[{
					"socket":	5,
					"start":	12.001129,
					"end":	13.001128,
					"seconds":	0.99999898672103882,
					"bytes":	5000,
					"bits_per_second":	40000.04053119952,
					"packets":	125,
					"omitted":	false,
					"sender":	true
				}],
			"sum":	{
				"start":	12.001129,
				"end":	13.001128,
				"seconds":	0.99999898672103882,
				"bytes":	5000,
				"bits_per_second":	40000.04053119952,
				"packets":	125,
				"omitted":	false,
				"sender":	true
			}
		}, {
			"streams":	[{
					"socket":	5,
					"start":	13.001128,
					"end":	14.001129,
					"seconds":	1.0000009536743164,
					"bytes":	5000,
					"bits_per_second":	39999.961853063724,
					"packets":	125,
					"omitted":	false,
					"sender":	true
				}],
			"sum":	{
				"start":	13.001128,
				"end":	14.001129,
				"seconds":	1.0000009536743164,
				"bytes":	5000,
				"bits_per_second":	39999.961853063724,
				"packets":	125,
				"omitted":	false,
				"sender":	true
			}
		}, {
			"streams":	[{
					"socket":	5,
					"start":	14.001129,
					"end":	15.001126,
					"seconds":	0.99999701976776123,
					"bytes":	5000,
					"bits_per_second":	40000.119209644821,
					"packets":	125,
					"omitted":	false,
					"sender":	true
				}],
			"sum":	{
				"start":	14.001129,
				"end":	15.001126,
				"seconds":	0.99999701976776123,
				"bytes":	5000,
				"bits_per_second":	40000.119209644821,
				"packets":	125,
				"omitted":	false,