{
	"start":	{
		"connected":	[{
				"socket":	5,
				"local_host":	"fd00::8",
				"local_port":	41451,
				"remote_host":	"fd00::4",
				"remote_port":	5123
			}],
		"version":	"iperf 3.18",
		"system_info":	"Linux RPI08 6.18.29+rpt-rpi-v7 #1 SMP Raspbian 1:6.18.29-1+rpt1 (2026-05-12) armv7l",
		"timestamp":	{
			"time":	"Wed, 20 May 2026 17:11:28 GMT",
			"timesecs":	1779297088
		},
		"connecting_to":	{
			"host":	"fd00::4",
			"port":	5123
		},
		"cookie":	"rpj5w56m5mjbuo7aefzey6427tjyujlfvs2n",
		"target_bitrate":	60000,
		"fq_rate":	0,
		"sock_bufsize":	0,
		"sndbuf_actual":	180224,
		"rcvbuf_actual":	180224,
		"test_start":	{
			"protocol":	"UDP",
			"num_streams":	1,
			"blksize":	128,
			"omit":	0,
			"duration":	30,
			"bytes":	0,
			"blocks":	0,
			"reverse":	0,
			"tos":	0,
			"target_bitrate":	60000,
			"bidir":	0,
			"fqrate":	0,
			"interval":	1
		}
	},
	"intervals":	[{
			"streams":	[{
					"socket":	5,
					"start":	0,
					"end":	1.001092,
					"seconds":	1.0010919570922852,
					"bytes":	7552,
					"bits_per_second":	60350.100279979153,
					"packets":	59,
					"omitted":	false,
					"sender":	true
				}],
			"sum":	{
				"start":	0,
				"end":	1.001092,
				"seconds":	1.0010919570922852,
				"bytes":	7552,
				"bits_per_second":	60350.100279979153,
				"packets":	59,
				"omitted":	false,
				"sender":	true
			}
		}, {
			"streams":	[{
					"socket":	5,
					"start":	1.001092,
					"end":	2.001136,
					"seconds":	1.0000439882278442,
					"bytes":	7552,
					"bits_per_second":	60413.342524124215,
					"packets":	59,
					"omitted":	false,
					"sender":	true
				}],
			"sum":	{
				"start":	1.001092,
				"end":	2.001136,
				"seconds":	1.0000439882278442,
				"bytes":	7552,
				"bits_per_second":	60413.342524124215,
				"packets":	59,
				"omitted":	false,
				"sender":	true
			}
		}, {
			"streams":	[{
					"socket":	5,
					"start":	2.001136,
					"end":	3.001135,
					"seconds":	0.99999898672103882,
					"bytes":	7424,
					"bits_per_second":	59392.060180725042,
					"packets":	58,
					"omitted":	false,
					"sender":	true
				}],
			"sum":	{
				"start":	2.001136,
				"end":	3.001135,
				"seconds":	0.99999898672103882,
				"bytes":	7424,
				"bits_per_second":	59392.060180725042,
				"packets":	58,
				"omitted":	false,
				"sender":	true
			}
		}, {
			"streams":	[{
					"socket":	5,
					"start":	3.001135,
					"end":	4.001132,
					"seconds":	0.99999701976776123,
					"bytes":	7552,
					"bits_per_second":	60416.180054247539,
					"packets":	59,
					"omitted":	false,
					"sender":	true
				}],
			"sum":	{
				"start":	3.001135,
				"end":	4.001132,
				"seconds":	0.99999701976776123,
				"bytes":	7552,
				"bits_per_second":	60416.180054247539,
				"packets":	59,
				"omitted":	false,
				"sender":	true
			}
		}, {
			"streams":	[{
					"socket":	5,
					"start":	4.001132,
					"end":	5.001125,
					"seconds":	0.99999302625656128,
					"bytes":	7552,
					"bits_per_second":	60416.421328621829,
					"packets":	59,
					"omitted":	false,
					"sender":	true
				}],
			"sum":	{
				"start":	4.001132,
				"end":	5.001125,
				"seconds":	0.99999302625656128,
				"bytes":	7552,
				"bits_per_second":	60416.421328621829,
				"packets":	59,
				"omitted":	false,
				"sender":	true
			}
		}, {
			"streams":	[{
					"socket":	5,
					"start":	5.001125,
					"end":	6.001134,
					"seconds":	1.0000089406967163,
					"bytes":	7424,
					"bits_per_second":	59391.468998888144,
					"packets":	58,
					"omitted":	false,
					"sender":	true
				}],
			"sum":	{
				"start":	5.001125,
				"end":	6.001134,
				"seconds":	1.0000089406967163,
				"bytes":	7424,
				"bits_per_second":	59391.468998888144,
				"packets":	58,
				"omitted":	false,
				"sender":	true
			}
		}, {
			"streams":	[{
					"socket":	5,
					"start":	6.001134,
					"end":	7.001133,
					"seconds":	0.99999898672103882,
					"bytes":	7552,
					"bits_per_second":	60416.061218323754,
					"packets":	59,
					"omitted":	false,
					"sender":	true
				}],
			"sum":	{
				"start":	6.001134,
				"end":	7.001133,
				"seconds":	0.99999898672103882,
				"bytes":	7552,
				"bits_per_second":	60416.061218323754,
				"packets":	59,
				"omitted":	false,
				"sender":	true
			}
		}, {
			"streams":	[{
					"socket":	5,
					"start":	7.001133,
					"end":	8.001123,
					"seconds":	0.99998998641967773,
					"bytes":	7424,
					"bits_per_second":	59392.5947325179,
					"packets":	58,
					"omitted":	false,
					"sender":	true
				}],
			"sum":	{
				"start":	7.001133,
				"end":	8.001123,
				"seconds":	0.99998998641967773,
				"bytes":	7424,
				"bits_per_second":	59392.5947325179,
				"packets":	58,
				"omitted":	false,
				"sender":	true
			}
		}, {
			"streams":	[{
					"socket":	5,
					"start":	8.001123,
					"end":	9.001131,
					"seconds":	1.0000079870224,
					"bytes":	7552,
					"bits_per_second":	60415.517459908748,
					"packets":	59,
					"omitted":	false,
					"sender":	true
				}],
			"sum":	{
				"start":	8.001123,
				"end":	9.001131,
				"seconds":	1.0000079870224,
				"bytes":	7552,
				"bits_per_second":	60415.517459908748,
				"packets":	59,
				"omitted":	false,
				"sender":	true
			}
		}, {
			"streams":	[{
					"socket":	5,
					"start":	9.001131,
					"end":	10.001149,
					"seconds":	1.0000180006027222,
					"bytes":	7424,
					"bits_per_second":	59390.930927447072,
					"packets":	58,
					"omitted":	false,
					"sender":	true
				}],
			"sum":	{
				"start":	9.001131,
				"end":	10.001149,
				"seconds":	1.0000180006027222,
				"bytes":	7424,
				"bits_per_second":	59390.930927447072,
				"packets":	58,
				"omitted":	false,
				"sender":	true
			}
		}, {
			"streams":	[{
					"socket":	5,
					"start":	10.001149,
					"end":	11.001129,
					"seconds":	0.99997997283935547,
					"bytes":	7552,
					"bits_per_second":	60417.20998517007,
					"packets":	59,
					"omitted":	false,
					"sender":	true
				}],
			"sum":	{
				"start":	10.001149,
				"end":	11.001129,
				"seconds":	0.99997997283935547,
				"bytes":	7552,
				"bits_per_second":	60417.20998517007,
				"packets":	59,
				"omitted":	false,
				"sender":	true
			}
		}, {
			"streams":	[{
					"socket":	5,
					"start":	11.001129,
					"end":	12.001127,
					"seconds":	0.99999797344207764,
					"bytes":	7552,
					"bits_per_second":	60416.122436771562,
					"packets":	59,
					"omitted":	false,
					"sender":	true
				}],
			"sum":	{
				"start":	11.001129,
				"end":	12.001127,
				"seconds":	0.99999797344207764,
				"bytes":	7552,
				"bits_per_second":	60416.122436771562,
				"packets":	59,
				"omitted":	false,
				"sender":	true
			}
		}, {
			"streams":	[{
					"socket":	5,
					"start":	12.001127,
					"end":	13.001121,
					"seconds":	0.99999397993087769,
					"bytes":	7424,
					"bits_per_second":	59392.357546097766,
					"packets":	58,
					"omitted":	false,
					"sender":	true
				}],
			"sum":	{
				"start":	12.001127,
				"end":	13.001121,
				"seconds":	0.99999397993087769,
				"bytes":	7424,
				"bits_per_second":	59392.357546097766,
				"packets":	58,
				"omitted":	false,
				"sender":	true
			}
		}, {
			"streams":	[{
					"socket":	5,
					"start":	13.001121,
					"end":	14.001129,
					"seconds":	1.0000079870224,
					"bytes":	7552,
					"bits_per_second":	60415.517459908748,
					"packets":	59,
					"omitted":	false,
					"sender":	true
				}],
			"sum":	{
				"start":	13.001121,
				"end":	14.001129,
				"seconds":	1.0000079870224,
				"bytes":	7552,
				"bits_per_second":	60415.517459908748,
				"packets":	59,
				"omitted":	false,
				"sender":	true
			}
		}, {
			"streams":	[{
					"socket":	5,
					"start":	14.001129,
					"end":	15.001131,
					"seconds":	1.0000020265579224,
					"bytes":	7424,
					"bits_per_second":	59391.8796389158,
					"packets":	58,
					"omitted":	false,
					"sender":	true
				}],
			"sum":	{
				"start":	14.001129,
				"end":	15.001131,
				"seconds":	1.0000020265579224,
				"bytes":	7424,
				"bits_per_second":	59391.8796389158,
				"packets":	58,