{
	"start":	{
		"connected":	[{
				"socket":	5,
				"local_host":	"fd00::8",
				"local_port":	35278,
				"remote_host":	"fd00::4",
				"remote_port":	5123
			}],
		"version":	"iperf 3.18",
		"system_info":	"Linux RPI08 6.18.29+rpt-rpi-v7 #1 SMP Raspbian 1:6.18.29-1+rpt1 (2026-05-12) armv7l",
		"timestamp":	{
			"time":	"Wed, 20 May 2026 16:57:42 GMT",
			"timesecs":	1779296262
		},
		"connecting_to":	{
			"host":	"fd00::4",
			"port":	5123
		},
		"cookie":	"zfrkygcerxaxka3hffgp2x3uohm2f7ehcfca",
		"target_bitrate":	10000,
		"fq_rate":	0,
		"sock_bufsize":	0,
		"sndbuf_actual":	180224,
		"rcvbuf_actual":	180224,
		"test_start":	{
			"protocol":	"UDP",
			"num_streams":	1,
			"blksize":	256,
			"omit":	0,
			"duration":	30,
			"bytes":	0,
			"blocks":	0,
			"reverse":	0,
			"tos":	0,
			"target_bitrate":	10000,
			"bidir":	0,
			"fqrate":	0,
			"interval":	1
		}
	},
	"intervals":	[{
			"streams":	[{
					"socket":	5,
					"start":	0,
					"end":	1.000916,
					"seconds":	1.0009160041809082,
					"bytes":	1280,
					"bits_per_second":	10230.628701336256,
					"packets":	5,
					"omitted":	false,
					"sender":	true
				}],
			"sum":	{
				"start":	0,
				"end":	1.000916,
				"seconds":	1.0009160041809082,
				"bytes":	1280,
				"bits_per_second":	10230.628701336256,
				"packets":	5,
				"omitted":	false,
				"sender":	true
			}
		}, {
			"streams":	[{
					"socket":	5,
					"start":	1.000916,
					"end":	2.001127,
					"seconds":	1.0002110004425049,
					"bytes":	1280,
					"bits_per_second":	10237.839811269529,
					"packets":	5,
					"omitted":	false,
					"sender":	true
				}],
			"sum":	{
				"start":	1.000916,
				"end":	2.001127,
				"seconds":	1.0002110004425049,
				"bytes":	1280,
				"bits_per_second":	10237.839811269529,
				"packets":	5,
				"omitted":	false,
				"sender":	true
			}
		}, {
			"streams":	[{
					"socket":	5,
					"start":	2.001127,
					"end":	3.001134,
					"seconds":	1.0000070333480835,
					"bytes":	1280,
					"bits_per_second":	10239.927979022174,
					"packets":	5,
					"omitted":	false,
					"sender":	true
				}],
			"sum":	{
				"start":	2.001127,
				"end":	3.001134,
				"seconds":	1.0000070333480835,
				"bytes":	1280,
				"bits_per_second":	10239.927979022174,
				"packets":	5,
				"omitted":	false,
				"sender":	true
			}
		}, {
			"streams":	[{
					"socket":	5,
					"start":	3.001134,
					"end":	4.001132,
					"seconds":	0.99999797344207764,
					"bytes":	1280,
					"bits_per_second":	10240.02075199518,
					"packets":	5,
					"omitted":	false,
					"sender":	true
				}],
			"sum":	{
				"start":	3.001134,
				"end":	4.001132,
				"seconds":	0.99999797344207764,
				"bytes":	1280,
				"bits_per_second":	10240.02075199518,
				"packets":	5,
				"omitted":	false,
				"sender":	true
			}
		}, {
			"streams":	[{
					"socket":	5,
					"start":	4.001132,
					"end":	5.001128,
					"seconds":	0.9999960064888,
					"bytes":	1280,
					"bits_per_second":	10240.040893717996,
					"packets":	5,
					"omitted":	false,
					"sender":	true
				}],
			"sum":	{
				"start":	4.001132,
				"end":	5.001128,
				"seconds":	0.9999960064888,
				"bytes":	1280,
				"bits_per_second":	10240.040893717996,
				"packets":	5,
				"omitted":	false,
				"sender":	true
			}
		}, {
			"streams":	[{
					"socket":	5,
					"start":	5.001128,
					"end":	6.001136,
					"seconds":	1.0000079870224,
					"bytes":	1280,
					"bits_per_second":	10239.918213543855,
					"packets":	5,
					"omitted":	false,
					"sender":	true
				}],
			"sum":	{
				"start":	5.001128,
				"end":	6.001136,
				"seconds":	1.0000079870224,
				"bytes":	1280,
				"bits_per_second":	10239.918213543855,
				"packets":	5,
				"omitted":	false,
				"sender":	true
			}
		}, {
			"streams":	[{
					"socket":	5,
					"start":	6.001136,
					"end":	7.001123,
					"seconds":	0.999987006187439,
					"bytes":	1280,
					"bits_per_second":	10240.13305836956,
					"packets":	5,
					"omitted":	false,
					"sender":	true
				}],
			"sum":	{
				"start":	6.001136,
				"end":	7.001123,
				"seconds":	0.999987006187439,
				"bytes":	1280,
				"bits_per_second":	10240.13305836956,
				"packets":	5,
				"omitted":	false,
				"sender":	true
			}
		}, {
			"streams":	[{
					"socket":	5,
					"start":	7.001123,
					"end":	8.001131,
					"seconds":	1.0000079870224,
					"bytes":	1280,
					"bits_per_second":	10239.918213543855,
					"packets":	5,
					"omitted":	false,
					"sender":	true
				}],
			"sum":	{
				"start":	7.001123,
				"end":	8.001131,
				"seconds":	1.0000079870224,
				"bytes":	1280,
				"bits_per_second":	10239.918213543855,
				"packets":	5,
				"omitted":	false,
				"sender":	true
			}
		}, {
			"streams":	[{
					"socket":	5,
					"start":	8.001131,
					"end":	9.001129,
					"seconds":	0.99999797344207764,
					"bytes":	1024,
					"bits_per_second":	8192.016601596144,
					"packets":	4,
					"omitted":	false,
					"sender":	true
				}],
			"sum":	{
				"start":	8.001131,
				"end":	9.001129,
				"seconds":	0.99999797344207764,
				"bytes":	1024,
				"bits_per_second":	8192.016601596144,
				"packets":	4,
				"omitted":	false,
				"sender":	true
			}
		}, {
			"streams":	[{
					"socket":	5,
					"start":	9.001129,
					"end":	10.001127,
					"seconds":	0.99999797344207764,
					"bytes":	1280,
					"bits_per_second":	10240.02075199518,
					"packets":	5,
					"omitted":	false,
					"sender":	true
				}],
			"sum":	{
				"start":	9.001129,
				"end":	10.001127,
				"seconds":	0.99999797344207764,
				"bytes":	1280,
				"bits_per_second":	10240.02075199518,
				"packets":	5,
				"omitted":	false,
				"sender":	true
			}
		}, {
			"streams":	[{
					"socket":	5,
					"start":	10.001127,
					"end":	11.00113,
					"seconds":	1.0000029802322388,
					"bytes":	1280,
					"bits_per_second":	10239.969482512824,
					"packets":	5,
					"omitted":	false,
					"sender":	true
				}],
			"sum":	{
				"start":	10.001127,
				"end":	11.00113,
				"seconds":	1.0000029802322388,
				"bytes":	1280,
				"bits_per_second":	10239.969482512824,
				"packets":	5,
				"omitted":	false,
				"sender":	true
			}
		}, {
			"streams":	[{
					"socket":	5,
					"start":	11.00113,
					"end":	12.001143,
					"seconds":	1.000012993812561,
					"bytes":	1280,
					"bits_per_second":	10239.866945088266,
					"packets":	5,
					"omitted":	false,
					"sender":	true
				}],
			"sum":	{
				"start":	11.00113,
				"end":	12.001143,
				"seconds":	1.000012993812561,
				"bytes":	1280,
				"bits_per_second":	10239.866945088266,
				"packets":	5,
				"omitted":	false,
				"sender":	true
			}
		}, {
			"streams":	[{
					"socket":	5,
					"start":	12.001143,
					"end":	13.00113,
					"seconds":	0.999987006187439,
					"bytes":	1280,
					"bits_per_second":	10240.13305836956,
					"packets":	5,
					"omitted":	false,
					"sender":	true
				}],
			"sum":	{
				"start":	12.001143,
				"end":	13.00113,
				"seconds":	0.999987006187439,
				"bytes":	1280,
				"bits_per_second":	10240.13305836956,
				"packets":	5,
				"omitted":	false,
				"sender":	true
			}
		}, {
			"streams":	[{
					"socket":	5,
					"start":	13.00113,
					"end":	14.001116,
					"seconds":	0.99998599290847778,
					"bytes":	1280,
					"bits_per_second":	10240.143434626289,
					"packets":	5,
					"omitted":	false,
					"sender":	true
				}],
			"sum":	{
				"start":	13.00113,
				"end":	14.001116,
				"seconds":	0.99998599290847778,
				"bytes":	1280,
				"bits_per_second":	10240.143434626289,
				"packets":	5,
				"omitted":	false,
				"sender":	true
			}
		}, {
			"streams":	[{
					"socket":	5,
					"start":	14.001116,
					"end":	15.001122,
					"seconds":	1.0000059604644775,
					"bytes":	1280,
					"bits_per_second":	10239.938965207546,
					"packets":	5,
					"omitted":	false,
					"sender":	true
				}],
			"sum":	{
				"start":	14.001116,
				"end":	15.001122,
				"seconds":	1.0000059604644775,
				"bytes":	1280,
				"bits_per_second":	10239.938965207546,
				"packets":	5,
				"omitted":	false,