{
	"start":	{
		"connected":	[{
				"socket":	5,
				"local_host":	"fd00::8",
				"local_port":	53247,
				"remote_host":	"fd00::4",
				"remote_port":	5123
			}],
		"version":	"iperf 3.18",
		"system_info":	"Linux RPI08 6.18.29+rpt-rpi-v7 #1 SMP Raspbian 1:6.18.29-1+rpt1 (2026-05-12) armv7l",
		"timestamp":	{
			"time":	"Wed, 20 May 2026 16:55:26 GMT",
			"timesecs":	1779296126
		},
		"connecting_to":	{
			"host":	"fd00::4",
			"port":	5123
		},
		"cookie":	"pqb4mpxotls55eephbi6atr2cvbrterzy2gx",
		"target_bitrate":	10000,
		"fq_rate":	0,
		"sock_bufsize":	0,
		"sndbuf_actual":	180224,
		"rcvbuf_actual":	180224,
		"test_start":	{
			"protocol":	"UDP",
			"num_streams":	1,
			"blksize":	40,
			"omit":	0,
			"duration":	30,
			"bytes":	0,
			"blocks":	0,
			"reverse":	0,
			"tos":	0,
			"target_bitrate":	10000,
			"bidir":	0,
			"fqrate":	0,
			"interval":	1
		}
	},
	"intervals":	[{
			"streams":	[{
					"socket":	5,
					"start":	0,
					"end":	1.001066,
					"seconds":	1.0010659694671631,
					"bytes":	1280,
					"bits_per_second":	10229.09609588511,
					"packets":	32,
					"omitted":	false,
					"sender":	true
				}],
			"sum":	{
				"start":	0,
				"end":	1.001066,
				"seconds":	1.0010659694671631,
				"bytes":	1280,
				"bits_per_second":	10229.09609588511,
				"packets":	32,
				"omitted":	false,
				"sender":	true
			}
		}, {
			"streams":	[{
					"socket":	5,
					"start":	1.001066,
					"end":	2.001123,
					"seconds":	1.0000569820404053,
					"bytes":	1240,
					"bits_per_second":	9919.43477036712,
					"packets":	31,
					"omitted":	false,
					"sender":	true
				}],
			"sum":	{
				"start":	1.001066,
				"end":	2.001123,
				"seconds":	1.0000569820404053,
				"bytes":	1240,
				"bits_per_second":	9919.43477036712,
				"packets":	31,
				"omitted":	false,
				"sender":	true
			}
		}, {
			"streams":	[{
					"socket":	5,
					"start":	2.001123,
					"end":	3.001116,
					"seconds":	0.99999302625656128,
					"bytes":	1240,
					"bits_per_second":	9920.0691800173554,
					"packets":	31,
					"omitted":	false,
					"sender":	true
				}],
			"sum":	{
				"start":	2.001123,
				"end":	3.001116,
				"seconds":	0.99999302625656128,
				"bytes":	1240,
				"bits_per_second":	9920.0691800173554,
				"packets":	31,
				"omitted":	false,
				"sender":	true
			}
		}, {
			"streams":	[{
					"socket":	5,
					"start":	3.001116,
					"end":	4.001127,
					"seconds":	1.0000109672546387,
					"bytes":	1280,
					"bits_per_second":	10239.887696544161,
					"packets":	32,
					"omitted":	false,
					"sender":	true
				}],
			"sum":	{
				"start":	3.001116,
				"end":	4.001127,
				"seconds":	1.0000109672546387,
				"bytes":	1280,
				"bits_per_second":	10239.887696544161,
				"packets":	32,
				"omitted":	false,
				"sender":	true
			}
		}, {
			"streams":	[{
					"socket":	5,
					"start":	4.001127,
					"end":	5.001123,
					"seconds":	0.9999960064888,
					"bytes":	1240,
					"bits_per_second":	9920.03961578931,
					"packets":	31,
					"omitted":	false,
					"sender":	true
				}],
			"sum":	{
				"start":	4.001127,
				"end":	5.001123,
				"seconds":	0.9999960064888,
				"bytes":	1240,
				"bits_per_second":	9920.03961578931,
				"packets":	31,
				"omitted":	false,
				"sender":	true
			}
		}, {
			"streams":	[{
					"socket":	5,
					"start":	5.001123,
					"end":	6.001122,
					"seconds":	0.99999898672103882,
					"bytes":	1240,
					"bits_per_second":	9920.01005173748,
					"packets":	31,
					"omitted":	false,
					"sender":	true
				}],
			"sum":	{
				"start":	5.001123,
				"end":	6.001122,
				"seconds":	0.99999898672103882,
				"bytes":	1240,
				"bits_per_second":	9920.01005173748,
				"packets":	31,
				"omitted":	false,
				"sender":	true
			}
		}, {
			"streams":	[{
					"socket":	5,
					"start":	6.001122,
					"end":	7.001161,
					"seconds":	1.0000389814376831,
					"bytes":	1240,
					"bits_per_second":	9919.6133192115558,
					"packets":	31,
					"omitted":	false,
					"sender":	true
				}],
			"sum":	{
				"start":	6.001122,
				"end":	7.001161,
				"seconds":	1.0000389814376831,
				"bytes":	1240,
				"bits_per_second":	9919.6133192115558,
				"packets":	31,
				"omitted":	false,
				"sender":	true
			}
		}, {
			"streams":	[{
					"socket":	5,
					"start":	7.001161,
					"end":	8.001113,
					"seconds":	0.99995201826095581,
					"bytes":	1280,
					"bits_per_second":	10240.491356583956,
					"packets":	32,
					"omitted":	false,
					"sender":	true
				}],
			"sum":	{
				"start":	7.001161,
				"end":	8.001113,
				"seconds":	0.99995201826095581,
				"bytes":	1280,
				"bits_per_second":	10240.491356583956,
				"packets":	32,
				"omitted":	false,
				"sender":	true
			}
		}, {
			"streams":	[{
					"socket":	5,
					"start":	8.001113,
					"end":	9.001109,
					"seconds":	0.9999960064888,
					"bytes":	1240,
					"bits_per_second":	9920.03961578931,
					"packets":	31,
					"omitted":	false,
					"sender":	true
				}],
			"sum":	{
				"start":	8.001113,
				"end":	9.001109,
				"seconds":	0.9999960064888,
				"bytes":	1240,
				"bits_per_second":	9920.03961578931,
				"packets":	31,
				"omitted":	false,
				"sender":	true
			}
		}, {
			"streams":	[{
					"socket":	5,
					"start":	9.001109,
					"end":	10.001113,
					"seconds":	1.0000040531158447,
					"bytes":	1240,
					"bits_per_second":	9919.9597932537836,
					"packets":	31,
					"omitted":	false,
					"sender":	true
				}],
			"sum":	{
				"start":	9.001109,
				"end":	10.001113,
				"seconds":	1.0000040531158447,
				"bytes":	1240,
				"bits_per_second":	9919.9597932537836,
				"packets":	31,
				"omitted":	false,
				"sender":	true
			}
		}, {
			"streams":	[{
					"socket":	5,
					"start":	10.001113,
					"end":	11.001113,
					"seconds":	1,
					"bytes":	1240,
					"bits_per_second":	9920,
					"packets":	31,
					"omitted":	false,
					"sender":	true
				}],
			"sum":	{
				"start":	10.001113,
				"end":	11.001113,
				"seconds":	1,
				"bytes":	1240,
				"bits_per_second":	9920,
				"packets":	31,
				"omitted":	false,
				"sender":	true
			}
		}, {
			"streams":	[{
					"socket":	5,
					"start":	11.001113,
					"end":	12.000171,
					"seconds":	0.99905800819396973,
					"bytes":	1240,
					"bits_per_second":	9929.35336951326,
					"packets":	32,
					"omitted":	false,
					"sender":	true
				}],
			"sum":	{
				"start":	11.001113,
				"end":	12.000171,
				"seconds":	0.99905800819396973,
				"bytes":	1240,
				"bits_per_second":	9929.35336951326,
				"packets":	32,
				"omitted":	false,
				"sender":	true
			}
		}, {
			"streams":	[{
					"socket":	5,
					"start":	12.000171,
					"end":	13.001116,
					"seconds":	1.000944972038269,
					"bytes":	1280,
					"bits_per_second":	10230.332621730273,
					"packets":	31,
					"omitted":	false,
					"sender":	true
				}],
			"sum":	{
				"start":	12.000171,
				"end":	13.001116,
				"seconds":	1.000944972038269,
				"bytes":	1280,
				"bits_per_second":	10230.332621730273,
				"packets":	31,
				"omitted":	false,
				"sender":	true
			}
		}, {
			"streams":	[{
					"socket":	5,
					"start":	13.001116,
					"end":	14.001116,
					"seconds":	1,
					"bytes":	1240,
					"bits_per_second":	9920,
					"packets":	31,
					"omitted":	false,
					"sender":	true
				}],
			"sum":	{
				"start":	13.001116,
				"end":	14.001116,
				"seconds":	1,
				"bytes":	1240,
				"bits_per_second":	9920,
				"packets":	31,
				"omitted":	false,
				"sender":	true
			}
		}, {
			"streams":	[{
					"socket":	5,
					"start":	14.001116,
					"end":	15.001117,
					"seconds":	1.0000009536743164,
					"bytes":	1240,
					"bits_per_second":	9919.9905395598034,
					"packets":	31,
					"omitted":	false,
					"sender":	true
				}],
			"sum":	{
				"start":	14.001116,
				"end":	15.001117,
				"seconds":	1.0000009536743164,
				"bytes":	1240,
				"bits_per_second":	9919.9905395598034,
				"packets":	31,
				"omitted":	false,
				"sender":	true
			}
		}, {
			"streams":	[{
					"socket":	5,
					"start":	15.001117,
					"end":	16.001122,