{
	"start":	{
		"connected":	[{
				"socket":	5,
				"local_host":	"fd00::8",
				"local_port":	37221,
				"remote_host":	"fd00::4",
				"remote_port":	5123
			}],
		"version":	"iperf 3.18",
		"system_info":	"Linux RPI08 6.18.29+rpt-rpi-v7 #1 SMP Raspbian 1:6.18.29-1+rpt1 (2026-05-12) armv7l",
		"timestamp":	{
			"time":	"Wed, 20 May 2026 17:13:47 GMT",
			"timesecs":	1779297227
		},
		"connecting_to":	{
			"host":	"fd00::4",
			"port":	5123
		},
		"cookie":	"a63udsjstnayqijivdpegoezfuwq6y4pahtm",
		"target_bitrate":	70000,
		"fq_rate":	0,
		"sock_bufsize":	0,
		"sndbuf_actual":	180224,
		"rcvbuf_actual":	180224,
		"test_start":	{
			"protocol":	"UDP",
			"num_streams":	1,
			"blksize":	40,
			"omit":	0,
			"duration":	30,
			"bytes":	0,
			"blocks":	0,
			"reverse":	0,
			"tos":	0,
			"target_bitrate":	70000,
			"bidir":	0,
			"fqrate":	0,
			"interval":	1
		}
	},
	"intervals":	[{
			"streams":	[{
					"socket":	5,
					"start":	0,
					"end":	1.000841,
					"seconds":	1.0008410215377808,
					"bytes":	8760,
					"bits_per_second":	70021.1107377702,
					"packets":	219,
					"omitted":	false,
					"sender":	true
				}],
			"sum":	{
				"start":	0,
				"end":	1.000841,
				"seconds":	1.0008410215377808,
				"bytes":	8760,
				"bits_per_second":	70021.1107377702,
				"packets":	219,
				"omitted":	false,
				"sender":	true
			}
		}, {
			"streams":	[{
					"socket":	5,
					"start":	1.000841,
					"end":	2.001127,
					"seconds":	1.0002859830856323,
					"bytes":	8760,
					"bits_per_second":	70059.9640353059,
					"packets":	219,
					"omitted":	false,
					"sender":	true
				}],
			"sum":	{
				"start":	1.000841,
				"end":	2.001127,
				"seconds":	1.0002859830856323,
				"bytes":	8760,
				"bits_per_second":	70059.9640353059,
				"packets":	219,
				"omitted":	false,
				"sender":	true
			}
		}, {
			"streams":	[{
					"socket":	5,
					"start":	2.001127,
					"end":	3.001126,
					"seconds":	0.99999898672103882,
					"bytes":	8760,
					"bits_per_second":	70080.071010661559,
					"packets":	219,
					"omitted":	false,
					"sender":	true
				}],
			"sum":	{
				"start":	2.001127,
				"end":	3.001126,
				"seconds":	0.99999898672103882,
				"bytes":	8760,
				"bits_per_second":	70080.071010661559,
				"packets":	219,
				"omitted":	false,
				"sender":	true
			}
		}, {
			"streams":	[{
					"socket":	5,
					"start":	3.001126,
					"end":	4.001125,
					"seconds":	0.99999898672103882,
					"bytes":	8760,
					"bits_per_second":	70080.071010661559,
					"packets":	219,
					"omitted":	false,
					"sender":	true
				}],
			"sum":	{
				"start":	3.001126,
				"end":	4.001125,
				"seconds":	0.99999898672103882,
				"bytes":	8760,
				"bits_per_second":	70080.071010661559,
				"packets":	219,
				"omitted":	false,
				"sender":	true
			}
		}, {
			"streams":	[{
					"socket":	5,
					"start":	4.001125,
					"end":	5.001136,
					"seconds":	1.0000109672546387,
					"bytes":	8720,
					"bits_per_second":	69759.2349327071,
					"packets":	218,
					"omitted":	false,
					"sender":	true
				}],
			"sum":	{
				"start":	4.001125,
				"end":	5.001136,
				"seconds":	1.0000109672546387,
				"bytes":	8720,
				"bits_per_second":	69759.2349327071,
				"packets":	218,
				"omitted":	false,
				"sender":	true
			}
		}, {
			"streams":	[{
					"socket":	5,
					"start":	5.001136,
					"end":	6.001136,
					"seconds":	1,
					"bytes":	8760,
					"bits_per_second":	70080,
					"packets":	219,
					"omitted":	false,
					"sender":	true
				}],
			"sum":	{
				"start":	5.001136,
				"end":	6.001136,
				"seconds":	1,
				"bytes":	8760,
				"bits_per_second":	70080,
				"packets":	219,
				"omitted":	false,
				"sender":	true
			}
		}, {
			"streams":	[{
					"socket":	5,
					"start":	6.001136,
					"end":	7.001142,
					"seconds":	1.0000059604644775,
					"bytes":	8760,
					"bits_per_second":	70079.582293139145,
					"packets":	219,
					"omitted":	false,
					"sender":	true
				}],
			"sum":	{
				"start":	6.001136,
				"end":	7.001142,
				"seconds":	1.0000059604644775,
				"bytes":	8760,
				"bits_per_second":	70079.582293139145,
				"packets":	219,
				"omitted":	false,
				"sender":	true
			}
		}, {
			"streams":	[{
					"socket":	5,
					"start":	7.001142,
					"end":	8.001142,
					"seconds":	1,
					"bytes":	8760,
					"bits_per_second":	70080,
					"packets":	219,
					"omitted":	false,
					"sender":	true
				}],
			"sum":	{
				"start":	7.001142,
				"end":	8.001142,
				"seconds":	1,
				"bytes":	8760,
				"bits_per_second":	70080,
				"packets":	219,
				"omitted":	false,
				"sender":	true
			}
		}, {
			"streams":	[{
					"socket":	5,
					"start":	8.001142,
					"end":	9.001135,
					"seconds":	0.99999302625656128,
					"bytes":	8720,
					"bits_per_second":	69760.486491734948,
					"packets":	218,
					"omitted":	false,
					"sender":	true
				}],
			"sum":	{
				"start":	8.001142,
				"end":	9.001135,
				"seconds":	0.99999302625656128,
				"bytes":	8720,
				"bits_per_second":	69760.486491734948,
				"packets":	218,
				"omitted":	false,
				"sender":	true
			}
		}, {
			"streams":	[{
					"socket":	5,
					"start":	9.001135,
					"end":	10.001136,
					"seconds":	1.0000009536743164,
					"bytes":	8760,
					"bits_per_second":	70079.933166567644,
					"packets":	219,
					"omitted":	false,
					"sender":	true
				}],
			"sum":	{
				"start":	9.001135,
				"end":	10.001136,
				"seconds":	1.0000009536743164,
				"bytes":	8760,
				"bits_per_second":	70079.933166567644,
				"packets":	219,
				"omitted":	false,
				"sender":	true
			}
		}, {
			"streams":	[{
					"socket":	5,
					"start":	10.001136,
					"end":	11.001125,
					"seconds":	0.99998897314071655,
					"bytes":	8760,
					"bits_per_second":	70080.7727708198,
					"packets":	219,
					"omitted":	false,
					"sender":	true
				}],
			"sum":	{
				"start":	10.001136,
				"end":	11.001125,
				"seconds":	0.99998897314071655,
				"bytes":	8760,
				"bits_per_second":	70080.7727708198,
				"packets":	219,
				"omitted":	false,
				"sender":	true
			}
		}, {
			"streams":	[{
					"socket":	5,
					"start":	11.001125,
					"end":	12.001123,
					"seconds":	0.99999797344207764,
					"bytes":	8760,
					"bits_per_second":	70080.142021467,
					"packets":	219,
					"omitted":	false,
					"sender":	true
				}],
			"sum":	{
				"start":	11.001125,
				"end":	12.001123,
				"seconds":	0.99999797344207764,
				"bytes":	8760,
				"bits_per_second":	70080.142021467,
				"packets":	219,
				"omitted":	false,
				"sender":	true
			}
		}, {
			"streams":	[{
					"socket":	5,
					"start":	12.001123,
					"end":	13.001142,
					"seconds":	1.0000189542770386,
					"bytes":	8720,
					"bits_per_second":	69758.6777746956,
					"packets":	218,
					"omitted":	false,
					"sender":	true
				}],
			"sum":	{
				"start":	12.001123,
				"end":	13.001142,
				"seconds":	1.0000189542770386,
				"bytes":	8720,
				"bits_per_second":	69758.6777746956,
				"packets":	218,
				"omitted":	false,
				"sender":	true
			}
		}, {
			"streams":	[{
					"socket":	5,
					"start":	13.001142,
					"end":	14.001127,
					"seconds":	0.9999849796295166,
					"bytes":	8760,
					"bits_per_second":	70081.052643374569,
					"packets":	219,
					"omitted":	false,
					"sender":	true
				}],
			"sum":	{
				"start":	13.001142,
				"end":	14.001127,
				"seconds":	0.9999849796295166,
				"bytes":	8760,
				"bits_per_second":	70081.052643374569,
				"packets":	219,
				"omitted":	false,
				"sender":	true
			}
		}, {
			"streams":	[{
					"socket":	5,
					"start":	14.001127,
					"end":	15.001125,
					"seconds":	0.99999797344207764,
					"bytes":	8760,
					"bits_per_second":	70080.142021467,
					"packets":	219,
					"omitted":	false,
					"sender":	true
				}],
			"sum":	{
				"start":	14.001127,
				"end":	15.001125,
				"seconds":	0.99999797344207764,
				"bytes":	8760,
				"bits_per_second":	70080.142021467,
				"packets":	219,
				"omitted":	false,
				"sender":	true
			}
		}, {
			"streams":	[{
					"socket":	5,