{
	"start":	{
		"connected":	[{
				"socket":	5,
				"local_host":	"fd00::8",
				"local_port":	45513,
				"remote_host":	"fd00::4",
				"remote_port":	5123
			}],
		"version":	"iperf 3.18",
		"system_info":	"Linux RPI08 6.18.29+rpt-rpi-v7 #1 SMP Raspbian 1:6.18.29-1+rpt1 (2026-05-12) armv7l",
		"timestamp":	{
			"time":	"Wed, 20 May 2026 17:15:31 GMT",
			"timesecs":	1779297331
		},
		"connecting_to":	{
			"host":	"fd00::4",
			"port":	5123
		},
		"cookie":	"vm46222i63ml67d2qrocb5xileokq3muzyod",
		"target_bitrate":	70000,
		"fq_rate":	0,
		"sock_bufsize":	0,
		"sndbuf_actual":	180224,
		"rcvbuf_actual":	180224,
		"test_start":	{
			"protocol":	"UDP",
			"num_streams":	1,
			"blksize":	256,
			"omit":	0,
			"duration":	30,
			"bytes":	0,
			"blocks":	0,
			"reverse":	0,
			"tos":	0,
			"target_bitrate":	70000,
			"bidir":	0,
			"fqrate":	0,
			"interval":	1
		}
	},
	"intervals":	[{
			"streams":	[{
					"socket":	5,
					"start":	0,
					"end":	1.001109,
					"seconds":	1.0011090040206909,
					"bytes":	8960,
					"bits_per_second":	71600.594652646352,
					"packets":	35,
					"omitted":	false,
					"sender":	true
				}],
			"sum":	{
				"start":	0,
				"end":	1.001109,
				"seconds":	1.0011090040206909,
				"bytes":	8960,
				"bits_per_second":	71600.594652646352,
				"packets":	35,
				"omitted":	false,
				"sender":	true
			}
		}, {
			"streams":	[{
					"socket":	5,
					"start":	1.001109,
					"end":	2.001137,
					"seconds":	1.0000280141830444,
					"bytes":	8704,
					"bits_per_second":	69630.049371051529,
					"packets":	34,
					"omitted":	false,
					"sender":	true
				}],
			"sum":	{
				"start":	1.001109,
				"end":	2.001137,
				"seconds":	1.0000280141830444,
				"bytes":	8704,
				"bits_per_second":	69630.049371051529,
				"packets":	34,
				"omitted":	false,
				"sender":	true
			}
		}, {
			"streams":	[{
					"socket":	5,
					"start":	2.001137,
					"end":	3.001133,
					"seconds":	0.9999960064888,
					"bytes":	8704,
					"bits_per_second":	69632.278077282375,
					"packets":	34,
					"omitted":	false,
					"sender":	true
				}],
			"sum":	{
				"start":	2.001137,
				"end":	3.001133,
				"seconds":	0.9999960064888,
				"bytes":	8704,
				"bits_per_second":	69632.278077282375,
				"packets":	34,
				"omitted":	false,
				"sender":	true
			}
		}, {
			"streams":	[{
					"socket":	5,
					"start":	3.001133,
					"end":	4.001137,
					"seconds":	1.0000040531158447,
					"bytes":	8704,
					"bits_per_second":	69631.7177745814,
					"packets":	34,
					"omitted":	false,
					"sender":	true
				}],
			"sum":	{
				"start":	3.001133,
				"end":	4.001137,
				"seconds":	1.0000040531158447,
				"bytes":	8704,
				"bits_per_second":	69631.7177745814,
				"packets":	34,
				"omitted":	false,
				"sender":	true
			}
		}, {
			"streams":	[{
					"socket":	5,
					"start":	4.001137,
					"end":	5.001138,
					"seconds":	1.0000009536743164,
					"bytes":	8704,
					"bits_per_second":	69631.93359381333,
					"packets":	34,
					"omitted":	false,
					"sender":	true
				}],
			"sum":	{
				"start":	4.001137,
				"end":	5.001138,
				"seconds":	1.0000009536743164,
				"bytes":	8704,
				"bits_per_second":	69631.93359381333,
				"packets":	34,
				"omitted":	false,
				"sender":	true
			}
		}, {
			"streams":	[{
					"socket":	5,
					"start":	5.001138,
					"end":	6.00114,
					"seconds":	1.0000020265579224,
					"bytes":	8960,
					"bits_per_second":	71679.8547366225,
					"packets":	35,
					"omitted":	false,
					"sender":	true
				}],
			"sum":	{
				"start":	5.001138,
				"end":	6.00114,
				"seconds":	1.0000020265579224,
				"bytes":	8960,
				"bits_per_second":	71679.8547366225,
				"packets":	35,
				"omitted":	false,
				"sender":	true
			}
		}, {
			"streams":	[{
					"socket":	5,
					"start":	6.00114,
					"end":	7.001138,
					"seconds":	0.99999797344207764,
					"bytes":	8704,
					"bits_per_second":	69632.141113567224,
					"packets":	34,
					"omitted":	false,
					"sender":	true
				}],
			"sum":	{
				"start":	6.00114,
				"end":	7.001138,
				"seconds":	0.99999797344207764,
				"bytes":	8704,
				"bits_per_second":	69632.141113567224,
				"packets":	34,
				"omitted":	false,
				"sender":	true
			}
		}, {
			"streams":	[{
					"socket":	5,
					"start":	7.001138,
					"end":	8.001139,
					"seconds":	1.0000009536743164,
					"bytes":	8704,
					"bits_per_second":	69631.93359381333,
					"packets":	34,
					"omitted":	false,
					"sender":	true
				}],
			"sum":	{
				"start":	7.001138,
				"end":	8.001139,
				"seconds":	1.0000009536743164,
				"bytes":	8704,
				"bits_per_second":	69631.93359381333,
				"packets":	34,
				"omitted":	false,
				"sender":	true
			}
		}, {
			"streams":	[{
					"socket":	5,
					"start":	8.001139,
					"end":	9.001132,
					"seconds":	0.99999302625656128,
					"bytes":	8704,
					"bits_per_second":	69632.485599089574,
					"packets":	34,
					"omitted":	false,
					"sender":	true
				}],
			"sum":	{
				"start":	8.001139,
				"end":	9.001132,
				"seconds":	0.99999302625656128,
				"bytes":	8704,
				"bits_per_second":	69632.485599089574,
				"packets":	34,
				"omitted":	false,
				"sender":	true
			}
		}, {
			"streams":	[{
					"socket":	5,
					"start":	9.001132,
					"end":	10.001134,
					"seconds":	1.0000020265579224,
					"bytes":	8704,
					"bits_per_second":	69631.858887004724,
					"packets":	34,
					"omitted":	false,
					"sender":	true
				}],
			"sum":	{
				"start":	9.001132,
				"end":	10.001134,
				"seconds":	1.0000020265579224,
				"bytes":	8704,
				"bits_per_second":	69631.858887004724,
				"packets":	34,
				"omitted":	false,
				"sender":	true
			}
		}, {
			"streams":	[{
					"socket":	5,
					"start":	10.001134,
					"end":	11.001146,
					"seconds":	1.0000120401382446,
					"bytes":	8960,
					"bits_per_second":	71679.1369732816,
					"packets":	35,
					"omitted":	false,
					"sender":	true
				}],
			"sum":	{
				"start":	10.001134,
				"end":	11.001146,
				"seconds":	1.0000120401382446,
				"bytes":	8960,
				"bits_per_second":	71679.1369732816,
				"packets":	35,
				"omitted":	false,
				"sender":	true
			}
		}, {
			"streams":	[{
					"socket":	5,
					"start":	11.001146,
					"end":	12.001132,
					"seconds":	0.99998599290847778,
					"bytes":	8704,
					"bits_per_second":	69632.975355458766,
					"packets":	34,
					"omitted":	false,
					"sender":	true
				}],
			"sum":	{
				"start":	11.001146,
				"end":	12.001132,
				"seconds":	0.99998599290847778,
				"bytes":	8704,
				"bits_per_second":	69632.975355458766,
				"packets":	34,
				"omitted":	false,
				"sender":	true
			}
		}, {
			"streams":	[{
					"socket":	5,
					"start":	12.001132,
					"end":	13.001174,
					"seconds":	1.0000419616699219,
					"bytes":	8704,
					"bits_per_second":	69629.0782476016,
					"packets":	34,
					"omitted":	false,
					"sender":	true
				}],
			"sum":	{
				"start":	12.001132,
				"end":	13.001174,
				"seconds":	1.0000419616699219,
				"bytes":	8704,
				"bits_per_second":	69629.0782476016,
				"packets":	34,
				"omitted":	false,
				"sender":	true
			}
		}, {
			"streams":	[{
					"socket":	5,
					"start":	13.001174,
					"end":	14.001139,
					"seconds":	0.999965012073517,
					"bytes":	8704,
					"bits_per_second":	69634.4363645402,
					"packets":	34,
					"omitted":	false,
					"sender":	true
				}],
			"sum":	{
				"start":	13.001174,
				"end":	14.001139,
				"seconds":	0.999965012073517,
				"bytes":	8704,
				"bits_per_second":	69634.4363645402,
				"packets":	34,
				"omitted":	false,
				"sender":	true
			}
		}, {
			"streams":	[{
					"socket":	5,
					"start":	14.001139,
					"end":	15.001136,
					"seconds":	0.99999701976776123,
					"bytes":	8704,
					"bits_per_second":	69632.2075201497,
					"packets":	34,
					"omitted":	false,
					"sender":	true
				}],
			"sum":	{
				"start":	14.001139,
				"end":	15.001136,
				"seconds":	0.99999701976776123,
				"bytes":	8704,
				"bits_per_second":	69632.2075201497,
				"packets":	34,
				"omitted":	false,