{
	"start":	{
		"connected":	[{
				"socket":	5,
				"local_host":	"fd00::8",
				"local_port":	38293,
				"remote_host":	"fd00::4",
				"remote_port":	5123
			}],
		"version":	"iperf 3.18",
		"system_info":	"Linux RPI08 6.18.29+rpt-rpi-v7 #1 SMP Raspbian 1:6.18.29-1+rpt1 (2026-05-12) armv7l",
		"timestamp":	{
			"time":	"Wed, 20 May 2026 17:09:10 GMT",
			"timesecs":	1779296950
		},
		"connecting_to":	{
			"host":	"fd00::4",
			"port":	5123
		},
		"cookie":	"y53yovlp5bgo53ohmvb2pq3ehi4fmgsfo2vf",
		"target_bitrate":	50000,
		"fq_rate":	0,
		"sock_bufsize":	0,
		"sndbuf_actual":	180224,
		"rcvbuf_actual":	180224,
		"test_start":	{
			"protocol":	"UDP",
			"num_streams":	1,
			"blksize":	512,
			"omit":	0,
			"duration":	30,
			"bytes":	0,
			"blocks":	0,
			"reverse":	0,
			"tos":	0,
			"target_bitrate":	50000,
			"bidir":	0,
			"fqrate":	0,
			"interval":	1
		}
	},
	"intervals":	[{
			"streams":	[{
					"socket":	5,
					"start":	0,
					"end":	1.001068,
					"seconds":	1.0010679960250854,
					"bytes":	6656,
					"bits_per_second":	53191.192018354843,
					"packets":	13,
					"omitted":	false,
					"sender":	true
				}],
			"sum":	{
				"start":	0,
				"end":	1.001068,
				"seconds":	1.0010679960250854,
				"bytes":	6656,
				"bits_per_second":	53191.192018354843,
				"packets":	13,
				"omitted":	false,
				"sender":	true
			}
		}, {
			"streams":	[{
					"socket":	5,
					"start":	1.001068,
					"end":	2.001142,
					"seconds":	1.000074028968811,
					"bytes":	6144,
					"bits_per_second":	49148.3615974722,
					"packets":	12,
					"omitted":	false,
					"sender":	true
				}],
			"sum":	{
				"start":	1.001068,
				"end":	2.001142,
				"seconds":	1.000074028968811,
				"bytes":	6144,
				"bits_per_second":	49148.3615974722,
				"packets":	12,
				"omitted":	false,
				"sender":	true
			}
		}, {
			"streams":	[{
					"socket":	5,
					"start":	2.001142,
					"end":	3.001134,
					"seconds":	0.9999920129776,
					"bytes":	6144,
					"bits_per_second":	49152.392581260552,
					"packets":	12,
					"omitted":	false,
					"sender":	true
				}],
			"sum":	{
				"start":	2.001142,
				"end":	3.001134,
				"seconds":	0.9999920129776,
				"bytes":	6144,
				"bits_per_second":	49152.392581260552,
				"packets":	12,
				"omitted":	false,
				"sender":	true
			}
		}, {
			"streams":	[{
					"socket":	5,
					"start":	3.001134,
					"end":	4.00113,
					"seconds":	0.9999960064888,
					"bytes":	6144,
					"bits_per_second":	49152.196289846383,
					"packets":	12,
					"omitted":	false,
					"sender":	true
				}],
			"sum":	{
				"start":	3.001134,
				"end":	4.00113,
				"seconds":	0.9999960064888,
				"bytes":	6144,
				"bits_per_second":	49152.196289846383,
				"packets":	12,
				"omitted":	false,
				"sender":	true
			}
		}, {
			"streams":	[{
					"socket":	5,
					"start":	4.00113,
					"end":	5.001123,
					"seconds":	0.99999302625656128,
					"bytes":	6656,
					"bits_per_second":	53248.371340480255,
					"packets":	13,
					"omitted":	false,
					"sender":	true
				}],
			"sum":	{
				"start":	4.00113,
				"end":	5.001123,
				"seconds":	0.99999302625656128,
				"bytes":	6656,
				"bits_per_second":	53248.371340480255,
				"packets":	13,
				"omitted":	false,
				"sender":	true
			}
		}, {
			"streams":	[{
					"socket":	5,
					"start":	5.001123,
					"end":	6.001129,
					"seconds":	1.0000059604644775,
					"bytes":	6144,
					"bits_per_second":	49151.707032996223,
					"packets":	12,
					"omitted":	false,
					"sender":	true
				}],
			"sum":	{
				"start":	5.001123,
				"end":	6.001129,
				"seconds":	1.0000059604644775,
				"bytes":	6144,
				"bits_per_second":	49151.707032996223,
				"packets":	12,
				"omitted":	false,
				"sender":	true
			}
		}, {
			"streams":	[{
					"socket":	5,
					"start":	6.001129,
					"end":	7.001125,
					"seconds":	0.9999960064888,
					"bytes":	6144,
					"bits_per_second":	49152.196289846383,
					"packets":	12,
					"omitted":	false,
					"sender":	true
				}],
			"sum":	{
				"start":	6.001129,
				"end":	7.001125,
				"seconds":	0.9999960064888,
				"bytes":	6144,
				"bits_per_second":	49152.196289846383,
				"packets":	12,
				"omitted":	false,
				"sender":	true
			}
		}, {
			"streams":	[{
					"socket":	5,
					"start":	7.001125,
					"end":	8.001139,
					"seconds":	1.0000139474868774,
					"bytes":	6144,
					"bits_per_second":	49151.314462686525,
					"packets":	12,
					"omitted":	false,
					"sender":	true
				}],
			"sum":	{
				"start":	7.001125,
				"end":	8.001139,
				"seconds":	1.0000139474868774,
				"bytes":	6144,
				"bits_per_second":	49151.314462686525,
				"packets":	12,
				"omitted":	false,
				"sender":	true
			}
		}, {
			"streams":	[{
					"socket":	5,
					"start":	8.001139,
					"end":	9.001137,
					"seconds":	0.99999797344207764,
					"bytes":	6144,
					"bits_per_second":	49152.099609576864,
					"packets":	12,
					"omitted":	false,
					"sender":	true
				}],
			"sum":	{
				"start":	8.001139,
				"end":	9.001137,
				"seconds":	0.99999797344207764,
				"bytes":	6144,
				"bits_per_second":	49152.099609576864,
				"packets":	12,
				"omitted":	false,
				"sender":	true
			}
		}, {
			"streams":	[{
					"socket":	5,
					"start":	9.001137,
					"end":	10.001132,
					"seconds":	0.999994993209839,
					"bytes":	6656,
					"bits_per_second":	53248.266602897325,
					"packets":	13,
					"omitted":	false,
					"sender":	true
				}],
			"sum":	{
				"start":	9.001137,
				"end":	10.001132,
				"seconds":	0.999994993209839,
				"bytes":	6656,
				"bits_per_second":	53248.266602897325,
				"packets":	13,
				"omitted":	false,
				"sender":	true
			}
		}, {
			"streams":	[{
					"socket":	5,
					"start":	10.001132,
					"end":	11.001126,
					"seconds":	0.99999397993087769,
					"bytes":	6144,
					"bits_per_second":	49152.295900218836,
					"packets":	12,
					"omitted":	false,
					"sender":	true
				}],
			"sum":	{
				"start":	10.001132,
				"end":	11.001126,
				"seconds":	0.99999397993087769,
				"bytes":	6144,
				"bits_per_second":	49152.295900218836,
				"packets":	12,
				"omitted":	false,
				"sender":	true
			}
		}, {
			"streams":	[{
					"socket":	5,
					"start":	11.001126,
					"end":	12.001134,
					"seconds":	1.0000079870224,
					"bytes":	6144,
					"bits_per_second":	49151.6074250105,
					"packets":	12,
					"omitted":	false,
					"sender":	true
				}],
			"sum":	{
				"start":	11.001126,
				"end":	12.001134,
				"seconds":	1.0000079870224,
				"bytes":	6144,
				"bits_per_second":	49151.6074250105,
				"packets":	12,
				"omitted":	false,
				"sender":	true
			}
		}, {
			"streams":	[{
					"socket":	5,
					"start":	12.001134,
					"end":	13.00113,
					"seconds":	0.9999960064888,
					"bytes":	6144,
					"bits_per_second":	49152.196289846383,
					"packets":	12,
					"omitted":	false,
					"sender":	true
				}],
			"sum":	{
				"start":	12.001134,
				"end":	13.00113,
				"seconds":	0.9999960064888,
				"bytes":	6144,
				"bits_per_second":	49152.196289846383,
				"packets":	12,
				"omitted":	false,
				"sender":	true
			}
		}, {
			"streams":	[{
					"socket":	5,
					"start":	13.00113,
					"end":	14.001135,
					"seconds":	1.0000050067901611,
					"bytes":	6144,
					"bits_per_second":	49151.753907482132,
					"packets":	12,
					"omitted":	false,
					"sender":	true
				}],
			"sum":	{
				"start":	13.00113,
				"end":	14.001135,
				"seconds":	1.0000050067901611,
				"bytes":	6144,
				"bits_per_second":	49151.753907482132,
				"packets":	12,
				"omitted":	false,
				"sender":	true
			}
		}, {
			"streams":	[{
					"socket":	5,
					"start":	14.001135,
					"end":	15.001133,
					"seconds":	0.99999797344207764,
					"bytes":	6656,
					"bits_per_second":	53248.107910374936,
					"packets":	13,
					"omitted":	false,
					"sender":	true
				}],
			"sum":	{
				"start":	14.001135,
				"end":	15.001133,
				"seconds":	0.99999797344207764,
				"bytes":	6656,
				"bits_per_second":	53248.107910374936,
				"packets":	13,
				"omitted":	false,