{
	"start":	{
		"connected":	[{
				"socket":	5,
				"local_host":	"fd00::8",
				"local_port":	56184,
				"remote_host":	"fd00::4",
				"remote_port":	5123
			}],
		"version":	"iperf 3.18",
		"system_info":	"Linux RPI08 6.18.29+rpt-rpi-v7 #1 SMP Raspbian 1:6.18.29-1+rpt1 (2026-05-12) armv7l",
		"timestamp":	{
			"time":	"Wed, 20 May 2026 17:00:32 GMT",
			"timesecs":	1779296432
		},
		"connecting_to":	{
			"host":	"fd00::4",
			"port":	5123
		},
		"cookie":	"mwzy65plsp72gh4iarsfqvz2vym2ogvm2h43",
		"target_bitrate":	30000,
		"fq_rate":	0,
		"sock_bufsize":	0,
		"sndbuf_actual":	180224,
		"rcvbuf_actual":	180224,
		"test_start":	{
			"protocol":	"UDP",
			"num_streams":	1,
			"blksize":	96,
			"omit":	0,
			"duration":	30,
			"bytes":	0,
			"blocks":	0,
			"reverse":	0,
			"tos":	0,
			"target_bitrate":	30000,
			"bidir":	0,
			"fqrate":	0,
			"interval":	1
		}
	},
	"intervals":	[{
			"streams":	[{
					"socket":	5,
					"start":	0,
					"end":	1.000841,
					"seconds":	1.0008410215377808,
					"bytes":	3840,
					"bits_per_second":	30694.18552888557,
					"packets":	40,
					"omitted":	false,
					"sender":	true
				}],
			"sum":	{
				"start":	0,
				"end":	1.000841,
				"seconds":	1.0008410215377808,
				"bytes":	3840,
				"bits_per_second":	30694.18552888557,
				"packets":	40,
				"omitted":	false,
				"sender":	true
			}
		}, {
			"streams":	[{
					"socket":	5,
					"start":	1.000841,
					"end":	2.001128,
					"seconds":	1.0002870559692383,
					"bytes":	3744,
					"bits_per_second":	29943.404566979731,
					"packets":	39,
					"omitted":	false,
					"sender":	true
				}],
			"sum":	{
				"start":	1.000841,
				"end":	2.001128,
				"seconds":	1.0002870559692383,
				"bytes":	3744,
				"bits_per_second":	29943.404566979731,
				"packets":	39,
				"omitted":	false,
				"sender":	true
			}
		}, {
			"streams":	[{
					"socket":	5,
					"start":	2.001128,
					"end":	3.001118,
					"seconds":	0.99998998641967773,
					"bytes":	3744,
					"bits_per_second":	29952.299929761182,
					"packets":	39,
					"omitted":	false,
					"sender":	true
				}],
			"sum":	{
				"start":	2.001128,
				"end":	3.001118,
				"seconds":	0.99998998641967773,
				"bytes":	3744,
				"bits_per_second":	29952.299929761182,
				"packets":	39,
				"omitted":	false,
				"sender":	true
			}
		}, {
			"streams":	[{
					"socket":	5,
					"start":	3.001118,
					"end":	4.001146,
					"seconds":	1.0000280141830444,
					"bytes":	3744,
					"bits_per_second":	29951.160942694958,
					"packets":	39,
					"omitted":	false,
					"sender":	true
				}],
			"sum":	{
				"start":	3.001118,
				"end":	4.001146,
				"seconds":	1.0000280141830444,
				"bytes":	3744,
				"bits_per_second":	29951.160942694958,
				"packets":	39,
				"omitted":	false,
				"sender":	true
			}
		}, {
			"streams":	[{
					"socket":	5,
					"start":	4.001146,
					"end":	5.001134,
					"seconds":	0.9999880194664,
					"bytes":	3744,
					"bits_per_second":	29952.358845241539,
					"packets":	39,
					"omitted":	false,
					"sender":	true
				}],
			"sum":	{
				"start":	4.001146,
				"end":	5.001134,
				"seconds":	0.9999880194664,
				"bytes":	3744,
				"bits_per_second":	29952.358845241539,
				"packets":	39,
				"omitted":	false,
				"sender":	true
			}
		}, {
			"streams":	[{
					"socket":	5,
					"start":	5.001134,
					"end":	6.001125,
					"seconds":	0.999990999698639,
					"bytes":	3744,
					"bits_per_second":	29952.269579452663,
					"packets":	39,
					"omitted":	false,
					"sender":	true
				}],
			"sum":	{
				"start":	5.001134,
				"end":	6.001125,
				"seconds":	0.999990999698639,
				"bytes":	3744,
				"bits_per_second":	29952.269579452663,
				"packets":	39,
				"omitted":	false,
				"sender":	true
			}
		}, {
			"streams":	[{
					"socket":	5,
					"start":	6.001125,
					"end":	7.001135,
					"seconds":	1.0000100135803223,
					"bytes":	3744,
					"bits_per_second":	29951.7000762455,
					"packets":	39,
					"omitted":	false,
					"sender":	true
				}],
			"sum":	{
				"start":	6.001125,
				"end":	7.001135,
				"seconds":	1.0000100135803223,
				"bytes":	3744,
				"bits_per_second":	29951.7000762455,
				"packets":	39,
				"omitted":	false,
				"sender":	true
			}
		}, {
			"streams":	[{
					"socket":	5,
					"start":	7.001135,
					"end":	8.001132,
					"seconds":	0.99999701976776123,
					"bytes":	3744,
					"bits_per_second":	29952.089264182043,
					"packets":	39,
					"omitted":	false,
					"sender":	true
				}],
			"sum":	{
				"start":	7.001135,
				"end":	8.001132,
				"seconds":	0.99999701976776123,
				"bytes":	3744,
				"bits_per_second":	29952.089264182043,
				"packets":	39,
				"omitted":	false,
				"sender":	true
			}
		}, {
			"streams":	[{
					"socket":	5,
					"start":	8.001132,
					"end":	9.001125,
					"seconds":	0.99999302625656128,
					"bytes":	3744,
					"bits_per_second":	29952.208879020145,
					"packets":	39,
					"omitted":	false,
					"sender":	true
				}],
			"sum":	{
				"start":	8.001132,
				"end":	9.001125,
				"seconds":	0.99999302625656128,
				"bytes":	3744,
				"bits_per_second":	29952.208879020145,
				"packets":	39,
				"omitted":	false,
				"sender":	true
			}
		}, {
			"streams":	[{
					"socket":	5,
					"start":	9.001125,
					"end":	10.001149,
					"seconds":	1.0000239610672,
					"bytes":	3744,
					"bits_per_second":	29951.282335311247,
					"packets":	39,
					"omitted":	false,
					"sender":	true
				}],
			"sum":	{
				"start":	9.001125,
				"end":	10.001149,
				"seconds":	1.0000239610672,
				"bytes":	3744,
				"bits_per_second":	29951.282335311247,
				"packets":	39,
				"omitted":	false,
				"sender":	true
			}
		}, {
			"streams":	[{
					"socket":	5,
					"start":	10.001149,
					"end":	11.001128,
					"seconds":	0.999979019165039,
					"bytes":	3744,
					"bits_per_second":	29952.62843115376,
					"packets":	39,
					"omitted":	false,
					"sender":	true
				}],
			"sum":	{
				"start":	10.001149,
				"end":	11.001128,
				"seconds":	0.999979019165039,
				"bytes":	3744,
				"bits_per_second":	29952.62843115376,
				"packets":	39,
				"omitted":	false,
				"sender":	true
			}
		}, {
			"streams":	[{
					"socket":	5,
					"start":	11.001128,
					"end":	12.001129,
					"seconds":	1.0000009536743164,
					"bytes":	3744,
					"bits_per_second":	29951.971435574116,
					"packets":	39,
					"omitted":	false,
					"sender":	true
				}],
			"sum":	{
				"start":	11.001128,
				"end":	12.001129,
				"seconds":	1.0000009536743164,
				"bytes":	3744,
				"bits_per_second":	29951.971435574116,
				"packets":	39,
				"omitted":	false,
				"sender":	true
			}
		}, {
			"streams":	[{
					"socket":	5,
					"start":	12.001129,
					"end":	13.001141,
					"seconds":	1.0000120401382446,
					"bytes":	3744,
					"bits_per_second":	29951.639378121235,
					"packets":	39,
					"omitted":	false,
					"sender":	true
				}],
			"sum":	{
				"start":	12.001129,
				"end":	13.001141,
				"seconds":	1.0000120401382446,
				"bytes":	3744,
				"bits_per_second":	29951.639378121235,
				"packets":	39,
				"omitted":	false,
				"sender":	true
			}
		}, {
			"streams":	[{
					"socket":	5,
					"start":	13.001141,
					"end":	14.001132,
					"seconds":	0.999990999698639,
					"bytes":	3744,
					"bits_per_second":	29952.269579452663,
					"packets":	39,
					"omitted":	false,
					"sender":	true
				}],
			"sum":	{
				"start":	13.001141,
				"end":	14.001132,
				"seconds":	0.999990999698639,
				"bytes":	3744,
				"bits_per_second":	29952.269579452663,
				"packets":	39,
				"omitted":	false,
				"sender":	true
			}
		}, {
			"streams":	[{
					"socket":	5,
					"start":	14.001132,
					"end":	15.001175,
					"seconds":	1.0000430345535278,
					"bytes":	3744,
					"bits_per_second":	29950.711084520637,
					"packets":	39,
					"omitted":	false,
					"sender":	true
				}],
			"sum":	{
				"start":	14.001132,
				"end":	15.001175,
				"seconds":	1.0000430345535278,
				"bytes":	3744,
				"bits_per_second":	29950.711084520637,
				"packets":	39,