{
	"start":	{
		"connected":	[{
				"socket":	5,
				"local_host":	"fd00::8",
				"local_port":	43358,
				"remote_host":	"fd00::4",
				"remote_port":	5123
			}],
		"version":	"iperf 3.18",
		"system_info":	"Linux RPI08 6.18.29+rpt-rpi-v7 #1 SMP Raspbian 1:6.18.29-1+rpt1 (2026-05-12) armv7l",
		"timestamp":	{
			"time":	"Wed, 20 May 2026 17:06:53 GMT",
			"timesecs":	1779296813
		},
		"connecting_to":	{
			"host":	"fd00::4",
			"port":	5123
		},
		"cookie":	"prm5pynyyamdajmt5mn7ezecu46326j4nxnu",
		"target_bitrate":	50000,
		"fq_rate":	0,
		"sock_bufsize":	0,
		"sndbuf_actual":	180224,
		"rcvbuf_actual":	180224,
		"test_start":	{
			"protocol":	"UDP",
			"num_streams":	1,
			"blksize":	40,
			"omit":	0,
			"duration":	30,
			"bytes":	0,
			"blocks":	0,
			"reverse":	0,
			"tos":	0,
			"target_bitrate":	50000,
			"bidir":	0,
			"fqrate":	0,
			"interval":	1
		}
	},
	"intervals":	[{
			"streams":	[{
					"socket":	5,
					"start":	0,
					"end":	1.001146,
					"seconds":	1.0011459589004517,
					"bytes":	6280,
					"bits_per_second":	50182.492925585073,
					"packets":	157,
					"omitted":	false,
					"sender":	true
				}],
			"sum":	{
				"start":	0,
				"end":	1.001146,
				"seconds":	1.0011459589004517,
				"bytes":	6280,
				"bits_per_second":	50182.492925585073,
				"packets":	157,
				"omitted":	false,
				"sender":	true
			}
		}, {
			"streams":	[{
					"socket":	5,
					"start":	1.001146,
					"end":	2.001138,
					"seconds":	0.9999920129776,
					"bytes":	6240,
					"bits_per_second":	49920.398715342752,
					"packets":	156,
					"omitted":	false,
					"sender":	true
				}],
			"sum":	{
				"start":	1.001146,
				"end":	2.001138,
				"seconds":	0.9999920129776,
				"bytes":	6240,
				"bits_per_second":	49920.398715342752,
				"packets":	156,
				"omitted":	false,
				"sender":	true
			}
		}, {
			"streams":	[{
					"socket":	5,
					"start":	2.001138,
					"end":	3.001149,
					"seconds":	1.0000109672546387,
					"bytes":	6240,
					"bits_per_second":	49919.452520652783,
					"packets":	156,
					"omitted":	false,
					"sender":	true
				}],
			"sum":	{
				"start":	2.001138,
				"end":	3.001149,
				"seconds":	1.0000109672546387,
				"bytes":	6240,
				"bits_per_second":	49919.452520652783,
				"packets":	156,
				"omitted":	false,
				"sender":	true
			}
		}, {
			"streams":	[{
					"socket":	5,
					"start":	3.001149,
					"end":	4.001138,
					"seconds":	0.99998897314071655,
					"bytes":	6280,
					"bits_per_second":	50240.553995519229,
					"packets":	157,
					"omitted":	false,
					"sender":	true
				}],
			"sum":	{
				"start":	3.001149,
				"end":	4.001138,
				"seconds":	0.99998897314071655,
				"bytes":	6280,
				"bits_per_second":	50240.553995519229,
				"packets":	157,
				"omitted":	false,
				"sender":	true
			}
		}, {
			"streams":	[{
					"socket":	5,
					"start":	4.001138,
					"end":	5.001138,
					"seconds":	1,
					"bytes":	6240,
					"bits_per_second":	49920,
					"packets":	156,
					"omitted":	false,
					"sender":	true
				}],
			"sum":	{
				"start":	4.001138,
				"end":	5.001138,
				"seconds":	1,
				"bytes":	6240,
				"bits_per_second":	49920,
				"packets":	156,
				"omitted":	false,
				"sender":	true
			}
		}, {
			"streams":	[{
					"socket":	5,
					"start":	5.001138,
					"end":	6.001139,
					"seconds":	1.0000009536743164,
					"bytes":	6240,
					"bits_per_second":	49919.952392623527,
					"packets":	156,
					"omitted":	false,
					"sender":	true
				}],
			"sum":	{
				"start":	5.001138,
				"end":	6.001139,
				"seconds":	1.0000009536743164,
				"bytes":	6240,
				"bits_per_second":	49919.952392623527,
				"packets":	156,
				"omitted":	false,
				"sender":	true
			}
		}, {
			"streams":	[{
					"socket":	5,
					"start":	6.001139,
					"end":	7.001142,
					"seconds":	1.0000029802322388,
					"bytes":	6240,
					"bits_per_second":	49919.851227250016,
					"packets":	156,
					"omitted":	false,
					"sender":	true
				}],
			"sum":	{
				"start":	6.001139,
				"end":	7.001142,
				"seconds":	1.0000029802322388,
				"bytes":	6240,
				"bits_per_second":	49919.851227250016,
				"packets":	156,
				"omitted":	false,
				"sender":	true
			}
		}, {
			"streams":	[{
					"socket":	5,
					"start":	7.001142,
					"end":	8.001128,
					"seconds":	0.99998599290847778,
					"bytes":	6280,
					"bits_per_second":	50240.703726135231,
					"packets":	157,
					"omitted":	false,
					"sender":	true
				}],
			"sum":	{
				"start":	7.001142,
				"end":	8.001128,
				"seconds":	0.99998599290847778,
				"bytes":	6280,
				"bits_per_second":	50240.703726135231,
				"packets":	157,
				"omitted":	false,
				"sender":	true
			}
		}, {
			"streams":	[{
					"socket":	5,
					"start":	8.001128,
					"end":	9.001126,
					"seconds":	0.99999797344207764,
					"bytes":	6240,
					"bits_per_second":	49920.1011659765,
					"packets":	156,
					"omitted":	false,
					"sender":	true
				}],
			"sum":	{
				"start":	8.001128,
				"end":	9.001126,
				"seconds":	0.99999797344207764,
				"bytes":	6240,
				"bits_per_second":	49920.1011659765,
				"packets":	156,
				"omitted":	false,
				"sender":	true
			}
		}, {
			"streams":	[{
					"socket":	5,
					"start":	9.001126,
					"end":	10.001129,
					"seconds":	1.0000029802322388,
					"bytes":	6240,
					"bits_per_second":	49919.851227250016,
					"packets":	156,
					"omitted":	false,
					"sender":	true
				}],
			"sum":	{
				"start":	9.001126,
				"end":	10.001129,
				"seconds":	1.0000029802322388,
				"bytes":	6240,
				"bits_per_second":	49919.851227250016,
				"packets":	156,
				"omitted":	false,
				"sender":	true
			}
		}, {
			"streams":	[{
					"socket":	5,
					"start":	10.001129,
					"end":	11.001129,
					"seconds":	1,
					"bytes":	6240,
					"bits_per_second":	49920,
					"packets":	156,
					"omitted":	false,
					"sender":	true
				}],
			"sum":	{
				"start":	10.001129,
				"end":	11.001129,
				"seconds":	1,
				"bytes":	6240,
				"bits_per_second":	49920,
				"packets":	156,
				"omitted":	false,
				"sender":	true
			}
		}, {
			"streams":	[{
					"socket":	5,
					"start":	11.001129,
					"end":	12.001123,
					"seconds":	0.99999397993087769,
					"bytes":	6280,
					"bits_per_second":	50240.302450093477,
					"packets":	157,
					"omitted":	false,
					"sender":	true
				}],
			"sum":	{
				"start":	11.001129,
				"end":	12.001123,
				"seconds":	0.99999397993087769,
				"bytes":	6280,
				"bits_per_second":	50240.302450093477,
				"packets":	157,
				"omitted":	false,
				"sender":	true
			}
		}, {
			"streams":	[{
					"socket":	5,
					"start":	12.001123,
					"end":	13.00113,
					"seconds":	1.0000070333480835,
					"bytes":	6240,
					"bits_per_second":	49919.6488977331,
					"packets":	156,
					"omitted":	false,
					"sender":	true
				}],
			"sum":	{
				"start":	12.001123,
				"end":	13.00113,
				"seconds":	1.0000070333480835,
				"bytes":	6240,
				"bits_per_second":	49919.6488977331,
				"packets":	156,
				"omitted":	false,
				"sender":	true
			}
		}, {
			"streams":	[{
					"socket":	5,
					"start":	13.00113,
					"end":	14.001128,
					"seconds":	0.99999797344207764,
					"bytes":	6240,
					"bits_per_second":	49920.1011659765,
					"packets":	156,
					"omitted":	false,
					"sender":	true
				}],
			"sum":	{
				"start":	13.00113,
				"end":	14.001128,
				"seconds":	0.99999797344207764,
				"bytes":	6240,
				"bits_per_second":	49920.1011659765,
				"packets":	156,
				"omitted":	false,
				"sender":	true
			}
		}, {
			"streams":	[{
					"socket":	5,
					"start":	14.001128,
					"end":	15.001126,
					"seconds":	0.99999797344207764,
					"bytes":	6240,
					"bits_per_second":	49920.1011659765,
					"packets":	156,
					"omitted":	false,
					"sender":	true
				}],
			"sum":	{
				"start":	14.001128,
				"end":	15.001126,
				"seconds":	0.99999797344207764,
				"bytes":	6240,
				"bits_per_second":	49920.1011659765,
				"packets":	156,
				"omitted":	false,
				"sender":	true
			}
		}, {
			"streams":	[{
					"socket":	5,