{
	"start":	{
		"connected":	[{
				"socket":	5,
				"local_host":	"fd00::8",
				"local_port":	45399,
				"remote_host":	"fd00::4",
				"remote_port":	5123
			}],
		"version":	"iperf 3.18",
		"system_info":	"Linux RPI08 6.18.29+rpt-rpi-v7 #1 SMP Raspbian 1:6.18.29-1+rpt1 (2026-05-12) armv7l",
		"timestamp":	{
			"time":	"Wed, 20 May 2026 17:01:07 GMT",
			"timesecs":	1779296467
		},
		"connecting_to":	{
			"host":	"fd00::4",
			"port":	5123
		},
		"cookie":	"jzcw72igzfjb6tii52ifn4ioiaolo4x77g7o",
		"target_bitrate":	30000,
		"fq_rate":	0,
		"sock_bufsize":	0,
		"sndbuf_actual":	180224,
		"rcvbuf_actual":	180224,
		"test_start":	{
			"protocol":	"UDP",
			"num_streams":	1,
			"blksize":	128,
			"omit":	0,
			"duration":	30,
			"bytes":	0,
			"blocks":	0,
			"reverse":	0,
			"tos":	0,
			"target_bitrate":	30000,
			"bidir":	0,
			"fqrate":	0,
			"interval":	1
		}
	},
	"intervals":	[{
			"streams":	[{
					"socket":	5,
					"start":	0,
					"end":	1.000858,
					"seconds":	1.000857949256897,
					"bytes":	3840,
					"bits_per_second":	30693.666391727773,
					"packets":	30,
					"omitted":	false,
					"sender":	true
				}],
			"sum":	{
				"start":	0,
				"end":	1.000858,
				"seconds":	1.000857949256897,
				"bytes":	3840,
				"bits_per_second":	30693.666391727773,
				"packets":	30,
				"omitted":	false,
				"sender":	true
			}
		}, {
			"streams":	[{
					"socket":	5,
					"start":	1.000858,
					"end":	2.001132,
					"seconds":	1.0002739429473877,
					"bytes":	3712,
					"bits_per_second":	29687.8672181526,
					"packets":	29,
					"omitted":	false,
					"sender":	true
				}],
			"sum":	{
				"start":	1.000858,
				"end":	2.001132,
				"seconds":	1.0002739429473877,
				"bytes":	3712,
				"bits_per_second":	29687.8672181526,
				"packets":	29,
				"omitted":	false,
				"sender":	true
			}
		}, {
			"streams":	[{
					"socket":	5,
					"start":	2.001132,
					"end":	3.00114,
					"seconds":	1.0000079870224,
					"bytes":	3712,
					"bits_per_second":	29695.762819277181,
					"packets":	29,
					"omitted":	false,
					"sender":	true
				}],
			"sum":	{
				"start":	2.001132,
				"end":	3.00114,
				"seconds":	1.0000079870224,
				"bytes":	3712,
				"bits_per_second":	29695.762819277181,
				"packets":	29,
				"omitted":	false,
				"sender":	true
			}
		}, {
			"streams":	[{
					"socket":	5,
					"start":	3.00114,
					"end":	4.001138,
					"seconds":	0.99999797344207764,
					"bytes":	3840,
					"bits_per_second":	30720.06225598554,
					"packets":	30,
					"omitted":	false,
					"sender":	true
				}],
			"sum":	{
				"start":	3.00114,
				"end":	4.001138,
				"seconds":	0.99999797344207764,
				"bytes":	3840,
				"bits_per_second":	30720.06225598554,
				"packets":	30,
				"omitted":	false,
				"sender":	true
			}
		}, {
			"streams":	[{
					"socket":	5,
					"start":	4.001138,
					"end":	5.001137,
					"seconds":	0.99999898672103882,
					"bytes":	3712,
					"bits_per_second":	29696.030090362521,
					"packets":	29,
					"omitted":	false,
					"sender":	true
				}],
			"sum":	{
				"start":	4.001138,
				"end":	5.001137,
				"seconds":	0.99999898672103882,
				"bytes":	3712,
				"bits_per_second":	29696.030090362521,
				"packets":	29,
				"omitted":	false,
				"sender":	true
			}
		}, {
			"streams":	[{
					"socket":	5,
					"start":	5.001137,
					"end":	6.001132,
					"seconds":	0.999994993209839,
					"bytes":	3712,
					"bits_per_second":	29696.148682385046,
					"packets":	29,
					"omitted":	false,
					"sender":	true
				}],
			"sum":	{
				"start":	5.001137,
				"end":	6.001132,
				"seconds":	0.999994993209839,
				"bytes":	3712,
				"bits_per_second":	29696.148682385046,
				"packets":	29,
				"omitted":	false,
				"sender":	true
			}
		}, {
			"streams":	[{
					"socket":	5,
					"start":	6.001132,
					"end":	7.001183,
					"seconds":	1.0000510215759277,
					"bytes":	3840,
					"bits_per_second":	30718.432697153759,
					"packets":	30,
					"omitted":	false,
					"sender":	true
				}],
			"sum":	{
				"start":	6.001132,
				"end":	7.001183,
				"seconds":	1.0000510215759277,
				"bytes":	3840,
				"bits_per_second":	30718.432697153759,
				"packets":	30,
				"omitted":	false,
				"sender":	true
			}
		}, {
			"streams":	[{
					"socket":	5,
					"start":	7.001183,
					"end":	8.00113,
					"seconds":	0.99994701147079468,
					"bytes":	3712,
					"bits_per_second":	29697.573630747662,
					"packets":	29,
					"omitted":	false,
					"sender":	true
				}],
			"sum":	{
				"start":	7.001183,
				"end":	8.00113,
				"seconds":	0.99994701147079468,
				"bytes":	3712,
				"bits_per_second":	29697.573630747662,
				"packets":	29,
				"omitted":	false,
				"sender":	true
			}
		}, {
			"streams":	[{
					"socket":	5,
					"start":	8.00113,
					"end":	9.001134,
					"seconds":	1.0000040531158447,
					"bytes":	3712,
					"bits_per_second":	29695.87963915971,
					"packets":	29,
					"omitted":	false,
					"sender":	true
				}],
			"sum":	{
				"start":	8.00113,
				"end":	9.001134,
				"seconds":	1.0000040531158447,
				"bytes":	3712,
				"bits_per_second":	29695.87963915971,
				"packets":	29,
				"omitted":	false,
				"sender":	true
			}
		}, {
			"streams":	[{
					"socket":	5,
					"start":	9.001134,
					"end":	10.00114,
					"seconds":	1.0000059604644775,
					"bytes":	3712,
					"bits_per_second":	29695.822999101882,
					"packets":	29,
					"omitted":	false,
					"sender":	true
				}],
			"sum":	{
				"start":	9.001134,
				"end":	10.00114,
				"seconds":	1.0000059604644775,
				"bytes":	3712,
				"bits_per_second":	29695.822999101882,
				"packets":	29,
				"omitted":	false,
				"sender":	true
			}
		}, {
			"streams":	[{
					"socket":	5,
					"start":	10.00114,
					"end":	11.001137,
					"seconds":	0.99999701976776123,
					"bytes":	3840,
					"bits_per_second":	30720.091553007223,
					"packets":	30,
					"omitted":	false,
					"sender":	true
				}],
			"sum":	{
				"start":	10.00114,
				"end":	11.001137,
				"seconds":	0.99999701976776123,
				"bytes":	3840,
				"bits_per_second":	30720.091553007223,
				"packets":	30,
				"omitted":	false,
				"sender":	true
			}
		}, {
			"streams":	[{
					"socket":	5,
					"start":	11.001137,
					"end":	12.001134,
					"seconds":	0.99999701976776123,
					"bytes":	3712,
					"bits_per_second":	29696.088501240316,
					"packets":	29,
					"omitted":	false,
					"sender":	true
				}],
			"sum":	{
				"start":	11.001137,
				"end":	12.001134,
				"seconds":	0.99999701976776123,
				"bytes":	3712,
				"bits_per_second":	29696.088501240316,
				"packets":	29,
				"omitted":	false,
				"sender":	true
			}
		}, {
			"streams":	[{
					"socket":	5,
					"start":	12.001134,
					"end":	13.001128,
					"seconds":	0.99999397993087769,
					"bytes":	3712,
					"bits_per_second":	29696.178773048883,
					"packets":	29,
					"omitted":	false,
					"sender":	true
				}],
			"sum":	{
				"start":	12.001134,
				"end":	13.001128,
				"seconds":	0.99999397993087769,
				"bytes":	3712,
				"bits_per_second":	29696.178773048883,
				"packets":	29,
				"omitted":	false,
				"sender":	true
			}
		}, {
			"streams":	[{
					"socket":	5,
					"start":	13.001128,
					"end":	14.001214,
					"seconds":	1.0000859498977661,
					"bytes":	3840,
					"bits_per_second":	30717.359846061587,
					"packets":	30,
					"omitted":	false,
					"sender":	true
				}],
			"sum":	{
				"start":	13.001128,
				"end":	14.001214,
				"seconds":	1.0000859498977661,
				"bytes":	3840,
				"bits_per_second":	30717.359846061587,
				"packets":	30,
				"omitted":	false,
				"sender":	true
			}
		}, {
			"streams":	[{
					"socket":	5,
					"start":	14.001214,
					"end":	15.001133,
					"seconds":	0.99991899728775024,
					"bytes":	3712,
					"bits_per_second":	29698.405651407258,
					"packets":	29,
					"omitted":	false,
					"sender":	true
				}],
			"sum":	{
				"start":	14.001214,
				"end":	15.001133,
				"seconds":	0.99991899728775024,
				"bytes":	3712,
				"bits_per_second":	29698.405651407258,
				"packets":	29,