{
	"start":	{
		"connected":	[{
				"socket":	5,
				"local_host":	"fd00::8",
				"local_port":	45255,
				"remote_host":	"fd00::4",
				"remote_port":	5123
			}],
		"version":	"iperf 3.18",
		"system_info":	"Linux RPI08 6.18.29+rpt-rpi-v7 #1 SMP Raspbian 1:6.18.29-1+rpt1 (2026-05-12) armv7l",
		"timestamp":	{
			"time":	"Wed, 20 May 2026 16:58:16 GMT",
			"timesecs":	1779296296
		},
		"connecting_to":	{
			"host":	"fd00::4",
			"port":	5123
		},
		"cookie":	"323fjtpcbu57xhsh22y3e7eh3wkjviykwrtp",
		"target_bitrate":	10000,
		"fq_rate":	0,
		"sock_bufsize":	0,
		"sndbuf_actual":	180224,
		"rcvbuf_actual":	180224,
		"test_start":	{
			"protocol":	"UDP",
			"num_streams":	1,
			"blksize":	512,
			"omit":	0,
			"duration":	30,
			"bytes":	0,
			"blocks":	0,
			"reverse":	0,
			"tos":	0,
			"target_bitrate":	10000,
			"bidir":	0,
			"fqrate":	0,
			"interval":	1
		}
	},
	"intervals":	[{
			"streams":	[{
					"socket":	5,
					"start":	0,
					"end":	1.001099,
					"seconds":	1.0010989904403687,
					"bytes":	1536,
					"bits_per_second":	12274.510430376811,
					"packets":	3,
					"omitted":	false,
					"sender":	true
				}],
			"sum":	{
				"start":	0,
				"end":	1.001099,
				"seconds":	1.0010989904403687,
				"bytes":	1536,
				"bits_per_second":	12274.510430376811,
				"packets":	3,
				"omitted":	false,
				"sender":	true
			}
		}, {
			"streams":	[{
					"socket":	5,
					"start":	1.001099,
					"end":	2.001136,
					"seconds":	1.0000369548797607,
					"bytes":	1024,
					"bits_per_second":	8191.6972768120986,
					"packets":	2,
					"omitted":	false,
					"sender":	true
				}],
			"sum":	{
				"start":	1.001099,
				"end":	2.001136,
				"seconds":	1.0000369548797607,
				"bytes":	1024,
				"bits_per_second":	8191.6972768120986,
				"packets":	2,
				"omitted":	false,
				"sender":	true
			}
		}, {
			"streams":	[{
					"socket":	5,
					"start":	2.001136,
					"end":	3.001129,
					"seconds":	0.99999302625656128,
					"bytes":	1536,
					"bits_per_second":	12288.085693956982,
					"packets":	3,
					"omitted":	false,
					"sender":	true
				}],
			"sum":	{
				"start":	2.001136,
				"end":	3.001129,
				"seconds":	0.99999302625656128,
				"bytes":	1536,
				"bits_per_second":	12288.085693956982,
				"packets":	3,
				"omitted":	false,
				"sender":	true
			}
		}, {
			"streams":	[{
					"socket":	5,
					"start":	3.001129,
					"end":	4.001132,
					"seconds":	1.0000029802322388,
					"bytes":	1024,
					"bits_per_second":	8191.97558601026,
					"packets":	2,
					"omitted":	false,
					"sender":	true
				}],
			"sum":	{
				"start":	3.001129,
				"end":	4.001132,
				"seconds":	1.0000029802322388,
				"bytes":	1024,
				"bits_per_second":	8191.97558601026,
				"packets":	2,
				"omitted":	false,
				"sender":	true
			}
		}, {
			"streams":	[{
					"socket":	5,
					"start":	4.001132,
					"end":	5.001136,
					"seconds":	1.0000040531158447,
					"bytes":	1536,
					"bits_per_second":	12287.950195514364,
					"packets":	3,
					"omitted":	false,
					"sender":	true
				}],
			"sum":	{
				"start":	4.001132,
				"end":	5.001136,
				"seconds":	1.0000040531158447,
				"bytes":	1536,
				"bits_per_second":	12287.950195514364,
				"packets":	3,
				"omitted":	false,
				"sender":	true
			}
		}, {
			"streams":	[{
					"socket":	5,
					"start":	5.001136,
					"end":	6.001148,
					"seconds":	1.0000120401382446,
					"bytes":	1024,
					"bits_per_second":	8191.9013683750381,
					"packets":	2,
					"omitted":	false,
					"sender":	true
				}],
			"sum":	{
				"start":	5.001136,
				"end":	6.001148,
				"seconds":	1.0000120401382446,
				"bytes":	1024,
				"bits_per_second":	8191.9013683750381,
				"packets":	2,
				"omitted":	false,
				"sender":	true
			}
		}, {
			"streams":	[{
					"socket":	5,
					"start":	6.001148,
					"end":	7.001162,
					"seconds":	1.0000139474868774,
					"bytes":	1536,
					"bits_per_second":	12287.828615671631,
					"packets":	3,
					"omitted":	false,
					"sender":	true
				}],
			"sum":	{
				"start":	6.001148,
				"end":	7.001162,
				"seconds":	1.0000139474868774,
				"bytes":	1536,
				"bits_per_second":	12287.828615671631,
				"packets":	3,
				"omitted":	false,
				"sender":	true
			}
		}, {
			"streams":	[{
					"socket":	5,
					"start":	7.001162,
					"end":	8.001154,
					"seconds":	0.9999920129776,
					"bytes":	1024,
					"bits_per_second":	8192.06543021009,
					"packets":	2,
					"omitted":	false,
					"sender":	true
				}],
			"sum":	{
				"start":	7.001162,
				"end":	8.001154,
				"seconds":	0.9999920129776,
				"bytes":	1024,
				"bits_per_second":	8192.06543021009,
				"packets":	2,
				"omitted":	false,
				"sender":	true
			}
		}, {
			"streams":	[{
					"socket":	5,
					"start":	8.001154,
					"end":	9.001126,
					"seconds":	0.99997198581695557,
					"bytes":	1024,
					"bits_per_second":	8192.2294986167162,
					"packets":	2,
					"omitted":	false,
					"sender":	true
				}],
			"sum":	{
				"start":	8.001154,
				"end":	9.001126,
				"seconds":	0.99997198581695557,
				"bytes":	1024,
				"bits_per_second":	8192.2294986167162,
				"packets":	2,
				"omitted":	false,
				"sender":	true
			}
		}, {
			"streams":	[{
					"socket":	5,
					"start":	9.001126,
					"end":	10.001127,
					"seconds":	1.0000009536743164,
					"bytes":	1536,
					"bits_per_second":	12287.988281261176,
					"packets":	3,
					"omitted":	false,
					"sender":	true
				}],
			"sum":	{
				"start":	9.001126,
				"end":	10.001127,
				"seconds":	1.0000009536743164,
				"bytes":	1536,
				"bits_per_second":	12287.988281261176,
				"packets":	3,
				"omitted":	false,
				"sender":	true
			}
		}, {
			"streams":	[{
					"socket":	5,
					"start":	10.001127,
					"end":	11.001124,
					"seconds":	0.99999701976776123,
					"bytes":	1024,
					"bits_per_second":	8192.02441413526,
					"packets":	2,
					"omitted":	false,
					"sender":	true
				}],
			"sum":	{
				"start":	10.001127,
				"end":	11.001124,
				"seconds":	0.99999701976776123,
				"bytes":	1024,
				"bits_per_second":	8192.02441413526,
				"packets":	2,
				"omitted":	false,
				"sender":	true
			}
		}, {
			"streams":	[{
					"socket":	5,
					"start":	11.001124,
					"end":	12.001129,
					"seconds":	1.0000050067901611,
					"bytes":	1536,
					"bits_per_second":	12287.938476870533,
					"packets":	3,
					"omitted":	false,
					"sender":	true
				}],
			"sum":	{
				"start":	11.001124,
				"end":	12.001129,
				"seconds":	1.0000050067901611,
				"bytes":	1536,
				"bits_per_second":	12287.938476870533,
				"packets":	3,
				"omitted":	false,
				"sender":	true
			}
		}, {
			"streams":	[{
					"socket":	5,
					"start":	12.001129,
					"end":	13.001125,
					"seconds":	0.9999960064888,
					"bytes":	1024,
					"bits_per_second":	8192.0327149743971,
					"packets":	2,
					"omitted":	false,
					"sender":	true
				}],
			"sum":	{
				"start":	12.001129,
				"end":	13.001125,
				"seconds":	0.9999960064888,
				"bytes":	1024,
				"bits_per_second":	8192.0327149743971,
				"packets":	2,
				"omitted":	false,
				"sender":	true
			}
		}, {
			"streams":	[{
					"socket":	5,
					"start":	13.001125,
					"end":	14.001134,
					"seconds":	1.0000089406967163,
					"bytes":	1536,
					"bits_per_second":	12287.890137700995,
					"packets":	3,
					"omitted":	false,
					"sender":	true
				}],
			"sum":	{
				"start":	13.001125,
				"end":	14.001134,
				"seconds":	1.0000089406967163,
				"bytes":	1536,
				"bits_per_second":	12287.890137700995,
				"packets":	3,
				"omitted":	false,
				"sender":	true
			}
		}, {
			"streams":	[{
					"socket":	5,
					"start":	14.001134,
					"end":	15.001122,
					"seconds":	0.9999880194664,
					"bytes":	1024,
					"bits_per_second":	8192.09814570709,
					"packets":	2,
					"omitted":	false,
					"sender":	true
				}],
			"sum":	{
				"start":	14.001134,
				"end":	15.001122,
				"seconds":	0.9999880194664,
				"bytes":	1024,
				"bits_per_second":	8192.09814570709,
				"packets":	2,
				"omitted":	false,