{
	"start":	{
		"connected":	[{
				"socket":	5,
				"local_host":	"fd00::8",
				"local_port":	43561,
				"remote_host":	"fd00::4",
				"remote_port":	5123
			}],
		"version":	"iperf 3.18",
		"system_info":	"Linux RPI08 6.18.29+rpt-rpi-v7 #1 SMP Raspbian 1:6.18.29-1+rpt1 (2026-05-12) armv7l",
		"timestamp":	{
			"time":	"Wed, 20 May 2026 17:20:08 GMT",
			"timesecs":	1779297608
		},
		"connecting_to":	{
			"host":	"fd00::4",
			"port":	5123
		},
		"cookie":	"xxpgx7l4o5ejd55kyvth6ak7q7jw355dvcly",
		"target_bitrate":	80000,
		"fq_rate":	0,
		"sock_bufsize":	0,
		"sndbuf_actual":	180224,
		"rcvbuf_actual":	180224,
		"test_start":	{
			"protocol":	"UDP",
			"num_streams":	1,
			"blksize":	1024,
			"omit":	0,
			"duration":	30,
			"bytes":	0,
			"blocks":	0,
			"reverse":	0,
			"tos":	0,
			"target_bitrate":	80000,
			"bidir":	0,
			"fqrate":	0,
			"interval":	1
		}
	},
	"intervals":	[{
			"streams":	[{
					"socket":	5,
					"start":	0,
					"end":	1.000872,
					"seconds":	1.000872015953064,
					"bytes":	10240,
					"bits_per_second":	81848.626691788377,
					"packets":	10,
					"omitted":	false,
					"sender":	true
				}],
			"sum":	{
				"start":	0,
				"end":	1.000872,
				"seconds":	1.000872015953064,
				"bytes":	10240,
				"bits_per_second":	81848.626691788377,
				"packets":	10,
				"omitted":	false,
				"sender":	true
			}
		}, {
			"streams":	[{
					"socket":	5,
					"start":	1.000872,
					"end":	2.001143,
					"seconds":	1.0002709627151489,
					"bytes":	10240,
					"bits_per_second":	81897.808747377057,
					"packets":	10,
					"omitted":	false,
					"sender":	true
				}],
			"sum":	{
				"start":	1.000872,
				"end":	2.001143,
				"seconds":	1.0002709627151489,
				"bytes":	10240,
				"bits_per_second":	81897.808747377057,
				"packets":	10,
				"omitted":	false,
				"sender":	true
			}
		}, {
			"streams":	[{
					"socket":	5,
					"start":	2.001143,
					"end":	3.001133,
					"seconds":	0.99998998641967773,
					"bytes":	10240,
					"bits_per_second":	81920.820320714352,
					"packets":	10,
					"omitted":	false,
					"sender":	true
				}],
			"sum":	{
				"start":	2.001143,
				"end":	3.001133,
				"seconds":	0.99998998641967773,
				"bytes":	10240,
				"bits_per_second":	81920.820320714352,
				"packets":	10,
				"omitted":	false,
				"sender":	true
			}
		}, {
			"streams":	[{
					"socket":	5,
					"start":	3.001133,
					"end":	4.00114,
					"seconds":	1.0000070333480835,
					"bytes":	10240,
					"bits_per_second":	81919.4238321774,
					"packets":	10,
					"omitted":	false,
					"sender":	true
				}],
			"sum":	{
				"start":	3.001133,
				"end":	4.00114,
				"seconds":	1.0000070333480835,
				"bytes":	10240,
				"bits_per_second":	81919.4238321774,
				"packets":	10,
				"omitted":	false,
				"sender":	true
			}
		}, {
			"streams":	[{
					"socket":	5,
					"start":	4.00114,
					"end":	5.001135,
					"seconds":	0.999994993209839,
					"bytes":	9216,
					"bits_per_second":	73728.369142473224,
					"packets":	9,
					"omitted":	false,
					"sender":	true
				}],
			"sum":	{
				"start":	4.00114,
				"end":	5.001135,
				"seconds":	0.999994993209839,
				"bytes":	9216,
				"bits_per_second":	73728.369142473224,
				"packets":	9,
				"omitted":	false,
				"sender":	true
			}
		}, {
			"streams":	[{
					"socket":	5,
					"start":	5.001135,
					"end":	6.001135,
					"seconds":	1,
					"bytes":	10240,
					"bits_per_second":	81920,
					"packets":	10,
					"omitted":	false,
					"sender":	true
				}],
			"sum":	{
				"start":	5.001135,
				"end":	6.001135,
				"seconds":	1,
				"bytes":	10240,
				"bits_per_second":	81920,
				"packets":	10,
				"omitted":	false,
				"sender":	true
			}
		}, {
			"streams":	[{
					"socket":	5,
					"start":	6.001135,
					"end":	7.001136,
					"seconds":	1.0000009536743164,
					"bytes":	10240,
					"bits_per_second":	81919.9218750745,
					"packets":	10,
					"omitted":	false,
					"sender":	true
				}],
			"sum":	{
				"start":	6.001135,
				"end":	7.001136,
				"seconds":	1.0000009536743164,
				"bytes":	10240,
				"bits_per_second":	81919.9218750745,
				"packets":	10,
				"omitted":	false,
				"sender":	true
			}
		}, {
			"streams":	[{
					"socket":	5,
					"start":	7.001136,
					"end":	8.001133,
					"seconds":	0.99999701976776123,
					"bytes":	10240,
					"bits_per_second":	81920.2441413526,
					"packets":	10,
					"omitted":	false,
					"sender":	true
				}],
			"sum":	{
				"start":	7.001136,
				"end":	8.001133,
				"seconds":	0.99999701976776123,
				"bytes":	10240,
				"bits_per_second":	81920.2441413526,
				"packets":	10,
				"omitted":	false,
				"sender":	true
			}
		}, {
			"streams":	[{
					"socket":	5,
					"start":	8.001133,
					"end":	9.001135,
					"seconds":	1.0000020265579224,
					"bytes":	9216,
					"bits_per_second":	73727.8505862403,
					"packets":	9,
					"omitted":	false,
					"sender":	true
				}],
			"sum":	{
				"start":	8.001133,
				"end":	9.001135,
				"seconds":	1.0000020265579224,
				"bytes":	9216,
				"bits_per_second":	73727.8505862403,
				"packets":	9,
				"omitted":	false,
				"sender":	true
			}
		}, {
			"streams":	[{
					"socket":	5,
					"start":	9.001135,
					"end":	10.001154,
					"seconds":	1.0000189542770386,
					"bytes":	10240,
					"bits_per_second":	81918.4472950554,
					"packets":	10,
					"omitted":	false,
					"sender":	true
				}],
			"sum":	{
				"start":	9.001135,
				"end":	10.001154,
				"seconds":	1.0000189542770386,
				"bytes":	10240,
				"bits_per_second":	81918.4472950554,
				"packets":	10,
				"omitted":	false,
				"sender":	true
			}
		}, {
			"streams":	[{
					"socket":	5,
					"start":	10.001154,
					"end":	11.001142,
					"seconds":	0.9999880194664,
					"bytes":	10240,
					"bits_per_second":	81920.9814570709,
					"packets":	10,
					"omitted":	false,
					"sender":	true
				}],
			"sum":	{
				"start":	10.001154,
				"end":	11.001142,
				"seconds":	0.9999880194664,
				"bytes":	10240,
				"bits_per_second":	81920.9814570709,
				"packets":	10,
				"omitted":	false,
				"sender":	true
			}
		}, {
			"streams":	[{
					"socket":	5,
					"start":	11.001142,
					"end":	12.001137,
					"seconds":	0.999994993209839,
					"bytes":	10240,
					"bits_per_second":	81920.4101583036,
					"packets":	10,
					"omitted":	false,
					"sender":	true
				}],
			"sum":	{
				"start":	11.001142,
				"end":	12.001137,
				"seconds":	0.999994993209839,
				"bytes":	10240,
				"bits_per_second":	81920.4101583036,
				"packets":	10,
				"omitted":	false,
				"sender":	true
			}
		}, {
			"streams":	[{
					"socket":	5,
					"start":	12.001137,
					"end":	13.001137,
					"seconds":	1,
					"bytes":	9216,
					"bits_per_second":	73728,
					"packets":	9,
					"omitted":	false,
					"sender":	true
				}],
			"sum":	{
				"start":	12.001137,
				"end":	13.001137,
				"seconds":	1,
				"bytes":	9216,
				"bits_per_second":	73728,
				"packets":	9,
				"omitted":	false,
				"sender":	true
			}
		}, {
			"streams":	[{
					"socket":	5,
					"start":	13.001137,
					"end":	14.001142,
					"seconds":	1.0000050067901611,
					"bytes":	10240,
					"bits_per_second":	81919.589845803552,
					"packets":	10,
					"omitted":	false,
					"sender":	true
				}],
			"sum":	{
				"start":	13.001137,
				"end":	14.001142,
				"seconds":	1.0000050067901611,
				"bytes":	10240,
				"bits_per_second":	81919.589845803552,
				"packets":	10,
				"omitted":	false,
				"sender":	true
			}
		}, {
			"streams":	[{
					"socket":	5,
					"start":	14.001142,
					"end":	15.001144,
					"seconds":	1.0000020265579224,
					"bytes":	10240,
					"bits_per_second":	81919.83398471144,
					"packets":	10,
					"omitted":	false,
					"sender":	true
				}],
			"sum":	{
				"start":	14.001142,
				"end":	15.001144,
				"seconds":	1.0000020265579224,
				"bytes":	10240,
				"bits_per_second":	81919.83398471144,
				"packets":	10,
				"omitted":	false,
				"sender":	true
			}
		}, {
			"streams":	[{
					"socket":	5,
					"start":	15.001144,
					"end":	16.001146,