{
	"start":	{
		"connected":	[{
				"socket":	5,
				"local_host":	"fd00::8",
				"local_port":	39303,
				"remote_host":	"fd00::4",
				"remote_port":	5123
			}],
		"version":	"iperf 3.18",
		"system_info":	"Linux RPI08 6.18.29+rpt-rpi-v7 #1 SMP Raspbian 1:6.18.29-1+rpt1 (2026-05-12) armv7l",
		"timestamp":	{
			"time":	"Wed, 20 May 2026 17:08:01 GMT",
			"timesecs":	1779296881
		},
		"connecting_to":	{
			"host":	"fd00::4",
			"port":	5123
		},
		"cookie":	"4fhlztuqdnp73xk7o2mdkoi7qxznxlhaqorb",
		"target_bitrate":	50000,
		"fq_rate":	0,
		"sock_bufsize":	0,
		"sndbuf_actual":	180224,
		"rcvbuf_actual":	180224,
		"test_start":	{
			"protocol":	"UDP",
			"num_streams":	1,
			"blksize":	128,
			"omit":	0,
			"duration":	30,
			"bytes":	0,
			"blocks":	0,
			"reverse":	0,
			"tos":	0,
			"target_bitrate":	50000,
			"bidir":	0,
			"fqrate":	0,
			"interval":	1
		}
	},
	"intervals":	[{
			"streams":	[{
					"socket":	5,
					"start":	0,
					"end":	1.000936,
					"seconds":	1.0009360313415527,
					"bytes":	6272,
					"bits_per_second":	50129.07761223182,
					"packets":	49,
					"omitted":	false,
					"sender":	true
				}],
			"sum":	{
				"start":	0,
				"end":	1.000936,
				"seconds":	1.0009360313415527,
				"bytes":	6272,
				"bits_per_second":	50129.07761223182,
				"packets":	49,
				"omitted":	false,
				"sender":	true
			}
		}, {
			"streams":	[{
					"socket":	5,
					"start":	1.000936,
					"end":	2.001136,
					"seconds":	1.0002000331878662,
					"bytes":	6272,
					"bits_per_second":	50165.965142070243,
					"packets":	49,
					"omitted":	false,
					"sender":	true
				}],
			"sum":	{
				"start":	1.000936,
				"end":	2.001136,
				"seconds":	1.0002000331878662,
				"bytes":	6272,
				"bits_per_second":	50165.965142070243,
				"packets":	49,
				"omitted":	false,
				"sender":	true
			}
		}, {
			"streams":	[{
					"socket":	5,
					"start":	2.001136,
					"end":	3.001135,
					"seconds":	0.99999898672103882,
					"bytes":	6272,
					"bits_per_second":	50176.050842336677,
					"packets":	49,
					"omitted":	false,
					"sender":	true
				}],
			"sum":	{
				"start":	2.001136,
				"end":	3.001135,
				"seconds":	0.99999898672103882,
				"bytes":	6272,
				"bits_per_second":	50176.050842336677,
				"packets":	49,
				"omitted":	false,
				"sender":	true
			}
		}, {
			"streams":	[{
					"socket":	5,
					"start":	3.001135,
					"end":	4.001143,
					"seconds":	1.0000079870224,
					"bytes":	6272,
					"bits_per_second":	50175.599246364887,
					"packets":	49,
					"omitted":	false,
					"sender":	true
				}],
			"sum":	{
				"start":	3.001135,
				"end":	4.001143,
				"seconds":	1.0000079870224,
				"bytes":	6272,
				"bits_per_second":	50175.599246364887,
				"packets":	49,
				"omitted":	false,
				"sender":	true
			}
		}, {
			"streams":	[{
					"socket":	5,
					"start":	4.001143,
					"end":	5.001139,
					"seconds":	0.9999960064888,
					"bytes":	6272,
					"bits_per_second":	50176.200379218186,
					"packets":	49,
					"omitted":	false,
					"sender":	true
				}],
			"sum":	{
				"start":	4.001143,
				"end":	5.001139,
				"seconds":	0.9999960064888,
				"bytes":	6272,
				"bits_per_second":	50176.200379218186,
				"packets":	49,
				"omitted":	false,
				"sender":	true
			}
		}, {
			"streams":	[{
					"socket":	5,
					"start":	5.001139,
					"end":	6.001147,
					"seconds":	1.0000079870224,
					"bytes":	6272,
					"bits_per_second":	50175.599246364887,
					"packets":	49,
					"omitted":	false,
					"sender":	true
				}],
			"sum":	{
				"start":	5.001139,
				"end":	6.001147,
				"seconds":	1.0000079870224,
				"bytes":	6272,
				"bits_per_second":	50175.599246364887,
				"packets":	49,
				"omitted":	false,
				"sender":	true
			}
		}, {
			"streams":	[{
					"socket":	5,
					"start":	6.001147,
					"end":	7.001141,
					"seconds":	0.99999397993087769,
					"bytes":	6144,
					"bits_per_second":	49152.295900218836,
					"packets":	48,
					"omitted":	false,
					"sender":	true
				}],
			"sum":	{
				"start":	6.001147,
				"end":	7.001141,
				"seconds":	0.99999397993087769,
				"bytes":	6144,
				"bits_per_second":	49152.295900218836,
				"packets":	48,
				"omitted":	false,
				"sender":	true
			}
		}, {
			"streams":	[{
					"socket":	5,
					"start":	7.001141,
					"end":	8.001133,
					"seconds":	0.9999920129776,
					"bytes":	6272,
					"bits_per_second":	50176.40076003682,
					"packets":	49,
					"omitted":	false,
					"sender":	true
				}],
			"sum":	{
				"start":	7.001141,
				"end":	8.001133,
				"seconds":	0.9999920129776,
				"bytes":	6272,
				"bits_per_second":	50176.40076003682,
				"packets":	49,
				"omitted":	false,
				"sender":	true
			}
		}, {
			"streams":	[{
					"socket":	5,
					"start":	8.001133,
					"end":	9.001134,
					"seconds":	1.0000009536743164,
					"bytes":	6272,
					"bits_per_second":	50175.952148483135,
					"packets":	49,
					"omitted":	false,
					"sender":	true
				}],
			"sum":	{
				"start":	8.001133,
				"end":	9.001134,
				"seconds":	1.0000009536743164,
				"bytes":	6272,
				"bits_per_second":	50175.952148483135,
				"packets":	49,
				"omitted":	false,
				"sender":	true
			}
		}, {
			"streams":	[{
					"socket":	5,
					"start":	9.001134,
					"end":	10.001136,
					"seconds":	1.0000020265579224,
					"bytes":	6272,
					"bits_per_second":	50175.898315635757,
					"packets":	49,
					"omitted":	false,
					"sender":	true
				}],
			"sum":	{
				"start":	9.001134,
				"end":	10.001136,
				"seconds":	1.0000020265579224,
				"bytes":	6272,
				"bits_per_second":	50175.898315635757,
				"packets":	49,
				"omitted":	false,
				"sender":	true
			}
		}, {
			"streams":	[{
					"socket":	5,
					"start":	10.001136,
					"end":	11.001132,
					"seconds":	0.9999960064888,
					"bytes":	6272,
					"bits_per_second":	50176.200379218186,
					"packets":	49,
					"omitted":	false,
					"sender":	true
				}],
			"sum":	{
				"start":	10.001136,
				"end":	11.001132,
				"seconds":	0.9999960064888,
				"bytes":	6272,
				"bits_per_second":	50176.200379218186,
				"packets":	49,
				"omitted":	false,
				"sender":	true
			}
		}, {
			"streams":	[{
					"socket":	5,
					"start":	11.001132,
					"end":	12.001143,
					"seconds":	1.0000109672546387,
					"bytes":	6144,
					"bits_per_second":	49151.46094341197,
					"packets":	48,
					"omitted":	false,
					"sender":	true
				}],
			"sum":	{
				"start":	11.001132,
				"end":	12.001143,
				"seconds":	1.0000109672546387,
				"bytes":	6144,
				"bits_per_second":	49151.46094341197,
				"packets":	48,
				"omitted":	false,
				"sender":	true
			}
		}, {
			"streams":	[{
					"socket":	5,
					"start":	12.001143,
					"end":	13.001135,
					"seconds":	0.9999920129776,
					"bytes":	6272,
					"bits_per_second":	50176.40076003682,
					"packets":	49,
					"omitted":	false,
					"sender":	true
				}],
			"sum":	{
				"start":	12.001143,
				"end":	13.001135,
				"seconds":	0.9999920129776,
				"bytes":	6272,
				"bits_per_second":	50176.40076003682,
				"packets":	49,
				"omitted":	false,
				"sender":	true
			}
		}, {
			"streams":	[{
					"socket":	5,
					"start":	13.001135,
					"end":	14.001132,
					"seconds":	0.99999701976776123,
					"bytes":	6272,
					"bits_per_second":	50176.149536578465,
					"packets":	49,
					"omitted":	false,
					"sender":	true
				}],
			"sum":	{
				"start":	13.001135,
				"end":	14.001132,
				"seconds":	0.99999701976776123,
				"bytes":	6272,
				"bits_per_second":	50176.149536578465,
				"packets":	49,
				"omitted":	false,
				"sender":	true
			}
		}, {
			"streams":	[{
					"socket":	5,
					"start":	14.001132,
					"end":	15.001143,
					"seconds":	1.0000109672546387,
					"bytes":	6272,
					"bits_per_second":	50175.449713066388,
					"packets":	49,
					"omitted":	false,
					"sender":	true
				}],
			"sum":	{
				"start":	14.001132,
				"end":	15.001143,
				"seconds":	1.0000109672546387,
				"bytes":	6272,
				"bits_per_second":	50175.449713066388,
				"packets":	49,
				"omitted":	false,