{
	"start":	{
		"connected":	[{
				"socket":	5,
				"local_host":	"fd00::8",
				"local_port":	45827,
				"remote_host":	"fd00::4",
				"remote_port":	5123
			}],
		"version":	"iperf 3.18",
		"system_info":	"Linux RPI08 6.18.29+rpt-rpi-v7 #1 SMP Raspbian 1:6.18.29-1+rpt1 (2026-05-12) armv7l",
		"timestamp":	{
			"time":	"Wed, 20 May 2026 17:09:45 GMT",
			"timesecs":	1779296985
		},
		"connecting_to":	{
			"host":	"fd00::4",
			"port":	5123
		},
		"cookie":	"yr7o2kwuc6dpjjf2ud6qj7fxakgpssmnmf3c",
		"target_bitrate":	50000,
		"fq_rate":	0,
		"sock_bufsize":	0,
		"sndbuf_actual":	180224,
		"rcvbuf_actual":	180224,
		"test_start":	{
			"protocol":	"UDP",
			"num_streams":	1,
			"blksize":	1024,
			"omit":	0,
			"duration":	30,
			"bytes":	0,
			"blocks":	0,
			"reverse":	0,
			"tos":	0,
			"target_bitrate":	50000,
			"bidir":	0,
			"fqrate":	0,
			"interval":	1
		}
	},
	"intervals":	[{
			"streams":	[{
					"socket":	5,
					"start":	0,
					"end":	1.000878,
					"seconds":	1.0008779764175415,
					"bytes":	7168,
					"bits_per_second":	57293.697484734643,
					"packets":	7,
					"omitted":	false,
					"sender":	true
				}],
			"sum":	{
				"start":	0,
				"end":	1.000878,
				"seconds":	1.0008779764175415,
				"bytes":	7168,
				"bits_per_second":	57293.697484734643,
				"packets":	7,
				"omitted":	false,
				"sender":	true
			}
		}, {
			"streams":	[{
					"socket":	5,
					"start":	1.000878,
					"end":	2.001127,
					"seconds":	1.0002490282058716,
					"bytes":	6144,
					"bits_per_second":	49139.762813029716,
					"packets":	6,
					"omitted":	false,
					"sender":	true
				}],
			"sum":	{
				"start":	1.000878,
				"end":	2.001127,
				"seconds":	1.0002490282058716,
				"bytes":	6144,
				"bits_per_second":	49139.762813029716,
				"packets":	6,
				"omitted":	false,
				"sender":	true
			}
		}, {
			"streams":	[{
					"socket":	5,
					"start":	2.001127,
					"end":	3.001138,
					"seconds":	1.0000109672546387,
					"bytes":	6144,
					"bits_per_second":	49151.46094341197,
					"packets":	6,
					"omitted":	false,
					"sender":	true
				}],
			"sum":	{
				"start":	2.001127,
				"end":	3.001138,
				"seconds":	1.0000109672546387,
				"bytes":	6144,
				"bits_per_second":	49151.46094341197,
				"packets":	6,
				"omitted":	false,
				"sender":	true
			}
		}, {
			"streams":	[{
					"socket":	5,
					"start":	3.001138,
					"end":	4.001132,
					"seconds":	0.99999397993087769,
					"bytes":	6144,
					"bits_per_second":	49152.295900218836,
					"packets":	6,
					"omitted":	false,
					"sender":	true
				}],
			"sum":	{
				"start":	3.001138,
				"end":	4.001132,
				"seconds":	0.99999397993087769,
				"bytes":	6144,
				"bits_per_second":	49152.295900218836,
				"packets":	6,
				"omitted":	false,
				"sender":	true
			}
		}, {
			"streams":	[{
					"socket":	5,
					"start":	4.001132,
					"end":	5.00113,
					"seconds":	0.99999797344207764,
					"bytes":	6144,
					"bits_per_second":	49152.099609576864,
					"packets":	6,
					"omitted":	false,
					"sender":	true
				}],
			"sum":	{
				"start":	4.001132,
				"end":	5.00113,
				"seconds":	0.99999797344207764,
				"bytes":	6144,
				"bits_per_second":	49152.099609576864,
				"packets":	6,
				"omitted":	false,
				"sender":	true
			}
		}, {
			"streams":	[{
					"socket":	5,
					"start":	5.00113,
					"end":	6.001135,
					"seconds":	1.0000050067901611,
					"bytes":	6144,
					"bits_per_second":	49151.753907482132,
					"packets":	6,
					"omitted":	false,
					"sender":	true
				}],
			"sum":	{
				"start":	5.00113,
				"end":	6.001135,
				"seconds":	1.0000050067901611,
				"bytes":	6144,
				"bits_per_second":	49151.753907482132,
				"packets":	6,
				"omitted":	false,
				"sender":	true
			}
		}, {
			"streams":	[{
					"socket":	5,
					"start":	6.001135,
					"end":	7.001136,
					"seconds":	1.0000009536743164,
					"bytes":	6144,
					"bits_per_second":	49151.9531250447,
					"packets":	6,
					"omitted":	false,
					"sender":	true
				}],
			"sum":	{
				"start":	6.001135,
				"end":	7.001136,
				"seconds":	1.0000009536743164,
				"bytes":	6144,
				"bits_per_second":	49151.9531250447,
				"packets":	6,
				"omitted":	false,
				"sender":	true
			}
		}, {
			"streams":	[{
					"socket":	5,
					"start":	7.001136,
					"end":	8.001129,
					"seconds":	0.99999302625656128,
					"bytes":	6144,
					"bits_per_second":	49152.342775827929,
					"packets":	6,
					"omitted":	false,
					"sender":	true
				}],
			"sum":	{
				"start":	7.001136,
				"end":	8.001129,
				"seconds":	0.99999302625656128,
				"bytes":	6144,
				"bits_per_second":	49152.342775827929,
				"packets":	6,
				"omitted":	false,
				"sender":	true
			}
		}, {
			"streams":	[{
					"socket":	5,
					"start":	8.001129,
					"end":	9.001138,
					"seconds":	1.0000089406967163,
					"bytes":	6144,
					"bits_per_second":	49151.560550803981,
					"packets":	6,
					"omitted":	false,
					"sender":	true
				}],
			"sum":	{
				"start":	8.001129,
				"end":	9.001138,
				"seconds":	1.0000089406967163,
				"bytes":	6144,
				"bits_per_second":	49151.560550803981,
				"packets":	6,
				"omitted":	false,
				"sender":	true
			}
		}, {
			"streams":	[{
					"socket":	5,
					"start":	9.001138,
					"end":	10.00115,
					"seconds":	1.0000120401382446,
					"bytes":	7168,
					"bits_per_second":	57343.309578625267,
					"packets":	7,
					"omitted":	false,
					"sender":	true
				}],
			"sum":	{
				"start":	9.001138,
				"end":	10.00115,
				"seconds":	1.0000120401382446,
				"bytes":	7168,
				"bits_per_second":	57343.309578625267,
				"packets":	7,
				"omitted":	false,
				"sender":	true
			}
		}, {
			"streams":	[{
					"socket":	5,
					"start":	10.00115,
					"end":	11.001127,
					"seconds":	0.9999769926071167,
					"bytes":	6144,
					"bits_per_second":	49153.130885393723,
					"packets":	6,
					"omitted":	false,
					"sender":	true
				}],
			"sum":	{
				"start":	10.00115,
				"end":	11.001127,
				"seconds":	0.9999769926071167,
				"bytes":	6144,
				"bits_per_second":	49153.130885393723,
				"packets":	6,
				"omitted":	false,
				"sender":	true
			}
		}, {
			"streams":	[{
					"socket":	5,
					"start":	11.001127,
					"end":	12.001131,
					"seconds":	1.0000040531158447,
					"bytes":	6144,
					"bits_per_second":	49151.800782057457,
					"packets":	6,
					"omitted":	false,
					"sender":	true
				}],
			"sum":	{
				"start":	11.001127,
				"end":	12.001131,
				"seconds":	1.0000040531158447,
				"bytes":	6144,
				"bits_per_second":	49151.800782057457,
				"packets":	6,
				"omitted":	false,
				"sender":	true
			}
		}, {
			"streams":	[{
					"socket":	5,
					"start":	12.001131,
					"end":	13.001138,
					"seconds":	1.0000070333480835,
					"bytes":	6144,
					"bits_per_second":	49151.654299306436,
					"packets":	6,
					"omitted":	false,
					"sender":	true
				}],
			"sum":	{
				"start":	12.001131,
				"end":	13.001138,
				"seconds":	1.0000070333480835,
				"bytes":	6144,
				"bits_per_second":	49151.654299306436,
				"packets":	6,
				"omitted":	false,
				"sender":	true
			}
		}, {
			"streams":	[{
					"socket":	5,
					"start":	13.001138,
					"end":	14.001136,
					"seconds":	0.99999797344207764,
					"bytes":	6144,
					"bits_per_second":	49152.099609576864,
					"packets":	6,
					"omitted":	false,
					"sender":	true
				}],
			"sum":	{
				"start":	13.001138,
				"end":	14.001136,
				"seconds":	0.99999797344207764,
				"bytes":	6144,
				"bits_per_second":	49152.099609576864,
				"packets":	6,
				"omitted":	false,
				"sender":	true
			}
		}, {
			"streams":	[{
					"socket":	5,
					"start":	14.001136,
					"end":	15.001133,
					"seconds":	0.99999701976776123,
					"bytes":	6144,
					"bits_per_second":	49152.146484811557,
					"packets":	6,
					"omitted":	false,
					"sender":	true
				}],
			"sum":	{
				"start":	14.001136,
				"end":	15.001133,
				"seconds":	0.99999701976776123,
				"bytes":	6144,
				"bits_per_second":	49152.146484811557,
				"packets":	6,
				"omitted":	false,