{
	"start":	{
		"connected":	[{
				"socket":	5,
				"local_host":	"fd00::8",
				"local_port":	57373,
				"remote_host":	"fd00::4",
				"remote_port":	5123
			}],
		"version":	"iperf 3.18",
		"system_info":	"Linux RPI08 6.18.29+rpt-rpi-v7 #1 SMP Raspbian 1:6.18.29-1+rpt1 (2026-05-12) armv7l",
		"timestamp":	{
			"time":	"Wed, 20 May 2026 16:56:00 GMT",
			"timesecs":	1779296160
		},
		"connecting_to":	{
			"host":	"fd00::4",
			"port":	5123
		},
		"cookie":	"wydbp7mm4dw7meed7eqv3yphnjj4i3qoubck",
		"target_bitrate":	10000,
		"fq_rate":	0,
		"sock_bufsize":	0,
		"sndbuf_actual":	180224,
		"rcvbuf_actual":	180224,
		"test_start":	{
			"protocol":	"UDP",
			"num_streams":	1,
			"blksize":	96,
			"omit":	0,
			"duration":	30,
			"bytes":	0,
			"blocks":	0,
			"reverse":	0,
			"tos":	0,
			"target_bitrate":	10000,
			"bidir":	0,
			"fqrate":	0,
			"interval":	1
		}
	},
	"intervals":	[{
			"streams":	[{
					"socket":	5,
					"start":	0,
					"end":	1.000842,
					"seconds":	1.0008419752120972,
					"bytes":	1344,
					"bits_per_second":	10742.954698439231,
					"packets":	14,
					"omitted":	false,
					"sender":	true
				}],
			"sum":	{
				"start":	0,
				"end":	1.000842,
				"seconds":	1.0008419752120972,
				"bytes":	1344,
				"bits_per_second":	10742.954698439231,
				"packets":	14,
				"omitted":	false,
				"sender":	true
			}
		}, {
			"streams":	[{
					"socket":	5,
					"start":	1.000842,
					"end":	2.001122,
					"seconds":	1.0002800226211548,
					"bytes":	1248,
					"bits_per_second":	9981.20503680331,
					"packets":	13,
					"omitted":	false,
					"sender":	true
				}],
			"sum":	{
				"start":	1.000842,
				"end":	2.001122,
				"seconds":	1.0002800226211548,
				"bytes":	1248,
				"bits_per_second":	9981.20503680331,
				"packets":	13,
				"omitted":	false,
				"sender":	true
			}
		}, {
			"streams":	[{
					"socket":	5,
					"start":	2.001122,
					"end":	3.001125,
					"seconds":	1.0000029802322388,
					"bytes":	1248,
					"bits_per_second":	9983.9702454500039,
					"packets":	13,
					"omitted":	false,
					"sender":	true
				}],
			"sum":	{
				"start":	2.001122,
				"end":	3.001125,
				"seconds":	1.0000029802322388,
				"bytes":	1248,
				"bits_per_second":	9983.9702454500039,
				"packets":	13,
				"omitted":	false,
				"sender":	true
			}
		}, {
			"streams":	[{
					"socket":	5,
					"start":	3.001125,
					"end":	4.001129,
					"seconds":	1.0000040531158447,
					"bytes":	1248,
					"bits_per_second":	9983.95953385542,
					"packets":	13,
					"omitted":	false,
					"sender":	true
				}],
			"sum":	{
				"start":	3.001125,
				"end":	4.001129,
				"seconds":	1.0000040531158447,
				"bytes":	1248,
				"bits_per_second":	9983.95953385542,
				"packets":	13,
				"omitted":	false,
				"sender":	true
			}
		}, {
			"streams":	[{
					"socket":	5,
					"start":	4.001129,
					"end":	5.001124,
					"seconds":	0.999994993209839,
					"bytes":	1248,
					"bits_per_second":	9984.04998804325,
					"packets":	13,
					"omitted":	false,
					"sender":	true
				}],
			"sum":	{
				"start":	4.001129,
				"end":	5.001124,
				"seconds":	0.999994993209839,
				"bytes":	1248,
				"bits_per_second":	9984.04998804325,
				"packets":	13,
				"omitted":	false,
				"sender":	true
			}
		}, {
			"streams":	[{
					"socket":	5,
					"start":	5.001124,
					"end":	6.001128,
					"seconds":	1.0000040531158447,
					"bytes":	1248,
					"bits_per_second":	9983.95953385542,
					"packets":	13,
					"omitted":	false,
					"sender":	true
				}],
			"sum":	{
				"start":	5.001124,
				"end":	6.001128,
				"seconds":	1.0000040531158447,
				"bytes":	1248,
				"bits_per_second":	9983.95953385542,
				"packets":	13,
				"omitted":	false,
				"sender":	true
			}
		}, {
			"streams":	[{
					"socket":	5,
					"start":	6.001128,
					"end":	7.001127,
					"seconds":	0.99999898672103882,
					"bytes":	1248,
					"bits_per_second":	9984.0101165874,
					"packets":	13,
					"omitted":	false,
					"sender":	true
				}],
			"sum":	{
				"start":	6.001128,
				"end":	7.001127,
				"seconds":	0.99999898672103882,
				"bytes":	1248,
				"bits_per_second":	9984.0101165874,
				"packets":	13,
				"omitted":	false,
				"sender":	true
			}
		}, {
			"streams":	[{
					"socket":	5,
					"start":	7.001127,
					"end":	8.001133,
					"seconds":	1.0000059604644775,
					"bytes":	1248,
					"bits_per_second":	9983.94049107736,
					"packets":	13,
					"omitted":	false,
					"sender":	true
				}],
			"sum":	{
				"start":	7.001127,
				"end":	8.001133,
				"seconds":	1.0000059604644775,
				"bytes":	1248,
				"bits_per_second":	9983.94049107736,
				"packets":	13,
				"omitted":	false,
				"sender":	true
			}
		}, {
			"streams":	[{
					"socket":	5,
					"start":	8.001133,
					"end":	9.001125,
					"seconds":	0.9999920129776,
					"bytes":	1248,
					"bits_per_second":	9984.07974306855,
					"packets":	13,
					"omitted":	false,
					"sender":	true
				}],
			"sum":	{
				"start":	8.001133,
				"end":	9.001125,
				"seconds":	0.9999920129776,
				"bytes":	1248,
				"bits_per_second":	9984.07974306855,
				"packets":	13,
				"omitted":	false,
				"sender":	true
			}
		}, {
			"streams":	[{
					"socket":	5,
					"start":	9.001125,
					"end":	10.001125,
					"seconds":	1,
					"bytes":	1248,
					"bits_per_second":	9984,
					"packets":	13,
					"omitted":	false,
					"sender":	true
				}],
			"sum":	{
				"start":	9.001125,
				"end":	10.001125,
				"seconds":	1,
				"bytes":	1248,
				"bits_per_second":	9984,
				"packets":	13,
				"omitted":	false,
				"sender":	true
			}
		}, {
			"streams":	[{
					"socket":	5,
					"start":	10.001125,
					"end":	11.001115,
					"seconds":	0.99998998641967773,
					"bytes":	1248,
					"bits_per_second":	9984.09997658706,
					"packets":	13,
					"omitted":	false,
					"sender":	true
				}],
			"sum":	{
				"start":	10.001125,
				"end":	11.001115,
				"seconds":	0.99998998641967773,
				"bytes":	1248,
				"bits_per_second":	9984.09997658706,
				"packets":	13,
				"omitted":	false,
				"sender":	true
			}
		}, {
			"streams":	[{
					"socket":	5,
					"start":	11.001115,
					"end":	12.001128,
					"seconds":	1.000012993812561,
					"bytes":	1248,
					"bits_per_second":	9983.87027146106,
					"packets":	13,
					"omitted":	false,
					"sender":	true
				}],
			"sum":	{
				"start":	11.001115,
				"end":	12.001128,
				"seconds":	1.000012993812561,
				"bytes":	1248,
				"bits_per_second":	9983.87027146106,
				"packets":	13,
				"omitted":	false,
				"sender":	true
			}
		}, {
			"streams":	[{
					"socket":	5,
					"start":	12.001128,
					"end":	13.001119,
					"seconds":	0.999990999698639,
					"bytes":	1248,
					"bits_per_second":	9984.0898598175554,
					"packets":	13,
					"omitted":	false,
					"sender":	true
				}],
			"sum":	{
				"start":	12.001128,
				"end":	13.001119,
				"seconds":	0.999990999698639,
				"bytes":	1248,
				"bits_per_second":	9984.0898598175554,
				"packets":	13,
				"omitted":	false,
				"sender":	true
			}
		}, {
			"streams":	[{
					"socket":	5,
					"start":	13.001119,
					"end":	14.001126,
					"seconds":	1.0000070333480835,
					"bytes":	1248,
					"bits_per_second":	9983.92977954662,
					"packets":	13,
					"omitted":	false,
					"sender":	true
				}],
			"sum":	{
				"start":	13.001119,
				"end":	14.001126,
				"seconds":	1.0000070333480835,
				"bytes":	1248,
				"bits_per_second":	9983.92977954662,
				"packets":	13,
				"omitted":	false,
				"sender":	true
			}
		}, {
			"streams":	[{
					"socket":	5,
					"start":	14.001126,
					"end":	15.001125,
					"seconds":	0.99999898672103882,
					"bytes":	1248,
					"bits_per_second":	9984.0101165874,
					"packets":	13,
					"omitted":	false,
					"sender":	true
				}],
			"sum":	{
				"start":	14.001126,
				"end":	15.001125,
				"seconds":	0.99999898672103882,
				"bytes":	1248,
				"bits_per_second":	9984.0101165874,
				"packets":	13,
				"omitted":	false,
				"sender":	true
			}
		}, {
			"streams":	[{
					"socket":	5,