{
	"start":	{
		"connected":	[{
				"socket":	5,
				"local_host":	"fd00::8",
				"local_port":	59877,
				"remote_host":	"fd00::4",
				"remote_port":	5123
			}],
		"version":	"iperf 3.18",
		"system_info":	"Linux RPI08 6.18.29+rpt-rpi-v7 #1 SMP Raspbian 1:6.18.29-1+rpt1 (2026-05-12) armv7l",
		"timestamp":	{
			"time":	"Wed, 20 May 2026 17:04:34 GMT",
			"timesecs":	1779296674
		},
		"connecting_to":	{
			"host":	"fd00::4",
			"port":	5123
		},
		"cookie":	"oq6h7hfvwgagodeeei3vdb4bnsg7quw27nzp",
		"target_bitrate":	40000,
		"fq_rate":	0,
		"sock_bufsize":	0,
		"sndbuf_actual":	180224,
		"rcvbuf_actual":	180224,
		"test_start":	{
			"protocol":	"UDP",
			"num_streams":	1,
			"blksize":	128,
			"omit":	0,
			"duration":	30,
			"bytes":	0,
			"blocks":	0,
			"reverse":	0,
			"tos":	0,
			"target_bitrate":	40000,
			"bidir":	0,
			"fqrate":	0,
			"interval":	1
		}
	},
	"intervals":	[{
			"streams":	[{
					"socket":	5,
					"start":	0,
					"end":	1.000848,
					"seconds":	1.0008480548858643,
					"bytes":	5120,
					"bits_per_second":	40925.293105226687,
					"packets":	40,
					"omitted":	false,
					"sender":	true
				}],
			"sum":	{
				"start":	0,
				"end":	1.000848,
				"seconds":	1.0008480548858643,
				"bytes":	5120,
				"bits_per_second":	40925.293105226687,
				"packets":	40,
				"omitted":	false,
				"sender":	true
			}
		}, {
			"streams":	[{
					"socket":	5,
					"start":	1.000848,
					"end":	2.001144,
					"seconds":	1.0002959966659546,
					"bytes":	4992,
					"bits_per_second":	39924.182575066821,
					"packets":	39,
					"omitted":	false,
					"sender":	true
				}],
			"sum":	{
				"start":	1.000848,
				"end":	2.001144,
				"seconds":	1.0002959966659546,
				"bytes":	4992,
				"bits_per_second":	39924.182575066821,
				"packets":	39,
				"omitted":	false,
				"sender":	true
			}
		}, {
			"streams":	[{
					"socket":	5,
					"start":	2.001144,
					"end":	3.001138,
					"seconds":	0.99999397993087769,
					"bytes":	4992,
					"bits_per_second":	39936.2404189278,
					"packets":	39,
					"omitted":	false,
					"sender":	true
				}],
			"sum":	{
				"start":	2.001144,
				"end":	3.001138,
				"seconds":	0.99999397993087769,
				"bytes":	4992,
				"bits_per_second":	39936.2404189278,
				"packets":	39,
				"omitted":	false,
				"sender":	true
			}
		}, {
			"streams":	[{
					"socket":	5,
					"start":	3.001138,
					"end":	4.00119,
					"seconds":	1.0000519752502441,
					"bytes":	4992,
					"bits_per_second":	39933.924424284814,
					"packets":	39,
					"omitted":	false,
					"sender":	true
				}],
			"sum":	{
				"start":	3.001138,
				"end":	4.00119,
				"seconds":	1.0000519752502441,
				"bytes":	4992,
				"bits_per_second":	39933.924424284814,
				"packets":	39,
				"omitted":	false,
				"sender":	true
			}
		}, {
			"streams":	[{
					"socket":	5,
					"start":	4.00119,
					"end":	5.001141,
					"seconds":	0.99995100498199463,
					"bytes":	4992,
					"bits_per_second":	39937.9567609106,
					"packets":	39,
					"omitted":	false,
					"sender":	true
				}],
			"sum":	{
				"start":	4.00119,
				"end":	5.001141,
				"seconds":	0.99995100498199463,
				"bytes":	4992,
				"bits_per_second":	39937.9567609106,
				"packets":	39,
				"omitted":	false,
				"sender":	true
			}
		}, {
			"streams":	[{
					"socket":	5,
					"start":	5.001141,
					"end":	6.001143,
					"seconds":	1.0000020265579224,
					"bytes":	4992,
					"bits_per_second":	39935.919067546827,
					"packets":	39,
					"omitted":	false,
					"sender":	true
				}],
			"sum":	{
				"start":	5.001141,
				"end":	6.001143,
				"seconds":	1.0000020265579224,
				"bytes":	4992,
				"bits_per_second":	39935.919067546827,
				"packets":	39,
				"omitted":	false,
				"sender":	true
			}
		}, {
			"streams":	[{
					"socket":	5,
					"start":	6.001143,
					"end":	7.001134,
					"seconds":	0.999990999698639,
					"bytes":	4992,
					"bits_per_second":	39936.359439270222,
					"packets":	39,
					"omitted":	false,
					"sender":	true
				}],
			"sum":	{
				"start":	6.001143,
				"end":	7.001134,
				"seconds":	0.999990999698639,
				"bytes":	4992,
				"bits_per_second":	39936.359439270222,
				"packets":	39,
				"omitted":	false,
				"sender":	true
			}
		}, {
			"streams":	[{
					"socket":	5,
					"start":	7.001134,
					"end":	8.001136,
					"seconds":	1.0000020265579224,
					"bytes":	4992,
					"bits_per_second":	39935.919067546827,
					"packets":	39,
					"omitted":	false,
					"sender":	true
				}],
			"sum":	{
				"start":	7.001134,
				"end":	8.001136,
				"seconds":	1.0000020265579224,
				"bytes":	4992,
				"bits_per_second":	39935.919067546827,
				"packets":	39,
				"omitted":	false,
				"sender":	true
			}
		}, {
			"streams":	[{
					"socket":	5,
					"start":	8.001136,
					"end":	9.001136,
					"seconds":	1,
					"bytes":	4992,
					"bits_per_second":	39936,
					"packets":	39,
					"omitted":	false,
					"sender":	true
				}],
			"sum":	{
				"start":	8.001136,
				"end":	9.001136,
				"seconds":	1,
				"bytes":	4992,
				"bits_per_second":	39936,
				"packets":	39,
				"omitted":	false,
				"sender":	true
			}
		}, {
			"streams":	[{
					"socket":	5,
					"start":	9.001136,
					"end":	10.001132,
					"seconds":	0.9999960064888,
					"bytes":	4992,
					"bits_per_second":	39936.1594855002,
					"packets":	39,
					"omitted":	false,
					"sender":	true
				}],
			"sum":	{
				"start":	9.001136,
				"end":	10.001132,
				"seconds":	0.9999960064888,
				"bytes":	4992,
				"bits_per_second":	39936.1594855002,
				"packets":	39,
				"omitted":	false,
				"sender":	true
			}
		}, {
			"streams":	[{
					"socket":	5,
					"start":	10.001132,
					"end":	11.00113,
					"seconds":	0.99999797344207764,
					"bytes":	4992,
					"bits_per_second":	39936.0809327812,
					"packets":	39,
					"omitted":	false,
					"sender":	true
				}],
			"sum":	{
				"start":	10.001132,
				"end":	11.00113,
				"seconds":	0.99999797344207764,
				"bytes":	4992,
				"bits_per_second":	39936.0809327812,
				"packets":	39,
				"omitted":	false,
				"sender":	true
			}
		}, {
			"streams":	[{
					"socket":	5,
					"start":	11.00113,
					"end":	12.001139,
					"seconds":	1.0000089406967163,
					"bytes":	4992,
					"bits_per_second":	39935.642947528235,
					"packets":	39,
					"omitted":	false,
					"sender":	true
				}],
			"sum":	{
				"start":	11.00113,
				"end":	12.001139,
				"seconds":	1.0000089406967163,
				"bytes":	4992,
				"bits_per_second":	39935.642947528235,
				"packets":	39,
				"omitted":	false,
				"sender":	true
			}
		}, {
			"streams":	[{
					"socket":	5,
					"start":	12.001139,
					"end":	13.001136,
					"seconds":	0.99999701976776123,
					"bytes":	4992,
					"bits_per_second":	39936.1190189094,
					"packets":	39,
					"omitted":	false,
					"sender":	true
				}],
			"sum":	{
				"start":	12.001139,
				"end":	13.001136,
				"seconds":	0.99999701976776123,
				"bytes":	4992,
				"bits_per_second":	39936.1190189094,
				"packets":	39,
				"omitted":	false,
				"sender":	true
			}
		}, {
			"streams":	[{
					"socket":	5,
					"start":	13.001136,
					"end":	14.001143,
					"seconds":	1.0000070333480835,
					"bytes":	4992,
					"bits_per_second":	39935.719118186476,
					"packets":	39,
					"omitted":	false,
					"sender":	true
				}],
			"sum":	{
				"start":	13.001136,
				"end":	14.001143,
				"seconds":	1.0000070333480835,
				"bytes":	4992,
				"bits_per_second":	39935.719118186476,
				"packets":	39,
				"omitted":	false,
				"sender":	true
			}
		}, {
			"streams":	[{
					"socket":	5,
					"start":	14.001143,
					"end":	15.001143,
					"seconds":	1,
					"bytes":	4992,
					"bits_per_second":	39936,
					"packets":	39,
					"omitted":	false,
					"sender":	true
				}],
			"sum":	{
				"start":	14.001143,
				"end":	15.001143,
				"seconds":	1,
				"bytes":	4992,
				"bits_per_second":	39936,
				"packets":	39,
				"omitted":	false,
				"sender":	true
			}
		}, {
			"streams":	[{
					"socket":	5,
					"start":	15.001143,
					"end":	16.00114,