{
	"start":	{
		"connected":	[{
				"socket":	5,
				"local_host":	"fd00::8",
				"local_port":	41151,
				"remote_host":	"fd00::4",
				"remote_port":	5123
			}],
		"version":	"iperf 3.18",
		"system_info":	"Linux RPI08 6.18.29+rpt-rpi-v7 #1 SMP Raspbian 1:6.18.29-1+rpt1 (2026-05-12) armv7l",
		"timestamp":	{
			"time":	"Wed, 20 May 2026 17:06:18 GMT",
			"timesecs":	1779296778
		},
		"connecting_to":	{
			"host":	"fd00::4",
			"port":	5123
		},
		"cookie":	"lcxi4dstzl6avft25ncu2qnow4dptpoztu4y",
		"target_bitrate":	40000,
		"fq_rate":	0,
		"sock_bufsize":	0,
		"sndbuf_actual":	180224,
		"rcvbuf_actual":	180224,
		"test_start":	{
			"protocol":	"UDP",
			"num_streams":	1,
			"blksize":	1024,
			"omit":	0,
			"duration":	30,
			"bytes":	0,
			"blocks":	0,
			"reverse":	0,
			"tos":	0,
			"target_bitrate":	40000,
			"bidir":	0,
			"fqrate":	0,
			"interval":	1
		}
	},
	"intervals":	[{
			"streams":	[{
					"socket":	5,
					"start":	0,
					"end":	1.000909,
					"seconds":	1.0009089708328247,
					"bytes":	5120,
					"bits_per_second":	40922.802366251628,
					"packets":	5,
					"omitted":	false,
					"sender":	true
				}],
			"sum":	{
				"start":	0,
				"end":	1.000909,
				"seconds":	1.0009089708328247,
				"bytes":	5120,
				"bits_per_second":	40922.802366251628,
				"packets":	5,
				"omitted":	false,
				"sender":	true
			}
		}, {
			"streams":	[{
					"socket":	5,
					"start":	1.000909,
					"end":	2.001137,
					"seconds":	1.0002280473709106,
					"bytes":	5120,
					"bits_per_second":	40950.661309351352,
					"packets":	5,
					"omitted":	false,
					"sender":	true
				}],
			"sum":	{
				"start":	1.000909,
				"end":	2.001137,
				"seconds":	1.0002280473709106,
				"bytes":	5120,
				"bits_per_second":	40950.661309351352,
				"packets":	5,
				"omitted":	false,
				"sender":	true
			}
		}, {
			"streams":	[{
					"socket":	5,
					"start":	2.001137,
					"end":	3.001134,
					"seconds":	0.99999701976776123,
					"bytes":	5120,
					"bits_per_second":	40960.1220706763,
					"packets":	5,
					"omitted":	false,
					"sender":	true
				}],
			"sum":	{
				"start":	2.001137,
				"end":	3.001134,
				"seconds":	0.99999701976776123,
				"bytes":	5120,
				"bits_per_second":	40960.1220706763,
				"packets":	5,
				"omitted":	false,
				"sender":	true
			}
		}, {
			"streams":	[{
					"socket":	5,
					"start":	3.001134,
					"end":	4.001135,
					"seconds":	1.0000009536743164,
					"bytes":	5120,
					"bits_per_second":	40959.960937537253,
					"packets":	5,
					"omitted":	false,
					"sender":	true
				}],
			"sum":	{
				"start":	3.001134,
				"end":	4.001135,
				"seconds":	1.0000009536743164,
				"bytes":	5120,
				"bits_per_second":	40959.960937537253,
				"packets":	5,
				"omitted":	false,
				"sender":	true
			}
		}, {
			"streams":	[{
					"socket":	5,
					"start":	4.001135,
					"end":	5.00113,
					"seconds":	0.999994993209839,
					"bytes":	5120,
					"bits_per_second":	40960.2050791518,
					"packets":	5,
					"omitted":	false,
					"sender":	true
				}],
			"sum":	{
				"start":	4.001135,
				"end":	5.00113,
				"seconds":	0.999994993209839,
				"bytes":	5120,
				"bits_per_second":	40960.2050791518,
				"packets":	5,
				"omitted":	false,
				"sender":	true
			}
		}, {
			"streams":	[{
					"socket":	5,
					"start":	5.00113,
					"end":	6.001147,
					"seconds":	1.0000170469284058,
					"bytes":	5120,
					"bits_per_second":	40959.301769715181,
					"packets":	5,
					"omitted":	false,
					"sender":	true
				}],
			"sum":	{
				"start":	5.00113,
				"end":	6.001147,
				"seconds":	1.0000170469284058,
				"bytes":	5120,
				"bits_per_second":	40959.301769715181,
				"packets":	5,
				"omitted":	false,
				"sender":	true
			}
		}, {
			"streams":	[{
					"socket":	5,
					"start":	6.001147,
					"end":	7.001129,
					"seconds":	0.99998199939727783,
					"bytes":	5120,
					"bits_per_second":	40960.737317959669,
					"packets":	5,
					"omitted":	false,
					"sender":	true
				}],
			"sum":	{
				"start":	6.001147,
				"end":	7.001129,
				"seconds":	0.99998199939727783,
				"bytes":	5120,
				"bits_per_second":	40960.737317959669,
				"packets":	5,
				"omitted":	false,
				"sender":	true
			}
		}, {
			"streams":	[{
					"socket":	5,
					"start":	7.001129,
					"end":	8.001129,
					"seconds":	1,
					"bytes":	5120,
					"bits_per_second":	40960,
					"packets":	5,
					"omitted":	false,
					"sender":	true
				}],
			"sum":	{
				"start":	7.001129,
				"end":	8.001129,
				"seconds":	1,
				"bytes":	5120,
				"bits_per_second":	40960,
				"packets":	5,
				"omitted":	false,
				"sender":	true
			}
		}, {
			"streams":	[{
					"socket":	5,
					"start":	8.001129,
					"end":	9.001133,
					"seconds":	1.0000040531158447,
					"bytes":	4096,
					"bits_per_second":	32767.8671880383,
					"packets":	4,
					"omitted":	false,
					"sender":	true
				}],
			"sum":	{
				"start":	8.001129,
				"end":	9.001133,
				"seconds":	1.0000040531158447,
				"bytes":	4096,
				"bits_per_second":	32767.8671880383,
				"packets":	4,
				"omitted":	false,
				"sender":	true
			}
		}, {
			"streams":	[{
					"socket":	5,
					"start":	9.001133,
					"end":	10.001135,
					"seconds":	1.0000020265579224,
					"bytes":	5120,
					"bits_per_second":	40959.91699235572,
					"packets":	5,
					"omitted":	false,
					"sender":	true
				}],
			"sum":	{
				"start":	9.001133,
				"end":	10.001135,
				"seconds":	1.0000020265579224,
				"bytes":	5120,
				"bits_per_second":	40959.91699235572,
				"packets":	5,
				"omitted":	false,
				"sender":	true
			}
		}, {
			"streams":	[{
					"socket":	5,
					"start":	10.001135,
					"end":	11.001131,
					"seconds":	0.9999960064888,
					"bytes":	5120,
					"bits_per_second":	40960.163574871985,
					"packets":	5,
					"omitted":	false,
					"sender":	true
				}],
			"sum":	{
				"start":	10.001135,
				"end":	11.001131,
				"seconds":	0.9999960064888,
				"bytes":	5120,
				"bits_per_second":	40960.163574871985,
				"packets":	5,
				"omitted":	false,
				"sender":	true
			}
		}, {
			"streams":	[{
					"socket":	5,
					"start":	11.001131,
					"end":	12.001142,
					"seconds":	1.0000109672546387,
					"bytes":	5120,
					"bits_per_second":	40959.550786176645,
					"packets":	5,
					"omitted":	false,
					"sender":	true
				}],
			"sum":	{
				"start":	11.001131,
				"end":	12.001142,
				"seconds":	1.0000109672546387,
				"bytes":	5120,
				"bits_per_second":	40959.550786176645,
				"packets":	5,
				"omitted":	false,
				"sender":	true
			}
		}, {
			"streams":	[{
					"socket":	5,
					"start":	12.001142,
					"end":	13.001133,
					"seconds":	0.999990999698639,
					"bytes":	5120,
					"bits_per_second":	40960.368655661761,
					"packets":	5,
					"omitted":	false,
					"sender":	true
				}],
			"sum":	{
				"start":	12.001142,
				"end":	13.001133,
				"seconds":	0.999990999698639,
				"bytes":	5120,
				"bits_per_second":	40960.368655661761,
				"packets":	5,
				"omitted":	false,
				"sender":	true
			}
		}, {
			"streams":	[{
					"socket":	5,
					"start":	13.001133,
					"end":	14.001136,
					"seconds":	1.0000029802322388,
					"bytes":	5120,
					"bits_per_second":	40959.8779300513,
					"packets":	5,
					"omitted":	false,
					"sender":	true
				}],
			"sum":	{
				"start":	13.001133,
				"end":	14.001136,
				"seconds":	1.0000029802322388,
				"bytes":	5120,
				"bits_per_second":	40959.8779300513,
				"packets":	5,
				"omitted":	false,
				"sender":	true
			}
		}, {
			"streams":	[{
					"socket":	5,
					"start":	14.001136,
					"end":	15.001137,
					"seconds":	1.0000009536743164,
					"bytes":	5120,
					"bits_per_second":	40959.960937537253,
					"packets":	5,
					"omitted":	false,
					"sender":	true
				}],
			"sum":	{
				"start":	14.001136,
				"end":	15.001137,
				"seconds":	1.0000009536743164,
				"bytes":	5120,
				"bits_per_second":	40959.960937537253,
				"packets":	5,
				"omitted":	false,
				"sender":	true
			}
		}, {
			"streams":	[{
					"socket":	5,