{
	"start":	{
		"connected":	[{
				"socket":	5,
				"local_host":	"fd00::8",
				"local_port":	60769,
				"remote_host":	"fd00::4",
				"remote_port":	5123
			}],
		"version":	"iperf 3.18",
		"system_info":	"Linux RPI08 6.18.29+rpt-rpi-v7 #1 SMP Raspbian 1:6.18.29-1+rpt1 (2026-05-12) armv7l",
		"timestamp":	{
			"time":	"Wed, 20 May 2026 16:58:50 GMT",
			"timesecs":	1779296330
		},
		"connecting_to":	{
			"host":	"fd00::4",
			"port":	5123
		},
		"cookie":	"kx2omwu5mt5i2mae2huyc6h6sofi2hzcnk3i",
		"target_bitrate":	10000,
		"fq_rate":	0,
		"sock_bufsize":	0,
		"sndbuf_actual":	180224,
		"rcvbuf_actual":	180224,
		"test_start":	{
			"protocol":	"UDP",
			"num_streams":	1,
			"blksize":	1024,
			"omit":	0,
			"duration":	30,
			"bytes":	0,
			"blocks":	0,
			"reverse":	0,
			"tos":	0,
			"target_bitrate":	10000,
			"bidir":	0,
			"fqrate":	0,
			"interval":	1
		}
	},
	"intervals":	[{
			"streams":	[{
					"socket":	5,
					"start":	0,
					"end":	1.000856,
					"seconds":	1.0008560419082642,
					"bytes":	2048,
					"bits_per_second":	16369.98660542803,
					"packets":	2,
					"omitted":	false,
					"sender":	true
				}],
			"sum":	{
				"start":	0,
				"end":	1.000856,
				"seconds":	1.0008560419082642,
				"bytes":	2048,
				"bits_per_second":	16369.98660542803,
				"packets":	2,
				"omitted":	false,
				"sender":	true
			}
		}, {
			"streams":	[{
					"socket":	5,
					"start":	1.000856,
					"end":	2.001141,
					"seconds":	1.0002850294113159,
					"bytes":	1024,
					"bits_per_second":	8189.6657044054,
					"packets":	1,
					"omitted":	false,
					"sender":	true
				}],
			"sum":	{
				"start":	1.000856,
				"end":	2.001141,
				"seconds":	1.0002850294113159,
				"bytes":	1024,
				"bits_per_second":	8189.6657044054,
				"packets":	1,
				"omitted":	false,
				"sender":	true
			}
		}, {
			"streams":	[{
					"socket":	5,
					"start":	2.001141,
					"end":	3.001139,
					"seconds":	0.99999797344207764,
					"bytes":	1024,
					"bits_per_second":	8192.016601596144,
					"packets":	1,
					"omitted":	false,
					"sender":	true
				}],
			"sum":	{
				"start":	2.001141,
				"end":	3.001139,
				"seconds":	0.99999797344207764,
				"bytes":	1024,
				"bits_per_second":	8192.016601596144,
				"packets":	1,
				"omitted":	false,
				"sender":	true
			}
		}, {
			"streams":	[{
					"socket":	5,
					"start":	3.001139,
					"end":	4.001157,
					"seconds":	1.0000180006027222,
					"bytes":	1024,
					"bits_per_second":	8191.8525417168375,
					"packets":	1,
					"omitted":	false,
					"sender":	true
				}],
			"sum":	{
				"start":	3.001139,
				"end":	4.001157,
				"seconds":	1.0000180006027222,
				"bytes":	1024,
				"bits_per_second":	8191.8525417168375,
				"packets":	1,
				"omitted":	false,
				"sender":	true
			}
		}, {
			"streams":	[{
					"socket":	5,
					"start":	4.001157,
					"end":	5.001136,
					"seconds":	0.999979019165039,
					"bytes":	2048,
					"bits_per_second":	16384.343757212315,
					"packets":	2,
					"omitted":	false,
					"sender":	true
				}],
			"sum":	{
				"start":	4.001157,
				"end":	5.001136,
				"seconds":	0.999979019165039,
				"bytes":	2048,
				"bits_per_second":	16384.343757212315,
				"packets":	2,
				"omitted":	false,
				"sender":	true
			}
		}, {
			"streams":	[{
					"socket":	5,
					"start":	5.001136,
					"end":	6.001133,
					"seconds":	0.99999701976776123,
					"bytes":	1024,
					"bits_per_second":	8192.02441413526,
					"packets":	1,
					"omitted":	false,
					"sender":	true
				}],
			"sum":	{
				"start":	5.001136,
				"end":	6.001133,
				"seconds":	0.99999701976776123,
				"bytes":	1024,
				"bits_per_second":	8192.02441413526,
				"packets":	1,
				"omitted":	false,
				"sender":	true
			}
		}, {
			"streams":	[{
					"socket":	5,
					"start":	6.001133,
					"end":	7.001132,
					"seconds":	0.99999898672103882,
					"bytes":	1024,
					"bits_per_second":	8192.00830078966,
					"packets":	1,
					"omitted":	false,
					"sender":	true
				}],
			"sum":	{
				"start":	6.001133,
				"end":	7.001132,
				"seconds":	0.99999898672103882,
				"bytes":	1024,
				"bits_per_second":	8192.00830078966,
				"packets":	1,
				"omitted":	false,
				"sender":	true
			}
		}, {
			"streams":	[{
					"socket":	5,
					"start":	7.001132,
					"end":	8.00113,
					"seconds":	0.99999797344207764,
					"bytes":	1024,
					"bits_per_second":	8192.016601596144,
					"packets":	1,
					"omitted":	false,
					"sender":	true
				}],
			"sum":	{
				"start":	7.001132,
				"end":	8.00113,
				"seconds":	0.99999797344207764,
				"bytes":	1024,
				"bits_per_second":	8192.016601596144,
				"packets":	1,
				"omitted":	false,
				"sender":	true
			}
		}, {
			"streams":	[{
					"socket":	5,
					"start":	8.00113,
					"end":	9.001123,
					"seconds":	0.99999302625656128,
					"bytes":	1024,
					"bits_per_second":	8192.057129304656,
					"packets":	1,
					"omitted":	false,
					"sender":	true
				}],
			"sum":	{
				"start":	8.00113,
				"end":	9.001123,
				"seconds":	0.99999302625656128,
				"bytes":	1024,
				"bits_per_second":	8192.057129304656,
				"packets":	1,
				"omitted":	false,
				"sender":	true
			}
		}, {
			"streams":	[{
					"socket":	5,
					"start":	9.001123,
					"end":	10.001146,
					"seconds":	1.0000230073928833,
					"bytes":	2048,
					"bits_per_second":	16383.623055547509,
					"packets":	2,
					"omitted":	false,
					"sender":	true
				}],
			"sum":	{
				"start":	9.001123,
				"end":	10.001146,
				"seconds":	1.0000230073928833,
				"bytes":	2048,
				"bits_per_second":	16383.623055547509,
				"packets":	2,
				"omitted":	false,
				"sender":	true
			}
		}, {
			"streams":	[{
					"socket":	5,
					"start":	10.001146,
					"end":	11.001125,
					"seconds":	0.999979019165039,
					"bytes":	1024,
					"bits_per_second":	8192.17187860616,
					"packets":	1,
					"omitted":	false,
					"sender":	true
				}],
			"sum":	{
				"start":	10.001146,
				"end":	11.001125,
				"seconds":	0.999979019165039,
				"bytes":	1024,
				"bits_per_second":	8192.17187860616,
				"packets":	1,
				"omitted":	false,
				"sender":	true
			}
		}, {
			"streams":	[{
					"socket":	5,
					"start":	11.001125,
					"end":	12.001132,
					"seconds":	1.0000070333480835,
					"bytes":	1024,
					"bits_per_second":	8191.94238321774,
					"packets":	1,
					"omitted":	false,
					"sender":	true
				}],
			"sum":	{
				"start":	11.001125,
				"end":	12.001132,
				"seconds":	1.0000070333480835,
				"bytes":	1024,
				"bits_per_second":	8191.94238321774,
				"packets":	1,
				"omitted":	false,
				"sender":	true
			}
		}, {
			"streams":	[{
					"socket":	5,
					"start":	12.001132,
					"end":	13.001132,
					"seconds":	1,
					"bytes":	1024,
					"bits_per_second":	8192,
					"packets":	1,
					"omitted":	false,
					"sender":	true
				}],
			"sum":	{
				"start":	12.001132,
				"end":	13.001132,
				"seconds":	1,
				"bytes":	1024,
				"bits_per_second":	8192,
				"packets":	1,
				"omitted":	false,
				"sender":	true
			}
		}, {
			"streams":	[{
					"socket":	5,
					"start":	13.001132,
					"end":	14.001135,
					"seconds":	1.0000029802322388,
					"bytes":	2048,
					"bits_per_second":	16383.951172020519,
					"packets":	2,
					"omitted":	false,
					"sender":	true
				}],
			"sum":	{
				"start":	13.001132,
				"end":	14.001135,
				"seconds":	1.0000029802322388,
				"bytes":	2048,
				"bits_per_second":	16383.951172020519,
				"packets":	2,
				"omitted":	false,
				"sender":	true
			}
		}, {
			"streams":	[{
					"socket":	5,
					"start":	14.001135,
					"end":	15.001124,
					"seconds":	0.99998897314071655,
					"bytes":	1024,
					"bits_per_second":	8192.09033302734,
					"packets":	1,
					"omitted":	false,
					"sender":	true
				}],
			"sum":	{
				"start":	14.001135,
				"end":	15.001124,
				"seconds":	0.99998897314071655,
				"bytes":	1024,
				"bits_per_second":	8192.09033302734,
				"packets":	1,
				"omitted":	false,
				"sender":	true
			}
		}, {
			"streams":	[{
					"socket":	5,
					"start":	15.001124,