{
	"start":	{
		"connected":	[{
				"socket":	5,
				"local_host":	"fd00::2",
				"local_port":	33147,
				"remote_host":	"fd00::8",
				"remote_port":	5123
			}],
		"version":	"iperf 3.18",
		"system_info":	"Linux rpi02 6.12.75+rpt-rpi-v6 #1 Raspbian 1:6.12.75-1+rpt1 (2026-03-11) armv6l",
		"timestamp":	{
			"time":	"Sun, 10 May 2026 16:47:39 GMT",
			"timesecs":	1778431659
		},
		"connecting_to":	{
			"host":	"fd00::8",
			"port":	5123
		},
		"cookie":	"gcusrc2ebcdoilwmptxxfu4yotgfkihvzmgr",
		"target_bitrate":	30000,
		"fq_rate":	0,
		"sock_bufsize":	0,
		"sndbuf_actual":	180224,
		"rcvbuf_actual":	180224,
		"test_start":	{
			"protocol":	"UDP",
			"num_streams":	1,
			"blksize":	256,
			"omit":	0,
			"duration":	30,
			"bytes":	0,
			"blocks":	0,
			"reverse":	0,
			"tos":	0,
			"target_bitrate":	30000,
			"bidir":	0,
			"fqrate":	0,
			"interval":	1
		}
	},
	"intervals":	[{
			"streams":	[{
					"socket":	5,
					"start":	0,
					"end":	1.001216,
					"seconds":	1.0012160539627075,
					"bytes":	3840,
					"bits_per_second":	30682.688195433424,
					"packets":	15,
					"omitted":	false,
					"sender":	true
				}],
			"sum":	{
				"start":	0,
				"end":	1.001216,
				"seconds":	1.0012160539627075,
				"bytes":	3840,
				"bits_per_second":	30682.688195433424,
				"packets":	15,
				"omitted":	false,
				"sender":	true
			}
		}, {
			"streams":	[{
					"socket":	5,
					"start":	1.001216,
					"end":	2.001245,
					"seconds":	1.0000289678573608,
					"bytes":	3840,
					"bits_per_second":	30719.11013319941,
					"packets":	15,
					"omitted":	false,
					"sender":	true
				}],
			"sum":	{
				"start":	1.001216,
				"end":	2.001245,
				"seconds":	1.0000289678573608,
				"bytes":	3840,
				"bits_per_second":	30719.11013319941,
				"packets":	15,
				"omitted":	false,
				"sender":	true
			}
		}, {
			"streams":	[{
					"socket":	5,
					"start":	2.001245,
					"end":	3.001248,
					"seconds":	1.0000029802322388,
					"bytes":	3584,
					"bits_per_second":	28671.914551035909,
					"packets":	14,
					"omitted":	false,
					"sender":	true
				}],
			"sum":	{
				"start":	2.001245,
				"end":	3.001248,
				"seconds":	1.0000029802322388,
				"bytes":	3584,
				"bits_per_second":	28671.914551035909,
				"packets":	14,
				"omitted":	false,
				"sender":	true
			}
		}, {
			"streams":	[{
					"socket":	5,
					"start":	3.001248,
					"end":	4.001253,
					"seconds":	1.0000050067901611,
					"bytes":	3840,
					"bits_per_second":	30719.846192176334,
					"packets":	15,
					"omitted":	false,
					"sender":	true
				}],
			"sum":	{
				"start":	3.001248,
				"end":	4.001253,
				"seconds":	1.0000050067901611,
				"bytes":	3840,
				"bits_per_second":	30719.846192176334,
				"packets":	15,
				"omitted":	false,
				"sender":	true
			}
		}, {
			"streams":	[{
					"socket":	5,
					"start":	4.001253,
					"end":	5.001244,
					"seconds":	0.999990999698639,
					"bytes":	3840,
					"bits_per_second":	30720.276491746321,
					"packets":	15,
					"omitted":	false,
					"sender":	true
				}],
			"sum":	{
				"start":	4.001253,
				"end":	5.001244,
				"seconds":	0.999990999698639,
				"bytes":	3840,
				"bits_per_second":	30720.276491746321,
				"packets":	15,
				"omitted":	false,
				"sender":	true
			}
		}, {
			"streams":	[{
					"socket":	5,
					"start":	5.001244,
					"end":	6.001245,
					"seconds":	1.0000009536743164,
					"bytes":	3584,
					"bits_per_second":	28671.972656276077,
					"packets":	14,
					"omitted":	false,
					"sender":	true
				}],
			"sum":	{
				"start":	5.001244,
				"end":	6.001245,
				"seconds":	1.0000009536743164,
				"bytes":	3584,
				"bits_per_second":	28671.972656276077,
				"packets":	14,
				"omitted":	false,
				"sender":	true
			}
		}, {
			"streams":	[{
					"socket":	5,
					"start":	6.001245,
					"end":	7.001245,
					"seconds":	1,
					"bytes":	3840,
					"bits_per_second":	30720,
					"packets":	15,
					"omitted":	false,
					"sender":	true
				}],
			"sum":	{
				"start":	6.001245,
				"end":	7.001245,
				"seconds":	1,
				"bytes":	3840,
				"bits_per_second":	30720,
				"packets":	15,
				"omitted":	false,
				"sender":	true
			}
		}, {
			"streams":	[{
					"socket":	5,
					"start":	7.001245,
					"end":	8.001247,
					"seconds":	1.0000020265579224,
					"bytes":	3840,
					"bits_per_second":	30719.93774426679,
					"packets":	15,
					"omitted":	false,
					"sender":	true
				}],
			"sum":	{
				"start":	7.001245,
				"end":	8.001247,
				"seconds":	1.0000020265579224,
				"bytes":	3840,
				"bits_per_second":	30719.93774426679,
				"packets":	15,
				"omitted":	false,
				"sender":	true
			}
		}, {
			"streams":	[{
					"socket":	5,
					"start":	8.001247,
					"end":	9.001242,
					"seconds":	0.999994993209839,
					"bytes":	3584,
					"bits_per_second":	28672.143555406252,
					"packets":	14,
					"omitted":	false,
					"sender":	true
				}],
			"sum":	{
				"start":	8.001247,
				"end":	9.001242,
				"seconds":	0.999994993209839,
				"bytes":	3584,
				"bits_per_second":	28672.143555406252,
				"packets":	14,
				"omitted":	false,
				"sender":	true
			}
		}, {
			"streams":	[{
					"socket":	5,
					"start":	9.001242,
					"end":	10.001252,
					"seconds":	1.0000100135803223,
					"bytes":	3840,
					"bits_per_second":	30719.69238589282,
					"packets":	15,
					"omitted":	false,
					"sender":	true
				}],
			"sum":	{
				"start":	9.001242,
				"end":	10.001252,
				"seconds":	1.0000100135803223,
				"bytes":	3840,
				"bits_per_second":	30719.69238589282,
				"packets":	15,
				"omitted":	false,
				"sender":	true
			}
		}, {
			"streams":	[{
					"socket":	5,
					"start":	10.001252,
					"end":	11.001248,
					"seconds":	0.9999960064888,
					"bytes":	3840,
					"bits_per_second":	30720.122681153993,
					"packets":	15,
					"omitted":	false,
					"sender":	true
				}],
			"sum":	{
				"start":	10.001252,
				"end":	11.001248,
				"seconds":	0.9999960064888,
				"bytes":	3840,
				"bits_per_second":	30720.122681153993,
				"packets":	15,
				"omitted":	false,
				"sender":	true
			}
		}, {
			"streams":	[{
					"socket":	5,
					"start":	11.001248,
					"end":	12.001253,
					"seconds":	1.0000050067901611,
					"bytes":	3584,
					"bits_per_second":	28671.856446031245,
					"packets":	14,
					"omitted":	false,
					"sender":	true
				}],
			"sum":	{
				"start":	11.001248,
				"end":	12.001253,
				"seconds":	1.0000050067901611,
				"bytes":	3584,
				"bits_per_second":	28671.856446031245,
				"packets":	14,
				"omitted":	false,
				"sender":	true
			}
		}, {
			"streams":	[{
					"socket":	5,
					"start":	12.001253,
					"end":	13.001251,
					"seconds":	0.99999797344207764,
					"bytes":	3840,
					"bits_per_second":	30720.06225598554,
					"packets":	15,
					"omitted":	false,
					"sender":	true
				}],
			"sum":	{
				"start":	12.001253,
				"end":	13.001251,
				"seconds":	0.99999797344207764,
				"bytes":	3840,
				"bits_per_second":	30720.06225598554,
				"packets":	15,
				"omitted":	false,
				"sender":	true
			}
		}, {
			"streams":	[{
					"socket":	5,
					"start":	13.001251,
					"end":	14.001243,
					"seconds":	0.9999920129776,
					"bytes":	3840,
					"bits_per_second":	30720.245363287846,
					"packets":	15,
					"omitted":	false,
					"sender":	true
				}],
			"sum":	{
				"start":	13.001251,
				"end":	14.001243,
				"seconds":	0.9999920129776,
				"bytes":	3840,
				"bits_per_second":	30720.245363287846,
				"packets":	15,
				"omitted":	false,
				"sender":	true
			}
		}, {
			"streams":	[{
					"socket":	5,
					"start":	14.001243,
					"end":	15.001242,
					"seconds":	0.99999898672103882,
					"bytes":	3584,
					"bits_per_second":	28672.029052763814,
					"packets":	14,
					"omitted":	false,
					"sender":	true
				}],
			"sum":	{
				"start":	14.001243,
				"end":	15.001242,
				"seconds":	0.99999898672103882,
				"bytes":	3584,
				"bits_per_second":	28672.029052763814,
				"packets":	14,
				"omitted":	false,