{
	"start":	{
		"connected":	[{
				"socket":	5,
				"local_host":	"fd00::2",
				"local_port":	44341,
				"remote_host":	"fd00::8",
				"remote_port":	5123
			}],
		"version":	"iperf 3.18",
		"system_info":	"Linux rpi02 6.12.75+rpt-rpi-v6 #1 Raspbian 1:6.12.75-1+rpt1 (2026-03-11) armv6l",
		"timestamp":	{
			"time":	"Sun, 10 May 2026 16:40:59 GMT",
			"timesecs":	1778431259
		},
		"connecting_to":	{
			"host":	"fd00::8",
			"port":	5123
		},
		"cookie":	"nvynhd365jm5qpkkhgeen3ukqc6fsa2vxayv",
		"target_bitrate":	15000,
		"fq_rate":	0,
		"sock_bufsize":	0,
		"sndbuf_actual":	180224,
		"rcvbuf_actual":	180224,
		"test_start":	{
			"protocol":	"UDP",
			"num_streams":	1,
			"blksize":	256,
			"omit":	0,
			"duration":	30,
			"bytes":	0,
			"blocks":	0,
			"reverse":	0,
			"tos":	0,
			"target_bitrate":	15000,
			"bidir":	0,
			"fqrate":	0,
			"interval":	1
		}
	},
	"intervals":	[{
			"streams":	[{
					"socket":	5,
					"start":	0,
					"end":	1.001003,
					"seconds":	1.00100302696228,
					"bytes":	2048,
					"bits_per_second":	16367.582873070953,
					"packets":	8,
					"omitted":	false,
					"sender":	true
				}],
			"sum":	{
				"start":	0,
				"end":	1.001003,
				"seconds":	1.00100302696228,
				"bytes":	2048,
				"bits_per_second":	16367.582873070953,
				"packets":	8,
				"omitted":	false,
				"sender":	true
			}
		}, {
			"streams":	[{
					"socket":	5,
					"start":	1.001003,
					"end":	2.001258,
					"seconds":	1.0002549886703491,
					"bytes":	1792,
					"bits_per_second":	14332.345414299823,
					"packets":	7,
					"omitted":	false,
					"sender":	true
				}],
			"sum":	{
				"start":	1.001003,
				"end":	2.001258,
				"seconds":	1.0002549886703491,
				"bytes":	1792,
				"bits_per_second":	14332.345414299823,
				"packets":	7,
				"omitted":	false,
				"sender":	true
			}
		}, {
			"streams":	[{
					"socket":	5,
					"start":	2.001258,
					"end":	3.001268,
					"seconds":	1.0000100135803223,
					"bytes":	1792,
					"bits_per_second":	14335.856446749982,
					"packets":	7,
					"omitted":	false,
					"sender":	true
				}],
			"sum":	{
				"start":	2.001258,
				"end":	3.001268,
				"seconds":	1.0000100135803223,
				"bytes":	1792,
				"bits_per_second":	14335.856446749982,
				"packets":	7,
				"omitted":	false,
				"sender":	true
			}
		}, {
			"streams":	[{
					"socket":	5,
					"start":	3.001268,
					"end":	4.001258,
					"seconds":	0.99998998641967773,
					"bytes":	2048,
					"bits_per_second":	16384.164064142871,
					"packets":	8,
					"omitted":	false,
					"sender":	true
				}],
			"sum":	{
				"start":	3.001268,
				"end":	4.001258,
				"seconds":	0.99998998641967773,
				"bytes":	2048,
				"bits_per_second":	16384.164064142871,
				"packets":	8,
				"omitted":	false,
				"sender":	true
			}
		}, {
			"streams":	[{
					"socket":	5,
					"start":	4.001258,
					"end":	5.001273,
					"seconds":	1.0000150203704834,
					"bytes":	1792,
					"bits_per_second":	14335.784671203068,
					"packets":	7,
					"omitted":	false,
					"sender":	true
				}],
			"sum":	{
				"start":	4.001258,
				"end":	5.001273,
				"seconds":	1.0000150203704834,
				"bytes":	1792,
				"bits_per_second":	14335.784671203068,
				"packets":	7,
				"omitted":	false,
				"sender":	true
			}
		}, {
			"streams":	[{
					"socket":	5,
					"start":	5.001273,
					"end":	6.001272,
					"seconds":	0.99999898672103882,
					"bytes":	1792,
					"bits_per_second":	14336.014526381907,
					"packets":	7,
					"omitted":	false,
					"sender":	true
				}],
			"sum":	{
				"start":	5.001273,
				"end":	6.001272,
				"seconds":	0.99999898672103882,
				"bytes":	1792,
				"bits_per_second":	14336.014526381907,
				"packets":	7,
				"omitted":	false,
				"sender":	true
			}
		}, {
			"streams":	[{
					"socket":	5,
					"start":	6.001272,
					"end":	7.001258,
					"seconds":	0.99998599290847778,
					"bytes":	2048,
					"bits_per_second":	16384.229495402062,
					"packets":	8,
					"omitted":	false,
					"sender":	true
				}],
			"sum":	{
				"start":	6.001272,
				"end":	7.001258,
				"seconds":	0.99998599290847778,
				"bytes":	2048,
				"bits_per_second":	16384.229495402062,
				"packets":	8,
				"omitted":	false,
				"sender":	true
			}
		}, {
			"streams":	[{
					"socket":	5,
					"start":	7.001258,
					"end":	8.001273,
					"seconds":	1.0000150203704834,
					"bytes":	1792,
					"bits_per_second":	14335.784671203068,
					"packets":	7,
					"omitted":	false,
					"sender":	true
				}],
			"sum":	{
				"start":	7.001258,
				"end":	8.001273,
				"seconds":	1.0000150203704834,
				"bytes":	1792,
				"bits_per_second":	14335.784671203068,
				"packets":	7,
				"omitted":	false,
				"sender":	true
			}
		}, {
			"streams":	[{
					"socket":	5,
					"start":	8.001273,
					"end":	9.001269,
					"seconds":	0.9999960064888,
					"bytes":	1792,
					"bits_per_second":	14336.057251205197,
					"packets":	7,
					"omitted":	false,
					"sender":	true
				}],
			"sum":	{
				"start":	8.001273,
				"end":	9.001269,
				"seconds":	0.9999960064888,
				"bytes":	1792,
				"bits_per_second":	14336.057251205197,
				"packets":	7,
				"omitted":	false,
				"sender":	true
			}
		}, {
			"streams":	[{
					"socket":	5,
					"start":	9.001269,
					"end":	10.00127,
					"seconds":	1.0000009536743164,
					"bytes":	2048,
					"bits_per_second":	16383.9843750149,
					"packets":	8,
					"omitted":	false,
					"sender":	true
				}],
			"sum":	{
				"start":	9.001269,
				"end":	10.00127,
				"seconds":	1.0000009536743164,
				"bytes":	2048,
				"bits_per_second":	16383.9843750149,
				"packets":	8,
				"omitted":	false,
				"sender":	true
			}
		}, {
			"streams":	[{
					"socket":	5,
					"start":	10.00127,
					"end":	11.001268,
					"seconds":	0.99999797344207764,
					"bytes":	1792,
					"bits_per_second":	14336.029052793252,
					"packets":	7,
					"omitted":	false,
					"sender":	true
				}],
			"sum":	{
				"start":	10.00127,
				"end":	11.001268,
				"seconds":	0.99999797344207764,
				"bytes":	1792,
				"bits_per_second":	14336.029052793252,
				"packets":	7,
				"omitted":	false,
				"sender":	true
			}
		}, {
			"streams":	[{
					"socket":	5,
					"start":	11.001268,
					"end":	12.00127,
					"seconds":	1.0000020265579224,
					"bytes":	1792,
					"bits_per_second":	14335.9709473245,
					"packets":	7,
					"omitted":	false,
					"sender":	true
				}],
			"sum":	{
				"start":	11.001268,
				"end":	12.00127,
				"seconds":	1.0000020265579224,
				"bytes":	1792,
				"bits_per_second":	14335.9709473245,
				"packets":	7,
				"omitted":	false,
				"sender":	true
			}
		}, {
			"streams":	[{
					"socket":	5,
					"start":	12.00127,
					"end":	13.001253,
					"seconds":	0.999983012676239,
					"bytes":	2048,
					"bits_per_second":	16384.2783250405,
					"packets":	8,
					"omitted":	false,
					"sender":	true
				}],
			"sum":	{
				"start":	12.00127,
				"end":	13.001253,
				"seconds":	0.999983012676239,
				"bytes":	2048,
				"bits_per_second":	16384.2783250405,
				"packets":	8,
				"omitted":	false,
				"sender":	true
			}
		}, {
			"streams":	[{
					"socket":	5,
					"start":	13.001253,
					"end":	14.001268,
					"seconds":	1.0000150203704834,
					"bytes":	1792,
					"bits_per_second":	14335.784671203068,
					"packets":	7,
					"omitted":	false,
					"sender":	true
				}],
			"sum":	{
				"start":	13.001253,
				"end":	14.001268,
				"seconds":	1.0000150203704834,
				"bytes":	1792,
				"bits_per_second":	14335.784671203068,
				"packets":	7,
				"omitted":	false,
				"sender":	true
			}
		}, {
			"streams":	[{
					"socket":	5,
					"start":	14.001268,
					"end":	15.001261,
					"seconds":	0.99999302625656128,
					"bytes":	1792,
					"bits_per_second":	14336.099976283147,
					"packets":	7,
					"omitted":	false,
					"sender":	true
				}],
			"sum":	{
				"start":	14.001268,
				"end":	15.001261,
				"seconds":	0.99999302625656128,
				"bytes":	1792,
				"bits_per_second":	14336.099976283147,
				"packets":	7,
				"omitted":	false,