{
	"start":	{
		"connected":	[{
				"socket":	5,
				"local_host":	"fd00::2",
				"local_port":	53261,
				"remote_host":	"fd00::8",
				"remote_port":	5123
			}],
		"version":	"iperf 3.18",
		"system_info":	"Linux rpi02 6.12.75+rpt-rpi-v6 #1 Raspbian 1:6.12.75-1+rpt1 (2026-03-11) armv6l",
		"timestamp":	{
			"time":	"Sun, 10 May 2026 16:39:22 GMT",
			"timesecs":	1778431162
		},
		"connecting_to":	{
			"host":	"fd00::8",
			"port":	5123
		},
		"cookie":	"44cwjq7guubu72wsnqf7pxrdga2gsfm6zaym",
		"target_bitrate":	10000,
		"fq_rate":	0,
		"sock_bufsize":	0,
		"sndbuf_actual":	180224,
		"rcvbuf_actual":	180224,
		"test_start":	{
			"protocol":	"UDP",
			"num_streams":	1,
			"blksize":	1024,
			"omit":	0,
			"duration":	30,
			"bytes":	0,
			"blocks":	0,
			"reverse":	0,
			"tos":	0,
			"target_bitrate":	10000,
			"bidir":	0,
			"fqrate":	0,
			"interval":	1
		}
	},
	"intervals":	[{
			"streams":	[{
					"socket":	5,
					"start":	0,
					"end":	1.001241,
					"seconds":	1.0012409687042236,
					"bytes":	2048,
					"bits_per_second":	16363.693168891887,
					"packets":	2,
					"omitted":	false,
					"sender":	true
				}],
			"sum":	{
				"start":	0,
				"end":	1.001241,
				"seconds":	1.0012409687042236,
				"bytes":	2048,
				"bits_per_second":	16363.693168891887,
				"packets":	2,
				"omitted":	false,
				"sender":	true
			}
		}, {
			"streams":	[{
					"socket":	5,
					"start":	1.001241,
					"end":	2.001284,
					"seconds":	1.0000430345535278,
					"bytes":	1024,
					"bits_per_second":	8191.6474761082081,
					"packets":	1,
					"omitted":	false,
					"sender":	true
				}],
			"sum":	{
				"start":	1.001241,
				"end":	2.001284,
				"seconds":	1.0000430345535278,
				"bytes":	1024,
				"bits_per_second":	8191.6474761082081,
				"packets":	1,
				"omitted":	false,
				"sender":	true
			}
		}, {
			"streams":	[{
					"socket":	5,
					"start":	2.001284,
					"end":	3.001278,
					"seconds":	0.99999397993087769,
					"bytes":	1024,
					"bits_per_second":	8192.04931670314,
					"packets":	1,
					"omitted":	false,
					"sender":	true
				}],
			"sum":	{
				"start":	2.001284,
				"end":	3.001278,
				"seconds":	0.99999397993087769,
				"bytes":	1024,
				"bits_per_second":	8192.04931670314,
				"packets":	1,
				"omitted":	false,
				"sender":	true
			}
		}, {
			"streams":	[{
					"socket":	5,
					"start":	3.001278,
					"end":	4.00126,
					"seconds":	0.99998199939727783,
					"bytes":	1024,
					"bits_per_second":	8192.147463591933,
					"packets":	1,
					"omitted":	false,
					"sender":	true
				}],
			"sum":	{
				"start":	3.001278,
				"end":	4.00126,
				"seconds":	0.99998199939727783,
				"bytes":	1024,
				"bits_per_second":	8192.147463591933,
				"packets":	1,
				"omitted":	false,
				"sender":	true
			}
		}, {
			"streams":	[{
					"socket":	5,
					"start":	4.00126,
					"end":	5.000758,
					"seconds":	0.99949800968170166,
					"bytes":	2048,
					"bits_per_second":	16392.228740122875,
					"packets":	2,
					"omitted":	false,
					"sender":	true
				}],
			"sum":	{
				"start":	4.00126,
				"end":	5.000758,
				"seconds":	0.99949800968170166,
				"bytes":	2048,
				"bits_per_second":	16392.228740122875,
				"packets":	2,
				"omitted":	false,
				"sender":	true
			}
		}, {
			"streams":	[{
					"socket":	5,
					"start":	5.000758,
					"end":	6.001259,
					"seconds":	1.0005010366439819,
					"bytes":	1024,
					"bits_per_second":	8187.8975632836245,
					"packets":	1,
					"omitted":	false,
					"sender":	true
				}],
			"sum":	{
				"start":	5.000758,
				"end":	6.001259,
				"seconds":	1.0005010366439819,
				"bytes":	1024,
				"bits_per_second":	8187.8975632836245,
				"packets":	1,
				"omitted":	false,
				"sender":	true
			}
		}, {
			"streams":	[{
					"socket":	5,
					"start":	6.001259,
					"end":	7.000777,
					"seconds":	0.99951797723770142,
					"bytes":	1024,
					"bits_per_second":	8195.9506347646329,
					"packets":	1,
					"omitted":	false,
					"sender":	true
				}],
			"sum":	{
				"start":	6.001259,
				"end":	7.000777,
				"seconds":	0.99951797723770142,
				"bytes":	1024,
				"bits_per_second":	8195.9506347646329,
				"packets":	1,
				"omitted":	false,
				"sender":	true
			}
		}, {
			"streams":	[{
					"socket":	5,
					"start":	7.000777,
					"end":	8.001267,
					"seconds":	1.0004899501800537,
					"bytes":	1024,
					"bits_per_second":	8187.988293661243,
					"packets":	1,
					"omitted":	false,
					"sender":	true
				}],
			"sum":	{
				"start":	7.000777,
				"end":	8.001267,
				"seconds":	1.0004899501800537,
				"bytes":	1024,
				"bits_per_second":	8187.988293661243,
				"packets":	1,
				"omitted":	false,
				"sender":	true
			}
		}, {
			"streams":	[{
					"socket":	5,
					"start":	8.001267,
					"end":	9.001268,
					"seconds":	1.0000009536743164,
					"bytes":	1024,
					"bits_per_second":	8191.99218750745,
					"packets":	1,
					"omitted":	false,
					"sender":	true
				}],
			"sum":	{
				"start":	8.001267,
				"end":	9.001268,
				"seconds":	1.0000009536743164,
				"bytes":	1024,
				"bits_per_second":	8191.99218750745,
				"packets":	1,
				"omitted":	false,
				"sender":	true
			}
		}, {
			"streams":	[{
					"socket":	5,
					"start":	9.001268,
					"end":	10.001269,
					"seconds":	1.0000009536743164,
					"bytes":	2048,
					"bits_per_second":	16383.9843750149,
					"packets":	2,
					"omitted":	false,
					"sender":	true
				}],
			"sum":	{
				"start":	9.001268,
				"end":	10.001269,
				"seconds":	1.0000009536743164,
				"bytes":	2048,
				"bits_per_second":	16383.9843750149,
				"packets":	2,
				"omitted":	false,
				"sender":	true
			}
		}, {
			"streams":	[{
					"socket":	5,
					"start":	10.001269,
					"end":	11.001264,
					"seconds":	0.999994993209839,
					"bytes":	1024,
					"bits_per_second":	8192.04101583036,
					"packets":	1,
					"omitted":	false,
					"sender":	true
				}],
			"sum":	{
				"start":	10.001269,
				"end":	11.001264,
				"seconds":	0.999994993209839,
				"bytes":	1024,
				"bits_per_second":	8192.04101583036,
				"packets":	1,
				"omitted":	false,
				"sender":	true
			}
		}, {
			"streams":	[{
					"socket":	5,
					"start":	11.001264,
					"end":	12.001264,
					"seconds":	1,
					"bytes":	1024,
					"bits_per_second":	8192,
					"packets":	1,
					"omitted":	false,
					"sender":	true
				}],
			"sum":	{
				"start":	11.001264,
				"end":	12.001264,
				"seconds":	1,
				"bytes":	1024,
				"bits_per_second":	8192,
				"packets":	1,
				"omitted":	false,
				"sender":	true
			}
		}, {
			"streams":	[{
					"socket":	5,
					"start":	12.001264,
					"end":	13.001268,
					"seconds":	1.0000040531158447,
					"bytes":	1024,
					"bits_per_second":	8191.9667970095752,
					"packets":	1,
					"omitted":	false,
					"sender":	true
				}],
			"sum":	{
				"start":	12.001264,
				"end":	13.001268,
				"seconds":	1.0000040531158447,
				"bytes":	1024,
				"bits_per_second":	8191.9667970095752,
				"packets":	1,
				"omitted":	false,
				"sender":	true
			}
		}, {
			"streams":	[{
					"socket":	5,
					"start":	13.001268,
					"end":	14.001258,
					"seconds":	0.99998998641967773,
					"bytes":	2048,
					"bits_per_second":	16384.164064142871,
					"packets":	2,
					"omitted":	false,
					"sender":	true
				}],
			"sum":	{
				"start":	13.001268,
				"end":	14.001258,
				"seconds":	0.99998998641967773,
				"bytes":	2048,
				"bits_per_second":	16384.164064142871,
				"packets":	2,
				"omitted":	false,
				"sender":	true
			}
		}, {
			"streams":	[{
					"socket":	5,
					"start":	14.001258,
					"end":	15.00126,
					"seconds":	1.0000020265579224,
					"bytes":	1024,
					"bits_per_second":	8191.983398471144,
					"packets":	1,
					"omitted":	false,
					"sender":	true
				}],
			"sum":	{
				"start":	14.001258,
				"end":	15.00126,
				"seconds":	1.0000020265579224,
				"bytes":	1024,
				"bits_per_second":	8191.983398471144,
				"packets":	1,
				"omitted":	false,
				"sender":	true
			}
		}, {
			"streams":	[{
					"socket":	5,