{
	"start":	{
		"connected":	[{
				"socket":	5,
				"local_host":	"fd00::2",
				"local_port":	41498,
				"remote_host":	"fd00::8",
				"remote_port":	5123
			}],
		"version":	"iperf 3.18",
		"system_info":	"Linux rpi02 6.12.75+rpt-rpi-v6 #1 Raspbian 1:6.12.75-1+rpt1 (2026-03-11) armv6l",
		"timestamp":	{
			"time":	"Sun, 10 May 2026 16:42:03 GMT",
			"timesecs":	1778431323
		},
		"connecting_to":	{
			"host":	"fd00::8",
			"port":	5123
		},
		"cookie":	"cnokm2kty2c7gwphopyp2w27qt6zybigpj5s",
		"target_bitrate":	15000,
		"fq_rate":	0,
		"sock_bufsize":	0,
		"sndbuf_actual":	180224,
		"rcvbuf_actual":	180224,
		"test_start":	{
			"protocol":	"UDP",
			"num_streams":	1,
			"blksize":	1024,
			"omit":	0,
			"duration":	30,
			"bytes":	0,
			"blocks":	0,
			"reverse":	0,
			"tos":	0,
			"target_bitrate":	15000,
			"bidir":	0,
			"fqrate":	0,
			"interval":	1
		}
	},
	"intervals":	[{
			"streams":	[{
					"socket":	5,
					"start":	0,
					"end":	1.000985,
					"seconds":	1.0009850263595581,
					"bytes":	2048,
					"bits_per_second":	16367.877209498634,
					"packets":	2,
					"omitted":	false,
					"sender":	true
				}],
			"sum":	{
				"start":	0,
				"end":	1.000985,
				"seconds":	1.0009850263595581,
				"bytes":	2048,
				"bits_per_second":	16367.877209498634,
				"packets":	2,
				"omitted":	false,
				"sender":	true
			}
		}, {
			"streams":	[{
					"socket":	5,
					"start":	1.000985,
					"end":	2.001278,
					"seconds":	1.0002930164337158,
					"bytes":	2048,
					"bits_per_second":	16379.200625045733,
					"packets":	2,
					"omitted":	false,
					"sender":	true
				}],
			"sum":	{
				"start":	1.000985,
				"end":	2.001278,
				"seconds":	1.0002930164337158,
				"bytes":	2048,
				"bits_per_second":	16379.200625045733,
				"packets":	2,
				"omitted":	false,
				"sender":	true
			}
		}, {
			"streams":	[{
					"socket":	5,
					"start":	2.001278,
					"end":	3.001282,
					"seconds":	1.0000040531158447,
					"bytes":	2048,
					"bits_per_second":	16383.93359401915,
					"packets":	2,
					"omitted":	false,
					"sender":	true
				}],
			"sum":	{
				"start":	2.001278,
				"end":	3.001282,
				"seconds":	1.0000040531158447,
				"bytes":	2048,
				"bits_per_second":	16383.93359401915,
				"packets":	2,
				"omitted":	false,
				"sender":	true
			}
		}, {
			"streams":	[{
					"socket":	5,
					"start":	3.001282,
					"end":	4.000385,
					"seconds":	0.999103009700775,
					"bytes":	2048,
					"bits_per_second":	16398.709483326351,
					"packets":	2,
					"omitted":	false,
					"sender":	true
				}],
			"sum":	{
				"start":	3.001282,
				"end":	4.000385,
				"seconds":	0.999103009700775,
				"bytes":	2048,
				"bits_per_second":	16398.709483326351,
				"packets":	2,
				"omitted":	false,
				"sender":	true
			}
		}, {
			"streams":	[{
					"socket":	5,
					"start":	4.000385,
					"end":	5.001275,
					"seconds":	1.0008900165557861,
					"bytes":	2048,
					"bits_per_second":	16369.430935458644,
					"packets":	2,
					"omitted":	false,
					"sender":	true
				}],
			"sum":	{
				"start":	4.000385,
				"end":	5.001275,
				"seconds":	1.0008900165557861,
				"bytes":	2048,
				"bits_per_second":	16369.430935458644,
				"packets":	2,
				"omitted":	false,
				"sender":	true
			}
		}, {
			"streams":	[{
					"socket":	5,
					"start":	5.001275,
					"end":	6.001277,
					"seconds":	1.0000020265579224,
					"bytes":	1024,
					"bits_per_second":	8191.983398471144,
					"packets":	1,
					"omitted":	false,
					"sender":	true
				}],
			"sum":	{
				"start":	5.001275,
				"end":	6.001277,
				"seconds":	1.0000020265579224,
				"bytes":	1024,
				"bits_per_second":	8191.983398471144,
				"packets":	1,
				"omitted":	false,
				"sender":	true
			}
		}, {
			"streams":	[{
					"socket":	5,
					"start":	6.001277,
					"end":	7.001279,
					"seconds":	1.0000020265579224,
					"bytes":	2048,
					"bits_per_second":	16383.966796942288,
					"packets":	2,
					"omitted":	false,
					"sender":	true
				}],
			"sum":	{
				"start":	6.001277,
				"end":	7.001279,
				"seconds":	1.0000020265579224,
				"bytes":	2048,
				"bits_per_second":	16383.966796942288,
				"packets":	2,
				"omitted":	false,
				"sender":	true
			}
		}, {
			"streams":	[{
					"socket":	5,
					"start":	7.001279,
					"end":	8.001286,
					"seconds":	1.0000070333480835,
					"bytes":	2048,
					"bits_per_second":	16383.884766435478,
					"packets":	2,
					"omitted":	false,
					"sender":	true
				}],
			"sum":	{
				"start":	7.001279,
				"end":	8.001286,
				"seconds":	1.0000070333480835,
				"bytes":	2048,
				"bits_per_second":	16383.884766435478,
				"packets":	2,
				"omitted":	false,
				"sender":	true
			}
		}, {
			"streams":	[{
					"socket":	5,
					"start":	8.001286,
					"end":	9.001288,
					"seconds":	1.0000020265579224,
					"bytes":	2048,
					"bits_per_second":	16383.966796942288,
					"packets":	2,
					"omitted":	false,
					"sender":	true
				}],
			"sum":	{
				"start":	8.001286,
				"end":	9.001288,
				"seconds":	1.0000020265579224,
				"bytes":	2048,
				"bits_per_second":	16383.966796942288,
				"packets":	2,
				"omitted":	false,
				"sender":	true
			}
		}, {
			"streams":	[{
					"socket":	5,
					"start":	9.001288,
					"end":	10.001292,
					"seconds":	1.0000040531158447,
					"bytes":	2048,
					"bits_per_second":	16383.93359401915,
					"packets":	2,
					"omitted":	false,
					"sender":	true
				}],
			"sum":	{
				"start":	9.001288,
				"end":	10.001292,
				"seconds":	1.0000040531158447,
				"bytes":	2048,
				"bits_per_second":	16383.93359401915,
				"packets":	2,
				"omitted":	false,
				"sender":	true
			}
		}, {
			"streams":	[{
					"socket":	5,
					"start":	10.001292,
					"end":	11.001284,
					"seconds":	0.9999920129776,
					"bytes":	2048,
					"bits_per_second":	16384.130860420184,
					"packets":	2,
					"omitted":	false,
					"sender":	true
				}],
			"sum":	{
				"start":	10.001292,
				"end":	11.001284,
				"seconds":	0.9999920129776,
				"bytes":	2048,
				"bits_per_second":	16384.130860420184,
				"packets":	2,
				"omitted":	false,
				"sender":	true
			}
		}, {
			"streams":	[{
					"socket":	5,
					"start":	11.001284,
					"end":	12.001283,
					"seconds":	0.99999898672103882,
					"bytes":	1024,
					"bits_per_second":	8192.00830078966,
					"packets":	1,
					"omitted":	false,
					"sender":	true
				}],
			"sum":	{
				"start":	11.001284,
				"end":	12.001283,
				"seconds":	0.99999898672103882,
				"bytes":	1024,
				"bits_per_second":	8192.00830078966,
				"packets":	1,
				"omitted":	false,
				"sender":	true
			}
		}, {
			"streams":	[{
					"socket":	5,
					"start":	12.001283,
					"end":	13.001285,
					"seconds":	1.0000020265579224,
					"bytes":	2048,
					"bits_per_second":	16383.966796942288,
					"packets":	2,
					"omitted":	false,
					"sender":	true
				}],
			"sum":	{
				"start":	12.001283,
				"end":	13.001285,
				"seconds":	1.0000020265579224,
				"bytes":	2048,
				"bits_per_second":	16383.966796942288,
				"packets":	2,
				"omitted":	false,
				"sender":	true
			}
		}, {
			"streams":	[{
					"socket":	5,
					"start":	13.001285,
					"end":	14.000374,
					"seconds":	0.999089002609253,
					"bytes":	2048,
					"bits_per_second":	16398.939390996216,
					"packets":	2,
					"omitted":	false,
					"sender":	true
				}],
			"sum":	{
				"start":	13.001285,
				"end":	14.000374,
				"seconds":	0.999089002609253,
				"bytes":	2048,
				"bits_per_second":	16398.939390996216,
				"packets":	2,
				"omitted":	false,
				"sender":	true
			}
		}, {
			"streams":	[{
					"socket":	5,
					"start":	14.000374,
					"end":	15.001289,
					"seconds":	1.0009150505065918,
					"bytes":	2048,
					"bits_per_second":	16369.021518567024,
					"packets":	2,
					"omitted":	false,
					"sender":	true
				}],
			"sum":	{
				"start":	14.000374,
				"end":	15.001289,
				"seconds":	1.0009150505065918,
				"bytes":	2048,
				"bits_per_second":	16369.021518567024,
				"packets":	2,
				"omitted":	false,