{
	"start":	{
		"connected":	[{
				"socket":	5,
				"local_host":	"fd00::2",
				"local_port":	34106,
				"remote_host":	"fd00::8",
				"remote_port":	5123
			}],
		"version":	"iperf 3.18",
		"system_info":	"Linux rpi02 6.12.75+rpt-rpi-v6 #1 Raspbian 1:6.12.75-1+rpt1 (2026-03-11) armv6l",
		"timestamp":	{
			"time":	"Sun, 10 May 2026 16:40:27 GMT",
			"timesecs":	1778431227
		},
		"connecting_to":	{
			"host":	"fd00::8",
			"port":	5123
		},
		"cookie":	"ow7ryk2vyhbnlhzawwsu6uvidnwkuzfzztiv",
		"target_bitrate":	15000,
		"fq_rate":	0,
		"sock_bufsize":	0,
		"sndbuf_actual":	180224,
		"rcvbuf_actual":	180224,
		"test_start":	{
			"protocol":	"UDP",
			"num_streams":	1,
			"blksize":	128,
			"omit":	0,
			"duration":	30,
			"bytes":	0,
			"blocks":	0,
			"reverse":	0,
			"tos":	0,
			"target_bitrate":	15000,
			"bidir":	0,
			"fqrate":	0,
			"interval":	1
		}
	},
	"intervals":	[{
			"streams":	[{
					"socket":	5,
					"start":	0,
					"end":	1.000961,
					"seconds":	1.0009609460830688,
					"bytes":	1920,
					"bits_per_second":	15345.254038238258,
					"packets":	15,
					"omitted":	false,
					"sender":	true
				}],
			"sum":	{
				"start":	0,
				"end":	1.000961,
				"seconds":	1.0009609460830688,
				"bytes":	1920,
				"bits_per_second":	15345.254038238258,
				"packets":	15,
				"omitted":	false,
				"sender":	true
			}
		}, {
			"streams":	[{
					"socket":	5,
					"start":	1.000961,
					"end":	2.001238,
					"seconds":	1.000277042388916,
					"bytes":	1920,
					"bits_per_second":	15355.745807497904,
					"packets":	15,
					"omitted":	false,
					"sender":	true
				}],
			"sum":	{
				"start":	1.000961,
				"end":	2.001238,
				"seconds":	1.000277042388916,
				"bytes":	1920,
				"bits_per_second":	15355.745807497904,
				"packets":	15,
				"omitted":	false,
				"sender":	true
			}
		}, {
			"streams":	[{
					"socket":	5,
					"start":	2.001238,
					"end":	3.00124,
					"seconds":	1.0000020265579224,
					"bytes":	1792,
					"bits_per_second":	14335.9709473245,
					"packets":	14,
					"omitted":	false,
					"sender":	true
				}],
			"sum":	{
				"start":	2.001238,
				"end":	3.00124,
				"seconds":	1.0000020265579224,
				"bytes":	1792,
				"bits_per_second":	14335.9709473245,
				"packets":	14,
				"omitted":	false,
				"sender":	true
			}
		}, {
			"streams":	[{
					"socket":	5,
					"start":	3.00124,
					"end":	4.001243,
					"seconds":	1.0000029802322388,
					"bytes":	1920,
					"bits_per_second":	15359.954223769237,
					"packets":	15,
					"omitted":	false,
					"sender":	true
				}],
			"sum":	{
				"start":	3.00124,
				"end":	4.001243,
				"seconds":	1.0000029802322388,
				"bytes":	1920,
				"bits_per_second":	15359.954223769237,
				"packets":	15,
				"omitted":	false,
				"sender":	true
			}
		}, {
			"streams":	[{
					"socket":	5,
					"start":	4.001243,
					"end":	5.001239,
					"seconds":	0.9999960064888,
					"bytes":	1920,
					"bits_per_second":	15360.061340576996,
					"packets":	15,
					"omitted":	false,
					"sender":	true
				}],
			"sum":	{
				"start":	4.001243,
				"end":	5.001239,
				"seconds":	0.9999960064888,
				"bytes":	1920,
				"bits_per_second":	15360.061340576996,
				"packets":	15,
				"omitted":	false,
				"sender":	true
			}
		}, {
			"streams":	[{
					"socket":	5,
					"start":	5.001239,
					"end":	6.001243,
					"seconds":	1.0000040531158447,
					"bytes":	1792,
					"bits_per_second":	14335.941894766756,
					"packets":	14,
					"omitted":	false,
					"sender":	true
				}],
			"sum":	{
				"start":	5.001239,
				"end":	6.001243,
				"seconds":	1.0000040531158447,
				"bytes":	1792,
				"bits_per_second":	14335.941894766756,
				"packets":	14,
				"omitted":	false,
				"sender":	true
			}
		}, {
			"streams":	[{
					"socket":	5,
					"start":	6.001243,
					"end":	7.001253,
					"seconds":	1.0000100135803223,
					"bytes":	1920,
					"bits_per_second":	15359.84619294641,
					"packets":	15,
					"omitted":	false,
					"sender":	true
				}],
			"sum":	{
				"start":	6.001243,
				"end":	7.001253,
				"seconds":	1.0000100135803223,
				"bytes":	1920,
				"bits_per_second":	15359.84619294641,
				"packets":	15,
				"omitted":	false,
				"sender":	true
			}
		}, {
			"streams":	[{
					"socket":	5,
					"start":	7.001253,
					"end":	8.001238,
					"seconds":	0.9999849796295166,
					"bytes":	1920,
					"bits_per_second":	15360.230716356071,
					"packets":	15,
					"omitted":	false,
					"sender":	true
				}],
			"sum":	{
				"start":	7.001253,
				"end":	8.001238,
				"seconds":	0.9999849796295166,
				"bytes":	1920,
				"bits_per_second":	15360.230716356071,
				"packets":	15,
				"omitted":	false,
				"sender":	true
			}
		}, {
			"streams":	[{
					"socket":	5,
					"start":	8.001238,
					"end":	9.001248,
					"seconds":	1.0000100135803223,
					"bytes":	1792,
					"bits_per_second":	14335.856446749982,
					"packets":	14,
					"omitted":	false,
					"sender":	true
				}],
			"sum":	{
				"start":	8.001238,
				"end":	9.001248,
				"seconds":	1.0000100135803223,
				"bytes":	1792,
				"bits_per_second":	14335.856446749982,
				"packets":	14,
				"omitted":	false,
				"sender":	true
			}
		}, {
			"streams":	[{
					"socket":	5,
					"start":	9.001248,
					"end":	10.001242,
					"seconds":	0.99999397993087769,
					"bytes":	1920,
					"bits_per_second":	15360.092468818388,
					"packets":	15,
					"omitted":	false,
					"sender":	true
				}],
			"sum":	{
				"start":	9.001248,
				"end":	10.001242,
				"seconds":	0.99999397993087769,
				"bytes":	1920,
				"bits_per_second":	15360.092468818388,
				"packets":	15,
				"omitted":	false,
				"sender":	true
			}
		}, {
			"streams":	[{
					"socket":	5,
					"start":	10.001242,
					"end":	11.001241,
					"seconds":	0.99999898672103882,
					"bytes":	1920,
					"bits_per_second":	15360.015563980614,
					"packets":	15,
					"omitted":	false,
					"sender":	true
				}],
			"sum":	{
				"start":	10.001242,
				"end":	11.001241,
				"seconds":	0.99999898672103882,
				"bytes":	1920,
				"bits_per_second":	15360.015563980614,
				"packets":	15,
				"omitted":	false,
				"sender":	true
			}
		}, {
			"streams":	[{
					"socket":	5,
					"start":	11.001241,
					"end":	12.001245,
					"seconds":	1.0000040531158447,
					"bytes":	1792,
					"bits_per_second":	14335.941894766756,
					"packets":	14,
					"omitted":	false,
					"sender":	true
				}],
			"sum":	{
				"start":	11.001241,
				"end":	12.001245,
				"seconds":	1.0000040531158447,
				"bytes":	1792,
				"bits_per_second":	14335.941894766756,
				"packets":	14,
				"omitted":	false,
				"sender":	true
			}
		}, {
			"streams":	[{
					"socket":	5,
					"start":	12.001245,
					"end":	13.001239,
					"seconds":	0.99999397993087769,
					"bytes":	1920,
					"bits_per_second":	15360.092468818388,
					"packets":	15,
					"omitted":	false,
					"sender":	true
				}],
			"sum":	{
				"start":	12.001245,
				"end":	13.001239,
				"seconds":	0.99999397993087769,
				"bytes":	1920,
				"bits_per_second":	15360.092468818388,
				"packets":	15,
				"omitted":	false,
				"sender":	true
			}
		}, {
			"streams":	[{
					"socket":	5,
					"start":	13.001239,
					"end":	14.001231,
					"seconds":	0.9999920129776,
					"bytes":	1920,
					"bits_per_second":	15360.122681643923,
					"packets":	15,
					"omitted":	false,
					"sender":	true
				}],
			"sum":	{
				"start":	13.001239,
				"end":	14.001231,
				"seconds":	0.9999920129776,
				"bytes":	1920,
				"bits_per_second":	15360.122681643923,
				"packets":	15,
				"omitted":	false,
				"sender":	true
			}
		}, {
			"streams":	[{
					"socket":	5,
					"start":	14.001231,
					"end":	15.001241,
					"seconds":	1.0000100135803223,
					"bytes":	1792,
					"bits_per_second":	14335.856446749982,
					"packets":	14,
					"omitted":	false,
					"sender":	true
				}],
			"sum":	{
				"start":	14.001231,
				"end":	15.001241,
				"seconds":	1.0000100135803223,
				"bytes":	1792,
				"bits_per_second":	14335.856446749982,
				"packets":	14,