{
	"start":	{
		"connected":	[{
				"socket":	5,
				"local_host":	"fd00::2",
				"local_port":	43570,
				"remote_host":	"fd00::8",
				"remote_port":	5123
			}],
		"version":	"iperf 3.18",
		"system_info":	"Linux rpi02 6.12.75+rpt-rpi-v6 #1 Raspbian 1:6.12.75-1+rpt1 (2026-03-11) armv6l",
		"timestamp":	{
			"time":	"Sun, 10 May 2026 16:41:30 GMT",
			"timesecs":	1778431290
		},
		"connecting_to":	{
			"host":	"fd00::8",
			"port":	5123
		},
		"cookie":	"4xcbkfggqzkitwdt7sev27vucu3d2jqmkmzk",
		"target_bitrate":	15000,
		"fq_rate":	0,
		"sock_bufsize":	0,
		"sndbuf_actual":	180224,
		"rcvbuf_actual":	180224,
		"test_start":	{
			"protocol":	"UDP",
			"num_streams":	1,
			"blksize":	512,
			"omit":	0,
			"duration":	30,
			"bytes":	0,
			"blocks":	0,
			"reverse":	0,
			"tos":	0,
			"target_bitrate":	15000,
			"bidir":	0,
			"fqrate":	0,
			"interval":	1
		}
	},
	"intervals":	[{
			"streams":	[{
					"socket":	5,
					"start":	0,
					"end":	1.001227,
					"seconds":	1.0012270212173462,
					"bytes":	2048,
					"bits_per_second":	16363.921121584835,
					"packets":	4,
					"omitted":	false,
					"sender":	true
				}],
			"sum":	{
				"start":	0,
				"end":	1.001227,
				"seconds":	1.0012270212173462,
				"bytes":	2048,
				"bits_per_second":	16363.921121584835,
				"packets":	4,
				"omitted":	false,
				"sender":	true
			}
		}, {
			"streams":	[{
					"socket":	5,
					"start":	1.001227,
					"end":	2.001254,
					"seconds":	1.0000269412994385,
					"bytes":	2048,
					"bits_per_second":	16383.558605641738,
					"packets":	4,
					"omitted":	false,
					"sender":	true
				}],
			"sum":	{
				"start":	1.001227,
				"end":	2.001254,
				"seconds":	1.0000269412994385,
				"bytes":	2048,
				"bits_per_second":	16383.558605641738,
				"packets":	4,
				"omitted":	false,
				"sender":	true
			}
		}, {
			"streams":	[{
					"socket":	5,
					"start":	2.001254,
					"end":	3.001256,
					"seconds":	1.0000020265579224,
					"bytes":	1536,
					"bits_per_second":	12287.975097706716,
					"packets":	3,
					"omitted":	false,
					"sender":	true
				}],
			"sum":	{
				"start":	2.001254,
				"end":	3.001256,
				"seconds":	1.0000020265579224,
				"bytes":	1536,
				"bits_per_second":	12287.975097706716,
				"packets":	3,
				"omitted":	false,
				"sender":	true
			}
		}, {
			"streams":	[{
					"socket":	5,
					"start":	3.001256,
					"end":	4.001261,
					"seconds":	1.0000050067901611,
					"bytes":	2048,
					"bits_per_second":	16383.917969160711,
					"packets":	4,
					"omitted":	false,
					"sender":	true
				}],
			"sum":	{
				"start":	3.001256,
				"end":	4.001261,
				"seconds":	1.0000050067901611,
				"bytes":	2048,
				"bits_per_second":	16383.917969160711,
				"packets":	4,
				"omitted":	false,
				"sender":	true
			}
		}, {
			"streams":	[{
					"socket":	5,
					"start":	4.001261,
					"end":	5.001261,
					"seconds":	1,
					"bytes":	2048,
					"bits_per_second":	16384,
					"packets":	4,
					"omitted":	false,
					"sender":	true
				}],
			"sum":	{
				"start":	4.001261,
				"end":	5.001261,
				"seconds":	1,
				"bytes":	2048,
				"bits_per_second":	16384,
				"packets":	4,
				"omitted":	false,
				"sender":	true
			}
		}, {
			"streams":	[{
					"socket":	5,
					"start":	5.001261,
					"end":	6.001258,
					"seconds":	0.99999701976776123,
					"bytes":	1536,
					"bits_per_second":	12288.036621202889,
					"packets":	3,
					"omitted":	false,
					"sender":	true
				}],
			"sum":	{
				"start":	5.001261,
				"end":	6.001258,
				"seconds":	0.99999701976776123,
				"bytes":	1536,
				"bits_per_second":	12288.036621202889,
				"packets":	3,
				"omitted":	false,
				"sender":	true
			}
		}, {
			"streams":	[{
					"socket":	5,
					"start":	6.001258,
					"end":	7.001251,
					"seconds":	0.99999302625656128,
					"bytes":	2048,
					"bits_per_second":	16384.114258609312,
					"packets":	4,
					"omitted":	false,
					"sender":	true
				}],
			"sum":	{
				"start":	6.001258,
				"end":	7.001251,
				"seconds":	0.99999302625656128,
				"bytes":	2048,
				"bits_per_second":	16384.114258609312,
				"packets":	4,
				"omitted":	false,
				"sender":	true
			}
		}, {
			"streams":	[{
					"socket":	5,
					"start":	7.001251,
					"end":	8.001254,
					"seconds":	1.0000029802322388,
					"bytes":	2048,
					"bits_per_second":	16383.951172020519,
					"packets":	4,
					"omitted":	false,
					"sender":	true
				}],
			"sum":	{
				"start":	7.001251,
				"end":	8.001254,
				"seconds":	1.0000029802322388,
				"bytes":	2048,
				"bits_per_second":	16383.951172020519,
				"packets":	4,
				"omitted":	false,
				"sender":	true
			}
		}, {
			"streams":	[{
					"socket":	5,
					"start":	8.001254,
					"end":	9.001254,
					"seconds":	1,
					"bytes":	1536,
					"bits_per_second":	12288,
					"packets":	3,
					"omitted":	false,
					"sender":	true
				}],
			"sum":	{
				"start":	8.001254,
				"end":	9.001254,
				"seconds":	1,
				"bytes":	1536,
				"bits_per_second":	12288,
				"packets":	3,
				"omitted":	false,
				"sender":	true
			}
		}, {
			"streams":	[{
					"socket":	5,
					"start":	9.001254,
					"end":	10.001259,
					"seconds":	1.0000050067901611,
					"bytes":	2048,
					"bits_per_second":	16383.917969160711,
					"packets":	4,
					"omitted":	false,
					"sender":	true
				}],
			"sum":	{
				"start":	9.001254,
				"end":	10.001259,
				"seconds":	1.0000050067901611,
				"bytes":	2048,
				"bits_per_second":	16383.917969160711,
				"packets":	4,
				"omitted":	false,
				"sender":	true
			}
		}, {
			"streams":	[{
					"socket":	5,
					"start":	10.001259,
					"end":	11.001252,
					"seconds":	0.99999302625656128,
					"bytes":	2048,
					"bits_per_second":	16384.114258609312,
					"packets":	4,
					"omitted":	false,
					"sender":	true
				}],
			"sum":	{
				"start":	10.001259,
				"end":	11.001252,
				"seconds":	0.99999302625656128,
				"bytes":	2048,
				"bits_per_second":	16384.114258609312,
				"packets":	4,
				"omitted":	false,
				"sender":	true
			}
		}, {
			"streams":	[{
					"socket":	5,
					"start":	11.001252,
					"end":	12.001256,
					"seconds":	1.0000040531158447,
					"bytes":	1536,
					"bits_per_second":	12287.950195514364,
					"packets":	3,
					"omitted":	false,
					"sender":	true
				}],
			"sum":	{
				"start":	11.001252,
				"end":	12.001256,
				"seconds":	1.0000040531158447,
				"bytes":	1536,
				"bits_per_second":	12287.950195514364,
				"packets":	3,
				"omitted":	false,
				"sender":	true
			}
		}, {
			"streams":	[{
					"socket":	5,
					"start":	12.001256,
					"end":	13.001262,
					"seconds":	1.0000059604644775,
					"bytes":	2048,
					"bits_per_second":	16383.902344332073,
					"packets":	4,
					"omitted":	false,
					"sender":	true
				}],
			"sum":	{
				"start":	12.001256,
				"end":	13.001262,
				"seconds":	1.0000059604644775,
				"bytes":	2048,
				"bits_per_second":	16383.902344332073,
				"packets":	4,
				"omitted":	false,
				"sender":	true
			}
		}, {
			"streams":	[{
					"socket":	5,
					"start":	13.001262,
					"end":	14.001264,
					"seconds":	1.0000020265579224,
					"bytes":	2048,
					"bits_per_second":	16383.966796942288,
					"packets":	4,
					"omitted":	false,
					"sender":	true
				}],
			"sum":	{
				"start":	13.001262,
				"end":	14.001264,
				"seconds":	1.0000020265579224,
				"bytes":	2048,
				"bits_per_second":	16383.966796942288,
				"packets":	4,
				"omitted":	false,
				"sender":	true
			}
		}, {
			"streams":	[{
					"socket":	5,
					"start":	14.001264,
					"end":	15.001256,
					"seconds":	0.9999920129776,
					"bytes":	1536,
					"bits_per_second":	12288.098145315138,
					"packets":	3,
					"omitted":	false,
					"sender":	true
				}],
			"sum":	{
				"start":	14.001264,
				"end":	15.001256,
				"seconds":	0.9999920129776,
				"bytes":	1536,
				"bits_per_second":	12288.098145315138,
				"packets":	3,
				"omitted":	false,
				"sender":	true
			}
		}, {
			"streams":	[{
					"socket":	5,
					"start":	15.001256,
					"end":	16.001259,