{
	"start":	{
		"connected":	[{
				"socket":	5,
				"local_host":	"fd00::2",
				"local_port":	53396,
				"remote_host":	"fd00::8",
				"remote_port":	5123
			}],
		"version":	"iperf 3.18",
		"system_info":	"Linux rpi02 6.12.75+rpt-rpi-v6 #1 Raspbian 1:6.12.75-1+rpt1 (2026-03-11) armv6l",
		"timestamp":	{
			"time":	"Sun, 10 May 2026 16:51:34 GMT",
			"timesecs":	1778431894
		},
		"connecting_to":	{
			"host":	"fd00::8",
			"port":	5123
		},
		"cookie":	"q6fquvg7x5oc37v6zgbimnznly5puxgcv7ul",
		"target_bitrate":	40000,
		"fq_rate":	0,
		"sock_bufsize":	0,
		"sndbuf_actual":	180224,
		"rcvbuf_actual":	180224,
		"test_start":	{
			"protocol":	"UDP",
			"num_streams":	1,
			"blksize":	256,
			"omit":	0,
			"duration":	30,
			"bytes":	0,
			"blocks":	0,
			"reverse":	0,
			"tos":	0,
			"target_bitrate":	40000,
			"bidir":	0,
			"fqrate":	0,
			"interval":	1
		}
	},
	"intervals":	[{
			"streams":	[{
					"socket":	5,
					"start":	0,
					"end":	1.001232,
					"seconds":	1.0012320280075073,
					"bytes":	5120,
					"bits_per_second":	40909.598229205745,
					"packets":	20,
					"omitted":	false,
					"sender":	true
				}],
			"sum":	{
				"start":	0,
				"end":	1.001232,
				"seconds":	1.0012320280075073,
				"bytes":	5120,
				"bits_per_second":	40909.598229205745,
				"packets":	20,
				"omitted":	false,
				"sender":	true
			}
		}, {
			"streams":	[{
					"socket":	5,
					"start":	1.001232,
					"end":	2.00123,
					"seconds":	0.99999797344207764,
					"bytes":	5120,
					"bits_per_second":	40960.08300798072,
					"packets":	20,
					"omitted":	false,
					"sender":	true
				}],
			"sum":	{
				"start":	1.001232,
				"end":	2.00123,
				"seconds":	0.99999797344207764,
				"bytes":	5120,
				"bits_per_second":	40960.08300798072,
				"packets":	20,
				"omitted":	false,
				"sender":	true
			}
		}, {
			"streams":	[{
					"socket":	5,
					"start":	2.00123,
					"end":	3.001238,
					"seconds":	1.0000079870224,
					"bytes":	4864,
					"bits_per_second":	38911.689211466648,
					"packets":	19,
					"omitted":	false,
					"sender":	true
				}],
			"sum":	{
				"start":	2.00123,
				"end":	3.001238,
				"seconds":	1.0000079870224,
				"bytes":	4864,
				"bits_per_second":	38911.689211466648,
				"packets":	19,
				"omitted":	false,
				"sender":	true
			}
		}, {
			"streams":	[{
					"socket":	5,
					"start":	3.001238,
					"end":	4.001242,
					"seconds":	1.0000040531158447,
					"bytes":	5120,
					"bits_per_second":	40959.833985047881,
					"packets":	20,
					"omitted":	false,
					"sender":	true
				}],
			"sum":	{
				"start":	3.001238,
				"end":	4.001242,
				"seconds":	1.0000040531158447,
				"bytes":	5120,
				"bits_per_second":	40959.833985047881,
				"packets":	20,
				"omitted":	false,
				"sender":	true
			}
		}, {
			"streams":	[{
					"socket":	5,
					"start":	4.001242,
					"end":	5.001244,
					"seconds":	1.0000020265579224,
					"bytes":	4864,
					"bits_per_second":	38911.921142737934,
					"packets":	19,
					"omitted":	false,
					"sender":	true
				}],
			"sum":	{
				"start":	4.001242,
				"end":	5.001244,
				"seconds":	1.0000020265579224,
				"bytes":	4864,
				"bits_per_second":	38911.921142737934,
				"packets":	19,
				"omitted":	false,
				"sender":	true
			}
		}, {
			"streams":	[{
					"socket":	5,
					"start":	5.001244,
					"end":	6.001284,
					"seconds":	1.0000400543212891,
					"bytes":	5120,
					"bits_per_second":	40958.359440711487,
					"packets":	20,
					"omitted":	false,
					"sender":	true
				}],
			"sum":	{
				"start":	5.001244,
				"end":	6.001284,
				"seconds":	1.0000400543212891,
				"bytes":	5120,
				"bits_per_second":	40958.359440711487,
				"packets":	20,
				"omitted":	false,
				"sender":	true
			}
		}, {
			"streams":	[{
					"socket":	5,
					"start":	6.001284,
					"end":	7.001238,
					"seconds":	0.9999539852142334,
					"bytes":	4864,
					"bits_per_second":	38913.790609738273,
					"packets":	19,
					"omitted":	false,
					"sender":	true
				}],
			"sum":	{
				"start":	6.001284,
				"end":	7.001238,
				"seconds":	0.9999539852142334,
				"bytes":	4864,
				"bits_per_second":	38913.790609738273,
				"packets":	19,
				"omitted":	false,
				"sender":	true
			}
		}, {
			"streams":	[{
					"socket":	5,
					"start":	7.001238,
					"end":	8.001239,
					"seconds":	1.0000009536743164,
					"bytes":	5120,
					"bits_per_second":	40959.960937537253,
					"packets":	20,
					"omitted":	false,
					"sender":	true
				}],
			"sum":	{
				"start":	7.001238,
				"end":	8.001239,
				"seconds":	1.0000009536743164,
				"bytes":	5120,
				"bits_per_second":	40959.960937537253,
				"packets":	20,
				"omitted":	false,
				"sender":	true
			}
		}, {
			"streams":	[{
					"socket":	5,
					"start":	8.001239,
					"end":	9.001238,
					"seconds":	0.99999898672103882,
					"bytes":	4864,
					"bits_per_second":	38912.0394287509,
					"packets":	19,
					"omitted":	false,
					"sender":	true
				}],
			"sum":	{
				"start":	8.001239,
				"end":	9.001238,
				"seconds":	0.99999898672103882,
				"bytes":	4864,
				"bits_per_second":	38912.0394287509,
				"packets":	19,
				"omitted":	false,
				"sender":	true
			}
		}, {
			"streams":	[{
					"socket":	5,
					"start":	9.001238,
					"end":	10.001231,
					"seconds":	0.99999302625656128,
					"bytes":	5120,
					"bits_per_second":	40960.285646523276,
					"packets":	20,
					"omitted":	false,
					"sender":	true
				}],
			"sum":	{
				"start":	9.001238,
				"end":	10.001231,
				"seconds":	0.99999302625656128,
				"bytes":	5120,
				"bits_per_second":	40960.285646523276,
				"packets":	20,
				"omitted":	false,
				"sender":	true
			}
		}, {
			"streams":	[{
					"socket":	5,
					"start":	10.001231,
					"end":	11.001241,
					"seconds":	1.0000100135803223,
					"bytes":	4864,
					"bits_per_second":	38911.61035546424,
					"packets":	19,
					"omitted":	false,
					"sender":	true
				}],
			"sum":	{
				"start":	10.001231,
				"end":	11.001241,
				"seconds":	1.0000100135803223,
				"bytes":	4864,
				"bits_per_second":	38911.61035546424,
				"packets":	19,
				"omitted":	false,
				"sender":	true
			}
		}, {
			"streams":	[{
					"socket":	5,
					"start":	11.001241,
					"end":	12.001239,
					"seconds":	0.99999797344207764,
					"bytes":	5120,
					"bits_per_second":	40960.08300798072,
					"packets":	20,
					"omitted":	false,
					"sender":	true
				}],
			"sum":	{
				"start":	11.001241,
				"end":	12.001239,
				"seconds":	0.99999797344207764,
				"bytes":	5120,
				"bits_per_second":	40960.08300798072,
				"packets":	20,
				"omitted":	false,
				"sender":	true
			}
		}, {
			"streams":	[{
					"socket":	5,
					"start":	12.001239,
					"end":	13.001237,
					"seconds":	0.99999797344207764,
					"bytes":	4864,
					"bits_per_second":	38912.078857581684,
					"packets":	19,
					"omitted":	false,
					"sender":	true
				}],
			"sum":	{
				"start":	12.001239,
				"end":	13.001237,
				"seconds":	0.99999797344207764,
				"bytes":	4864,
				"bits_per_second":	38912.078857581684,
				"packets":	19,
				"omitted":	false,
				"sender":	true
			}
		}, {
			"streams":	[{
					"socket":	5,
					"start":	13.001237,
					"end":	14.001236,
					"seconds":	0.99999898672103882,
					"bytes":	5120,
					"bits_per_second":	40960.0415039483,
					"packets":	20,
					"omitted":	false,
					"sender":	true
				}],
			"sum":	{
				"start":	13.001237,
				"end":	14.001236,
				"seconds":	0.99999898672103882,
				"bytes":	5120,
				"bits_per_second":	40960.0415039483,
				"packets":	20,
				"omitted":	false,
				"sender":	true
			}
		}, {
			"streams":	[{
					"socket":	5,
					"start":	14.001236,
					"end":	15.001246,
					"seconds":	1.0000100135803223,
					"bytes":	4864,
					"bits_per_second":	38911.61035546424,
					"packets":	19,
					"omitted":	false,
					"sender":	true
				}],
			"sum":	{
				"start":	14.001236,
				"end":	15.001246,
				"seconds":	1.0000100135803223,
				"bytes":	4864,
				"bits_per_second":	38911.61035546424,
				"packets":	19,