{
	"start":	{
		"connected":	[{
				"socket":	5,
				"local_host":	"fd00::2",
				"local_port":	36486,
				"remote_host":	"fd00::8",
				"remote_port":	5123
			}],
		"version":	"iperf 3.18",
		"system_info":	"Linux rpi02 6.12.75+rpt-rpi-v6 #1 Raspbian 1:6.12.75-1+rpt1 (2026-03-11) armv6l",
		"timestamp":	{
			"time":	"Sun, 10 May 2026 16:44:53 GMT",
			"timesecs":	1778431493
		},
		"connecting_to":	{
			"host":	"fd00::8",
			"port":	5123
		},
		"cookie":	"ezdzieh3pluk5u6bmoulv2nuewie4shrc5qn",
		"target_bitrate":	20000,
		"fq_rate":	0,
		"sock_bufsize":	0,
		"sndbuf_actual":	180224,
		"rcvbuf_actual":	180224,
		"test_start":	{
			"protocol":	"UDP",
			"num_streams":	1,
			"blksize":	256,
			"omit":	0,
			"duration":	30,
			"bytes":	0,
			"blocks":	0,
			"reverse":	0,
			"tos":	0,
			"target_bitrate":	20000,
			"bidir":	0,
			"fqrate":	0,
			"interval":	1
		}
	},
	"intervals":	[{
			"streams":	[{
					"socket":	5,
					"start":	0,
					"end":	1.001217,
					"seconds":	1.0012170076370239,
					"bytes":	2560,
					"bits_per_second":	20455.105979806442,
					"packets":	10,
					"omitted":	false,
					"sender":	true
				}],
			"sum":	{
				"start":	0,
				"end":	1.001217,
				"seconds":	1.0012170076370239,
				"bytes":	2560,
				"bits_per_second":	20455.105979806442,
				"packets":	10,
				"omitted":	false,
				"sender":	true
			}
		}, {
			"streams":	[{
					"socket":	5,
					"start":	1.001217,
					"end":	2.001249,
					"seconds":	1.0000319480895996,
					"bytes":	2560,
					"bits_per_second":	20479.345724027866,
					"packets":	10,
					"omitted":	false,
					"sender":	true
				}],
			"sum":	{
				"start":	1.001217,
				"end":	2.001249,
				"seconds":	1.0000319480895996,
				"bytes":	2560,
				"bits_per_second":	20479.345724027866,
				"packets":	10,
				"omitted":	false,
				"sender":	true
			}
		}, {
			"streams":	[{
					"socket":	5,
					"start":	2.001249,
					"end":	3.001245,
					"seconds":	0.9999960064888,
					"bytes":	2560,
					"bits_per_second":	20480.081787435993,
					"packets":	10,
					"omitted":	false,
					"sender":	true
				}],
			"sum":	{
				"start":	2.001249,
				"end":	3.001245,
				"seconds":	0.9999960064888,
				"bytes":	2560,
				"bits_per_second":	20480.081787435993,
				"packets":	10,
				"omitted":	false,
				"sender":	true
			}
		}, {
			"streams":	[{
					"socket":	5,
					"start":	3.001245,
					"end":	4.001233,
					"seconds":	0.9999880194664,
					"bytes":	2560,
					"bits_per_second":	20480.245364267721,
					"packets":	10,
					"omitted":	false,
					"sender":	true
				}],
			"sum":	{
				"start":	3.001245,
				"end":	4.001233,
				"seconds":	0.9999880194664,
				"bytes":	2560,
				"bits_per_second":	20480.245364267721,
				"packets":	10,
				"omitted":	false,
				"sender":	true
			}
		}, {
			"streams":	[{
					"socket":	5,
					"start":	4.001233,
					"end":	5.0013,
					"seconds":	1.0000669956207275,
					"bytes":	2304,
					"bits_per_second":	18430.765219443641,
					"packets":	9,
					"omitted":	false,
					"sender":	true
				}],
			"sum":	{
				"start":	4.001233,
				"end":	5.0013,
				"seconds":	1.0000669956207275,
				"bytes":	2304,
				"bits_per_second":	18430.765219443641,
				"packets":	9,
				"omitted":	false,
				"sender":	true
			}
		}, {
			"streams":	[{
					"socket":	5,
					"start":	5.0013,
					"end":	6.001245,
					"seconds":	0.99994498491287231,
					"bytes":	2560,
					"bits_per_second":	20481.126770973777,
					"packets":	10,
					"omitted":	false,
					"sender":	true
				}],
			"sum":	{
				"start":	5.0013,
				"end":	6.001245,
				"seconds":	0.99994498491287231,
				"bytes":	2560,
				"bits_per_second":	20481.126770973777,
				"packets":	10,
				"omitted":	false,
				"sender":	true
			}
		}, {
			"streams":	[{
					"socket":	5,
					"start":	6.001245,
					"end":	7.001254,
					"seconds":	1.0000089406967163,
					"bytes":	2560,
					"bits_per_second":	20479.816896168326,
					"packets":	10,
					"omitted":	false,
					"sender":	true
				}],
			"sum":	{
				"start":	6.001245,
				"end":	7.001254,
				"seconds":	1.0000089406967163,
				"bytes":	2560,
				"bits_per_second":	20479.816896168326,
				"packets":	10,
				"omitted":	false,
				"sender":	true
			}
		}, {
			"streams":	[{
					"socket":	5,
					"start":	7.001254,
					"end":	8.001233,
					"seconds":	0.999979019165039,
					"bytes":	2560,
					"bits_per_second":	20480.429696515392,
					"packets":	10,
					"omitted":	false,
					"sender":	true
				}],
			"sum":	{
				"start":	7.001254,
				"end":	8.001233,
				"seconds":	0.999979019165039,
				"bytes":	2560,
				"bits_per_second":	20480.429696515392,
				"packets":	10,
				"omitted":	false,
				"sender":	true
			}
		}, {
			"streams":	[{
					"socket":	5,
					"start":	8.001233,
					"end":	9.001252,
					"seconds":	1.0000189542770386,
					"bytes":	2304,
					"bits_per_second":	18431.650641387463,
					"packets":	9,
					"omitted":	false,
					"sender":	true
				}],
			"sum":	{
				"start":	8.001233,
				"end":	9.001252,
				"seconds":	1.0000189542770386,
				"bytes":	2304,
				"bits_per_second":	18431.650641387463,
				"packets":	9,
				"omitted":	false,
				"sender":	true
			}
		}, {
			"streams":	[{
					"socket":	5,
					"start":	9.001252,
					"end":	10.001251,
					"seconds":	0.99999898672103882,
					"bytes":	2560,
					"bits_per_second":	20480.020751974153,
					"packets":	10,
					"omitted":	false,
					"sender":	true
				}],
			"sum":	{
				"start":	9.001252,
				"end":	10.001251,
				"seconds":	0.99999898672103882,
				"bytes":	2560,
				"bits_per_second":	20480.020751974153,
				"packets":	10,
				"omitted":	false,
				"sender":	true
			}
		}, {
			"streams":	[{
					"socket":	5,
					"start":	10.001251,
					"end":	11.001252,
					"seconds":	1.0000009536743164,
					"bytes":	2560,
					"bits_per_second":	20479.980468768626,
					"packets":	10,
					"omitted":	false,
					"sender":	true
				}],
			"sum":	{
				"start":	10.001251,
				"end":	11.001252,
				"seconds":	1.0000009536743164,
				"bytes":	2560,
				"bits_per_second":	20479.980468768626,
				"packets":	10,
				"omitted":	false,
				"sender":	true
			}
		}, {
			"streams":	[{
					"socket":	5,
					"start":	11.001252,
					"end":	12.001245,
					"seconds":	0.99999302625656128,
					"bytes":	2560,
					"bits_per_second":	20480.142823261638,
					"packets":	10,
					"omitted":	false,
					"sender":	true
				}],
			"sum":	{
				"start":	11.001252,
				"end":	12.001245,
				"seconds":	0.99999302625656128,
				"bytes":	2560,
				"bits_per_second":	20480.142823261638,
				"packets":	10,
				"omitted":	false,
				"sender":	true
			}
		}, {
			"streams":	[{
					"socket":	5,
					"start":	12.001245,
					"end":	13.001241,
					"seconds":	0.9999960064888,
					"bytes":	2304,
					"bits_per_second":	18432.073608692393,
					"packets":	9,
					"omitted":	false,
					"sender":	true
				}],
			"sum":	{
				"start":	12.001245,
				"end":	13.001241,
				"seconds":	0.9999960064888,
				"bytes":	2304,
				"bits_per_second":	18432.073608692393,
				"packets":	9,
				"omitted":	false,
				"sender":	true
			}
		}, {
			"streams":	[{
					"socket":	5,
					"start":	13.001241,
					"end":	14.00125,
					"seconds":	1.0000089406967163,
					"bytes":	2560,
					"bits_per_second":	20479.816896168326,
					"packets":	10,
					"omitted":	false,
					"sender":	true
				}],
			"sum":	{
				"start":	13.001241,
				"end":	14.00125,
				"seconds":	1.0000089406967163,
				"bytes":	2560,
				"bits_per_second":	20479.816896168326,
				"packets":	10,
				"omitted":	false,
				"sender":	true
			}
		}, {
			"streams":	[{
					"socket":	5,
					"start":	14.00125,
					"end":	15.001252,
					"seconds":	1.0000020265579224,
					"bytes":	2560,
					"bits_per_second":	20479.95849617786,
					"packets":	10,
					"omitted":	false,
					"sender":	true
				}],
			"sum":	{
				"start":	14.00125,
				"end":	15.001252,
				"seconds":	1.0000020265579224,
				"bytes":	2560,
				"bits_per_second":	20479.95849617786,
				"packets":	10,
				"omitted":	false,