{
	"start":	{
		"connected":	[{
				"socket":	5,
				"local_host":	"fd00::2",
				"local_port":	32869,
				"remote_host":	"fd00::8",
				"remote_port":	5123
			}],
		"version":	"iperf 3.18",
		"system_info":	"Linux rpi02 6.12.75+rpt-rpi-v6 #1 Raspbian 1:6.12.75-1+rpt1 (2026-03-11) armv6l",
		"timestamp":	{
			"time":	"Sun, 10 May 2026 16:52:07 GMT",
			"timesecs":	1778431927
		},
		"connecting_to":	{
			"host":	"fd00::8",
			"port":	5123
		},
		"cookie":	"mchhzyfkzqslg22nztugtmvfka644i5eqfwr",
		"target_bitrate":	40000,
		"fq_rate":	0,
		"sock_bufsize":	0,
		"sndbuf_actual":	180224,
		"rcvbuf_actual":	180224,
		"test_start":	{
			"protocol":	"UDP",
			"num_streams":	1,
			"blksize":	512,
			"omit":	0,
			"duration":	30,
			"bytes":	0,
			"blocks":	0,
			"reverse":	0,
			"tos":	0,
			"target_bitrate":	40000,
			"bidir":	0,
			"fqrate":	0,
			"interval":	1
		}
	},
	"intervals":	[{
			"streams":	[{
					"socket":	5,
					"start":	0,
					"end":	1.000969,
					"seconds":	1.0009690523147583,
					"bytes":	5120,
					"bits_per_second":	40920.3460439454,
					"packets":	10,
					"omitted":	false,
					"sender":	true
				}],
			"sum":	{
				"start":	0,
				"end":	1.000969,
				"seconds":	1.0009690523147583,
				"bytes":	5120,
				"bits_per_second":	40920.3460439454,
				"packets":	10,
				"omitted":	false,
				"sender":	true
			}
		}, {
			"streams":	[{
					"socket":	5,
					"start":	1.000969,
					"end":	2.001234,
					"seconds":	1.0002650022506714,
					"bytes":	5120,
					"bits_per_second":	40949.1483835153,
					"packets":	10,
					"omitted":	false,
					"sender":	true
				}],
			"sum":	{
				"start":	1.000969,
				"end":	2.001234,
				"seconds":	1.0002650022506714,
				"bytes":	5120,
				"bits_per_second":	40949.1483835153,
				"packets":	10,
				"omitted":	false,
				"sender":	true
			}
		}, {
			"streams":	[{
					"socket":	5,
					"start":	2.001234,
					"end":	3.001237,
					"seconds":	1.0000029802322388,
					"bytes":	5120,
					"bits_per_second":	40959.8779300513,
					"packets":	10,
					"omitted":	false,
					"sender":	true
				}],
			"sum":	{
				"start":	2.001234,
				"end":	3.001237,
				"seconds":	1.0000029802322388,
				"bytes":	5120,
				"bits_per_second":	40959.8779300513,
				"packets":	10,
				"omitted":	false,
				"sender":	true
			}
		}, {
			"streams":	[{
					"socket":	5,
					"start":	3.001237,
					"end":	4.001223,
					"seconds":	0.99998599290847778,
					"bytes":	5120,
					"bits_per_second":	40960.573738505154,
					"packets":	10,
					"omitted":	false,
					"sender":	true
				}],
			"sum":	{
				"start":	3.001237,
				"end":	4.001223,
				"seconds":	0.99998599290847778,
				"bytes":	5120,
				"bits_per_second":	40960.573738505154,
				"packets":	10,
				"omitted":	false,
				"sender":	true
			}
		}, {
			"streams":	[{
					"socket":	5,
					"start":	4.001223,
					"end":	5.001236,
					"seconds":	1.000012993812561,
					"bytes":	4608,
					"bits_per_second":	36863.521002317757,
					"packets":	9,
					"omitted":	false,
					"sender":	true
				}],
			"sum":	{
				"start":	4.001223,
				"end":	5.001236,
				"seconds":	1.000012993812561,
				"bytes":	4608,
				"bits_per_second":	36863.521002317757,
				"packets":	9,
				"omitted":	false,
				"sender":	true
			}
		}, {
			"streams":	[{
					"socket":	5,
					"start":	5.001236,
					"end":	6.001239,
					"seconds":	1.0000029802322388,
					"bytes":	5120,
					"bits_per_second":	40959.8779300513,
					"packets":	10,
					"omitted":	false,
					"sender":	true
				}],
			"sum":	{
				"start":	5.001236,
				"end":	6.001239,
				"seconds":	1.0000029802322388,
				"bytes":	5120,
				"bits_per_second":	40959.8779300513,
				"packets":	10,
				"omitted":	false,
				"sender":	true
			}
		}, {
			"streams":	[{
					"socket":	5,
					"start":	6.001239,
					"end":	7.001241,
					"seconds":	1.0000020265579224,
					"bytes":	5120,
					"bits_per_second":	40959.91699235572,
					"packets":	10,
					"omitted":	false,
					"sender":	true
				}],
			"sum":	{
				"start":	6.001239,
				"end":	7.001241,
				"seconds":	1.0000020265579224,
				"bytes":	5120,
				"bits_per_second":	40959.91699235572,
				"packets":	10,
				"omitted":	false,
				"sender":	true
			}
		}, {
			"streams":	[{
					"socket":	5,
					"start":	7.001241,
					"end":	8.001252,
					"seconds":	1.0000109672546387,
					"bytes":	5120,
					"bits_per_second":	40959.550786176645,
					"packets":	10,
					"omitted":	false,
					"sender":	true
				}],
			"sum":	{
				"start":	7.001241,
				"end":	8.001252,
				"seconds":	1.0000109672546387,
				"bytes":	5120,
				"bits_per_second":	40959.550786176645,
				"packets":	10,
				"omitted":	false,
				"sender":	true
			}
		}, {
			"streams":	[{
					"socket":	5,
					"start":	8.001252,
					"end":	9.001242,
					"seconds":	0.99998998641967773,
					"bytes":	4608,
					"bits_per_second":	36864.369144321456,
					"packets":	9,
					"omitted":	false,
					"sender":	true
				}],
			"sum":	{
				"start":	8.001252,
				"end":	9.001242,
				"seconds":	0.99998998641967773,
				"bytes":	4608,
				"bits_per_second":	36864.369144321456,
				"packets":	9,
				"omitted":	false,
				"sender":	true
			}
		}, {
			"streams":	[{
					"socket":	5,
					"start":	9.001242,
					"end":	10.001241,
					"seconds":	0.99999898672103882,
					"bytes":	5120,
					"bits_per_second":	40960.0415039483,
					"packets":	10,
					"omitted":	false,
					"sender":	true
				}],
			"sum":	{
				"start":	9.001242,
				"end":	10.001241,
				"seconds":	0.99999898672103882,
				"bytes":	5120,
				"bits_per_second":	40960.0415039483,
				"packets":	10,
				"omitted":	false,
				"sender":	true
			}
		}, {
			"streams":	[{
					"socket":	5,
					"start":	10.001241,
					"end":	11.001239,
					"seconds":	0.99999797344207764,
					"bytes":	5120,
					"bits_per_second":	40960.08300798072,
					"packets":	10,
					"omitted":	false,
					"sender":	true
				}],
			"sum":	{
				"start":	10.001241,
				"end":	11.001239,
				"seconds":	0.99999797344207764,
				"bytes":	5120,
				"bits_per_second":	40960.08300798072,
				"packets":	10,
				"omitted":	false,
				"sender":	true
			}
		}, {
			"streams":	[{
					"socket":	5,
					"start":	11.001239,
					"end":	12.001237,
					"seconds":	0.99999797344207764,
					"bytes":	5120,
					"bits_per_second":	40960.08300798072,
					"packets":	10,
					"omitted":	false,
					"sender":	true
				}],
			"sum":	{
				"start":	11.001239,
				"end":	12.001237,
				"seconds":	0.99999797344207764,
				"bytes":	5120,
				"bits_per_second":	40960.08300798072,
				"packets":	10,
				"omitted":	false,
				"sender":	true
			}
		}, {
			"streams":	[{
					"socket":	5,
					"start":	12.001237,
					"end":	13.001249,
					"seconds":	1.0000120401382446,
					"bytes":	4608,
					"bits_per_second":	36863.556157687672,
					"packets":	9,
					"omitted":	false,
					"sender":	true
				}],
			"sum":	{
				"start":	12.001237,
				"end":	13.001249,
				"seconds":	1.0000120401382446,
				"bytes":	4608,
				"bits_per_second":	36863.556157687672,
				"packets":	9,
				"omitted":	false,
				"sender":	true
			}
		}, {
			"streams":	[{
					"socket":	5,
					"start":	13.001249,
					"end":	14.001245,
					"seconds":	0.9999960064888,
					"bytes":	5120,
					"bits_per_second":	40960.163574871985,
					"packets":	10,
					"omitted":	false,
					"sender":	true
				}],
			"sum":	{
				"start":	13.001249,
				"end":	14.001245,
				"seconds":	0.9999960064888,
				"bytes":	5120,
				"bits_per_second":	40960.163574871985,
				"packets":	10,
				"omitted":	false,
				"sender":	true
			}
		}, {
			"streams":	[{
					"socket":	5,
					"start":	14.001245,
					"end":	15.001238,
					"seconds":	0.99999302625656128,
					"bytes":	5120,
					"bits_per_second":	40960.285646523276,
					"packets":	10,
					"omitted":	false,
					"sender":	true
				}],
			"sum":	{
				"start":	14.001245,
				"end":	15.001238,
				"seconds":	0.99999302625656128,
				"bytes":	5120,
				"bits_per_second":	40960.285646523276,
				"packets":	10,
				"omitted":	false,