{
	"start":	{
		"connected":	[{
				"socket":	5,
				"local_host":	"fd00::2",
				"local_port":	41442,
				"remote_host":	"fd00::8",
				"remote_port":	5123
			}],
		"version":	"iperf 3.18",
		"system_info":	"Linux rpi02 6.12.75+rpt-rpi-v6 #1 Raspbian 1:6.12.75-1+rpt1 (2026-03-11) armv6l",
		"timestamp":	{
			"time":	"Sun, 10 May 2026 16:45:27 GMT",
			"timesecs":	1778431527
		},
		"connecting_to":	{
			"host":	"fd00::8",
			"port":	5123
		},
		"cookie":	"3ilgzyr7xnkys4b356gxbevgpqv6i32zxw33",
		"target_bitrate":	20000,
		"fq_rate":	0,
		"sock_bufsize":	0,
		"sndbuf_actual":	180224,
		"rcvbuf_actual":	180224,
		"test_start":	{
			"protocol":	"UDP",
			"num_streams":	1,
			"blksize":	512,
			"omit":	0,
			"duration":	30,
			"bytes":	0,
			"blocks":	0,
			"reverse":	0,
			"tos":	0,
			"target_bitrate":	20000,
			"bidir":	0,
			"fqrate":	0,
			"interval":	1
		}
	},
	"intervals":	[{
			"streams":	[{
					"socket":	5,
					"start":	0,
					"end":	1.001253,
					"seconds":	1.0012530088424683,
					"bytes":	2560,
					"bits_per_second":	20454.370492905269,
					"packets":	5,
					"omitted":	false,
					"sender":	true
				}],
			"sum":	{
				"start":	0,
				"end":	1.001253,
				"seconds":	1.0012530088424683,
				"bytes":	2560,
				"bits_per_second":	20454.370492905269,
				"packets":	5,
				"omitted":	false,
				"sender":	true
			}
		}, {
			"streams":	[{
					"socket":	5,
					"start":	1.001253,
					"end":	2.001257,
					"seconds":	1.0000040531158447,
					"bytes":	2560,
					"bits_per_second":	20479.91699252394,
					"packets":	5,
					"omitted":	false,
					"sender":	true
				}],
			"sum":	{
				"start":	1.001253,
				"end":	2.001257,
				"seconds":	1.0000040531158447,
				"bytes":	2560,
				"bits_per_second":	20479.91699252394,
				"packets":	5,
				"omitted":	false,
				"sender":	true
			}
		}, {
			"streams":	[{
					"socket":	5,
					"start":	2.001257,
					"end":	3.001247,
					"seconds":	0.99998998641967773,
					"bytes":	2560,
					"bits_per_second":	20480.205080178588,
					"packets":	5,
					"omitted":	false,
					"sender":	true
				}],
			"sum":	{
				"start":	2.001257,
				"end":	3.001247,
				"seconds":	0.99998998641967773,
				"bytes":	2560,
				"bits_per_second":	20480.205080178588,
				"packets":	5,
				"omitted":	false,
				"sender":	true
			}
		}, {
			"streams":	[{
					"socket":	5,
					"start":	3.001247,
					"end":	4.001302,
					"seconds":	1.0000549554824829,
					"bytes":	2560,
					"bits_per_second":	20478.8745735671,
					"packets":	5,
					"omitted":	false,
					"sender":	true
				}],
			"sum":	{
				"start":	3.001247,
				"end":	4.001302,
				"seconds":	1.0000549554824829,
				"bytes":	2560,
				"bits_per_second":	20478.8745735671,
				"packets":	5,
				"omitted":	false,
				"sender":	true
			}
		}, {
			"streams":	[{
					"socket":	5,
					"start":	4.001302,
					"end":	5.001254,
					"seconds":	0.99995201826095581,
					"bytes":	2560,
					"bits_per_second":	20480.982713167912,
					"packets":	5,
					"omitted":	false,
					"sender":	true
				}],
			"sum":	{
				"start":	4.001302,
				"end":	5.001254,
				"seconds":	0.99995201826095581,
				"bytes":	2560,
				"bits_per_second":	20480.982713167912,
				"packets":	5,
				"omitted":	false,
				"sender":	true
			}
		}, {
			"streams":	[{
					"socket":	5,
					"start":	5.001254,
					"end":	6.001242,
					"seconds":	0.9999880194664,
					"bytes":	2560,
					"bits_per_second":	20480.245364267721,
					"packets":	5,
					"omitted":	false,
					"sender":	true
				}],
			"sum":	{
				"start":	5.001254,
				"end":	6.001242,
				"seconds":	0.9999880194664,
				"bytes":	2560,
				"bits_per_second":	20480.245364267721,
				"packets":	5,
				"omitted":	false,
				"sender":	true
			}
		}, {
			"streams":	[{
					"socket":	5,
					"start":	6.001242,
					"end":	7.001241,
					"seconds":	0.99999898672103882,
					"bytes":	2560,
					"bits_per_second":	20480.020751974153,
					"packets":	5,
					"omitted":	false,
					"sender":	true
				}],
			"sum":	{
				"start":	6.001242,
				"end":	7.001241,
				"seconds":	0.99999898672103882,
				"bytes":	2560,
				"bits_per_second":	20480.020751974153,
				"packets":	5,
				"omitted":	false,
				"sender":	true
			}
		}, {
			"streams":	[{
					"socket":	5,
					"start":	7.001241,
					"end":	8.001239,
					"seconds":	0.99999797344207764,
					"bytes":	2560,
					"bits_per_second":	20480.04150399036,
					"packets":	5,
					"omitted":	false,
					"sender":	true
				}],
			"sum":	{
				"start":	7.001241,
				"end":	8.001239,
				"seconds":	0.99999797344207764,
				"bytes":	2560,
				"bits_per_second":	20480.04150399036,
				"packets":	5,
				"omitted":	false,
				"sender":	true
			}
		}, {
			"streams":	[{
					"socket":	5,
					"start":	8.001239,
					"end":	9.001245,
					"seconds":	1.0000059604644775,
					"bytes":	2048,
					"bits_per_second":	16383.902344332073,
					"packets":	4,
					"omitted":	false,
					"sender":	true
				}],
			"sum":	{
				"start":	8.001239,
				"end":	9.001245,
				"seconds":	1.0000059604644775,
				"bytes":	2048,
				"bits_per_second":	16383.902344332073,
				"packets":	4,
				"omitted":	false,
				"sender":	true
			}
		}, {
			"streams":	[{
					"socket":	5,
					"start":	9.001245,
					"end":	10.001247,
					"seconds":	1.0000020265579224,
					"bytes":	2560,
					"bits_per_second":	20479.95849617786,
					"packets":	5,
					"omitted":	false,
					"sender":	true
				}],
			"sum":	{
				"start":	9.001245,
				"end":	10.001247,
				"seconds":	1.0000020265579224,
				"bytes":	2560,
				"bits_per_second":	20479.95849617786,
				"packets":	5,
				"omitted":	false,
				"sender":	true
			}
		}, {
			"streams":	[{
					"socket":	5,
					"start":	10.001247,
					"end":	11.001243,
					"seconds":	0.9999960064888,
					"bytes":	2560,
					"bits_per_second":	20480.081787435993,
					"packets":	5,
					"omitted":	false,
					"sender":	true
				}],
			"sum":	{
				"start":	10.001247,
				"end":	11.001243,
				"seconds":	0.9999960064888,
				"bytes":	2560,
				"bits_per_second":	20480.081787435993,
				"packets":	5,
				"omitted":	false,
				"sender":	true
			}
		}, {
			"streams":	[{
					"socket":	5,
					"start":	11.001243,
					"end":	12.001248,
					"seconds":	1.0000050067901611,
					"bytes":	2560,
					"bits_per_second":	20479.897461450888,
					"packets":	5,
					"omitted":	false,
					"sender":	true
				}],
			"sum":	{
				"start":	11.001243,
				"end":	12.001248,
				"seconds":	1.0000050067901611,
				"bytes":	2560,
				"bits_per_second":	20479.897461450888,
				"packets":	5,
				"omitted":	false,
				"sender":	true
			}
		}, {
			"streams":	[{
					"socket":	5,
					"start":	12.001248,
					"end":	13.001236,
					"seconds":	0.9999880194664,
					"bytes":	2560,
					"bits_per_second":	20480.245364267721,
					"packets":	5,
					"omitted":	false,
					"sender":	true
				}],
			"sum":	{
				"start":	12.001248,
				"end":	13.001236,
				"seconds":	0.9999880194664,
				"bytes":	2560,
				"bits_per_second":	20480.245364267721,
				"packets":	5,
				"omitted":	false,
				"sender":	true
			}
		}, {
			"streams":	[{
					"socket":	5,
					"start":	13.001236,
					"end":	14.001258,
					"seconds":	1.0000220537185669,
					"bytes":	2560,
					"bits_per_second":	20479.548349804318,
					"packets":	5,
					"omitted":	false,
					"sender":	true
				}],
			"sum":	{
				"start":	13.001236,
				"end":	14.001258,
				"seconds":	1.0000220537185669,
				"bytes":	2560,
				"bits_per_second":	20479.548349804318,
				"packets":	5,
				"omitted":	false,
				"sender":	true
			}
		}, {
			"streams":	[{
					"socket":	5,
					"start":	14.001258,
					"end":	15.001242,
					"seconds":	0.9999840259552002,
					"bytes":	2560,
					"bits_per_second":	20480.327153663467,
					"packets":	5,
					"omitted":	false,
					"sender":	true
				}],
			"sum":	{
				"start":	14.001258,
				"end":	15.001242,
				"seconds":	0.9999840259552002,
				"bytes":	2560,
				"bits_per_second":	20480.327153663467,
				"packets":	5,
				"omitted":	false,