{
	"start":	{
		"connected":	[{
				"socket":	5,
				"local_host":	"fd00::2",
				"local_port":	53529,
				"remote_host":	"fd00::8",
				"remote_port":	5123
			}],
		"version":	"iperf 3.18",
		"system_info":	"Linux rpi02 6.12.75+rpt-rpi-v6 #1 Raspbian 1:6.12.75-1+rpt1 (2026-03-11) armv6l",
		"timestamp":	{
			"time":	"Sun, 10 May 2026 16:53:44 GMT",
			"timesecs":	1778432024
		},
		"connecting_to":	{
			"host":	"fd00::8",
			"port":	5123
		},
		"cookie":	"h6gaulcbtcfwhkpcfym3g5773e7fcticwumb",
		"target_bitrate":	60000,
		"fq_rate":	0,
		"sock_bufsize":	0,
		"sndbuf_actual":	180224,
		"rcvbuf_actual":	180224,
		"test_start":	{
			"protocol":	"UDP",
			"num_streams":	1,
			"blksize":	128,
			"omit":	0,
			"duration":	30,
			"bytes":	0,
			"blocks":	0,
			"reverse":	0,
			"tos":	0,
			"target_bitrate":	60000,
			"bidir":	0,
			"fqrate":	0,
			"interval":	1
		}
	},
	"intervals":	[{
			"streams":	[{
					"socket":	5,
					"start":	0,
					"end":	1.001203,
					"seconds":	1.0012029409408569,
					"bytes":	7552,
					"bits_per_second":	60343.4104410695,
					"packets":	59,
					"omitted":	false,
					"sender":	true
				}],
			"sum":	{
				"start":	0,
				"end":	1.001203,
				"seconds":	1.0012029409408569,
				"bytes":	7552,
				"bits_per_second":	60343.4104410695,
				"packets":	59,
				"omitted":	false,
				"sender":	true
			}
		}, {
			"streams":	[{
					"socket":	5,
					"start":	1.001203,
					"end":	2.001228,
					"seconds":	1.0000250339508057,
					"bytes":	7552,
					"bits_per_second":	60414.4875866898,
					"packets":	59,
					"omitted":	false,
					"sender":	true
				}],
			"sum":	{
				"start":	1.001203,
				"end":	2.001228,
				"seconds":	1.0000250339508057,
				"bytes":	7552,
				"bits_per_second":	60414.4875866898,
				"packets":	59,
				"omitted":	false,
				"sender":	true
			}
		}, {
			"streams":	[{
					"socket":	5,
					"start":	2.001228,
					"end":	3.001263,
					"seconds":	1.0000350475311279,
					"bytes":	7424,
					"bits_per_second":	59389.918529981638,
					"packets":	58,
					"omitted":	false,
					"sender":	true
				}],
			"sum":	{
				"start":	2.001228,
				"end":	3.001263,
				"seconds":	1.0000350475311279,
				"bytes":	7424,
				"bits_per_second":	59389.918529981638,
				"packets":	58,
				"omitted":	false,
				"sender":	true
			}
		}, {
			"streams":	[{
					"socket":	5,
					"start":	3.001263,
					"end":	4.00123,
					"seconds":	0.99996697902679443,
					"bytes":	7552,
					"bits_per_second":	60417.995060996043,
					"packets":	59,
					"omitted":	false,
					"sender":	true
				}],
			"sum":	{
				"start":	3.001263,
				"end":	4.00123,
				"seconds":	0.99996697902679443,
				"bytes":	7552,
				"bits_per_second":	60417.995060996043,
				"packets":	59,
				"omitted":	false,
				"sender":	true
			}
		}, {
			"streams":	[{
					"socket":	5,
					"start":	4.00123,
					"end":	5.001561,
					"seconds":	1.0003310441970825,
					"bytes":	7552,
					"bits_per_second":	60396.006252603118,
					"packets":	59,
					"omitted":	false,
					"sender":	true
				}],
			"sum":	{
				"start":	4.00123,
				"end":	5.001561,
				"seconds":	1.0003310441970825,
				"bytes":	7552,
				"bits_per_second":	60396.006252603118,
				"packets":	59,
				"omitted":	false,
				"sender":	true
			}
		}, {
			"streams":	[{
					"socket":	5,
					"start":	5.001561,
					"end":	6.00123,
					"seconds":	0.99966901540756226,
					"bytes":	7424,
					"bits_per_second":	59411.664345509445,
					"packets":	58,
					"omitted":	false,
					"sender":	true
				}],
			"sum":	{
				"start":	5.001561,
				"end":	6.00123,
				"seconds":	0.99966901540756226,
				"bytes":	7424,
				"bits_per_second":	59411.664345509445,
				"packets":	58,
				"omitted":	false,
				"sender":	true
			}
		}, {
			"streams":	[{
					"socket":	5,
					"start":	6.00123,
					"end":	7.001228,
					"seconds":	0.99999797344207764,
					"bytes":	7552,
					"bits_per_second":	60416.122436771562,
					"packets":	59,
					"omitted":	false,
					"sender":	true
				}],
			"sum":	{
				"start":	6.00123,
				"end":	7.001228,
				"seconds":	0.99999797344207764,
				"bytes":	7552,
				"bits_per_second":	60416.122436771562,
				"packets":	59,
				"omitted":	false,
				"sender":	true
			}
		}, {
			"streams":	[{
					"socket":	5,
					"start":	7.001228,
					"end":	8.001231,
					"seconds":	1.0000029802322388,
					"bytes":	7424,
					"bits_per_second":	59391.822998574382,
					"packets":	58,
					"omitted":	false,
					"sender":	true
				}],
			"sum":	{
				"start":	7.001228,
				"end":	8.001231,
				"seconds":	1.0000029802322388,
				"bytes":	7424,
				"bits_per_second":	59391.822998574382,
				"packets":	58,
				"omitted":	false,
				"sender":	true
			}
		}, {
			"streams":	[{
					"socket":	5,
					"start":	8.001231,
					"end":	9.001223,
					"seconds":	0.9999920129776,
					"bytes":	7552,
					"bits_per_second":	60416.482547799431,
					"packets":	59,
					"omitted":	false,
					"sender":	true
				}],
			"sum":	{
				"start":	8.001231,
				"end":	9.001223,
				"seconds":	0.9999920129776,
				"bytes":	7552,
				"bits_per_second":	60416.482547799431,
				"packets":	59,
				"omitted":	false,
				"sender":	true
			}
		}, {
			"streams":	[{
					"socket":	5,
					"start":	9.001223,
					"end":	10.001244,
					"seconds":	1.0000209808349609,
					"bytes":	7424,
					"bits_per_second":	59390.753932393542,
					"packets":	58,
					"omitted":	false,
					"sender":	true
				}],
			"sum":	{
				"start":	9.001223,
				"end":	10.001244,
				"seconds":	1.0000209808349609,
				"bytes":	7424,
				"bits_per_second":	59390.753932393542,
				"packets":	58,
				"omitted":	false,
				"sender":	true
			}
		}, {
			"streams":	[{
					"socket":	5,
					"start":	10.001244,
					"end":	11.00123,
					"seconds":	0.99998599290847778,
					"bytes":	7552,
					"bits_per_second":	60416.8462642951,
					"packets":	59,
					"omitted":	false,
					"sender":	true
				}],
			"sum":	{
				"start":	10.001244,
				"end":	11.00123,
				"seconds":	0.99998599290847778,
				"bytes":	7552,
				"bits_per_second":	60416.8462642951,
				"packets":	59,
				"omitted":	false,
				"sender":	true
			}
		}, {
			"streams":	[{
					"socket":	5,
					"start":	11.00123,
					"end":	12.001234,
					"seconds":	1.0000040531158447,
					"bytes":	7552,
					"bits_per_second":	60415.755127945617,
					"packets":	59,
					"omitted":	false,
					"sender":	true
				}],
			"sum":	{
				"start":	11.00123,
				"end":	12.001234,
				"seconds":	1.0000040531158447,
				"bytes":	7552,
				"bits_per_second":	60415.755127945617,
				"packets":	59,
				"omitted":	false,
				"sender":	true
			}
		}, {
			"streams":	[{
					"socket":	5,
					"start":	12.001234,
					"end":	13.001226,
					"seconds":	0.9999920129776,
					"bytes":	7424,
					"bits_per_second":	59392.47436902317,
					"packets":	58,
					"omitted":	false,
					"sender":	true
				}],
			"sum":	{
				"start":	12.001234,
				"end":	13.001226,
				"seconds":	0.9999920129776,
				"bytes":	7424,
				"bits_per_second":	59392.47436902317,
				"packets":	58,
				"omitted":	false,
				"sender":	true
			}
		}, {
			"streams":	[{
					"socket":	5,
					"start":	13.001226,
					"end":	14.001234,
					"seconds":	1.0000079870224,
					"bytes":	7552,
					"bits_per_second":	60415.517459908748,
					"packets":	59,
					"omitted":	false,
					"sender":	true
				}],
			"sum":	{
				"start":	13.001226,
				"end":	14.001234,
				"seconds":	1.0000079870224,
				"bytes":	7552,
				"bits_per_second":	60415.517459908748,
				"packets":	59,
				"omitted":	false,
				"sender":	true
			}
		}, {
			"streams":	[{
					"socket":	5,
					"start":	14.001234,
					"end":	15.001311,
					"seconds":	1.00007700920105,
					"bytes":	7424,
					"bits_per_second":	59387.426621723454,
					"packets":	58,
					"omitted":	false,
					"sender":	true
				}],
			"sum":	{
				"start":	14.001234,
				"end":	15.001311,
				"seconds":	1.00007700920105,
				"bytes":	7424,
				"bits_per_second":	59387.426621723454,
				"packets":	58,
				"omitted":	false,