{
	"start":	{
		"connected":	[{
				"socket":	5,
				"local_host":	"fd00::2",
				"local_port":	33837,
				"remote_host":	"fd00::4",
				"remote_port":	5124
			}],
		"version":	"iperf 3.18",
		"system_info":	"Linux rpi02 6.12.75+rpt-rpi-v6 #1 Raspbian 1:6.12.75-1+rpt1 (2026-03-11) armv6l",
		"timestamp":	{
			"time":	"Fri, 15 May 2026 19:46:53 GMT",
			"timesecs":	1778874413
		},
		"connecting_to":	{
			"host":	"fd00::4",
			"port":	5124
		},
		"cookie":	"hlwuzisyhxqhmauaddlf6bfnkppbamumrnqw",
		"target_bitrate":	10000,
		"fq_rate":	0,
		"sock_bufsize":	0,
		"sndbuf_actual":	180224,
		"rcvbuf_actual":	180224,
		"test_start":	{
			"protocol":	"UDP",
			"num_streams":	1,
			"blksize":	256,
			"omit":	0,
			"duration":	30,
			"bytes":	0,
			"blocks":	0,
			"reverse":	0,
			"tos":	0,
			"target_bitrate":	10000,
			"bidir":	0,
			"fqrate":	0,
			"interval":	1
		}
	},
	"intervals":	[{
			"streams":	[{
					"socket":	5,
					"start":	0,
					"end":	1.000937,
					"seconds":	1.0009369850158691,
					"bytes":	1280,
					"bits_per_second":	10230.4142551368,
					"packets":	5,
					"omitted":	false,
					"sender":	true
				}],
			"sum":	{
				"start":	0,
				"end":	1.000937,
				"seconds":	1.0009369850158691,
				"bytes":	1280,
				"bits_per_second":	10230.4142551368,
				"packets":	5,
				"omitted":	false,
				"sender":	true
			}
		}, {
			"streams":	[{
					"socket":	5,
					"start":	1.000937,
					"end":	2.001241,
					"seconds":	1.0003039836883545,
					"bytes":	1280,
					"bits_per_second":	10236.888152981985,
					"packets":	5,
					"omitted":	false,
					"sender":	true
				}],
			"sum":	{
				"start":	1.000937,
				"end":	2.001241,
				"seconds":	1.0003039836883545,
				"bytes":	1280,
				"bits_per_second":	10236.888152981985,
				"packets":	5,
				"omitted":	false,
				"sender":	true
			}
		}, {
			"streams":	[{
					"socket":	5,
					"start":	2.001241,
					"end":	3.001235,
					"seconds":	0.99999397993087769,
					"bytes":	1280,
					"bits_per_second":	10240.061645878925,
					"packets":	5,
					"omitted":	false,
					"sender":	true
				}],
			"sum":	{
				"start":	2.001241,
				"end":	3.001235,
				"seconds":	0.99999397993087769,
				"bytes":	1280,
				"bits_per_second":	10240.061645878925,
				"packets":	5,
				"omitted":	false,
				"sender":	true
			}
		}, {
			"streams":	[{
					"socket":	5,
					"start":	3.001235,
					"end":	4.001248,
					"seconds":	1.000012993812561,
					"bytes":	1280,
					"bits_per_second":	10239.866945088266,
					"packets":	5,
					"omitted":	false,
					"sender":	true
				}],
			"sum":	{
				"start":	3.001235,
				"end":	4.001248,
				"seconds":	1.000012993812561,
				"bytes":	1280,
				"bits_per_second":	10239.866945088266,
				"packets":	5,
				"omitted":	false,
				"sender":	true
			}
		}, {
			"streams":	[{
					"socket":	5,
					"start":	4.001248,
					"end":	5.001229,
					"seconds":	0.99998098611831665,
					"bytes":	1280,
					"bits_per_second":	10240.194705850552,
					"packets":	5,
					"omitted":	false,
					"sender":	true
				}],
			"sum":	{
				"start":	4.001248,
				"end":	5.001229,
				"seconds":	0.99998098611831665,
				"bytes":	1280,
				"bits_per_second":	10240.194705850552,
				"packets":	5,
				"omitted":	false,
				"sender":	true
			}
		}, {
			"streams":	[{
					"socket":	5,
					"start":	5.001229,
					"end":	6.001247,
					"seconds":	1.0000180006027222,
					"bytes":	1280,
					"bits_per_second":	10239.815677146047,
					"packets":	5,
					"omitted":	false,
					"sender":	true
				}],
			"sum":	{
				"start":	5.001229,
				"end":	6.001247,
				"seconds":	1.0000180006027222,
				"bytes":	1280,
				"bits_per_second":	10239.815677146047,
				"packets":	5,
				"omitted":	false,
				"sender":	true
			}
		}, {
			"streams":	[{
					"socket":	5,
					"start":	6.001247,
					"end":	7.001241,
					"seconds":	0.99999397993087769,
					"bytes":	1280,
					"bits_per_second":	10240.061645878925,
					"packets":	5,
					"omitted":	false,
					"sender":	true
				}],
			"sum":	{
				"start":	6.001247,
				"end":	7.001241,
				"seconds":	0.99999397993087769,
				"bytes":	1280,
				"bits_per_second":	10240.061645878925,
				"packets":	5,
				"omitted":	false,
				"sender":	true
			}
		}, {
			"streams":	[{
					"socket":	5,
					"start":	7.001241,
					"end":	8.001234,
					"seconds":	0.99999302625656128,
					"bytes":	1280,
					"bits_per_second":	10240.071411630819,
					"packets":	5,
					"omitted":	false,
					"sender":	true
				}],
			"sum":	{
				"start":	7.001241,
				"end":	8.001234,
				"seconds":	0.99999302625656128,
				"bytes":	1280,
				"bits_per_second":	10240.071411630819,
				"packets":	5,
				"omitted":	false,
				"sender":	true
			}
		}, {
			"streams":	[{
					"socket":	5,
					"start":	8.001234,
					"end":	9.001246,
					"seconds":	1.0000120401382446,
					"bytes":	1024,
					"bits_per_second":	8191.9013683750381,
					"packets":	4,
					"omitted":	false,
					"sender":	true
				}],
			"sum":	{
				"start":	8.001234,
				"end":	9.001246,
				"seconds":	1.0000120401382446,
				"bytes":	1024,
				"bits_per_second":	8191.9013683750381,
				"packets":	4,
				"omitted":	false,
				"sender":	true
			}
		}, {
			"streams":	[{
					"socket":	5,
					"start":	9.001246,
					"end":	10.001239,
					"seconds":	0.99999302625656128,
					"bytes":	1280,
					"bits_per_second":	10240.071411630819,
					"packets":	5,
					"omitted":	false,
					"sender":	true
				}],
			"sum":	{
				"start":	9.001246,
				"end":	10.001239,
				"seconds":	0.99999302625656128,
				"bytes":	1280,
				"bits_per_second":	10240.071411630819,
				"packets":	5,
				"omitted":	false,
				"sender":	true
			}
		}, {
			"streams":	[{
					"socket":	5,
					"start":	10.001239,
					"end":	11.001235,
					"seconds":	0.9999960064888,
					"bytes":	1280,
					"bits_per_second":	10240.040893717996,
					"packets":	5,
					"omitted":	false,
					"sender":	true
				}],
			"sum":	{
				"start":	10.001239,
				"end":	11.001235,
				"seconds":	0.9999960064888,
				"bytes":	1280,
				"bits_per_second":	10240.040893717996,
				"packets":	5,
				"omitted":	false,
				"sender":	true
			}
		}, {
			"streams":	[{
					"socket":	5,
					"start":	11.001235,
					"end":	12.001246,
					"seconds":	1.0000109672546387,
					"bytes":	1280,
					"bits_per_second":	10239.887696544161,
					"packets":	5,
					"omitted":	false,
					"sender":	true
				}],
			"sum":	{
				"start":	11.001235,
				"end":	12.001246,
				"seconds":	1.0000109672546387,
				"bytes":	1280,
				"bits_per_second":	10239.887696544161,
				"packets":	5,
				"omitted":	false,
				"sender":	true
			}
		}, {
			"streams":	[{
					"socket":	5,
					"start":	12.001246,
					"end":	13.001244,
					"seconds":	0.99999797344207764,
					"bytes":	1280,
					"bits_per_second":	10240.02075199518,
					"packets":	5,
					"omitted":	false,
					"sender":	true
				}],
			"sum":	{
				"start":	12.001246,
				"end":	13.001244,
				"seconds":	0.99999797344207764,
				"bytes":	1280,
				"bits_per_second":	10240.02075199518,
				"packets":	5,
				"omitted":	false,
				"sender":	true
			}
		}, {
			"streams":	[{
					"socket":	5,
					"start":	13.001244,
					"end":	14.001253,
					"seconds":	1.0000089406967163,
					"bytes":	1280,
					"bits_per_second":	10239.908448084163,
					"packets":	5,
					"omitted":	false,
					"sender":	true
				}],
			"sum":	{
				"start":	13.001244,
				"end":	14.001253,
				"seconds":	1.0000089406967163,
				"bytes":	1280,
				"bits_per_second":	10239.908448084163,
				"packets":	5,
				"omitted":	false,
				"sender":	true
			}
		}, {
			"streams":	[{
					"socket":	5,
					"start":	14.001253,
					"end":	15.001241,
					"seconds":	0.9999880194664,
					"bytes":	1280,
					"bits_per_second":	10240.122682133861,
					"packets":	5,
					"omitted":	false,
					"sender":	true
				}],
			"sum":	{
				"start":	14.001253,
				"end":	15.001241,
				"seconds":	0.9999880194664,
				"bytes":	1280,
				"bits_per_second":	10240.122682133861,
				"packets":	5,
				"omitted":	false,