{
	"start":	{
		"connected":	[{
				"socket":	5,
				"local_host":	"fd00::2",
				"local_port":	52978,
				"remote_host":	"fd00::4",
				"remote_port":	5124
			}],
		"version":	"iperf 3.18",
		"system_info":	"Linux rpi02 6.12.75+rpt-rpi-v6 #1 Raspbian 1:6.12.75-1+rpt1 (2026-03-11) armv6l",
		"timestamp":	{
			"time":	"Fri, 15 May 2026 19:49:16 GMT",
			"timesecs":	1778874556
		},
		"connecting_to":	{
			"host":	"fd00::4",
			"port":	5124
		},
		"cookie":	"djqhpgdbymycoujtq7ljd7r7eq3vwnb3t4nx",
		"target_bitrate":	30000,
		"fq_rate":	0,
		"sock_bufsize":	0,
		"sndbuf_actual":	180224,
		"rcvbuf_actual":	180224,
		"test_start":	{
			"protocol":	"UDP",
			"num_streams":	1,
			"blksize":	96,
			"omit":	0,
			"duration":	30,
			"bytes":	0,
			"blocks":	0,
			"reverse":	0,
			"tos":	0,
			"target_bitrate":	30000,
			"bidir":	0,
			"fqrate":	0,
			"interval":	1
		}
	},
	"intervals":	[{
			"streams":	[{
					"socket":	5,
					"start":	0,
					"end":	1.000975,
					"seconds":	1.0009750127792358,
					"bytes":	3840,
					"bits_per_second":	30690.0767829409,
					"packets":	40,
					"omitted":	false,
					"sender":	true
				}],
			"sum":	{
				"start":	0,
				"end":	1.000975,
				"seconds":	1.0009750127792358,
				"bytes":	3840,
				"bits_per_second":	30690.0767829409,
				"packets":	40,
				"omitted":	false,
				"sender":	true
			}
		}, {
			"streams":	[{
					"socket":	5,
					"start":	1.000975,
					"end":	2.001304,
					"seconds":	1.00032901763916,
					"bytes":	3744,
					"bits_per_second":	29942.1485049875,
					"packets":	39,
					"omitted":	false,
					"sender":	true
				}],
			"sum":	{
				"start":	1.000975,
				"end":	2.001304,
				"seconds":	1.00032901763916,
				"bytes":	3744,
				"bits_per_second":	29942.1485049875,
				"packets":	39,
				"omitted":	false,
				"sender":	true
			}
		}, {
			"streams":	[{
					"socket":	5,
					"start":	2.001304,
					"end":	3.001301,
					"seconds":	0.99999701976776123,
					"bytes":	3744,
					"bits_per_second":	29952.089264182043,
					"packets":	39,
					"omitted":	false,
					"sender":	true
				}],
			"sum":	{
				"start":	2.001304,
				"end":	3.001301,
				"seconds":	0.99999701976776123,
				"bytes":	3744,
				"bits_per_second":	29952.089264182043,
				"packets":	39,
				"omitted":	false,
				"sender":	true
			}
		}, {
			"streams":	[{
					"socket":	5,
					"start":	3.001301,
					"end":	4.001299,
					"seconds":	0.99999797344207764,
					"bytes":	3744,
					"bits_per_second":	29952.0606995859,
					"packets":	39,
					"omitted":	false,
					"sender":	true
				}],
			"sum":	{
				"start":	3.001301,
				"end":	4.001299,
				"seconds":	0.99999797344207764,
				"bytes":	3744,
				"bits_per_second":	29952.0606995859,
				"packets":	39,
				"omitted":	false,
				"sender":	true
			}
		}, {
			"streams":	[{
					"socket":	5,
					"start":	4.001299,
					"end":	5.001308,
					"seconds":	1.0000089406967163,
					"bytes":	3744,
					"bits_per_second":	29951.732210646176,
					"packets":	39,
					"omitted":	false,
					"sender":	true
				}],
			"sum":	{
				"start":	4.001299,
				"end":	5.001308,
				"seconds":	1.0000089406967163,
				"bytes":	3744,
				"bits_per_second":	29951.732210646176,
				"packets":	39,
				"omitted":	false,
				"sender":	true
			}
		}, {
			"streams":	[{
					"socket":	5,
					"start":	5.001308,
					"end":	6.001301,
					"seconds":	0.99999302625656128,
					"bytes":	3744,
					"bits_per_second":	29952.208879020145,
					"packets":	39,
					"omitted":	false,
					"sender":	true
				}],
			"sum":	{
				"start":	5.001308,
				"end":	6.001301,
				"seconds":	0.99999302625656128,
				"bytes":	3744,
				"bits_per_second":	29952.208879020145,
				"packets":	39,
				"omitted":	false,
				"sender":	true
			}
		}, {
			"streams":	[{
					"socket":	5,
					"start":	6.001301,
					"end":	7.001299,
					"seconds":	0.99999797344207764,
					"bytes":	3744,
					"bits_per_second":	29952.0606995859,
					"packets":	39,
					"omitted":	false,
					"sender":	true
				}],
			"sum":	{
				"start":	6.001301,
				"end":	7.001299,
				"seconds":	0.99999797344207764,
				"bytes":	3744,
				"bits_per_second":	29952.0606995859,
				"packets":	39,
				"omitted":	false,
				"sender":	true
			}
		}, {
			"streams":	[{
					"socket":	5,
					"start":	7.001299,
					"end":	8.001304,
					"seconds":	1.0000050067901611,
					"bytes":	3744,
					"bits_per_second":	29951.850037371925,
					"packets":	39,
					"omitted":	false,
					"sender":	true
				}],
			"sum":	{
				"start":	7.001299,
				"end":	8.001304,
				"seconds":	1.0000050067901611,
				"bytes":	3744,
				"bits_per_second":	29951.850037371925,
				"packets":	39,
				"omitted":	false,
				"sender":	true
			}
		}, {
			"streams":	[{
					"socket":	5,
					"start":	8.001304,
					"end":	9.001299,
					"seconds":	0.999994993209839,
					"bytes":	3744,
					"bits_per_second":	29952.149964129745,
					"packets":	39,
					"omitted":	false,
					"sender":	true
				}],
			"sum":	{
				"start":	8.001304,
				"end":	9.001299,
				"seconds":	0.999994993209839,
				"bytes":	3744,
				"bits_per_second":	29952.149964129745,
				"packets":	39,
				"omitted":	false,
				"sender":	true
			}
		}, {
			"streams":	[{
					"socket":	5,
					"start":	9.001299,
					"end":	10.001303,
					"seconds":	1.0000040531158447,
					"bytes":	3744,
					"bits_per_second":	29951.878601566259,
					"packets":	39,
					"omitted":	false,
					"sender":	true
				}],
			"sum":	{
				"start":	9.001299,
				"end":	10.001303,
				"seconds":	1.0000040531158447,
				"bytes":	3744,
				"bits_per_second":	29951.878601566259,
				"packets":	39,
				"omitted":	false,
				"sender":	true
			}
		}, {
			"streams":	[{
					"socket":	5,
					"start":	10.001303,
					"end":	11.001257,
					"seconds":	0.9999539852142334,
					"bytes":	3744,
					"bits_per_second":	29953.378298285381,
					"packets":	39,
					"omitted":	false,
					"sender":	true
				}],
			"sum":	{
				"start":	10.001303,
				"end":	11.001257,
				"seconds":	0.9999539852142334,
				"bytes":	3744,
				"bits_per_second":	29953.378298285381,
				"packets":	39,
				"omitted":	false,
				"sender":	true
			}
		}, {
			"streams":	[{
					"socket":	5,
					"start":	11.001257,
					"end":	12.00126,
					"seconds":	1.0000029802322388,
					"bytes":	3744,
					"bits_per_second":	29951.910736350012,
					"packets":	39,
					"omitted":	false,
					"sender":	true
				}],
			"sum":	{
				"start":	11.001257,
				"end":	12.00126,
				"seconds":	1.0000029802322388,
				"bytes":	3744,
				"bits_per_second":	29951.910736350012,
				"packets":	39,
				"omitted":	false,
				"sender":	true
			}
		}, {
			"streams":	[{
					"socket":	5,
					"start":	12.00126,
					"end":	13.001317,
					"seconds":	1.0000569820404053,
					"bytes":	3744,
					"bits_per_second":	29950.293371172975,
					"packets":	39,
					"omitted":	false,
					"sender":	true
				}],
			"sum":	{
				"start":	12.00126,
				"end":	13.001317,
				"seconds":	1.0000569820404053,
				"bytes":	3744,
				"bits_per_second":	29950.293371172975,
				"packets":	39,
				"omitted":	false,
				"sender":	true
			}
		}, {
			"streams":	[{
					"socket":	5,
					"start":	13.001317,
					"end":	14.001272,
					"seconds":	0.99995499849319458,
					"bytes":	3744,
					"bits_per_second":	29953.347945791429,
					"packets":	39,
					"omitted":	false,
					"sender":	true
				}],
			"sum":	{
				"start":	13.001317,
				"end":	14.001272,
				"seconds":	0.99995499849319458,
				"bytes":	3744,
				"bits_per_second":	29953.347945791429,
				"packets":	39,
				"omitted":	false,
				"sender":	true
			}
		}, {
			"streams":	[{
					"socket":	5,
					"start":	14.001272,
					"end":	15.001257,
					"seconds":	0.9999849796295166,
					"bytes":	3744,
					"bits_per_second":	29952.449896894337,
					"packets":	39,
					"omitted":	false,
					"sender":	true
				}],
			"sum":	{
				"start":	14.001272,
				"end":	15.001257,
				"seconds":	0.9999849796295166,
				"bytes":	3744,
				"bits_per_second":	29952.449896894337,
				"packets":	39,