{
	"start":	{
		"connected":	[{
				"socket":	5,
				"local_host":	"fd00::2",
				"local_port":	56256,
				"remote_host":	"fd00::4",
				"remote_port":	5124
			}],
		"version":	"iperf 3.18",
		"system_info":	"Linux rpi02 6.12.75+rpt-rpi-v6 #1 Raspbian 1:6.12.75-1+rpt1 (2026-03-11) armv6l",
		"timestamp":	{
			"time":	"Fri, 15 May 2026 19:49:51 GMT",
			"timesecs":	1778874591
		},
		"connecting_to":	{
			"host":	"fd00::4",
			"port":	5124
		},
		"cookie":	"yrt2asi7miyhvpqbgndjt5qybs3uerb4yoaa",
		"target_bitrate":	30000,
		"fq_rate":	0,
		"sock_bufsize":	0,
		"sndbuf_actual":	180224,
		"rcvbuf_actual":	180224,
		"test_start":	{
			"protocol":	"UDP",
			"num_streams":	1,
			"blksize":	128,
			"omit":	0,
			"duration":	30,
			"bytes":	0,
			"blocks":	0,
			"reverse":	0,
			"tos":	0,
			"target_bitrate":	30000,
			"bidir":	0,
			"fqrate":	0,
			"interval":	1
		}
	},
	"intervals":	[{
			"streams":	[{
					"socket":	5,
					"start":	0,
					"end":	1.001037,
					"seconds":	1.0010370016098022,
					"bytes":	3840,
					"bits_per_second":	30688.176311762807,
					"packets":	30,
					"omitted":	false,
					"sender":	true
				}],
			"sum":	{
				"start":	0,
				"end":	1.001037,
				"seconds":	1.0010370016098022,
				"bytes":	3840,
				"bits_per_second":	30688.176311762807,
				"packets":	30,
				"omitted":	false,
				"sender":	true
			}
		}, {
			"streams":	[{
					"socket":	5,
					"start":	1.001037,
					"end":	2.001254,
					"seconds":	1.0002169609069824,
					"bytes":	3712,
					"bits_per_second":	29689.558526454191,
					"packets":	29,
					"omitted":	false,
					"sender":	true
				}],
			"sum":	{
				"start":	1.001037,
				"end":	2.001254,
				"seconds":	1.0002169609069824,
				"bytes":	3712,
				"bits_per_second":	29689.558526454191,
				"packets":	29,
				"omitted":	false,
				"sender":	true
			}
		}, {
			"streams":	[{
					"socket":	5,
					"start":	2.001254,
					"end":	3.001244,
					"seconds":	0.99998998641967773,
					"bytes":	3712,
					"bits_per_second":	29696.29736625895,
					"packets":	29,
					"omitted":	false,
					"sender":	true
				}],
			"sum":	{
				"start":	2.001254,
				"end":	3.001244,
				"seconds":	0.99998998641967773,
				"bytes":	3712,
				"bits_per_second":	29696.29736625895,
				"packets":	29,
				"omitted":	false,
				"sender":	true
			}
		}, {
			"streams":	[{
					"socket":	5,
					"start":	3.001244,
					"end":	4.001247,
					"seconds":	1.0000029802322388,
					"bytes":	3840,
					"bits_per_second":	30719.908447538473,
					"packets":	30,
					"omitted":	false,
					"sender":	true
				}],
			"sum":	{
				"start":	3.001244,
				"end":	4.001247,
				"seconds":	1.0000029802322388,
				"bytes":	3840,
				"bits_per_second":	30719.908447538473,
				"packets":	30,
				"omitted":	false,
				"sender":	true
			}
		}, {
			"streams":	[{
					"socket":	5,
					"start":	4.001247,
					"end":	5.001243,
					"seconds":	0.9999960064888,
					"bytes":	3712,
					"bits_per_second":	29696.118591782193,
					"packets":	29,
					"omitted":	false,
					"sender":	true
				}],
			"sum":	{
				"start":	4.001247,
				"end":	5.001243,
				"seconds":	0.9999960064888,
				"bytes":	3712,
				"bits_per_second":	29696.118591782193,
				"packets":	29,
				"omitted":	false,
				"sender":	true
			}
		}, {
			"streams":	[{
					"socket":	5,
					"start":	5.001243,
					"end":	6.001243,
					"seconds":	1,
					"bytes":	3712,
					"bits_per_second":	29696,
					"packets":	29,
					"omitted":	false,
					"sender":	true
				}],
			"sum":	{
				"start":	5.001243,
				"end":	6.001243,
				"seconds":	1,
				"bytes":	3712,
				"bits_per_second":	29696,
				"packets":	29,
				"omitted":	false,
				"sender":	true
			}
		}, {
			"streams":	[{
					"socket":	5,
					"start":	6.001243,
					"end":	7.00124,
					"seconds":	0.99999701976776123,
					"bytes":	3840,
					"bits_per_second":	30720.091553007223,
					"packets":	30,
					"omitted":	false,
					"sender":	true
				}],
			"sum":	{
				"start":	6.001243,
				"end":	7.00124,
				"seconds":	0.99999701976776123,
				"bytes":	3840,
				"bits_per_second":	30720.091553007223,
				"packets":	30,
				"omitted":	false,
				"sender":	true
			}
		}, {
			"streams":	[{
					"socket":	5,
					"start":	7.00124,
					"end":	8.001235,
					"seconds":	0.999994993209839,
					"bytes":	3712,
					"bits_per_second":	29696.148682385046,
					"packets":	29,
					"omitted":	false,
					"sender":	true
				}],
			"sum":	{
				"start":	7.00124,
				"end":	8.001235,
				"seconds":	0.999994993209839,
				"bytes":	3712,
				"bits_per_second":	29696.148682385046,
				"packets":	29,
				"omitted":	false,
				"sender":	true
			}
		}, {
			"streams":	[{
					"socket":	5,
					"start":	8.001235,
					"end":	9.001244,
					"seconds":	1.0000089406967163,
					"bytes":	3712,
					"bits_per_second":	29695.734499444072,
					"packets":	29,
					"omitted":	false,
					"sender":	true
				}],
			"sum":	{
				"start":	8.001235,
				"end":	9.001244,
				"seconds":	1.0000089406967163,
				"bytes":	3712,
				"bits_per_second":	29695.734499444072,
				"packets":	29,
				"omitted":	false,
				"sender":	true
			}
		}, {
			"streams":	[{
					"socket":	5,
					"start":	9.001244,
					"end":	10.00126,
					"seconds":	1.0000159740448,
					"bytes":	3712,
					"bits_per_second":	29695.525642343036,
					"packets":	29,
					"omitted":	false,
					"sender":	true
				}],
			"sum":	{
				"start":	9.001244,
				"end":	10.00126,
				"seconds":	1.0000159740448,
				"bytes":	3712,
				"bits_per_second":	29695.525642343036,
				"packets":	29,
				"omitted":	false,
				"sender":	true
			}
		}, {
			"streams":	[{
					"socket":	5,
					"start":	10.00126,
					"end":	11.001244,
					"seconds":	0.9999840259552002,
					"bytes":	3840,
					"bits_per_second":	30720.4907304952,
					"packets":	30,
					"omitted":	false,
					"sender":	true
				}],
			"sum":	{
				"start":	10.00126,
				"end":	11.001244,
				"seconds":	0.9999840259552002,
				"bytes":	3840,
				"bits_per_second":	30720.4907304952,
				"packets":	30,
				"omitted":	false,
				"sender":	true
			}
		}, {
			"streams":	[{
					"socket":	5,
					"start":	11.001244,
					"end":	12.001242,
					"seconds":	0.99999797344207764,
					"bytes":	3712,
					"bits_per_second":	29696.060180786022,
					"packets":	29,
					"omitted":	false,
					"sender":	true
				}],
			"sum":	{
				"start":	11.001244,
				"end":	12.001242,
				"seconds":	0.99999797344207764,
				"bytes":	3712,
				"bits_per_second":	29696.060180786022,
				"packets":	29,
				"omitted":	false,
				"sender":	true
			}
		}, {
			"streams":	[{
					"socket":	5,
					"start":	12.001242,
					"end":	13.001244,
					"seconds":	1.0000020265579224,
					"bytes":	3712,
					"bits_per_second":	29695.9398194579,
					"packets":	29,
					"omitted":	false,
					"sender":	true
				}],
			"sum":	{
				"start":	12.001242,
				"end":	13.001244,
				"seconds":	1.0000020265579224,
				"bytes":	3712,
				"bits_per_second":	29695.9398194579,
				"packets":	29,
				"omitted":	false,
				"sender":	true
			}
		}, {
			"streams":	[{
					"socket":	5,
					"start":	13.001244,
					"end":	14.001244,
					"seconds":	1,
					"bytes":	3840,
					"bits_per_second":	30720,
					"packets":	30,
					"omitted":	false,
					"sender":	true
				}],
			"sum":	{
				"start":	13.001244,
				"end":	14.001244,
				"seconds":	1,
				"bytes":	3840,
				"bits_per_second":	30720,
				"packets":	30,
				"omitted":	false,
				"sender":	true
			}
		}, {
			"streams":	[{
					"socket":	5,
					"start":	14.001244,
					"end":	15.001242,
					"seconds":	0.99999797344207764,
					"bytes":	3712,
					"bits_per_second":	29696.060180786022,
					"packets":	29,
					"omitted":	false,
					"sender":	true
				}],
			"sum":	{
				"start":	14.001244,
				"end":	15.001242,
				"seconds":	0.99999797344207764,
				"bytes":	3712,
				"bits_per_second":	29696.060180786022,
				"packets":	29,
				"omitted":	false,
				"sender":	true
			}
		}, {
			"streams":	[{
					"socket":	5,
					"start":	15.001242,
					"end":	16.001242,