{
	"start":	{
		"connected":	[{
				"socket":	5,
				"local_host":	"fd00::2",
				"local_port":	48698,
				"remote_host":	"fd00::4",
				"remote_port":	5124
			}],
		"version":	"iperf 3.18",
		"system_info":	"Linux rpi02 6.12.75+rpt-rpi-v6 #1 Raspbian 1:6.12.75-1+rpt1 (2026-03-11) armv6l",
		"timestamp":	{
			"time":	"Fri, 15 May 2026 19:45:44 GMT",
			"timesecs":	1778874344
		},
		"connecting_to":	{
			"host":	"fd00::4",
			"port":	5124
		},
		"cookie":	"7zyeaemwwvpttzubg7nf5mxzfh27ecxgiiut",
		"target_bitrate":	10000,
		"fq_rate":	0,
		"sock_bufsize":	0,
		"sndbuf_actual":	180224,
		"rcvbuf_actual":	180224,
		"test_start":	{
			"protocol":	"UDP",
			"num_streams":	1,
			"blksize":	128,
			"omit":	0,
			"duration":	30,
			"bytes":	0,
			"blocks":	0,
			"reverse":	0,
			"tos":	0,
			"target_bitrate":	10000,
			"bidir":	0,
			"fqrate":	0,
			"interval":	1
		}
	},
	"intervals":	[{
			"streams":	[{
					"socket":	5,
					"start":	0,
					"end":	1.001162,
					"seconds":	1.001162052154541,
					"bytes":	1280,
					"bits_per_second":	10228.114397627345,
					"packets":	10,
					"omitted":	false,
					"sender":	true
				}],
			"sum":	{
				"start":	0,
				"end":	1.001162,
				"seconds":	1.001162052154541,
				"bytes":	1280,
				"bits_per_second":	10228.114397627345,
				"packets":	10,
				"omitted":	false,
				"sender":	true
			}
		}, {
			"streams":	[{
					"socket":	5,
					"start":	1.001162,
					"end":	2.001248,
					"seconds":	1.0000859498977661,
					"bytes":	1280,
					"bits_per_second":	10239.119948687196,
					"packets":	10,
					"omitted":	false,
					"sender":	true
				}],
			"sum":	{
				"start":	1.001162,
				"end":	2.001248,
				"seconds":	1.0000859498977661,
				"bytes":	1280,
				"bits_per_second":	10239.119948687196,
				"packets":	10,
				"omitted":	false,
				"sender":	true
			}
		}, {
			"streams":	[{
					"socket":	5,
					"start":	2.001248,
					"end":	3.001244,
					"seconds":	0.9999960064888,
					"bytes":	1280,
					"bits_per_second":	10240.040893717996,
					"packets":	10,
					"omitted":	false,
					"sender":	true
				}],
			"sum":	{
				"start":	2.001248,
				"end":	3.001244,
				"seconds":	0.9999960064888,
				"bytes":	1280,
				"bits_per_second":	10240.040893717996,
				"packets":	10,
				"omitted":	false,
				"sender":	true
			}
		}, {
			"streams":	[{
					"socket":	5,
					"start":	3.001244,
					"end":	4.001236,
					"seconds":	0.9999920129776,
					"bytes":	1280,
					"bits_per_second":	10240.081787762616,
					"packets":	10,
					"omitted":	false,
					"sender":	true
				}],
			"sum":	{
				"start":	3.001244,
				"end":	4.001236,
				"seconds":	0.9999920129776,
				"bytes":	1280,
				"bits_per_second":	10240.081787762616,
				"packets":	10,
				"omitted":	false,
				"sender":	true
			}
		}, {
			"streams":	[{
					"socket":	5,
					"start":	4.001236,
					"end":	5.001238,
					"seconds":	1.0000020265579224,
					"bytes":	1152,
					"bits_per_second":	9215.981323280037,
					"packets":	9,
					"omitted":	false,
					"sender":	true
				}],
			"sum":	{
				"start":	4.001236,
				"end":	5.001238,
				"seconds":	1.0000020265579224,
				"bytes":	1152,
				"bits_per_second":	9215.981323280037,
				"packets":	9,
				"omitted":	false,
				"sender":	true
			}
		}, {
			"streams":	[{
					"socket":	5,
					"start":	5.001238,
					"end":	6.001243,
					"seconds":	1.0000050067901611,
					"bytes":	1280,
					"bits_per_second":	10239.948730725444,
					"packets":	10,
					"omitted":	false,
					"sender":	true
				}],
			"sum":	{
				"start":	5.001238,
				"end":	6.001243,
				"seconds":	1.0000050067901611,
				"bytes":	1280,
				"bits_per_second":	10239.948730725444,
				"packets":	10,
				"omitted":	false,
				"sender":	true
			}
		}, {
			"streams":	[{
					"socket":	5,
					"start":	6.001243,
					"end":	7.001243,
					"seconds":	1,
					"bytes":	1280,
					"bits_per_second":	10240,
					"packets":	10,
					"omitted":	false,
					"sender":	true
				}],
			"sum":	{
				"start":	6.001243,
				"end":	7.001243,
				"seconds":	1,
				"bytes":	1280,
				"bits_per_second":	10240,
				"packets":	10,
				"omitted":	false,
				"sender":	true
			}
		}, {
			"streams":	[{
					"socket":	5,
					"start":	7.001243,
					"end":	8.001235,
					"seconds":	0.9999920129776,
					"bytes":	1280,
					"bits_per_second":	10240.081787762616,
					"packets":	10,
					"omitted":	false,
					"sender":	true
				}],
			"sum":	{
				"start":	7.001243,
				"end":	8.001235,
				"seconds":	0.9999920129776,
				"bytes":	1280,
				"bits_per_second":	10240.081787762616,
				"packets":	10,
				"omitted":	false,
				"sender":	true
			}
		}, {
			"streams":	[{
					"socket":	5,
					"start":	8.001235,
					"end":	9.001253,
					"seconds":	1.0000180006027222,
					"bytes":	1152,
					"bits_per_second":	9215.83410943144,
					"packets":	9,
					"omitted":	false,
					"sender":	true
				}],
			"sum":	{
				"start":	8.001235,
				"end":	9.001253,
				"seconds":	1.0000180006027222,
				"bytes":	1152,
				"bits_per_second":	9215.83410943144,
				"packets":	9,
				"omitted":	false,
				"sender":	true
			}
		}, {
			"streams":	[{
					"socket":	5,
					"start":	9.001253,
					"end":	10.001252,
					"seconds":	0.99999898672103882,
					"bytes":	1280,
					"bits_per_second":	10240.010375987076,
					"packets":	10,
					"omitted":	false,
					"sender":	true
				}],
			"sum":	{
				"start":	9.001253,
				"end":	10.001252,
				"seconds":	0.99999898672103882,
				"bytes":	1280,
				"bits_per_second":	10240.010375987076,
				"packets":	10,
				"omitted":	false,
				"sender":	true
			}
		}, {
			"streams":	[{
					"socket":	5,
					"start":	10.001252,
					"end":	11.001247,
					"seconds":	0.999994993209839,
					"bytes":	1280,
					"bits_per_second":	10240.051269787948,
					"packets":	10,
					"omitted":	false,
					"sender":	true
				}],
			"sum":	{
				"start":	10.001252,
				"end":	11.001247,
				"seconds":	0.999994993209839,
				"bytes":	1280,
				"bits_per_second":	10240.051269787948,
				"packets":	10,
				"omitted":	false,
				"sender":	true
			}
		}, {
			"streams":	[{
					"socket":	5,
					"start":	11.001247,
					"end":	12.00124,
					"seconds":	0.99999302625656128,
					"bytes":	1280,
					"bits_per_second":	10240.071411630819,
					"packets":	10,
					"omitted":	false,
					"sender":	true
				}],
			"sum":	{
				"start":	11.001247,
				"end":	12.00124,
				"seconds":	0.99999302625656128,
				"bytes":	1280,
				"bits_per_second":	10240.071411630819,
				"packets":	10,
				"omitted":	false,
				"sender":	true
			}
		}, {
			"streams":	[{
					"socket":	5,
					"start":	12.00124,
					"end":	13.001244,
					"seconds":	1.0000040531158447,
					"bytes":	1152,
					"bits_per_second":	9215.9626466357731,
					"packets":	9,
					"omitted":	false,
					"sender":	true
				}],
			"sum":	{
				"start":	12.00124,
				"end":	13.001244,
				"seconds":	1.0000040531158447,
				"bytes":	1152,
				"bits_per_second":	9215.9626466357731,
				"packets":	9,
				"omitted":	false,
				"sender":	true
			}
		}, {
			"streams":	[{
					"socket":	5,
					"start":	13.001244,
					"end":	14.001242,
					"seconds":	0.99999797344207764,
					"bytes":	1280,
					"bits_per_second":	10240.02075199518,
					"packets":	10,
					"omitted":	false,
					"sender":	true
				}],
			"sum":	{
				"start":	13.001244,
				"end":	14.001242,
				"seconds":	0.99999797344207764,
				"bytes":	1280,
				"bits_per_second":	10240.02075199518,
				"packets":	10,
				"omitted":	false,
				"sender":	true
			}
		}, {
			"streams":	[{
					"socket":	5,
					"start":	14.001242,
					"end":	15.001244,
					"seconds":	1.0000020265579224,
					"bytes":	1280,
					"bits_per_second":	10239.97924808893,
					"packets":	10,
					"omitted":	false,
					"sender":	true
				}],
			"sum":	{
				"start":	14.001242,
				"end":	15.001244,
				"seconds":	1.0000020265579224,
				"bytes":	1280,
				"bits_per_second":	10239.97924808893,
				"packets":	10,
				"omitted":	false,
				"sender":	true
			}
		}, {
			"streams":	[{
					"socket":	5,