{
	"start":	{
		"connected":	[{
				"socket":	5,
				"local_host":	"fd00::8",
				"local_port":	55466,
				"remote_host":	"fd00::2",
				"remote_port":	5123
			}],
		"version":	"iperf 3.18",
		"system_info":	"Linux RPI08 6.18.29+rpt-rpi-v7 #1 SMP Raspbian 1:6.18.29-1+rpt1 (2026-05-12) armv7l",
		"timestamp":	{
			"time":	"Wed, 20 May 2026 20:09:06 GMT",
			"timesecs":	1779307746
		},
		"connecting_to":	{
			"host":	"fd00::2",
			"port":	5123
		},
		"cookie":	"552zgsuahs4a46oc3trgfctxtup7brn2p3df",
		"target_bitrate":	70000,
		"fq_rate":	0,
		"sock_bufsize":	0,
		"sndbuf_actual":	180224,
		"rcvbuf_actual":	180224,
		"test_start":	{
			"protocol":	"UDP",
			"num_streams":	1,
			"blksize":	40,
			"omit":	0,
			"duration":	30,
			"bytes":	0,
			"blocks":	0,
			"reverse":	0,
			"tos":	0,
			"target_bitrate":	70000,
			"bidir":	0,
			"fqrate":	0,
			"interval":	1
		}
	},
	"intervals":	[{
			"streams":	[{
					"socket":	5,
					"start":	0,
					"end":	1.00085,
					"seconds":	1.0008499622344971,
					"bytes":	8760,
					"bits_per_second":	70020.4852319117,
					"packets":	219,
					"omitted":	false,
					"sender":	true
				}],
			"sum":	{
				"start":	0,
				"end":	1.00085,
				"seconds":	1.0008499622344971,
				"bytes":	8760,
				"bits_per_second":	70020.4852319117,
				"packets":	219,
				"omitted":	false,
				"sender":	true
			}
		}, {
			"streams":	[{
					"socket":	5,
					"start":	1.00085,
					"end":	2.001152,
					"seconds":	1.0003019571304321,
					"bytes":	3200,
					"bits_per_second":	25592.272230915914,
					"packets":	81,
					"omitted":	false,
					"sender":	true
				}],
			"sum":	{
				"start":	1.00085,
				"end":	2.001152,
				"seconds":	1.0003019571304321,
				"bytes":	3200,
				"bits_per_second":	25592.272230915914,
				"packets":	81,
				"omitted":	false,
				"sender":	true
			}
		}, {
			"streams":	[{
					"socket":	5,
					"start":	2.001152,
					"end":	3.001149,
					"seconds":	0.99999701976776123,
					"bytes":	8880,
					"bits_per_second":	71040.2117163292,
					"packets":	222,
					"omitted":	false,
					"sender":	true
				}],
			"sum":	{
				"start":	2.001152,
				"end":	3.001149,
				"seconds":	0.99999701976776123,
				"bytes":	8880,
				"bits_per_second":	71040.2117163292,
				"packets":	222,
				"omitted":	false,
				"sender":	true
			}
		}, {
			"streams":	[{
					"socket":	5,
					"start":	3.001149,
					"end":	4.001156,
					"seconds":	1.0000070333480835,
					"bytes":	4440,
					"bits_per_second":	35519.750177233167,
					"packets":	111,
					"omitted":	false,
					"sender":	true
				}],
			"sum":	{
				"start":	3.001149,
				"end":	4.001156,
				"seconds":	1.0000070333480835,
				"bytes":	4440,
				"bits_per_second":	35519.750177233167,
				"packets":	111,
				"omitted":	false,
				"sender":	true
			}
		}, {
			"streams":	[{
					"socket":	5,
					"start":	4.001156,
					"end":	5.001149,
					"seconds":	0.99999302625656128,
					"bytes":	13320,
					"bits_per_second":	106560.7431272832,
					"packets":	333,
					"omitted":	false,
					"sender":	true
				}],
			"sum":	{
				"start":	4.001156,
				"end":	5.001149,
				"seconds":	0.99999302625656128,
				"bytes":	13320,
				"bits_per_second":	106560.7431272832,
				"packets":	333,
				"omitted":	false,
				"sender":	true
			}
		}, {
			"streams":	[{
					"socket":	5,
					"start":	5.001149,
					"end":	6.001147,
					"seconds":	0.99999797344207764,
					"bytes":	13360,
					"bits_per_second":	106880.21659894969,
					"packets":	334,
					"omitted":	false,
					"sender":	true
				}],
			"sum":	{
				"start":	5.001149,
				"end":	6.001147,
				"seconds":	0.99999797344207764,
				"bytes":	13360,
				"bits_per_second":	106880.21659894969,
				"packets":	334,
				"omitted":	false,
				"sender":	true
			}
		}, {
			"streams":	[{
					"socket":	5,
					"start":	6.001147,
					"end":	7.001149,
					"seconds":	1.0000020265579224,
					"bytes":	9320,
					"bits_per_second":	74559.848900147525,
					"packets":	232,
					"omitted":	false,
					"sender":	true
				}],
			"sum":	{
				"start":	6.001147,
				"end":	7.001149,
				"seconds":	1.0000020265579224,
				"bytes":	9320,
				"bits_per_second":	74559.848900147525,
				"packets":	232,
				"omitted":	false,
				"sender":	true
			}
		}, {
			"streams":	[{
					"socket":	5,
					"start":	7.001149,
					"end":	8.001136,
					"seconds":	0.999987006187439,
					"bytes":	8760,
					"bits_per_second":	70080.9106182167,
					"packets":	219,
					"omitted":	false,
					"sender":	true
				}],
			"sum":	{
				"start":	7.001149,
				"end":	8.001136,
				"seconds":	0.999987006187439,
				"bytes":	8760,
				"bits_per_second":	70080.9106182167,
				"packets":	219,
				"omitted":	false,
				"sender":	true
			}
		}, {
			"streams":	[{
					"socket":	5,
					"start":	8.001136,
					"end":	9.001139,
					"seconds":	1.0000029802322388,
					"bytes":	8720,
					"bits_per_second":	69759.7920996186,
					"packets":	218,
					"omitted":	false,
					"sender":	true
				}],
			"sum":	{
				"start":	8.001136,
				"end":	9.001139,
				"seconds":	1.0000029802322388,
				"bytes":	8720,
				"bits_per_second":	69759.7920996186,
				"packets":	218,
				"omitted":	false,
				"sender":	true
			}
		}, {
			"streams":	[{
					"socket":	5,
					"start":	9.001139,
					"end":	10.001135,
					"seconds":	0.9999960064888,
					"bytes":	8760,
					"bits_per_second":	70080.279866382538,
					"packets":	219,
					"omitted":	false,
					"sender":	true
				}],
			"sum":	{
				"start":	9.001139,
				"end":	10.001135,
				"seconds":	0.9999960064888,
				"bytes":	8760,
				"bits_per_second":	70080.279866382538,
				"packets":	219,
				"omitted":	false,
				"sender":	true
			}
		}, {
			"streams":	[{
					"socket":	5,
					"start":	10.001135,
					"end":	11.001134,
					"seconds":	0.99999898672103882,
					"bytes":	8760,
					"bits_per_second":	70080.071010661559,
					"packets":	219,
					"omitted":	false,
					"sender":	true
				}],
			"sum":	{
				"start":	10.001135,
				"end":	11.001134,
				"seconds":	0.99999898672103882,
				"bytes":	8760,
				"bits_per_second":	70080.071010661559,
				"packets":	219,
				"omitted":	false,
				"sender":	true
			}
		}, {
			"streams":	[{
					"socket":	5,
					"start":	11.001134,
					"end":	12.001133,
					"seconds":	0.99999898672103882,
					"bytes":	8760,
					"bits_per_second":	70080.071010661559,
					"packets":	219,
					"omitted":	false,
					"sender":	true
				}],
			"sum":	{
				"start":	11.001134,
				"end":	12.001133,
				"seconds":	0.99999898672103882,
				"bytes":	8760,
				"bits_per_second":	70080.071010661559,
				"packets":	219,
				"omitted":	false,
				"sender":	true
			}
		}, {
			"streams":	[{
					"socket":	5,
					"start":	12.001133,
					"end":	13.001137,
					"seconds":	1.0000040531158447,
					"bytes":	8720,
					"bits_per_second":	69759.717255784664,
					"packets":	218,
					"omitted":	false,
					"sender":	true
				}],
			"sum":	{
				"start":	12.001133,
				"end":	13.001137,
				"seconds":	1.0000040531158447,
				"bytes":	8720,
				"bits_per_second":	69759.717255784664,
				"packets":	218,
				"omitted":	false,
				"sender":	true
			}
		}, {
			"streams":	[{
					"socket":	5,
					"start":	13.001137,
					"end":	14.001141,
					"seconds":	1.0000040531158447,
					"bytes":	8760,
					"bits_per_second":	70079.715958792847,
					"packets":	219,
					"omitted":	false,
					"sender":	true
				}],
			"sum":	{
				"start":	13.001137,
				"end":	14.001141,
				"seconds":	1.0000040531158447,
				"bytes":	8760,
				"bits_per_second":	70079.715958792847,
				"packets":	219,
				"omitted":	false,
				"sender":	true
			}
		}, {
			"streams":	[{
					"socket":	5,
					"start":	14.001141,
					"end":	15.001139,
					"seconds":	0.99999797344207764,
					"bytes":	8760,
					"bits_per_second":	70080.142021467,
					"packets":	219,
					"omitted":	false,
					"sender":	true
				}],
			"sum":	{
				"start":	14.001141,
				"end":	15.001139,
				"seconds":	0.99999797344207764,
				"bytes":	8760,
				"bits_per_second":	70080.142021467,