{
	"start":	{
		"connected":	[{
				"socket":	5,
				"local_host":	"fd00::8",
				"local_port":	48347,
				"remote_host":	"fd00::2",
				"remote_port":	5123
			}],
		"version":	"iperf 3.18",
		"system_info":	"Linux RPI08 6.18.29+rpt-rpi-v7 #1 SMP Raspbian 1:6.18.29-1+rpt1 (2026-05-12) armv7l",
		"timestamp":	{
			"time":	"Wed, 20 May 2026 20:08:30 GMT",
			"timesecs":	1779307710
		},
		"connecting_to":	{
			"host":	"fd00::2",
			"port":	5123
		},
		"cookie":	"w7rr5rik4is52n2tyboysz7yaujfxmcrfjlc",
		"target_bitrate":	60000,
		"fq_rate":	0,
		"sock_bufsize":	0,
		"sndbuf_actual":	180224,
		"rcvbuf_actual":	180224,
		"test_start":	{
			"protocol":	"UDP",
			"num_streams":	1,
			"blksize":	1024,
			"omit":	0,
			"duration":	30,
			"bytes":	0,
			"blocks":	0,
			"reverse":	0,
			"tos":	0,
			"target_bitrate":	60000,
			"bidir":	0,
			"fqrate":	0,
			"interval":	1
		}
	},
	"intervals":	[{
			"streams":	[{
					"socket":	5,
					"start":	0,
					"end":	1.001153,
					"seconds":	1.0011529922485352,
					"bytes":	8192,
					"bits_per_second":	65460.524522640349,
					"packets":	8,
					"omitted":	false,
					"sender":	true
				}],
			"sum":	{
				"start":	0,
				"end":	1.001153,
				"seconds":	1.0011529922485352,
				"bytes":	8192,
				"bits_per_second":	65460.524522640349,
				"packets":	8,
				"omitted":	false,
				"sender":	true
			}
		}, {
			"streams":	[{
					"socket":	5,
					"start":	1.001153,
					"end":	2.001152,
					"seconds":	0.99999898672103882,
					"bytes":	7168,
					"bits_per_second":	57344.058105527627,
					"packets":	7,
					"omitted":	false,
					"sender":	true
				}],
			"sum":	{
				"start":	1.001153,
				"end":	2.001152,
				"seconds":	0.99999898672103882,
				"bytes":	7168,
				"bits_per_second":	57344.058105527627,
				"packets":	7,
				"omitted":	false,
				"sender":	true
			}
		}, {
			"streams":	[{
					"socket":	5,
					"start":	2.001152,
					"end":	3.001171,
					"seconds":	1.0000189542770386,
					"bytes":	7168,
					"bits_per_second":	57342.913106538777,
					"packets":	7,
					"omitted":	false,
					"sender":	true
				}],
			"sum":	{
				"start":	2.001152,
				"end":	3.001171,
				"seconds":	1.0000189542770386,
				"bytes":	7168,
				"bits_per_second":	57342.913106538777,
				"packets":	7,
				"omitted":	false,
				"sender":	true
			}
		}, {
			"streams":	[{
					"socket":	5,
					"start":	3.001171,
					"end":	4.001147,
					"seconds":	0.99997597932815552,
					"bytes":	8192,
					"bits_per_second":	65537.5742565647,
					"packets":	8,
					"omitted":	false,
					"sender":	true
				}],
			"sum":	{
				"start":	3.001171,
				"end":	4.001147,
				"seconds":	0.99997597932815552,
				"bytes":	8192,
				"bits_per_second":	65537.5742565647,
				"packets":	8,
				"omitted":	false,
				"sender":	true
			}
		}, {
			"streams":	[{
					"socket":	5,
					"start":	4.001147,
					"end":	5.001153,
					"seconds":	1.0000059604644775,
					"bytes":	7168,
					"bits_per_second":	57343.658205162254,
					"packets":	7,
					"omitted":	false,
					"sender":	true
				}],
			"sum":	{
				"start":	4.001147,
				"end":	5.001153,
				"seconds":	1.0000059604644775,
				"bytes":	7168,
				"bits_per_second":	57343.658205162254,
				"packets":	7,
				"omitted":	false,
				"sender":	true
			}
		}, {
			"streams":	[{
					"socket":	5,
					"start":	5.001153,
					"end":	6.001153,
					"seconds":	1,
					"bytes":	7168,
					"bits_per_second":	57344,
					"packets":	7,
					"omitted":	false,
					"sender":	true
				}],
			"sum":	{
				"start":	5.001153,
				"end":	6.001153,
				"seconds":	1,
				"bytes":	7168,
				"bits_per_second":	57344,
				"packets":	7,
				"omitted":	false,
				"sender":	true
			}
		}, {
			"streams":	[{
					"socket":	5,
					"start":	6.001153,
					"end":	7.00115,
					"seconds":	0.99999701976776123,
					"bytes":	8192,
					"bits_per_second":	65536.195313082077,
					"packets":	8,
					"omitted":	false,
					"sender":	true
				}],
			"sum":	{
				"start":	6.001153,
				"end":	7.00115,
				"seconds":	0.99999701976776123,
				"bytes":	8192,
				"bits_per_second":	65536.195313082077,
				"packets":	8,
				"omitted":	false,
				"sender":	true
			}
		}, {
			"streams":	[{
					"socket":	5,
					"start":	7.00115,
					"end":	8.00115,
					"seconds":	1,
					"bytes":	7168,
					"bits_per_second":	57344,
					"packets":	7,
					"omitted":	false,
					"sender":	true
				}],
			"sum":	{
				"start":	7.00115,
				"end":	8.00115,
				"seconds":	1,
				"bytes":	7168,
				"bits_per_second":	57344,
				"packets":	7,
				"omitted":	false,
				"sender":	true
			}
		}, {
			"streams":	[{
					"socket":	5,
					"start":	8.00115,
					"end":	9.00115,
					"seconds":	1,
					"bytes":	7168,
					"bits_per_second":	57344,
					"packets":	7,
					"omitted":	false,
					"sender":	true
				}],
			"sum":	{
				"start":	8.00115,
				"end":	9.00115,
				"seconds":	1,
				"bytes":	7168,
				"bits_per_second":	57344,
				"packets":	7,
				"omitted":	false,
				"sender":	true
			}
		}, {
			"streams":	[{
					"socket":	5,
					"start":	9.00115,
					"end":	10.001143,
					"seconds":	0.99999302625656128,
					"bytes":	8192,
					"bits_per_second":	65536.457034437248,
					"packets":	8,
					"omitted":	false,
					"sender":	true
				}],
			"sum":	{
				"start":	9.00115,
				"end":	10.001143,
				"seconds":	0.99999302625656128,
				"bytes":	8192,
				"bits_per_second":	65536.457034437248,
				"packets":	8,
				"omitted":	false,
				"sender":	true
			}
		}, {
			"streams":	[{
					"socket":	5,
					"start":	10.001143,
					"end":	11.001142,
					"seconds":	0.99999898672103882,
					"bytes":	7168,
					"bits_per_second":	57344.058105527627,
					"packets":	7,
					"omitted":	false,
					"sender":	true
				}],
			"sum":	{
				"start":	10.001143,
				"end":	11.001142,
				"seconds":	0.99999898672103882,
				"bytes":	7168,
				"bits_per_second":	57344.058105527627,
				"packets":	7,
				"omitted":	false,
				"sender":	true
			}
		}, {
			"streams":	[{
					"socket":	5,
					"start":	11.001142,
					"end":	12.001146,
					"seconds":	1.0000040531158447,
					"bytes":	7168,
					"bits_per_second":	57343.767579067026,
					"packets":	7,
					"omitted":	false,
					"sender":	true
				}],
			"sum":	{
				"start":	11.001142,
				"end":	12.001146,
				"seconds":	1.0000040531158447,
				"bytes":	7168,
				"bits_per_second":	57343.767579067026,
				"packets":	7,
				"omitted":	false,
				"sender":	true
			}
		}, {
			"streams":	[{
					"socket":	5,
					"start":	12.001146,
					"end":	13.00115,
					"seconds":	1.0000040531158447,
					"bytes":	8192,
					"bits_per_second":	65535.7343760766,
					"packets":	8,
					"omitted":	false,
					"sender":	true
				}],
			"sum":	{
				"start":	12.001146,
				"end":	13.00115,
				"seconds":	1.0000040531158447,
				"bytes":	8192,
				"bits_per_second":	65535.7343760766,
				"packets":	8,
				"omitted":	false,
				"sender":	true
			}
		}, {
			"streams":	[{
					"socket":	5,
					"start":	13.00115,
					"end":	14.001142,
					"seconds":	0.9999920129776,
					"bytes":	7168,
					"bits_per_second":	57344.458011470648,
					"packets":	7,
					"omitted":	false,
					"sender":	true
				}],
			"sum":	{
				"start":	13.00115,
				"end":	14.001142,
				"seconds":	0.9999920129776,
				"bytes":	7168,
				"bits_per_second":	57344.458011470648,
				"packets":	7,
				"omitted":	false,
				"sender":	true
			}
		}, {
			"streams":	[{
					"socket":	5,
					"start":	14.001142,
					"end":	15.001147,
					"seconds":	1.0000050067901611,
					"bytes":	7168,
					"bits_per_second":	57343.7128920625,
					"packets":	7,
					"omitted":	false,
					"sender":	true
				}],
			"sum":	{
				"start":	14.001142,
				"end":	15.001147,
				"seconds":	1.0000050067901611,
				"bytes":	7168,
				"bits_per_second":	57343.7128920625,
				"packets":	7,
				"omitted":	false,
				"sender":	true
			}
		}, {
			"streams":	[{
					"socket":	5,
					"start":	15.001147,
					"end":	16.001146,
					"seconds":	0.99999898672103882,
					"bytes":	8192,