{
	"start":	{
		"connected":	[{
				"socket":	5,
				"local_host":	"fd00::8",
				"local_port":	36921,
				"remote_host":	"fd00::2",
				"remote_port":	5123
			}],
		"version":	"iperf 3.18",
		"system_info":	"Linux RPI08 6.18.29+rpt-rpi-v7 #1 SMP Raspbian 1:6.18.29-1+rpt1 (2026-05-12) armv7l",
		"timestamp":	{
			"time":	"Wed, 20 May 2026 20:01:25 GMT",
			"timesecs":	1779307285
		},
		"connecting_to":	{
			"host":	"fd00::2",
			"port":	5123
		},
		"cookie":	"c3elf7ywvupdavv4fmgl5rjy3mbidapjqsg2",
		"target_bitrate":	50000,
		"fq_rate":	0,
		"sock_bufsize":	0,
		"sndbuf_actual":	180224,
		"rcvbuf_actual":	180224,
		"test_start":	{
			"protocol":	"UDP",
			"num_streams":	1,
			"blksize":	128,
			"omit":	0,
			"duration":	30,
			"bytes":	0,
			"blocks":	0,
			"reverse":	0,
			"tos":	0,
			"target_bitrate":	50000,
			"bidir":	0,
			"fqrate":	0,
			"interval":	1
		}
	},
	"intervals":	[{
			"streams":	[{
					"socket":	5,
					"start":	0,
					"end":	1.00114,
					"seconds":	1.0011399984359741,
					"bytes":	6272,
					"bits_per_second":	50118.864572774241,
					"packets":	49,
					"omitted":	false,
					"sender":	true
				}],
			"sum":	{
				"start":	0,
				"end":	1.00114,
				"seconds":	1.0011399984359741,
				"bytes":	6272,
				"bits_per_second":	50118.864572774241,
				"packets":	49,
				"omitted":	false,
				"sender":	true
			}
		}, {
			"streams":	[{
					"socket":	5,
					"start":	1.00114,
					"end":	2.001132,
					"seconds":	0.9999920129776,
					"bytes":	6272,
					"bits_per_second":	50176.40076003682,
					"packets":	49,
					"omitted":	false,
					"sender":	true
				}],
			"sum":	{
				"start":	1.00114,
				"end":	2.001132,
				"seconds":	0.9999920129776,
				"bytes":	6272,
				"bits_per_second":	50176.40076003682,
				"packets":	49,
				"omitted":	false,
				"sender":	true
			}
		}, {
			"streams":	[{
					"socket":	5,
					"start":	2.001132,
					"end":	3.001145,
					"seconds":	1.000012993812561,
					"bytes":	6272,
					"bits_per_second":	50175.3480309325,
					"packets":	49,
					"omitted":	false,
					"sender":	true
				}],
			"sum":	{
				"start":	2.001132,
				"end":	3.001145,
				"seconds":	1.000012993812561,
				"bytes":	6272,
				"bits_per_second":	50175.3480309325,
				"packets":	49,
				"omitted":	false,
				"sender":	true
			}
		}, {
			"streams":	[{
					"socket":	5,
					"start":	3.001145,
					"end":	4.001141,
					"seconds":	0.9999960064888,
					"bytes":	6272,
					"bits_per_second":	50176.200379218186,
					"packets":	49,
					"omitted":	false,
					"sender":	true
				}],
			"sum":	{
				"start":	3.001145,
				"end":	4.001141,
				"seconds":	0.9999960064888,
				"bytes":	6272,
				"bits_per_second":	50176.200379218186,
				"packets":	49,
				"omitted":	false,
				"sender":	true
			}
		}, {
			"streams":	[{
					"socket":	5,
					"start":	4.001141,
					"end":	5.001134,
					"seconds":	0.99999302625656128,
					"bytes":	6272,
					"bits_per_second":	50176.349916991014,
					"packets":	49,
					"omitted":	false,
					"sender":	true
				}],
			"sum":	{
				"start":	4.001141,
				"end":	5.001134,
				"seconds":	0.99999302625656128,
				"bytes":	6272,
				"bits_per_second":	50176.349916991014,
				"packets":	49,
				"omitted":	false,
				"sender":	true
			}
		}, {
			"streams":	[{
					"socket":	5,
					"start":	5.001134,
					"end":	6.001138,
					"seconds":	1.0000040531158447,
					"bytes":	6272,
					"bits_per_second":	50175.796631683654,
					"packets":	49,
					"omitted":	false,
					"sender":	true
				}],
			"sum":	{
				"start":	5.001134,
				"end":	6.001138,
				"seconds":	1.0000040531158447,
				"bytes":	6272,
				"bits_per_second":	50175.796631683654,
				"packets":	49,
				"omitted":	false,
				"sender":	true
			}
		}, {
			"streams":	[{
					"socket":	5,
					"start":	6.001138,
					"end":	7.001142,
					"seconds":	1.0000040531158447,
					"bytes":	6144,
					"bits_per_second":	49151.800782057457,
					"packets":	48,
					"omitted":	false,
					"sender":	true
				}],
			"sum":	{
				"start":	6.001138,
				"end":	7.001142,
				"seconds":	1.0000040531158447,
				"bytes":	6144,
				"bits_per_second":	49151.800782057457,
				"packets":	48,
				"omitted":	false,
				"sender":	true
			}
		}, {
			"streams":	[{
					"socket":	5,
					"start":	7.001142,
					"end":	8.001144,
					"seconds":	1.0000020265579224,
					"bytes":	6272,
					"bits_per_second":	50175.898315635757,
					"packets":	49,
					"omitted":	false,
					"sender":	true
				}],
			"sum":	{
				"start":	7.001142,
				"end":	8.001144,
				"seconds":	1.0000020265579224,
				"bytes":	6272,
				"bits_per_second":	50175.898315635757,
				"packets":	49,
				"omitted":	false,
				"sender":	true
			}
		}, {
			"streams":	[{
					"socket":	5,
					"start":	8.001144,
					"end":	9.001134,
					"seconds":	0.99998998641967773,
					"bytes":	6272,
					"bits_per_second":	50176.502446437538,
					"packets":	49,
					"omitted":	false,
					"sender":	true
				}],
			"sum":	{
				"start":	8.001144,
				"end":	9.001134,
				"seconds":	0.99998998641967773,
				"bytes":	6272,
				"bits_per_second":	50176.502446437538,
				"packets":	49,
				"omitted":	false,
				"sender":	true
			}
		}, {
			"streams":	[{
					"socket":	5,
					"start":	9.001134,
					"end":	10.001132,
					"seconds":	0.99999797344207764,
					"bytes":	6272,
					"bits_per_second":	50176.101684776382,
					"packets":	49,
					"omitted":	false,
					"sender":	true
				}],
			"sum":	{
				"start":	9.001134,
				"end":	10.001132,
				"seconds":	0.99999797344207764,
				"bytes":	6272,
				"bits_per_second":	50176.101684776382,
				"packets":	49,
				"omitted":	false,
				"sender":	true
			}
		}, {
			"streams":	[{
					"socket":	5,
					"start":	10.001132,
					"end":	11.001132,
					"seconds":	1,
					"bytes":	6272,
					"bits_per_second":	50176,
					"packets":	49,
					"omitted":	false,
					"sender":	true
				}],
			"sum":	{
				"start":	10.001132,
				"end":	11.001132,
				"seconds":	1,
				"bytes":	6272,
				"bits_per_second":	50176,
				"packets":	49,
				"omitted":	false,
				"sender":	true
			}
		}, {
			"streams":	[{
					"socket":	5,
					"start":	11.001132,
					"end":	12.001141,
					"seconds":	1.0000089406967163,
					"bytes":	6144,
					"bits_per_second":	49151.560550803981,
					"packets":	48,
					"omitted":	false,
					"sender":	true
				}],
			"sum":	{
				"start":	11.001132,
				"end":	12.001141,
				"seconds":	1.0000089406967163,
				"bytes":	6144,
				"bits_per_second":	49151.560550803981,
				"packets":	48,
				"omitted":	false,
				"sender":	true
			}
		}, {
			"streams":	[{
					"socket":	5,
					"start":	12.001141,
					"end":	13.001135,
					"seconds":	0.99999397993087769,
					"bytes":	6272,
					"bits_per_second":	50176.302064806732,
					"packets":	49,
					"omitted":	false,
					"sender":	true
				}],
			"sum":	{
				"start":	12.001141,
				"end":	13.001135,
				"seconds":	0.99999397993087769,
				"bytes":	6272,
				"bits_per_second":	50176.302064806732,
				"packets":	49,
				"omitted":	false,
				"sender":	true
			}
		}, {
			"streams":	[{
					"socket":	5,
					"start":	13.001135,
					"end":	14.001141,
					"seconds":	1.0000059604644775,
					"bytes":	6272,
					"bits_per_second":	50175.700929516977,
					"packets":	49,
					"omitted":	false,
					"sender":	true
				}],
			"sum":	{
				"start":	13.001135,
				"end":	14.001141,
				"seconds":	1.0000059604644775,
				"bytes":	6272,
				"bits_per_second":	50175.700929516977,
				"packets":	49,
				"omitted":	false,
				"sender":	true
			}
		}, {
			"streams":	[{
					"socket":	5,
					"start":	14.001141,
					"end":	15.001141,
					"seconds":	1,
					"bytes":	6272,
					"bits_per_second":	50176,
					"packets":	49,
					"omitted":	false,
					"sender":	true
				}],
			"sum":	{
				"start":	14.001141,
				"end":	15.001141,
				"seconds":	1,
				"bytes":	6272,
				"bits_per_second":	50176,
				"packets":	49,
				"omitted":	false,
				"sender":	true
			}
		}, {
			"streams":	[{
					"socket":	5,
					"start":	15.001141,