{
	"start":	{
		"connected":	[{
				"socket":	5,
				"local_host":	"fd00::8",
				"local_port":	37148,
				"remote_host":	"fd00::2",
				"remote_port":	5123
			}],
		"version":	"iperf 3.18",
		"system_info":	"Linux RPI08 6.18.29+rpt-rpi-v7 #1 SMP Raspbian 1:6.18.29-1+rpt1 (2026-05-12) armv7l",
		"timestamp":	{
			"time":	"Wed, 20 May 2026 20:10:16 GMT",
			"timesecs":	1779307816
		},
		"connecting_to":	{
			"host":	"fd00::2",
			"port":	5123
		},
		"cookie":	"wbhy4n3hr34ijrrf77mwksyimtgvvciuxwhy",
		"target_bitrate":	70000,
		"fq_rate":	0,
		"sock_bufsize":	0,
		"sndbuf_actual":	180224,
		"rcvbuf_actual":	180224,
		"test_start":	{
			"protocol":	"UDP",
			"num_streams":	1,
			"blksize":	128,
			"omit":	0,
			"duration":	30,
			"bytes":	0,
			"blocks":	0,
			"reverse":	0,
			"tos":	0,
			"target_bitrate":	70000,
			"bidir":	0,
			"fqrate":	0,
			"interval":	1
		}
	},
	"intervals":	[{
			"streams":	[{
					"socket":	5,
					"start":	0,
					"end":	1.001097,
					"seconds":	1.0010969638824463,
					"bytes":	8832,
					"bits_per_second":	70578.577849225,
					"packets":	69,
					"omitted":	false,
					"sender":	true
				}],
			"sum":	{
				"start":	0,
				"end":	1.001097,
				"seconds":	1.0010969638824463,
				"bytes":	8832,
				"bits_per_second":	70578.577849225,
				"packets":	69,
				"omitted":	false,
				"sender":	true
			}
		}, {
			"streams":	[{
					"socket":	5,
					"start":	1.001097,
					"end":	2.001143,
					"seconds":	1.0000460147857666,
					"bytes":	8704,
					"bits_per_second":	69628.796045866766,
					"packets":	68,
					"omitted":	false,
					"sender":	true
				}],
			"sum":	{
				"start":	1.001097,
				"end":	2.001143,
				"seconds":	1.0000460147857666,
				"bytes":	8704,
				"bits_per_second":	69628.796045866766,
				"packets":	68,
				"omitted":	false,
				"sender":	true
			}
		}, {
			"streams":	[{
					"socket":	5,
					"start":	2.001143,
					"end":	3.001133,
					"seconds":	0.99998998641967773,
					"bytes":	8832,
					"bits_per_second":	70656.707526616126,
					"packets":	69,
					"omitted":	false,
					"sender":	true
				}],
			"sum":	{
				"start":	2.001143,
				"end":	3.001133,
				"seconds":	0.99998998641967773,
				"bytes":	8832,
				"bits_per_second":	70656.707526616126,
				"packets":	69,
				"omitted":	false,
				"sender":	true
			}
		}, {
			"streams":	[{
					"socket":	5,
					"start":	3.001133,
					"end":	4.00114,
					"seconds":	1.0000070333480835,
					"bytes":	8704,
					"bits_per_second":	69631.510257350776,
					"packets":	68,
					"omitted":	false,
					"sender":	true
				}],
			"sum":	{
				"start":	3.001133,
				"end":	4.00114,
				"seconds":	1.0000070333480835,
				"bytes":	8704,
				"bits_per_second":	69631.510257350776,
				"packets":	68,
				"omitted":	false,
				"sender":	true
			}
		}, {
			"streams":	[{
					"socket":	5,
					"start":	4.00114,
					"end":	5.001133,
					"seconds":	0.99999302625656128,
					"bytes":	8704,
					"bits_per_second":	69632.485599089574,
					"packets":	68,
					"omitted":	false,
					"sender":	true
				}],
			"sum":	{
				"start":	4.00114,
				"end":	5.001133,
				"seconds":	0.99999302625656128,
				"bytes":	8704,
				"bits_per_second":	69632.485599089574,
				"packets":	68,
				"omitted":	false,
				"sender":	true
			}
		}, {
			"streams":	[{
					"socket":	5,
					"start":	5.001133,
					"end":	6.001138,
					"seconds":	1.0000050067901611,
					"bytes":	8832,
					"bits_per_second":	70655.646242005561,
					"packets":	69,
					"omitted":	false,
					"sender":	true
				}],
			"sum":	{
				"start":	5.001133,
				"end":	6.001138,
				"seconds":	1.0000050067901611,
				"bytes":	8832,
				"bits_per_second":	70655.646242005561,
				"packets":	69,
				"omitted":	false,
				"sender":	true
			}
		}, {
			"streams":	[{
					"socket":	5,
					"start":	6.001138,
					"end":	7.001138,
					"seconds":	1,
					"bytes":	8704,
					"bits_per_second":	69632,
					"packets":	68,
					"omitted":	false,
					"sender":	true
				}],
			"sum":	{
				"start":	6.001138,
				"end":	7.001138,
				"seconds":	1,
				"bytes":	8704,
				"bits_per_second":	69632,
				"packets":	68,
				"omitted":	false,
				"sender":	true
			}
		}, {
			"streams":	[{
					"socket":	5,
					"start":	7.001138,
					"end":	8.001141,
					"seconds":	1.0000029802322388,
					"bytes":	8704,
					"bits_per_second":	69631.7924810872,
					"packets":	68,
					"omitted":	false,
					"sender":	true
				}],
			"sum":	{
				"start":	7.001138,
				"end":	8.001141,
				"seconds":	1.0000029802322388,
				"bytes":	8704,
				"bits_per_second":	69631.7924810872,
				"packets":	68,
				"omitted":	false,
				"sender":	true
			}
		}, {
			"streams":	[{
					"socket":	5,
					"start":	8.001141,
					"end":	9.001141,
					"seconds":	1,
					"bytes":	8832,
					"bits_per_second":	70656,
					"packets":	69,
					"omitted":	false,
					"sender":	true
				}],
			"sum":	{
				"start":	8.001141,
				"end":	9.001141,
				"seconds":	1,
				"bytes":	8832,
				"bits_per_second":	70656,
				"packets":	69,
				"omitted":	false,
				"sender":	true
			}
		}, {
			"streams":	[{
					"socket":	5,
					"start":	9.001141,
					"end":	10.001129,
					"seconds":	0.9999880194664,
					"bytes":	8704,
					"bits_per_second":	69632.834238510244,
					"packets":	68,
					"omitted":	false,
					"sender":	true
				}],
			"sum":	{
				"start":	9.001141,
				"end":	10.001129,
				"seconds":	0.9999880194664,
				"bytes":	8704,
				"bits_per_second":	69632.834238510244,
				"packets":	68,
				"omitted":	false,
				"sender":	true
			}
		}, {
			"streams":	[{
					"socket":	5,
					"start":	10.001129,
					"end":	11.001137,
					"seconds":	1.0000079870224,
					"bytes":	8832,
					"bits_per_second":	70655.4356734526,
					"packets":	69,
					"omitted":	false,
					"sender":	true
				}],
			"sum":	{
				"start":	10.001129,
				"end":	11.001137,
				"seconds":	1.0000079870224,
				"bytes":	8832,
				"bits_per_second":	70655.4356734526,
				"packets":	69,
				"omitted":	false,
				"sender":	true
			}
		}, {
			"streams":	[{
					"socket":	5,
					"start":	11.001137,
					"end":	12.00115,
					"seconds":	1.000012993812561,
					"bytes":	8704,
					"bits_per_second":	69631.0952266002,
					"packets":	68,
					"omitted":	false,
					"sender":	true
				}],
			"sum":	{
				"start":	11.001137,
				"end":	12.00115,
				"seconds":	1.000012993812561,
				"bytes":	8704,
				"bits_per_second":	69631.0952266002,
				"packets":	68,
				"omitted":	false,
				"sender":	true
			}
		}, {
			"streams":	[{
					"socket":	5,
					"start":	12.00115,
					"end":	13.001134,
					"seconds":	0.9999840259552002,
					"bytes":	8704,
					"bits_per_second":	69633.1123224558,
					"packets":	68,
					"omitted":	false,
					"sender":	true
				}],
			"sum":	{
				"start":	12.00115,
				"end":	13.001134,
				"seconds":	0.9999840259552002,
				"bytes":	8704,
				"bits_per_second":	69633.1123224558,
				"packets":	68,
				"omitted":	false,
				"sender":	true
			}
		}, {
			"streams":	[{
					"socket":	5,
					"start":	13.001134,
					"end":	14.00114,
					"seconds":	1.0000059604644775,
					"bytes":	8832,
					"bits_per_second":	70655.578859932066,
					"packets":	69,
					"omitted":	false,
					"sender":	true
				}],
			"sum":	{
				"start":	13.001134,
				"end":	14.00114,
				"seconds":	1.0000059604644775,
				"bytes":	8832,
				"bits_per_second":	70655.578859932066,
				"packets":	69,
				"omitted":	false,
				"sender":	true
			}
		}, {
			"streams":	[{
					"socket":	5,
					"start":	14.00114,
					"end":	15.001139,
					"seconds":	0.99999898672103882,
					"bytes":	8704,
					"bits_per_second":	69632.0705567121,
					"packets":	68,
					"omitted":	false,
					"sender":	true
				}],
			"sum":	{
				"start":	14.00114,
				"end":	15.001139,
				"seconds":	0.99999898672103882,
				"bytes":	8704,
				"bits_per_second":	69632.0705567121,
				"packets":	68,
				"omitted":	false,
				"sender":	true
			}
		}, {
			"streams":	[{
					"socket":	5,
					"start":	15.001139,
					"end":	16.001138,