{
	"start":	{
		"connected":	[{
				"socket":	5,
				"local_host":	"fd00::8",
				"local_port":	51437,
				"remote_host":	"fd00::4",
				"remote_port":	5123
			}],
		"version":	"iperf 3.18",
		"system_info":	"Linux RPI08 6.12.47+rpt-rpi-v7 #1 SMP Raspbian 1:6.12.47-1+rpt1 (2025-09-16) armv7l",
		"timestamp":	{
			"time":	"Sun, 10 May 2026 12:11:26 GMT",
			"timesecs":	1778415086
		},
		"connecting_to":	{
			"host":	"fd00::4",
			"port":	5123
		},
		"cookie":	"wi4ktucryjutntdiy62wletrbjjzwrw7hpqm",
		"target_bitrate":	30000,
		"fq_rate":	0,
		"sock_bufsize":	0,
		"sndbuf_actual":	180224,
		"rcvbuf_actual":	180224,
		"test_start":	{
			"protocol":	"UDP",
			"num_streams":	1,
			"blksize":	64,
			"omit":	0,
			"duration":	10,
			"bytes":	0,
			"blocks":	0,
			"reverse":	0,
			"tos":	0,
			"target_bitrate":	30000,
			"bidir":	0,
			"fqrate":	0,
			"interval":	1
		}
	},
	"intervals":	[{
			"streams":	[{
					"socket":	5,
					"start":	0,
					"end":	1.001155,
					"seconds":	1.0011550188064575,
					"bytes":	3776,
					"bits_per_second":	30173.149444941038,
					"packets":	59,
					"omitted":	false,
					"sender":	true
				}],
			"sum":	{
				"start":	0,
				"end":	1.001155,
				"seconds":	1.0011550188064575,
				"bytes":	3776,
				"bits_per_second":	30173.149444941038,
				"packets":	59,
				"omitted":	false,
				"sender":	true
			}
		}, {
			"streams":	[{
					"socket":	5,
					"start":	1.001155,
					"end":	2.001136,
					"seconds":	0.99998098611831665,
					"bytes":	3776,
					"bits_per_second":	30208.574382259128,
					"packets":	59,
					"omitted":	false,
					"sender":	true
				}],
			"sum":	{
				"start":	1.001155,
				"end":	2.001136,
				"seconds":	0.99998098611831665,
				"bytes":	3776,
				"bits_per_second":	30208.574382259128,
				"packets":	59,
				"omitted":	false,
				"sender":	true
			}
		}, {
			"streams":	[{
					"socket":	5,
					"start":	2.001136,
					"end":	3.00113,
					"seconds":	0.99999397993087769,
					"bytes":	3712,
					"bits_per_second":	29696.178773048883,
					"packets":	58,
					"omitted":	false,
					"sender":	true
				}],
			"sum":	{
				"start":	2.001136,
				"end":	3.00113,
				"seconds":	0.99999397993087769,
				"bytes":	3712,
				"bits_per_second":	29696.178773048883,
				"packets":	58,
				"omitted":	false,
				"sender":	true
			}
		}, {
			"streams":	[{
					"socket":	5,
					"start":	3.00113,
					"end":	4.001124,
					"seconds":	0.99999397993087769,
					"bytes":	3776,
					"bits_per_second":	30208.181855342827,
					"packets":	59,
					"omitted":	false,
					"sender":	true
				}],
			"sum":	{
				"start":	3.00113,
				"end":	4.001124,
				"seconds":	0.99999397993087769,
				"bytes":	3776,
				"bits_per_second":	30208.181855342827,
				"packets":	59,
				"omitted":	false,
				"sender":	true
			}
		}, {
			"streams":	[{
					"socket":	5,
					"start":	4.001124,
					"end":	5.001141,
					"seconds":	1.0000170469284058,
					"bytes":	3776,
					"bits_per_second":	30207.485055164947,
					"packets":	59,
					"omitted":	false,
					"sender":	true
				}],
			"sum":	{
				"start":	4.001124,
				"end":	5.001141,
				"seconds":	1.0000170469284058,
				"bytes":	3776,
				"bits_per_second":	30207.485055164947,
				"packets":	59,
				"omitted":	false,
				"sender":	true
			}
		}, {
			"streams":	[{
					"socket":	5,
					"start":	5.001141,
					"end":	6.001152,
					"seconds":	1.0000109672546387,
					"bytes":	3712,
					"bits_per_second":	29695.674319978065,
					"packets":	58,
					"omitted":	false,
					"sender":	true
				}],
			"sum":	{
				"start":	5.001141,
				"end":	6.001152,
				"seconds":	1.0000109672546387,
				"bytes":	3712,
				"bits_per_second":	29695.674319978065,
				"packets":	58,
				"omitted":	false,
				"sender":	true
			}
		}, {
			"streams":	[{
					"socket":	5,
					"start":	6.001152,
					"end":	7.00113,
					"seconds":	0.999978005886078,
					"bytes":	3776,
					"bits_per_second":	30208.664412806531,
					"packets":	59,
					"omitted":	false,
					"sender":	true
				}],
			"sum":	{
				"start":	6.001152,
				"end":	7.00113,
				"seconds":	0.999978005886078,
				"bytes":	3776,
				"bits_per_second":	30208.664412806531,
				"packets":	59,
				"omitted":	false,
				"sender":	true
			}
		}, {
			"streams":	[{
					"socket":	5,
					"start":	7.00113,
					"end":	8.001124,
					"seconds":	0.99999397993087769,
					"bytes":	3712,
					"bits_per_second":	29696.178773048883,
					"packets":	58,
					"omitted":	false,
					"sender":	true
				}],
			"sum":	{
				"start":	7.00113,
				"end":	8.001124,
				"seconds":	0.99999397993087769,
				"bytes":	3712,
				"bits_per_second":	29696.178773048883,
				"packets":	58,
				"omitted":	false,
				"sender":	true
			}
		}, {
			"streams":	[{
					"socket":	5,
					"start":	8.001124,
					"end":	9.001133,
					"seconds":	1.0000089406967163,
					"bytes":	3776,
					"bits_per_second":	30207.72992184828,
					"packets":	59,
					"omitted":	false,
					"sender":	true
				}],
			"sum":	{
				"start":	8.001124,
				"end":	9.001133,
				"seconds":	1.0000089406967163,
				"bytes":	3776,
				"bits_per_second":	30207.72992184828,
				"packets":	59,
				"omitted":	false,
				"sender":	true
			}
		}, {
			"streams":	[{
					"socket":	5,
					"start":	9.001133,
					"end":	10.002444,
					"seconds":	1.00131094455719,
					"bytes":	3712,
					"bits_per_second":	29657.121158435428,
					"packets":	58,
					"omitted":	false,
					"sender":	true
				}],
			"sum":	{
				"start":	9.001133,
				"end":	10.002444,
				"seconds":	1.00131094455719,
				"bytes":	3712,
				"bits_per_second":	29657.121158435428,
				"packets":	58,
				"omitted":	false,
				"sender":	true
			}
		}],
	"end":	{
		"streams":	[{
				"udp":	{
					"socket":	5,
					"start":	0,
					"end":	10.002444,
					"seconds":	10.002444,
					"bytes":	37504,
					"bits_per_second":	29995.869009614049,
					"jitter_ms":	1.12370604453661,
					"lost_packets":	8,
					"packets":	586,
					"lost_percent":	1.36518771331058,
					"out_of_order":	0,
					"sender":	true
				}
			}],
		"sum":	{
			"start":	0,
			"end":	10.027975,
			"seconds":	10.027975,
			"bytes":	37504,
			"bits_per_second":	29995.869009614049,
			"jitter_ms":	1.12370604453661,
			"lost_packets":	8,
			"packets":	586,
			"lost_percent":	1.36518771331058,
			"sender":	true
		},
		"sum_sent":	{
			"start":	0,
			"end":	10.002444,
			"seconds":	10.002444,
			"bytes":	37504,
			"bits_per_second":	29995.869009614049,
			"jitter_ms":	0,
			"lost_packets":	0,
			"packets":	586,
			"lost_percent":	0,
			"sender":	true
		},
		"sum_received":	{
			"start":	0,
			"end":	10.027975,
			"seconds":	10.027975,
			"bytes":	36992,
			"bits_per_second":	29511.042857605848,
			"jitter_ms":	1.12370604453661,
			"lost_packets":	8,
			"packets":	586,
			"lost_percent":	1.36518771331058,
			"sender":	false
		},
		"cpu_utilization_percent":	{
			"host_total":	0.675550920048441,
			"host_user":	0.22581623386045535,
			"host_system":	0.4497841075820721,
			"remote_total":	0.688937884104709,
			"remote_user":	0.21600109291906117,
			"remote_system":	0.47293679118564763
		}
	},