{
	"start":	{
		"connected":	[{
				"socket":	5,
				"local_host":	"fd00::8",
				"local_port":	40156,
				"remote_host":	"fd00::4",
				"remote_port":	5123
			}],
		"version":	"iperf 3.18",
		"system_info":	"Linux RPI08 6.12.47+rpt-rpi-v7 #1 SMP Raspbian 1:6.12.47-1+rpt1 (2025-09-16) armv7l",
		"timestamp":	{
			"time":	"Sun, 10 May 2026 12:10:41 GMT",
			"timesecs":	1778415041
		},
		"connecting_to":	{
			"host":	"fd00::4",
			"port":	5123
		},
		"cookie":	"d2rqlgchxfxesu2r7iid57y6x7cey2khcwyw",
		"target_bitrate":	20000,
		"fq_rate":	0,
		"sock_bufsize":	0,
		"sndbuf_actual":	180224,
		"rcvbuf_actual":	180224,
		"test_start":	{
			"protocol":	"UDP",
			"num_streams":	1,
			"blksize":	128,
			"omit":	0,
			"duration":	10,
			"bytes":	0,
			"blocks":	0,
			"reverse":	0,
			"tos":	0,
			"target_bitrate":	20000,
			"bidir":	0,
			"fqrate":	0,
			"interval":	1
		}
	},
	"intervals":	[{
			"streams":	[{
					"socket":	5,
					"start":	0,
					"end":	1.00089,
					"seconds":	1.0008900165557861,
					"bytes":	2560,
					"bits_per_second":	20461.7886693233,
					"packets":	20,
					"omitted":	false,
					"sender":	true
				}],
			"sum":	{
				"start":	0,
				"end":	1.00089,
				"seconds":	1.0008900165557861,
				"bytes":	2560,
				"bits_per_second":	20461.7886693233,
				"packets":	20,
				"omitted":	false,
				"sender":	true
			}
		}, {
			"streams":	[{
					"socket":	5,
					"start":	1.00089,
					"end":	2.001122,
					"seconds":	1.0002319812774658,
					"bytes":	2560,
					"bits_per_second":	20475.2501253195,
					"packets":	20,
					"omitted":	false,
					"sender":	true
				}],
			"sum":	{
				"start":	1.00089,
				"end":	2.001122,
				"seconds":	1.0002319812774658,
				"bytes":	2560,
				"bits_per_second":	20475.2501253195,
				"packets":	20,
				"omitted":	false,
				"sender":	true
			}
		}, {
			"streams":	[{
					"socket":	5,
					"start":	2.001122,
					"end":	3.001127,
					"seconds":	1.0000050067901611,
					"bytes":	2432,
					"bits_per_second":	19455.902588378343,
					"packets":	19,
					"omitted":	false,
					"sender":	true
				}],
			"sum":	{
				"start":	2.001122,
				"end":	3.001127,
				"seconds":	1.0000050067901611,
				"bytes":	2432,
				"bits_per_second":	19455.902588378343,
				"packets":	19,
				"omitted":	false,
				"sender":	true
			}
		}, {
			"streams":	[{
					"socket":	5,
					"start":	3.001127,
					"end":	4.001121,
					"seconds":	0.99999397993087769,
					"bytes":	2560,
					"bits_per_second":	20480.123291757849,
					"packets":	20,
					"omitted":	false,
					"sender":	true
				}],
			"sum":	{
				"start":	3.001127,
				"end":	4.001121,
				"seconds":	0.99999397993087769,
				"bytes":	2560,
				"bits_per_second":	20480.123291757849,
				"packets":	20,
				"omitted":	false,
				"sender":	true
			}
		}, {
			"streams":	[{
					"socket":	5,
					"start":	4.001121,
					"end":	5.001122,
					"seconds":	1.0000009536743164,
					"bytes":	2432,
					"bits_per_second":	19455.9814453302,
					"packets":	19,
					"omitted":	false,
					"sender":	true
				}],
			"sum":	{
				"start":	4.001121,
				"end":	5.001122,
				"seconds":	1.0000009536743164,
				"bytes":	2432,
				"bits_per_second":	19455.9814453302,
				"packets":	19,
				"omitted":	false,
				"sender":	true
			}
		}, {
			"streams":	[{
					"socket":	5,
					"start":	5.001122,
					"end":	6.001119,
					"seconds":	0.99999701976776123,
					"bytes":	2560,
					"bits_per_second":	20480.061035338149,
					"packets":	20,
					"omitted":	false,
					"sender":	true
				}],
			"sum":	{
				"start":	5.001122,
				"end":	6.001119,
				"seconds":	0.99999701976776123,
				"bytes":	2560,
				"bits_per_second":	20480.061035338149,
				"packets":	20,
				"omitted":	false,
				"sender":	true
			}
		}, {
			"streams":	[{
					"socket":	5,
					"start":	6.001119,
					"end":	7.001121,
					"seconds":	1.0000020265579224,
					"bytes":	2432,
					"bits_per_second":	19455.960571368967,
					"packets":	19,
					"omitted":	false,
					"sender":	true
				}],
			"sum":	{
				"start":	6.001119,
				"end":	7.001121,
				"seconds":	1.0000020265579224,
				"bytes":	2432,
				"bits_per_second":	19455.960571368967,
				"packets":	19,
				"omitted":	false,
				"sender":	true
			}
		}, {
			"streams":	[{
					"socket":	5,
					"start":	7.001121,
					"end":	8.001122,
					"seconds":	1.0000009536743164,
					"bytes":	2560,
					"bits_per_second":	20479.980468768626,
					"packets":	20,
					"omitted":	false,
					"sender":	true
				}],
			"sum":	{
				"start":	7.001121,
				"end":	8.001122,
				"seconds":	1.0000009536743164,
				"bytes":	2560,
				"bits_per_second":	20479.980468768626,
				"packets":	20,
				"omitted":	false,
				"sender":	true
			}
		}, {
			"streams":	[{
					"socket":	5,
					"start":	8.001122,
					"end":	9.001116,
					"seconds":	0.99999397993087769,
					"bytes":	2432,
					"bits_per_second":	19456.117127169957,
					"packets":	19,
					"omitted":	false,
					"sender":	true
				}],
			"sum":	{
				"start":	8.001122,
				"end":	9.001116,
				"seconds":	0.99999397993087769,
				"bytes":	2432,
				"bits_per_second":	19456.117127169957,
				"packets":	19,
				"omitted":	false,
				"sender":	true
			}
		}, {
			"streams":	[{
					"socket":	5,
					"start":	9.001116,
					"end":	10.002764,
					"seconds":	1.00164794921875,
					"bytes":	2560,
					"bits_per_second":	20446.305526780819,
					"packets":	20,
					"omitted":	false,
					"sender":	true
				}],
			"sum":	{
				"start":	9.001116,
				"end":	10.002764,
				"seconds":	1.00164794921875,
				"bytes":	2560,
				"bits_per_second":	20446.305526780819,
				"packets":	20,
				"omitted":	false,
				"sender":	true
			}
		}],
	"end":	{
		"streams":	[{
				"udp":	{
					"socket":	5,
					"start":	0,
					"end":	10.002764,
					"seconds":	10.002764,
					"bytes":	25088,
					"bits_per_second":	20064.854074333853,
					"jitter_ms":	1.9444053784406932,
					"lost_packets":	0,
					"packets":	196,
					"lost_percent":	0,
					"out_of_order":	0,
					"sender":	true
				}
			}],
		"sum":	{
			"start":	0,
			"end":	10.02541,
			"seconds":	10.02541,
			"bytes":	25088,
			"bits_per_second":	20064.854074333853,
			"jitter_ms":	1.9444053784406932,
			"lost_packets":	0,
			"packets":	196,
			"lost_percent":	0,
			"sender":	true
		},
		"sum_sent":	{
			"start":	0,
			"end":	10.002764,
			"seconds":	10.002764,
			"bytes":	25088,
			"bits_per_second":	20064.854074333853,
			"jitter_ms":	0,
			"lost_packets":	0,
			"packets":	196,
			"lost_percent":	0,
			"sender":	true
		},
		"sum_received":	{
			"start":	0,
			"end":	10.02541,
			"seconds":	10.02541,
			"bytes":	25088,
			"bits_per_second":	20019.530373321388,
			"jitter_ms":	1.9444053784406932,
			"lost_packets":	0,
			"packets":	196,
			"lost_percent":	0,
			"sender":	false
		},
		"cpu_utilization_percent":	{
			"host_total":	0.29551179244986248,
			"host_user":	0.14774621683441536,
			"host_system":	0.14774621683441536,
			"remote_total":	0.31568131916469577,
			"remote_user":	0,
			"remote_system":	0.31569129361315118
		}
	},