{
	"start":	{
		"connected":	[{
				"socket":	5,
				"local_host":	"fd00::8",
				"local_port":	52777,
				"remote_host":	"fd00::4",
				"remote_port":	5123
			}],
		"version":	"iperf 3.18",
		"system_info":	"Linux RPI08 6.12.47+rpt-rpi-v7 #1 SMP Raspbian 1:6.12.47-1+rpt1 (2025-09-16) armv7l",
		"timestamp":	{
			"time":	"Sun, 10 May 2026 12:11:37 GMT",
			"timesecs":	1778415097
		},
		"connecting_to":	{
			"host":	"fd00::4",
			"port":	5123
		},
		"cookie":	"v2n2v3zsrpg2gxdrmgieyrfpshj3ripg77jr",
		"target_bitrate":	30000,
		"fq_rate":	0,
		"sock_bufsize":	0,
		"sndbuf_actual":	180224,
		"rcvbuf_actual":	180224,
		"test_start":	{
			"protocol":	"UDP",
			"num_streams":	1,
			"blksize":	128,
			"omit":	0,
			"duration":	10,
			"bytes":	0,
			"blocks":	0,
			"reverse":	0,
			"tos":	0,
			"target_bitrate":	30000,
			"bidir":	0,
			"fqrate":	0,
			"interval":	1
		}
	},
	"intervals":	[{
			"streams":	[{
					"socket":	5,
					"start":	0,
					"end":	1.001152,
					"seconds":	1.0011520385742188,
					"bytes":	3840,
					"bits_per_second":	30684.650099449031,
					"packets":	30,
					"omitted":	false,
					"sender":	true
				}],
			"sum":	{
				"start":	0,
				"end":	1.001152,
				"seconds":	1.0011520385742188,
				"bytes":	3840,
				"bits_per_second":	30684.650099449031,
				"packets":	30,
				"omitted":	false,
				"sender":	true
			}
		}, {
			"streams":	[{
					"socket":	5,
					"start":	1.001152,
					"end":	2.001135,
					"seconds":	0.999983012676239,
					"bytes":	3712,
					"bits_per_second":	29696.5044641359,
					"packets":	29,
					"omitted":	false,
					"sender":	true
				}],
			"sum":	{
				"start":	1.001152,
				"end":	2.001135,
				"seconds":	0.999983012676239,
				"bytes":	3712,
				"bits_per_second":	29696.5044641359,
				"packets":	29,
				"omitted":	false,
				"sender":	true
			}
		}, {
			"streams":	[{
					"socket":	5,
					"start":	2.001135,
					"end":	3.001128,
					"seconds":	0.99999302625656128,
					"bytes":	3712,
					"bits_per_second":	29696.207093729376,
					"packets":	29,
					"omitted":	false,
					"sender":	true
				}],
			"sum":	{
				"start":	2.001135,
				"end":	3.001128,
				"seconds":	0.99999302625656128,
				"bytes":	3712,
				"bits_per_second":	29696.207093729376,
				"packets":	29,
				"omitted":	false,
				"sender":	true
			}
		}, {
			"streams":	[{
					"socket":	5,
					"start":	3.001128,
					"end":	4.001122,
					"seconds":	0.99999397993087769,
					"bytes":	3840,
					"bits_per_second":	30720.184937636775,
					"packets":	30,
					"omitted":	false,
					"sender":	true
				}],
			"sum":	{
				"start":	3.001128,
				"end":	4.001122,
				"seconds":	0.99999397993087769,
				"bytes":	3840,
				"bits_per_second":	30720.184937636775,
				"packets":	30,
				"omitted":	false,
				"sender":	true
			}
		}, {
			"streams":	[{
					"socket":	5,
					"start":	4.001122,
					"end":	5.001133,
					"seconds":	1.0000109672546387,
					"bytes":	3712,
					"bits_per_second":	29695.674319978065,
					"packets":	29,
					"omitted":	false,
					"sender":	true
				}],
			"sum":	{
				"start":	4.001122,
				"end":	5.001133,
				"seconds":	1.0000109672546387,
				"bytes":	3712,
				"bits_per_second":	29695.674319978065,
				"packets":	29,
				"omitted":	false,
				"sender":	true
			}
		}, {
			"streams":	[{
					"socket":	5,
					"start":	5.001133,
					"end":	6.001134,
					"seconds":	1.0000009536743164,
					"bytes":	3712,
					"bits_per_second":	29695.971679714508,
					"packets":	29,
					"omitted":	false,
					"sender":	true
				}],
			"sum":	{
				"start":	5.001133,
				"end":	6.001134,
				"seconds":	1.0000009536743164,
				"bytes":	3712,
				"bits_per_second":	29695.971679714508,
				"packets":	29,
				"omitted":	false,
				"sender":	true
			}
		}, {
			"streams":	[{
					"socket":	5,
					"start":	6.001134,
					"end":	7.001131,
					"seconds":	0.99999701976776123,
					"bytes":	3840,
					"bits_per_second":	30720.091553007223,
					"packets":	30,
					"omitted":	false,
					"sender":	true
				}],
			"sum":	{
				"start":	6.001134,
				"end":	7.001131,
				"seconds":	0.99999701976776123,
				"bytes":	3840,
				"bits_per_second":	30720.091553007223,
				"packets":	30,
				"omitted":	false,
				"sender":	true
			}
		}, {
			"streams":	[{
					"socket":	5,
					"start":	7.001131,
					"end":	8.001121,
					"seconds":	0.99998998641967773,
					"bytes":	3712,
					"bits_per_second":	29696.29736625895,
					"packets":	29,
					"omitted":	false,
					"sender":	true
				}],
			"sum":	{
				"start":	7.001131,
				"end":	8.001121,
				"seconds":	0.99998998641967773,
				"bytes":	3712,
				"bits_per_second":	29696.29736625895,
				"packets":	29,
				"omitted":	false,
				"sender":	true
			}
		}, {
			"streams":	[{
					"socket":	5,
					"start":	8.001121,
					"end":	9.001119,
					"seconds":	0.99999797344207764,
					"bytes":	3712,
					"bits_per_second":	29696.060180786022,
					"packets":	29,
					"omitted":	false,
					"sender":	true
				}],
			"sum":	{
				"start":	8.001121,
				"end":	9.001119,
				"seconds":	0.99999797344207764,
				"bytes":	3712,
				"bits_per_second":	29696.060180786022,
				"packets":	29,
				"omitted":	false,
				"sender":	true
			}
		}, {
			"streams":	[{
					"socket":	5,
					"start":	9.001119,
					"end":	10.002456,
					"seconds":	1.0013370513916016,
					"bytes":	3712,
					"bits_per_second":	29656.347938718714,
					"packets":	29,
					"omitted":	false,
					"sender":	true
				}],
			"sum":	{
				"start":	9.001119,
				"end":	10.002456,
				"seconds":	1.0013370513916016,
				"bytes":	3712,
				"bits_per_second":	29656.347938718714,
				"packets":	29,
				"omitted":	false,
				"sender":	true
			}
		}],
	"end":	{
		"streams":	[{
				"udp":	{
					"socket":	5,
					"start":	0,
					"end":	10.002456,
					"seconds":	10.002456,
					"bytes":	37504,
					"bits_per_second":	29995.83302340945,
					"jitter_ms":	3.5606785984624292,
					"lost_packets":	15,
					"packets":	293,
					"lost_percent":	5.1194539249146755,
					"out_of_order":	0,
					"sender":	true
				}
			}],
		"sum":	{
			"start":	0,
			"end":	10.023704,
			"seconds":	10.023704,
			"bytes":	37504,
			"bits_per_second":	29995.83302340945,
			"jitter_ms":	3.5606785984624292,
			"lost_packets":	15,
			"packets":	293,
			"lost_percent":	5.1194539249146755,
			"sender":	true
		},
		"sum_sent":	{
			"start":	0,
			"end":	10.002456,
			"seconds":	10.002456,
			"bytes":	37504,
			"bits_per_second":	29995.83302340945,
			"jitter_ms":	0,
			"lost_packets":	0,
			"packets":	293,
			"lost_percent":	0,
			"sender":	true
		},
		"sum_received":	{
			"start":	0,
			"end":	10.023704,
			"seconds":	10.023704,
			"bytes":	35584,
			"bits_per_second":	28399.880922261869,
			"jitter_ms":	3.5606785984624292,
			"lost_packets":	15,
			"packets":	293,
			"lost_percent":	5.1194539249146755,
			"sender":	false
		},
		"cpu_utilization_percent":	{
			"host_total":	0.4184760750314242,
			"host_user":	0.12615743565750226,
			"host_system":	0.29207357831009617,
			"remote_total":	0.40719489039596879,
			"remote_user":	0.073224648933199674,
			"remote_system":	0.3339702414627691
		}
	},