{
	"start":	{
		"connected":	[{
				"socket":	5,
				"local_host":	"fd00::8",
				"local_port":	50477,
				"remote_host":	"fd00::4",
				"remote_port":	5123
			}],
		"version":	"iperf 3.18",
		"system_info":	"Linux RPI08 6.12.47+rpt-rpi-v7 #1 SMP Raspbian 1:6.12.47-1+rpt1 (2025-09-16) armv7l",
		"timestamp":	{
			"time":	"Sun, 10 May 2026 12:15:46 GMT",
			"timesecs":	1778415346
		},
		"connecting_to":	{
			"host":	"fd00::4",
			"port":	5123
		},
		"cookie":	"ek3pedyqh4tr3tzpe3nsvqmmnzzbiujii6dn",
		"target_bitrate":	40000,
		"fq_rate":	0,
		"sock_bufsize":	0,
		"sndbuf_actual":	180224,
		"rcvbuf_actual":	180224,
		"test_start":	{
			"protocol":	"UDP",
			"num_streams":	1,
			"blksize":	64,
			"omit":	0,
			"duration":	10,
			"bytes":	0,
			"blocks":	0,
			"reverse":	0,
			"tos":	0,
			"target_bitrate":	40000,
			"bidir":	0,
			"fqrate":	0,
			"interval":	1
		}
	},
	"intervals":	[{
			"streams":	[{
					"socket":	5,
					"start":	0,
					"end":	1.00117,
					"seconds":	1.0011700391769409,
					"bytes":	5056,
					"bits_per_second":	40400.729563633555,
					"packets":	79,
					"omitted":	false,
					"sender":	true
				}],
			"sum":	{
				"start":	0,
				"end":	1.00117,
				"seconds":	1.0011700391769409,
				"bytes":	5056,
				"bits_per_second":	40400.729563633555,
				"packets":	79,
				"omitted":	false,
				"sender":	true
			}
		}, {
			"streams":	[{
					"socket":	5,
					"start":	1.00117,
					"end":	2.00112,
					"seconds":	0.99994999170303345,
					"bytes":	4992,
					"bits_per_second":	39937.997231225789,
					"packets":	78,
					"omitted":	false,
					"sender":	true
				}],
			"sum":	{
				"start":	1.00117,
				"end":	2.00112,
				"seconds":	0.99994999170303345,
				"bytes":	4992,
				"bits_per_second":	39937.997231225789,
				"packets":	78,
				"omitted":	false,
				"sender":	true
			}
		}, {
			"streams":	[{
					"socket":	5,
					"start":	2.00112,
					"end":	3.001129,
					"seconds":	1.0000089406967163,
					"bytes":	4992,
					"bits_per_second":	39935.642947528235,
					"packets":	78,
					"omitted":	false,
					"sender":	true
				}],
			"sum":	{
				"start":	2.00112,
				"end":	3.001129,
				"seconds":	1.0000089406967163,
				"bytes":	4992,
				"bits_per_second":	39935.642947528235,
				"packets":	78,
				"omitted":	false,
				"sender":	true
			}
		}, {
			"streams":	[{
					"socket":	5,
					"start":	3.001129,
					"end":	4.001131,
					"seconds":	1.0000020265579224,
					"bytes":	4992,
					"bits_per_second":	39935.919067546827,
					"packets":	78,
					"omitted":	false,
					"sender":	true
				}],
			"sum":	{
				"start":	3.001129,
				"end":	4.001131,
				"seconds":	1.0000020265579224,
				"bytes":	4992,
				"bits_per_second":	39935.919067546827,
				"packets":	78,
				"omitted":	false,
				"sender":	true
			}
		}, {
			"streams":	[{
					"socket":	5,
					"start":	4.001131,
					"end":	5.001125,
					"seconds":	0.99999397993087769,
					"bytes":	4992,
					"bits_per_second":	39936.2404189278,
					"packets":	78,
					"omitted":	false,
					"sender":	true
				}],
			"sum":	{
				"start":	4.001131,
				"end":	5.001125,
				"seconds":	0.99999397993087769,
				"bytes":	4992,
				"bits_per_second":	39936.2404189278,
				"packets":	78,
				"omitted":	false,
				"sender":	true
			}
		}, {
			"streams":	[{
					"socket":	5,
					"start":	5.001125,
					"end":	6.001168,
					"seconds":	1.0000430345535278,
					"bytes":	4992,
					"bits_per_second":	39934.281446027519,
					"packets":	78,
					"omitted":	false,
					"sender":	true
				}],
			"sum":	{
				"start":	5.001125,
				"end":	6.001168,
				"seconds":	1.0000430345535278,
				"bytes":	4992,
				"bits_per_second":	39934.281446027519,
				"packets":	78,
				"omitted":	false,
				"sender":	true
			}
		}, {
			"streams":	[{
					"socket":	5,
					"start":	6.001168,
					"end":	7.001122,
					"seconds":	0.9999539852142334,
					"bytes":	4992,
					"bits_per_second":	39937.837731047177,
					"packets":	78,
					"omitted":	false,
					"sender":	true
				}],
			"sum":	{
				"start":	6.001168,
				"end":	7.001122,
				"seconds":	0.9999539852142334,
				"bytes":	4992,
				"bits_per_second":	39937.837731047177,
				"packets":	78,
				"omitted":	false,
				"sender":	true
			}
		}, {
			"streams":	[{
					"socket":	5,
					"start":	7.001122,
					"end":	8.001121,
					"seconds":	0.99999898672103882,
					"bytes":	5056,
					"bits_per_second":	40448.040985148953,
					"packets":	79,
					"omitted":	false,
					"sender":	true
				}],
			"sum":	{
				"start":	7.001122,
				"end":	8.001121,
				"seconds":	0.99999898672103882,
				"bytes":	5056,
				"bits_per_second":	40448.040985148953,
				"packets":	79,
				"omitted":	false,
				"sender":	true
			}
		}, {
			"streams":	[{
					"socket":	5,
					"start":	8.001121,
					"end":	9.001128,
					"seconds":	1.0000070333480835,
					"bytes":	4992,
					"bits_per_second":	39935.719118186476,
					"packets":	78,
					"omitted":	false,
					"sender":	true
				}],
			"sum":	{
				"start":	8.001121,
				"end":	9.001128,
				"seconds":	1.0000070333480835,
				"bytes":	4992,
				"bits_per_second":	39935.719118186476,
				"packets":	78,
				"omitted":	false,
				"sender":	true
			}
		}, {
			"streams":	[{
					"socket":	5,
					"start":	9.001128,
					"end":	10.00285,
					"seconds":	1.001721978187561,
					"bytes":	4992,
					"bits_per_second":	39867.349294119653,
					"packets":	78,
					"omitted":	false,
					"sender":	true
				}],
			"sum":	{
				"start":	9.001128,
				"end":	10.00285,
				"seconds":	1.001721978187561,
				"bytes":	4992,
				"bits_per_second":	39867.349294119653,
				"packets":	78,
				"omitted":	false,
				"sender":	true
			}
		}],
	"end":	{
		"streams":	[{
				"udp":	{
					"socket":	5,
					"start":	0,
					"end":	10.00285,
					"seconds":	10.00285,
					"bytes":	50048,
					"bits_per_second":	40026.99230719245,
					"jitter_ms":	0.72067942573469,
					"lost_packets":	0,
					"packets":	782,
					"lost_percent":	0,
					"out_of_order":	0,
					"sender":	true
				}
			}],
		"sum":	{
			"start":	0,
			"end":	10.062239,
			"seconds":	10.062239,
			"bytes":	50048,
			"bits_per_second":	40026.99230719245,
			"jitter_ms":	0.72067942573469,
			"lost_packets":	0,
			"packets":	782,
			"lost_percent":	0,
			"sender":	true
		},
		"sum_sent":	{
			"start":	0,
			"end":	10.00285,
			"seconds":	10.00285,
			"bytes":	50048,
			"bits_per_second":	40026.99230719245,
			"jitter_ms":	0,
			"lost_packets":	0,
			"packets":	782,
			"lost_percent":	0,
			"sender":	true
		},
		"sum_received":	{
			"start":	0,
			"end":	10.062239,
			"seconds":	10.062239,
			"bytes":	50304,
			"bits_per_second":	39994.279603177783,
			"jitter_ms":	0.72067942573469,
			"lost_packets":	0,
			"packets":	782,
			"lost_percent":	0,
			"sender":	false
		},
		"cpu_utilization_percent":	{
			"host_total":	0.85129121377786943,
			"host_user":	0.42562637866374609,
			"host_system":	0.42562637866374609,
			"remote_total":	0.9245969093576617,
			"remote_user":	0.0868974211918204,
			"remote_system":	0.83772930201117235
		}
	},