{
	"start":	{
		"connected":	[{
				"socket":	5,
				"local_host":	"fd00::8",
				"local_port":	57746,
				"remote_host":	"fd00::4",
				"remote_port":	5123
			}],
		"version":	"iperf 3.18",
		"system_info":	"Linux RPI08 6.12.47+rpt-rpi-v7 #1 SMP Raspbian 1:6.12.47-1+rpt1 (2025-09-16) armv7l",
		"timestamp":	{
			"time":	"Sun, 10 May 2026 12:18:24 GMT",
			"timesecs":	1778415504
		},
		"connecting_to":	{
			"host":	"fd00::4",
			"port":	5123
		},
		"cookie":	"rygx7gpyy77rsbkd4eb4c54tqkepozjmgckr",
		"target_bitrate":	80000,
		"fq_rate":	0,
		"sock_bufsize":	0,
		"sndbuf_actual":	180224,
		"rcvbuf_actual":	180224,
		"test_start":	{
			"protocol":	"UDP",
			"num_streams":	1,
			"blksize":	512,
			"omit":	0,
			"duration":	10,
			"bytes":	0,
			"blocks":	0,
			"reverse":	0,
			"tos":	0,
			"target_bitrate":	80000,
			"bidir":	0,
			"fqrate":	0,
			"interval":	1
		}
	},
	"intervals":	[{
			"streams":	[{
					"socket":	5,
					"start":	0,
					"end":	1.001161,
					"seconds":	1.0011609792709351,
					"bytes":	10240,
					"bits_per_second":	81825.002867826246,
					"packets":	20,
					"omitted":	false,
					"sender":	true
				}],
			"sum":	{
				"start":	0,
				"end":	1.001161,
				"seconds":	1.0011609792709351,
				"bytes":	10240,
				"bits_per_second":	81825.002867826246,
				"packets":	20,
				"omitted":	false,
				"sender":	true
			}
		}, {
			"streams":	[{
					"socket":	5,
					"start":	1.001161,
					"end":	2.001132,
					"seconds":	0.99997097253799438,
					"bytes":	10240,
					"bits_per_second":	81922.377998714772,
					"packets":	20,
					"omitted":	false,
					"sender":	true
				}],
			"sum":	{
				"start":	1.001161,
				"end":	2.001132,
				"seconds":	0.99997097253799438,
				"bytes":	10240,
				"bits_per_second":	81922.377998714772,
				"packets":	20,
				"omitted":	false,
				"sender":	true
			}
		}, {
			"streams":	[{
					"socket":	5,
					"start":	2.001132,
					"end":	3.001138,
					"seconds":	1.0000059604644775,
					"bytes":	9728,
					"bits_per_second":	77823.536135577349,
					"packets":	19,
					"omitted":	false,
					"sender":	true
				}],
			"sum":	{
				"start":	2.001132,
				"end":	3.001138,
				"seconds":	1.0000059604644775,
				"bytes":	9728,
				"bits_per_second":	77823.536135577349,
				"packets":	19,
				"omitted":	false,
				"sender":	true
			}
		}, {
			"streams":	[{
					"socket":	5,
					"start":	3.001138,
					"end":	4.001143,
					"seconds":	1.0000050067901611,
					"bytes":	10240,
					"bits_per_second":	81919.589845803552,
					"packets":	20,
					"omitted":	false,
					"sender":	true
				}],
			"sum":	{
				"start":	3.001138,
				"end":	4.001143,
				"seconds":	1.0000050067901611,
				"bytes":	10240,
				"bits_per_second":	81919.589845803552,
				"packets":	20,
				"omitted":	false,
				"sender":	true
			}
		}, {
			"streams":	[{
					"socket":	5,
					"start":	4.001143,
					"end":	5.00114,
					"seconds":	0.99999701976776123,
					"bytes":	9728,
					"bits_per_second":	77824.231934284966,
					"packets":	19,
					"omitted":	false,
					"sender":	true
				}],
			"sum":	{
				"start":	4.001143,
				"end":	5.00114,
				"seconds":	0.99999701976776123,
				"bytes":	9728,
				"bits_per_second":	77824.231934284966,
				"packets":	19,
				"omitted":	false,
				"sender":	true
			}
		}, {
			"streams":	[{
					"socket":	5,
					"start":	5.00114,
					"end":	6.00113,
					"seconds":	0.99998998641967773,
					"bytes":	10240,
					"bits_per_second":	81920.820320714352,
					"packets":	20,
					"omitted":	false,
					"sender":	true
				}],
			"sum":	{
				"start":	5.00114,
				"end":	6.00113,
				"seconds":	0.99998998641967773,
				"bytes":	10240,
				"bits_per_second":	81920.820320714352,
				"packets":	20,
				"omitted":	false,
				"sender":	true
			}
		}, {
			"streams":	[{
					"socket":	5,
					"start":	6.00113,
					"end":	7.001135,
					"seconds":	1.0000050067901611,
					"bytes":	9728,
					"bits_per_second":	77823.610353513373,
					"packets":	19,
					"omitted":	false,
					"sender":	true
				}],
			"sum":	{
				"start":	6.00113,
				"end":	7.001135,
				"seconds":	1.0000050067901611,
				"bytes":	9728,
				"bits_per_second":	77823.610353513373,
				"packets":	19,
				"omitted":	false,
				"sender":	true
			}
		}, {
			"streams":	[{
					"socket":	5,
					"start":	7.001135,
					"end":	8.001131,
					"seconds":	0.9999960064888,
					"bytes":	10240,
					"bits_per_second":	81920.327149743971,
					"packets":	20,
					"omitted":	false,
					"sender":	true
				}],
			"sum":	{
				"start":	7.001135,
				"end":	8.001131,
				"seconds":	0.9999960064888,
				"bytes":	10240,
				"bits_per_second":	81920.327149743971,
				"packets":	20,
				"omitted":	false,
				"sender":	true
			}
		}, {
			"streams":	[{
					"socket":	5,
					"start":	8.001131,
					"end":	9.001131,
					"seconds":	1,
					"bytes":	9728,
					"bits_per_second":	77824,
					"packets":	19,
					"omitted":	false,
					"sender":	true
				}],
			"sum":	{
				"start":	8.001131,
				"end":	9.001131,
				"seconds":	1,
				"bytes":	9728,
				"bits_per_second":	77824,
				"packets":	19,
				"omitted":	false,
				"sender":	true
			}
		}, {
			"streams":	[{
					"socket":	5,
					"start":	9.001131,
					"end":	10.002843,
					"seconds":	1.0017119646072388,
					"bytes":	10240,
					"bits_per_second":	81779.995542051867,
					"packets":	20,
					"omitted":	false,
					"sender":	true
				}],
			"sum":	{
				"start":	9.001131,
				"end":	10.002843,
				"seconds":	1.0017119646072388,
				"bytes":	10240,
				"bits_per_second":	81779.995542051867,
				"packets":	20,
				"omitted":	false,
				"sender":	true
			}
		}],
	"end":	{
		"streams":	[{
				"udp":	{
					"socket":	5,
					"start":	0,
					"end":	10.002843,
					"seconds":	10.002843,
					"bytes":	100352,
					"bits_per_second":	80258.782428155668,
					"jitter_ms":	5.87259416647747,
					"lost_packets":	17,
					"packets":	196,
					"lost_percent":	8.6734693877551,
					"out_of_order":	0,
					"sender":	true
				}
			}],
		"sum":	{
			"start":	0,
			"end":	10.030859,
			"seconds":	10.030859,
			"bytes":	100352,
			"bits_per_second":	80258.782428155668,
			"jitter_ms":	5.87259416647747,
			"lost_packets":	17,
			"packets":	196,
			"lost_percent":	8.6734693877551,
			"sender":	true
		},
		"sum_sent":	{
			"start":	0,
			"end":	10.002843,
			"seconds":	10.002843,
			"bytes":	100352,
			"bits_per_second":	80258.782428155668,
			"jitter_ms":	0,
			"lost_packets":	0,
			"packets":	196,
			"lost_percent":	0,
			"sender":	true
		},
		"sum_received":	{
			"start":	0,
			"end":	10.030859,
			"seconds":	10.030859,
			"bytes":	90624,
			"bits_per_second":	72276.1629886334,
			"jitter_ms":	5.87259416647747,
			"lost_packets":	17,
			"packets":	194,
			"lost_percent":	8.6734693877551,
			"sender":	false
		},
		"cpu_utilization_percent":	{
			"host_total":	0.37003387814093119,
			"host_user":	0.086379964960057246,
			"host_system":	0.28372168495342726,
			"remote_total":	0.31222005717039447,
			"remote_user":	0.055487622153019431,
			"remote_system":	0.2567424040475858
		}
	},