{
	"start":	{
		"connected":	[{
				"socket":	5,
				"local_host":	"fd00::8",
				"local_port":	44715,
				"remote_host":	"2001:db8:1:ffff::26e:5439",
				"remote_port":	5123
			}],
		"version":	"iperf 3.18",
		"system_info":	"Linux RPI08 6.12.47+rpt-rpi-v7 #1 SMP Raspbian 1:6.12.47-1+rpt1 (2025-09-16) armv7l",
		"timestamp":	{
			"time":	"Mon, 11 May 2026 17:02:17 GMT",
			"timesecs":	1778518937
		},
		"connecting_to":	{
			"host":	"2001:db8:1:ffff::26e:5439",
			"port":	5123
		},
		"cookie":	"aqecwfwol77egpbqpvqwnwzfqyn6vu6f7txg",
		"target_bitrate":	160000,
		"fq_rate":	0,
		"sock_bufsize":	0,
		"sndbuf_actual":	180224,
		"rcvbuf_actual":	180224,
		"test_start":	{
			"protocol":	"UDP",
			"num_streams":	1,
			"blksize":	64,
			"omit":	0,
			"duration":	30,
			"bytes":	0,
			"blocks":	0,
			"reverse":	0,
			"tos":	0,
			"target_bitrate":	160000,
			"bidir":	0,
			"fqrate":	0,
			"interval":	1
		}
	},
	"intervals":	[{
			"streams":	[{
					"socket":	5,
					"start":	0,
					"end":	1.00114,
					"seconds":	1.0011399984359741,
					"bytes":	20032,
					"bits_per_second":	160073.51644161568,
					"packets":	313,
					"omitted":	false,
					"sender":	true
				}],
			"sum":	{
				"start":	0,
				"end":	1.00114,
				"seconds":	1.0011399984359741,
				"bytes":	20032,
				"bits_per_second":	160073.51644161568,
				"packets":	313,
				"omitted":	false,
				"sender":	true
			}
		}, {
			"streams":	[{
					"socket":	5,
					"start":	1.00114,
					"end":	2.001148,
					"seconds":	1.0000079870224,
					"bytes":	13248,
					"bits_per_second":	105983.1535101789,
					"packets":	208,
					"omitted":	false,
					"sender":	true
				}],
			"sum":	{
				"start":	1.00114,
				"end":	2.001148,
				"seconds":	1.0000079870224,
				"bytes":	13248,
				"bits_per_second":	105983.1535101789,
				"packets":	208,
				"omitted":	false,
				"sender":	true
			}
		}, {
			"streams":	[{
					"socket":	5,
					"start":	2.001148,
					"end":	3.001145,
					"seconds":	0.99999701976776123,
					"bytes":	14080,
					"bits_per_second":	112640.33569435982,
					"packets":	220,
					"omitted":	false,
					"sender":	true
				}],
			"sum":	{
				"start":	2.001148,
				"end":	3.001145,
				"seconds":	0.99999701976776123,
				"bytes":	14080,
				"bits_per_second":	112640.33569435982,
				"packets":	220,
				"omitted":	false,
				"sender":	true
			}
		}, {
			"streams":	[{
					"socket":	5,
					"start":	3.001145,
					"end":	4.001143,
					"seconds":	0.99999797344207764,
					"bytes":	21184,
					"bits_per_second":	169472.34344552024,
					"packets":	331,
					"omitted":	false,
					"sender":	true
				}],
			"sum":	{
				"start":	3.001145,
				"end":	4.001143,
				"seconds":	0.99999797344207764,
				"bytes":	21184,
				"bits_per_second":	169472.34344552024,
				"packets":	331,
				"omitted":	false,
				"sender":	true
			}
		}, {
			"streams":	[{
					"socket":	5,
					"start":	4.001143,
					"end":	5.001149,
					"seconds":	1.0000059604644775,
					"bytes":	21248,
					"bits_per_second":	169982.98682244527,
					"packets":	332,
					"omitted":	false,
					"sender":	true
				}],
			"sum":	{
				"start":	4.001143,
				"end":	5.001149,
				"seconds":	1.0000059604644775,
				"bytes":	21248,
				"bits_per_second":	169982.98682244527,
				"packets":	332,
				"omitted":	false,
				"sender":	true
			}
		}, {
			"streams":	[{
					"socket":	5,
					"start":	5.001149,
					"end":	6.001151,
					"seconds":	1.0000020265579224,
					"bytes":	21056,
					"bits_per_second":	168447.65863106289,
					"packets":	329,
					"omitted":	false,
					"sender":	true
				}],
			"sum":	{
				"start":	5.001149,
				"end":	6.001151,
				"seconds":	1.0000020265579224,
				"bytes":	21056,
				"bits_per_second":	168447.65863106289,
				"packets":	329,
				"omitted":	false,
				"sender":	true
			}
		}, {
			"streams":	[{
					"socket":	5,
					"start":	6.001151,
					"end":	7.001137,
					"seconds":	0.99998599290847778,
					"bytes":	29184,
					"bits_per_second":	233475.27030947941,
					"packets":	455,
					"omitted":	false,
					"sender":	true
				}],
			"sum":	{
				"start":	6.001151,
				"end":	7.001137,
				"seconds":	0.99998599290847778,
				"bytes":	29184,
				"bits_per_second":	233475.27030947941,
				"packets":	455,
				"omitted":	false,
				"sender":	true
			}
		}, {
			"streams":	[{
					"socket":	5,
					"start":	7.001137,
					"end":	8.001135,
					"seconds":	0.99999797344207764,
					"bytes":	20032,
					"bits_per_second":	160256.32476872456,
					"packets":	313,
					"omitted":	false,
					"sender":	true
				}],
			"sum":	{
				"start":	7.001137,
				"end":	8.001135,
				"seconds":	0.99999797344207764,
				"bytes":	20032,
				"bits_per_second":	160256.32476872456,
				"packets":	313,
				"omitted":	false,
				"sender":	true
			}
		}, {
			"streams":	[{
					"socket":	5,
					"start":	8.001135,
					"end":	9.001137,
					"seconds":	1.0000020265579224,
					"bytes":	19968,
					"bits_per_second":	159743.67627018731,
					"packets":	312,
					"omitted":	false,
					"sender":	true
				}],
			"sum":	{
				"start":	8.001135,
				"end":	9.001137,
				"seconds":	1.0000020265579224,
				"bytes":	19968,
				"bits_per_second":	159743.67627018731,
				"packets":	312,
				"omitted":	false,
				"sender":	true
			}
		}, {
			"streams":	[{
					"socket":	5,
					"start":	9.001137,
					"end":	10.001142,
					"seconds":	1.0000050067901611,
					"bytes":	20032,
					"bits_per_second":	160255.1976358532,
					"packets":	313,
					"omitted":	false,
					"sender":	true
				}],
			"sum":	{
				"start":	9.001137,
				"end":	10.001142,
				"seconds":	1.0000050067901611,
				"bytes":	20032,
				"bits_per_second":	160255.1976358532,
				"packets":	313,
				"omitted":	false,
				"sender":	true
			}
		}, {
			"streams":	[{
					"socket":	5,
					"start":	10.001142,
					"end":	11.001144,
					"seconds":	1.0000020265579224,
					"bytes":	19968,
					"bits_per_second":	159743.67627018731,
					"packets":	312,
					"omitted":	false,
					"sender":	true
				}],
			"sum":	{
				"start":	10.001142,
				"end":	11.001144,
				"seconds":	1.0000020265579224,
				"bytes":	19968,
				"bits_per_second":	159743.67627018731,
				"packets":	312,
				"omitted":	false,
				"sender":	true
			}
		}, {
			"streams":	[{
					"socket":	5,
					"start":	11.001144,
					"end":	12.00114,
					"seconds":	0.9999960064888,
					"bytes":	20032,
					"bits_per_second":	160256.63998668664,
					"packets":	313,
					"omitted":	false,
					"sender":	true
				}],
			"sum":	{
				"start":	11.001144,
				"end":	12.00114,
				"seconds":	0.9999960064888,
				"bytes":	20032,
				"bits_per_second":	160256.63998668664,
				"packets":	313,
				"omitted":	false,
				"sender":	true
			}
		}, {
			"streams":	[{
					"socket":	5,
					"start":	12.00114,
					"end":	13.001142,
					"seconds":	1.0000020265579224,
					"bytes":	19968,
					"bits_per_second":	159743.67627018731,
					"packets":	312,
					"omitted":	false,
					"sender":	true
				}],
			"sum":	{
				"start":	12.00114,
				"end":	13.001142,
				"seconds":	1.0000020265579224,
				"bytes":	19968,
				"bits_per_second":	159743.67627018731,
				"packets":	312,
				"omitted":	false,
				"sender":	true
			}
		}, {
			"streams":	[{
					"socket":	5,
					"start":	13.001142,
					"end":	14.001135,
					"seconds":	0.99999302625656128,
					"bytes":	20032,
					"bits_per_second":	160257.11759202232,
					"packets":	313,
					"omitted":	false,
					"sender":	true
				}],
			"sum":	{
				"start":	13.001142,
				"end":	14.001135,
				"seconds":	0.99999302625656128,
				"bytes":	20032,
				"bits_per_second":	160257.11759202232,
				"packets":	313,
				"omitted":	false,
				"sender":	true
			}
		}, {
			"streams":	[{
					"socket":	5,
					"start":	14.001135,
					"end":	15.001136,
					"seconds":	1.0000009536743164,
					"bytes":	19968,
					"bits_per_second":	159743.84765639529,
					"packets":	312,
					"omitted":	false,
					"sender":	true
				}],
			"sum":	{
				"start":	14.001135,
				"end":	15.001136,