{
	"start":	{
		"connected":	[{
				"socket":	5,
				"local_host":	"fd00::8",
				"local_port":	41893,
				"remote_host":	"2001:db8:1:ffff::26e:5439",
				"remote_port":	5123
			}],
		"version":	"iperf 3.18",
		"system_info":	"Linux RPI08 6.12.47+rpt-rpi-v7 #1 SMP Raspbian 1:6.12.47-1+rpt1 (2025-09-16) armv7l",
		"timestamp":	{
			"time":	"Mon, 11 May 2026 15:37:26 GMT",
			"timesecs":	1778513846
		},
		"connecting_to":	{
			"host":	"2001:db8:1:ffff::26e:5439",
			"port":	5123
		},
		"cookie":	"a2zjcf2z4gfjqtyonnj4cqeqyriy6qhvtykv",
		"target_bitrate":	60000,
		"fq_rate":	0,
		"sock_bufsize":	0,
		"sndbuf_actual":	180224,
		"rcvbuf_actual":	180224,
		"test_start":	{
			"protocol":	"UDP",
			"num_streams":	1,
			"blksize":	256,
			"omit":	0,
			"duration":	30,
			"bytes":	0,
			"blocks":	0,
			"reverse":	0,
			"tos":	0,
			"target_bitrate":	60000,
			"bidir":	0,
			"fqrate":	0,
			"interval":	1
		}
	},
	"intervals":	[{
			"streams":	[{
					"socket":	5,
					"start":	0,
					"end":	1.001148,
					"seconds":	1.001147985458374,
					"bytes":	7680,
					"bits_per_second":	61369.548650562174,
					"packets":	30,
					"omitted":	false,
					"sender":	true
				}],
			"sum":	{
				"start":	0,
				"end":	1.001148,
				"seconds":	1.001147985458374,
				"bytes":	7680,
				"bits_per_second":	61369.548650562174,
				"packets":	30,
				"omitted":	false,
				"sender":	true
			}
		}, {
			"streams":	[{
					"socket":	5,
					"start":	1.001148,
					"end":	2.001138,
					"seconds":	0.99998998641967773,
					"bytes":	7424,
					"bits_per_second":	59392.5947325179,
					"packets":	29,
					"omitted":	false,
					"sender":	true
				}],
			"sum":	{
				"start":	1.001148,
				"end":	2.001138,
				"seconds":	0.99998998641967773,
				"bytes":	7424,
				"bits_per_second":	59392.5947325179,
				"packets":	29,
				"omitted":	false,
				"sender":	true
			}
		}, {
			"streams":	[{
					"socket":	5,
					"start":	2.001138,
					"end":	3.001141,
					"seconds":	1.0000029802322388,
					"bytes":	7424,
					"bits_per_second":	59391.822998574382,
					"packets":	29,
					"omitted":	false,
					"sender":	true
				}],
			"sum":	{
				"start":	2.001138,
				"end":	3.001141,
				"seconds":	1.0000029802322388,
				"bytes":	7424,
				"bits_per_second":	59391.822998574382,
				"packets":	29,
				"omitted":	false,
				"sender":	true
			}
		}, {
			"streams":	[{
					"socket":	5,
					"start":	3.001141,
					"end":	4.001145,
					"seconds":	1.0000040531158447,
					"bytes":	7680,
					"bits_per_second":	61439.750977571814,
					"packets":	30,
					"omitted":	false,
					"sender":	true
				}],
			"sum":	{
				"start":	3.001141,
				"end":	4.001145,
				"seconds":	1.0000040531158447,
				"bytes":	7680,
				"bits_per_second":	61439.750977571814,
				"packets":	30,
				"omitted":	false,
				"sender":	true
			}
		}, {
			"streams":	[{
					"socket":	5,
					"start":	4.001145,
					"end":	5.001145,
					"seconds":	1,
					"bytes":	7424,
					"bits_per_second":	59392,
					"packets":	29,
					"omitted":	false,
					"sender":	true
				}],
			"sum":	{
				"start":	4.001145,
				"end":	5.001145,
				"seconds":	1,
				"bytes":	7424,
				"bits_per_second":	59392,
				"packets":	29,
				"omitted":	false,
				"sender":	true
			}
		}, {
			"streams":	[{
					"socket":	5,
					"start":	5.001145,
					"end":	6.001146,
					"seconds":	1.0000009536743164,
					"bytes":	7424,
					"bits_per_second":	59391.943359429017,
					"packets":	29,
					"omitted":	false,
					"sender":	true
				}],
			"sum":	{
				"start":	5.001145,
				"end":	6.001146,
				"seconds":	1.0000009536743164,
				"bytes":	7424,
				"bits_per_second":	59391.943359429017,
				"packets":	29,
				"omitted":	false,
				"sender":	true
			}
		}, {
			"streams":	[{
					"socket":	5,
					"start":	6.001146,
					"end":	7.001136,
					"seconds":	0.99998998641967773,
					"bytes":	7680,
					"bits_per_second":	61440.615240535757,
					"packets":	30,
					"omitted":	false,
					"sender":	true
				}],
			"sum":	{
				"start":	6.001146,
				"end":	7.001136,
				"seconds":	0.99998998641967773,
				"bytes":	7680,
				"bits_per_second":	61440.615240535757,
				"packets":	30,
				"omitted":	false,
				"sender":	true
			}
		}, {
			"streams":	[{
					"socket":	5,
					"start":	7.001136,
					"end":	8.001133,
					"seconds":	0.99999701976776123,
					"bytes":	7424,
					"bits_per_second":	59392.177002480632,
					"packets":	29,
					"omitted":	false,
					"sender":	true
				}],
			"sum":	{
				"start":	7.001136,
				"end":	8.001133,
				"seconds":	0.99999701976776123,
				"bytes":	7424,
				"bits_per_second":	59392.177002480632,
				"packets":	29,
				"omitted":	false,
				"sender":	true
			}
		}, {
			"streams":	[{
					"socket":	5,
					"start":	8.001133,
					"end":	9.001135,
					"seconds":	1.0000020265579224,
					"bytes":	7424,
					"bits_per_second":	59391.8796389158,
					"packets":	29,
					"omitted":	false,
					"sender":	true
				}],
			"sum":	{
				"start":	8.001133,
				"end":	9.001135,
				"seconds":	1.0000020265579224,
				"bytes":	7424,
				"bits_per_second":	59391.8796389158,
				"packets":	29,
				"omitted":	false,
				"sender":	true
			}
		}, {
			"streams":	[{
					"socket":	5,
					"start":	9.001135,
					"end":	10.001156,
					"seconds":	1.0000209808349609,
					"bytes":	7424,
					"bits_per_second":	59390.753932393542,
					"packets":	29,
					"omitted":	false,
					"sender":	true
				}],
			"sum":	{
				"start":	9.001135,
				"end":	10.001156,
				"seconds":	1.0000209808349609,
				"bytes":	7424,
				"bits_per_second":	59390.753932393542,
				"packets":	29,
				"omitted":	false,
				"sender":	true
			}
		}, {
			"streams":	[{
					"socket":	5,
					"start":	10.001156,
					"end":	11.001132,
					"seconds":	0.99997597932815552,
					"bytes":	7680,
					"bits_per_second":	61441.4758655294,
					"packets":	30,
					"omitted":	false,
					"sender":	true
				}],
			"sum":	{
				"start":	10.001156,
				"end":	11.001132,
				"seconds":	0.99997597932815552,
				"bytes":	7680,
				"bits_per_second":	61441.4758655294,
				"packets":	30,
				"omitted":	false,
				"sender":	true
			}
		}, {
			"streams":	[{
					"socket":	5,
					"start":	11.001132,
					"end":	12.001138,
					"seconds":	1.0000059604644775,
					"bytes":	7424,
					"bits_per_second":	59391.645998203763,
					"packets":	29,
					"omitted":	false,
					"sender":	true
				}],
			"sum":	{
				"start":	11.001132,
				"end":	12.001138,
				"seconds":	1.0000059604644775,
				"bytes":	7424,
				"bits_per_second":	59391.645998203763,
				"packets":	29,
				"omitted":	false,
				"sender":	true
			}
		}, {
			"streams":	[{
					"socket":	5,
					"start":	12.001138,
					"end":	13.00113,
					"seconds":	0.9999920129776,
					"bytes":	7424,
					"bits_per_second":	59392.47436902317,
					"packets":	29,
					"omitted":	false,
					"sender":	true
				}],
			"sum":	{
				"start":	12.001138,
				"end":	13.00113,
				"seconds":	0.9999920129776,
				"bytes":	7424,
				"bits_per_second":	59392.47436902317,
				"packets":	29,
				"omitted":	false,
				"sender":	true
			}
		}, {
			"streams":	[{
					"socket":	5,
					"start":	13.00113,
					"end":	14.00113,
					"seconds":	1,
					"bytes":	7680,
					"bits_per_second":	61440,
					"packets":	30,
					"omitted":	false,
					"sender":	true
				}],
			"sum":	{
				"start":	13.00113,
				"end":	14.00113,
				"seconds":	1,
				"bytes":	7680,
				"bits_per_second":	61440,
				"packets":	30,
				"omitted":	false,
				"sender":	true
			}
		}, {
			"streams":	[{
					"socket":	5,
					"start":	14.00113,
					"end":	15.001142,
					"seconds":	1.0000120401382446,
					"bytes":	7424,
					"bits_per_second":	59391.28492071903,
					"packets":	29,
					"omitted":	false,
					"sender":	true
				}],
			"sum":	{
				"start":	14.00113,
				"end":	15.001142,
				"seconds":	1.0000120401382446,
				"bytes":	7424,
				"bits_per_second":	59391.28492071903,
				"packets":	29,
				"omitted":	false,
				"sender":	true
			}
		}, {
			"streams":	[{
					"socket":	5,