{
	"start":	{
		"connected":	[{
				"socket":	5,
				"local_host":	"fd00::8",
				"local_port":	38380,
				"remote_host":	"2001:db8:1:ffff::26e:5439",
				"remote_port":	5123
			}],
		"version":	"iperf 3.18",
		"system_info":	"Linux RPI08 6.12.47+rpt-rpi-v7 #1 SMP Raspbian 1:6.12.47-1+rpt1 (2025-09-16) armv7l",
		"timestamp":	{
			"time":	"Mon, 11 May 2026 15:25:17 GMT",
			"timesecs":	1778513117
		},
		"connecting_to":	{
			"host":	"2001:db8:1:ffff::26e:5439",
			"port":	5123
		},
		"cookie":	"cpxv3fene4q5uwwx6v32ac4vbwzskt2ldhwb",
		"target_bitrate":	10000,
		"fq_rate":	0,
		"sock_bufsize":	0,
		"sndbuf_actual":	180224,
		"rcvbuf_actual":	180224,
		"test_start":	{
			"protocol":	"UDP",
			"num_streams":	1,
			"blksize":	1024,
			"omit":	0,
			"duration":	30,
			"bytes":	0,
			"blocks":	0,
			"reverse":	0,
			"tos":	0,
			"target_bitrate":	10000,
			"bidir":	0,
			"fqrate":	0,
			"interval":	1
		}
	},
	"intervals":	[{
			"streams":	[{
					"socket":	5,
					"start":	0,
					"end":	1.001145,
					"seconds":	1.0011450052261353,
					"bytes":	2048,
					"bits_per_second":	16365.261689838064,
					"packets":	2,
					"omitted":	false,
					"sender":	true
				}],
			"sum":	{
				"start":	0,
				"end":	1.001145,
				"seconds":	1.0011450052261353,
				"bytes":	2048,
				"bits_per_second":	16365.261689838064,
				"packets":	2,
				"omitted":	false,
				"sender":	true
			}
		}, {
			"streams":	[{
					"socket":	5,
					"start":	1.001145,
					"end":	2.001151,
					"seconds":	1.0000059604644775,
					"bytes":	1024,
					"bits_per_second":	8191.9511721660365,
					"packets":	1,
					"omitted":	false,
					"sender":	true
				}],
			"sum":	{
				"start":	1.001145,
				"end":	2.001151,
				"seconds":	1.0000059604644775,
				"bytes":	1024,
				"bits_per_second":	8191.9511721660365,
				"packets":	1,
				"omitted":	false,
				"sender":	true
			}
		}, {
			"streams":	[{
					"socket":	5,
					"start":	2.001151,
					"end":	3.001149,
					"seconds":	0.99999797344207764,
					"bytes":	1024,
					"bits_per_second":	8192.016601596144,
					"packets":	1,
					"omitted":	false,
					"sender":	true
				}],
			"sum":	{
				"start":	2.001151,
				"end":	3.001149,
				"seconds":	0.99999797344207764,
				"bytes":	1024,
				"bits_per_second":	8192.016601596144,
				"packets":	1,
				"omitted":	false,
				"sender":	true
			}
		}, {
			"streams":	[{
					"socket":	5,
					"start":	3.001149,
					"end":	4.001151,
					"seconds":	1.0000020265579224,
					"bytes":	1024,
					"bits_per_second":	8191.983398471144,
					"packets":	1,
					"omitted":	false,
					"sender":	true
				}],
			"sum":	{
				"start":	3.001149,
				"end":	4.001151,
				"seconds":	1.0000020265579224,
				"bytes":	1024,
				"bits_per_second":	8191.983398471144,
				"packets":	1,
				"omitted":	false,
				"sender":	true
			}
		}, {
			"streams":	[{
					"socket":	5,
					"start":	4.001151,
					"end":	5.001133,
					"seconds":	0.99998199939727783,
					"bytes":	2048,
					"bits_per_second":	16384.294927183866,
					"packets":	2,
					"omitted":	false,
					"sender":	true
				}],
			"sum":	{
				"start":	4.001151,
				"end":	5.001133,
				"seconds":	0.99998199939727783,
				"bytes":	2048,
				"bits_per_second":	16384.294927183866,
				"packets":	2,
				"omitted":	false,
				"sender":	true
			}
		}, {
			"streams":	[{
					"socket":	5,
					"start":	5.001133,
					"end":	6.001153,
					"seconds":	1.0000200271606445,
					"bytes":	1024,
					"bits_per_second":	8191.83594078564,
					"packets":	1,
					"omitted":	false,
					"sender":	true
				}],
			"sum":	{
				"start":	5.001133,
				"end":	6.001153,
				"seconds":	1.0000200271606445,
				"bytes":	1024,
				"bits_per_second":	8191.83594078564,
				"packets":	1,
				"omitted":	false,
				"sender":	true
			}
		}, {
			"streams":	[{
					"socket":	5,
					"start":	6.001153,
					"end":	7.001154,
					"seconds":	1.0000009536743164,
					"bytes":	1024,
					"bits_per_second":	8191.99218750745,
					"packets":	1,
					"omitted":	false,
					"sender":	true
				}],
			"sum":	{
				"start":	6.001153,
				"end":	7.001154,
				"seconds":	1.0000009536743164,
				"bytes":	1024,
				"bits_per_second":	8191.99218750745,
				"packets":	1,
				"omitted":	false,
				"sender":	true
			}
		}, {
			"streams":	[{
					"socket":	5,
					"start":	7.001154,
					"end":	8.001146,
					"seconds":	0.9999920129776,
					"bytes":	1024,
					"bits_per_second":	8192.06543021009,
					"packets":	1,
					"omitted":	false,
					"sender":	true
				}],
			"sum":	{
				"start":	7.001154,
				"end":	8.001146,
				"seconds":	0.9999920129776,
				"bytes":	1024,
				"bits_per_second":	8192.06543021009,
				"packets":	1,
				"omitted":	false,
				"sender":	true
			}
		}, {
			"streams":	[{
					"socket":	5,
					"start":	8.001146,
					"end":	9.001152,
					"seconds":	1.0000059604644775,
					"bytes":	1024,
					"bits_per_second":	8191.9511721660365,
					"packets":	1,
					"omitted":	false,
					"sender":	true
				}],
			"sum":	{
				"start":	8.001146,
				"end":	9.001152,
				"seconds":	1.0000059604644775,
				"bytes":	1024,
				"bits_per_second":	8191.9511721660365,
				"packets":	1,
				"omitted":	false,
				"sender":	true
			}
		}, {
			"streams":	[{
					"socket":	5,
					"start":	9.001152,
					"end":	10.001155,
					"seconds":	1.0000029802322388,
					"bytes":	2048,
					"bits_per_second":	16383.951172020519,
					"packets":	2,
					"omitted":	false,
					"sender":	true
				}],
			"sum":	{
				"start":	9.001152,
				"end":	10.001155,
				"seconds":	1.0000029802322388,
				"bytes":	2048,
				"bits_per_second":	16383.951172020519,
				"packets":	2,
				"omitted":	false,
				"sender":	true
			}
		}, {
			"streams":	[{
					"socket":	5,
					"start":	10.001155,
					"end":	11.001142,
					"seconds":	0.999987006187439,
					"bytes":	1024,
					"bits_per_second":	8192.10644669565,
					"packets":	1,
					"omitted":	false,
					"sender":	true
				}],
			"sum":	{
				"start":	10.001155,
				"end":	11.001142,
				"seconds":	0.999987006187439,
				"bytes":	1024,
				"bits_per_second":	8192.10644669565,
				"packets":	1,
				"omitted":	false,
				"sender":	true
			}
		}, {
			"streams":	[{
					"socket":	5,
					"start":	11.001142,
					"end":	12.001147,
					"seconds":	1.0000050067901611,
					"bytes":	1024,
					"bits_per_second":	8191.9589845803557,
					"packets":	1,
					"omitted":	false,
					"sender":	true
				}],
			"sum":	{
				"start":	11.001142,
				"end":	12.001147,
				"seconds":	1.0000050067901611,
				"bytes":	1024,
				"bits_per_second":	8191.9589845803557,
				"packets":	1,
				"omitted":	false,
				"sender":	true
			}
		}, {
			"streams":	[{
					"socket":	5,
					"start":	12.001147,
					"end":	13.001149,
					"seconds":	1.0000020265579224,
					"bytes":	1024,
					"bits_per_second":	8191.983398471144,
					"packets":	1,
					"omitted":	false,
					"sender":	true
				}],
			"sum":	{
				"start":	12.001147,
				"end":	13.001149,
				"seconds":	1.0000020265579224,
				"bytes":	1024,
				"bits_per_second":	8191.983398471144,
				"packets":	1,
				"omitted":	false,
				"sender":	true
			}
		}, {
			"streams":	[{
					"socket":	5,
					"start":	13.001149,
					"end":	14.001138,
					"seconds":	0.99998897314071655,
					"bytes":	2048,
					"bits_per_second":	16384.180666054679,
					"packets":	2,
					"omitted":	false,
					"sender":	true
				}],
			"sum":	{
				"start":	13.001149,
				"end":	14.001138,
				"seconds":	0.99998897314071655,
				"bytes":	2048,
				"bits_per_second":	16384.180666054679,
				"packets":	2,
				"omitted":	false,
				"sender":	true
			}
		}, {
			"streams":	[{
					"socket":	5,
					"start":	14.001138,
					"end":	15.001143,
					"seconds":	1.0000050067901611,
					"bytes":	1024,
					"bits_per_second":	8191.9589845803557,
					"packets":	1,
					"omitted":	false,
					"sender":	true
				}],
			"sum":	{
				"start":	14.001138,
				"end":	15.001143,
				"seconds":	1.0000050067901611,
				"bytes":	1024,
				"bits_per_second":	8191.9589845803557,
				"packets":	1,