{
	"start":	{
		"connected":	[{
				"socket":	5,
				"local_host":	"fd00::8",
				"local_port":	43316,
				"remote_host":	"2001:db8:1:ffff::26e:5439",
				"remote_port":	5123
			}],
		"version":	"iperf 3.18",
		"system_info":	"Linux RPI08 6.12.47+rpt-rpi-v7 #1 SMP Raspbian 1:6.12.47-1+rpt1 (2025-09-16) armv7l",
		"timestamp":	{
			"time":	"Mon, 11 May 2026 15:30:34 GMT",
			"timesecs":	1778513434
		},
		"connecting_to":	{
			"host":	"2001:db8:1:ffff::26e:5439",
			"port":	5123
		},
		"cookie":	"n2kezk35jvvrrflehfpykbnoe2myjf37hsnv",
		"target_bitrate":	20000,
		"fq_rate":	0,
		"sock_bufsize":	0,
		"sndbuf_actual":	180224,
		"rcvbuf_actual":	180224,
		"test_start":	{
			"protocol":	"UDP",
			"num_streams":	1,
			"blksize":	1024,
			"omit":	0,
			"duration":	30,
			"bytes":	0,
			"blocks":	0,
			"reverse":	0,
			"tos":	0,
			"target_bitrate":	20000,
			"bidir":	0,
			"fqrate":	0,
			"interval":	1
		}
	},
	"intervals":	[{
			"streams":	[{
					"socket":	5,
					"start":	0,
					"end":	1.001156,
					"seconds":	1.0011559724807739,
					"bytes":	3072,
					"bits_per_second":	24547.623622623851,
					"packets":	3,
					"omitted":	false,
					"sender":	true
				}],
			"sum":	{
				"start":	0,
				"end":	1.001156,
				"seconds":	1.0011559724807739,
				"bytes":	3072,
				"bits_per_second":	24547.623622623851,
				"packets":	3,
				"omitted":	false,
				"sender":	true
			}
		}, {
			"streams":	[{
					"socket":	5,
					"start":	1.001156,
					"end":	2.001167,
					"seconds":	1.0000109672546387,
					"bytes":	2048,
					"bits_per_second":	16383.820314470657,
					"packets":	2,
					"omitted":	false,
					"sender":	true
				}],
			"sum":	{
				"start":	1.001156,
				"end":	2.001167,
				"seconds":	1.0000109672546387,
				"bytes":	2048,
				"bits_per_second":	16383.820314470657,
				"packets":	2,
				"omitted":	false,
				"sender":	true
			}
		}, {
			"streams":	[{
					"socket":	5,
					"start":	2.001167,
					"end":	3.001144,
					"seconds":	0.9999769926071167,
					"bytes":	3072,
					"bits_per_second":	24576.565442696861,
					"packets":	3,
					"omitted":	false,
					"sender":	true
				}],
			"sum":	{
				"start":	2.001167,
				"end":	3.001144,
				"seconds":	0.9999769926071167,
				"bytes":	3072,
				"bits_per_second":	24576.565442696861,
				"packets":	3,
				"omitted":	false,
				"sender":	true
			}
		}, {
			"streams":	[{
					"socket":	5,
					"start":	3.001144,
					"end":	4.001148,
					"seconds":	1.0000040531158447,
					"bytes":	2048,
					"bits_per_second":	16383.93359401915,
					"packets":	2,
					"omitted":	false,
					"sender":	true
				}],
			"sum":	{
				"start":	3.001144,
				"end":	4.001148,
				"seconds":	1.0000040531158447,
				"bytes":	2048,
				"bits_per_second":	16383.93359401915,
				"packets":	2,
				"omitted":	false,
				"sender":	true
			}
		}, {
			"streams":	[{
					"socket":	5,
					"start":	4.001148,
					"end":	5.001148,
					"seconds":	1,
					"bytes":	3072,
					"bits_per_second":	24576,
					"packets":	3,
					"omitted":	false,
					"sender":	true
				}],
			"sum":	{
				"start":	4.001148,
				"end":	5.001148,
				"seconds":	1,
				"bytes":	3072,
				"bits_per_second":	24576,
				"packets":	3,
				"omitted":	false,
				"sender":	true
			}
		}, {
			"streams":	[{
					"socket":	5,
					"start":	5.001148,
					"end":	6.001151,
					"seconds":	1.0000029802322388,
					"bytes":	2048,
					"bits_per_second":	16383.951172020519,
					"packets":	2,
					"omitted":	false,
					"sender":	true
				}],
			"sum":	{
				"start":	5.001148,
				"end":	6.001151,
				"seconds":	1.0000029802322388,
				"bytes":	2048,
				"bits_per_second":	16383.951172020519,
				"packets":	2,
				"omitted":	false,
				"sender":	true
			}
		}, {
			"streams":	[{
					"socket":	5,
					"start":	6.001151,
					"end":	7.001149,
					"seconds":	0.99999797344207764,
					"bytes":	3072,
					"bits_per_second":	24576.049804788432,
					"packets":	3,
					"omitted":	false,
					"sender":	true
				}],
			"sum":	{
				"start":	6.001151,
				"end":	7.001149,
				"seconds":	0.99999797344207764,
				"bytes":	3072,
				"bits_per_second":	24576.049804788432,
				"packets":	3,
				"omitted":	false,
				"sender":	true
			}
		}, {
			"streams":	[{
					"socket":	5,
					"start":	7.001149,
					"end":	8.001156,
					"seconds":	1.0000070333480835,
					"bytes":	2048,
					"bits_per_second":	16383.884766435478,
					"packets":	2,
					"omitted":	false,
					"sender":	true
				}],
			"sum":	{
				"start":	7.001149,
				"end":	8.001156,
				"seconds":	1.0000070333480835,
				"bytes":	2048,
				"bits_per_second":	16383.884766435478,
				"packets":	2,
				"omitted":	false,
				"sender":	true
			}
		}, {
			"streams":	[{
					"socket":	5,
					"start":	8.001156,
					"end":	9.001148,
					"seconds":	0.9999920129776,
					"bytes":	2048,
					"bits_per_second":	16384.130860420184,
					"packets":	2,
					"omitted":	false,
					"sender":	true
				}],
			"sum":	{
				"start":	8.001156,
				"end":	9.001148,
				"seconds":	0.9999920129776,
				"bytes":	2048,
				"bits_per_second":	16384.130860420184,
				"packets":	2,
				"omitted":	false,
				"sender":	true
			}
		}, {
			"streams":	[{
					"socket":	5,
					"start":	9.001148,
					"end":	10.001145,
					"seconds":	0.99999701976776123,
					"bytes":	3072,
					"bits_per_second":	24576.073242405779,
					"packets":	3,
					"omitted":	false,
					"sender":	true
				}],
			"sum":	{
				"start":	9.001148,
				"end":	10.001145,
				"seconds":	0.99999701976776123,
				"bytes":	3072,
				"bits_per_second":	24576.073242405779,
				"packets":	3,
				"omitted":	false,
				"sender":	true
			}
		}, {
			"streams":	[{
					"socket":	5,
					"start":	10.001145,
					"end":	11.001151,
					"seconds":	1.0000059604644775,
					"bytes":	2048,
					"bits_per_second":	16383.902344332073,
					"packets":	2,
					"omitted":	false,
					"sender":	true
				}],
			"sum":	{
				"start":	10.001145,
				"end":	11.001151,
				"seconds":	1.0000059604644775,
				"bytes":	2048,
				"bits_per_second":	16383.902344332073,
				"packets":	2,
				"omitted":	false,
				"sender":	true
			}
		}, {
			"streams":	[{
					"socket":	5,
					"start":	11.001151,
					"end":	12.001145,
					"seconds":	0.99999397993087769,
					"bytes":	3072,
					"bits_per_second":	24576.147950109418,
					"packets":	3,
					"omitted":	false,
					"sender":	true
				}],
			"sum":	{
				"start":	11.001151,
				"end":	12.001145,
				"seconds":	0.99999397993087769,
				"bytes":	3072,
				"bits_per_second":	24576.147950109418,
				"packets":	3,
				"omitted":	false,
				"sender":	true
			}
		}, {
			"streams":	[{
					"socket":	5,
					"start":	12.001145,
					"end":	13.00115,
					"seconds":	1.0000050067901611,
					"bytes":	2048,
					"bits_per_second":	16383.917969160711,
					"packets":	2,
					"omitted":	false,
					"sender":	true
				}],
			"sum":	{
				"start":	12.001145,
				"end":	13.00115,
				"seconds":	1.0000050067901611,
				"bytes":	2048,
				"bits_per_second":	16383.917969160711,
				"packets":	2,
				"omitted":	false,
				"sender":	true
			}
		}, {
			"streams":	[{
					"socket":	5,
					"start":	13.00115,
					"end":	14.001155,
					"seconds":	1.0000050067901611,
					"bytes":	3072,
					"bits_per_second":	24575.876953741066,
					"packets":	3,
					"omitted":	false,
					"sender":	true
				}],
			"sum":	{
				"start":	13.00115,
				"end":	14.001155,
				"seconds":	1.0000050067901611,
				"bytes":	3072,
				"bits_per_second":	24575.876953741066,
				"packets":	3,
				"omitted":	false,
				"sender":	true
			}
		}, {
			"streams":	[{
					"socket":	5,
					"start":	14.001155,
					"end":	15.001146,
					"seconds":	0.999990999698639,
					"bytes":	2048,
					"bits_per_second":	16384.1474622647,
					"packets":	2,
					"omitted":	false,
					"sender":	true
				}],
			"sum":	{
				"start":	14.001155,
				"end":	15.001146,
				"seconds":	0.999990999698639,
				"bytes":	2048,
				"bits_per_second":	16384.1474622647,
				"packets":	2,
				"omitted":	false,