{
	"start":	{
		"connected":	[{
				"socket":	5,
				"local_host":	"fd00::8",
				"local_port":	51542,
				"remote_host":	"2001:db8:1:ffff::26e:5439",
				"remote_port":	5123
			}],
		"version":	"iperf 3.18",
		"system_info":	"Linux RPI08 6.12.47+rpt-rpi-v7 #1 SMP Raspbian 1:6.12.47-1+rpt1 (2025-09-16) armv7l",
		"timestamp":	{
			"time":	"Mon, 11 May 2026 15:37:57 GMT",
			"timesecs":	1778513877
		},
		"connecting_to":	{
			"host":	"2001:db8:1:ffff::26e:5439",
			"port":	5123
		},
		"cookie":	"i5qkxppmursndilhi247jd6m76keytxdwn7f",
		"target_bitrate":	60000,
		"fq_rate":	0,
		"sock_bufsize":	0,
		"sndbuf_actual":	180224,
		"rcvbuf_actual":	180224,
		"test_start":	{
			"protocol":	"UDP",
			"num_streams":	1,
			"blksize":	512,
			"omit":	0,
			"duration":	30,
			"bytes":	0,
			"blocks":	0,
			"reverse":	0,
			"tos":	0,
			"target_bitrate":	60000,
			"bidir":	0,
			"fqrate":	0,
			"interval":	1
		}
	},
	"intervals":	[{
			"streams":	[{
					"socket":	5,
					"start":	0,
					"end":	1.001146,
					"seconds":	1.0011459589004517,
					"bytes":	7680,
					"bits_per_second":	61369.672877148623,
					"packets":	15,
					"omitted":	false,
					"sender":	true
				}],
			"sum":	{
				"start":	0,
				"end":	1.001146,
				"seconds":	1.0011459589004517,
				"bytes":	7680,
				"bits_per_second":	61369.672877148623,
				"packets":	15,
				"omitted":	false,
				"sender":	true
			}
		}, {
			"streams":	[{
					"socket":	5,
					"start":	1.001146,
					"end":	2.00115,
					"seconds":	1.0000040531158447,
					"bytes":	7680,
					"bits_per_second":	61439.750977571814,
					"packets":	15,
					"omitted":	false,
					"sender":	true
				}],
			"sum":	{
				"start":	1.001146,
				"end":	2.00115,
				"seconds":	1.0000040531158447,
				"bytes":	7680,
				"bits_per_second":	61439.750977571814,
				"packets":	15,
				"omitted":	false,
				"sender":	true
			}
		}, {
			"streams":	[{
					"socket":	5,
					"start":	2.00115,
					"end":	3.001142,
					"seconds":	0.9999920129776,
					"bytes":	7168,
					"bits_per_second":	57344.458011470648,
					"packets":	14,
					"omitted":	false,
					"sender":	true
				}],
			"sum":	{
				"start":	2.00115,
				"end":	3.001142,
				"seconds":	0.9999920129776,
				"bytes":	7168,
				"bits_per_second":	57344.458011470648,
				"packets":	14,
				"omitted":	false,
				"sender":	true
			}
		}, {
			"streams":	[{
					"socket":	5,
					"start":	3.001142,
					"end":	4.001145,
					"seconds":	1.0000029802322388,
					"bytes":	7680,
					"bits_per_second":	61439.816895076947,
					"packets":	15,
					"omitted":	false,
					"sender":	true
				}],
			"sum":	{
				"start":	3.001142,
				"end":	4.001145,
				"seconds":	1.0000029802322388,
				"bytes":	7680,
				"bits_per_second":	61439.816895076947,
				"packets":	15,
				"omitted":	false,
				"sender":	true
			}
		}, {
			"streams":	[{
					"socket":	5,
					"start":	4.001145,
					"end":	5.001151,
					"seconds":	1.0000059604644775,
					"bytes":	7680,
					"bits_per_second":	61439.633791245273,
					"packets":	15,
					"omitted":	false,
					"sender":	true
				}],
			"sum":	{
				"start":	4.001145,
				"end":	5.001151,
				"seconds":	1.0000059604644775,
				"bytes":	7680,
				"bits_per_second":	61439.633791245273,
				"packets":	15,
				"omitted":	false,
				"sender":	true
			}
		}, {
			"streams":	[{
					"socket":	5,
					"start":	5.001151,
					"end":	6.001152,
					"seconds":	1.0000009536743164,
					"bytes":	7168,
					"bits_per_second":	57343.945312552154,
					"packets":	14,
					"omitted":	false,
					"sender":	true
				}],
			"sum":	{
				"start":	5.001151,
				"end":	6.001152,
				"seconds":	1.0000009536743164,
				"bytes":	7168,
				"bits_per_second":	57343.945312552154,
				"packets":	14,
				"omitted":	false,
				"sender":	true
			}
		}, {
			"streams":	[{
					"socket":	5,
					"start":	6.001152,
					"end":	7.001147,
					"seconds":	0.999994993209839,
					"bytes":	7680,
					"bits_per_second":	61440.307618727682,
					"packets":	15,
					"omitted":	false,
					"sender":	true
				}],
			"sum":	{
				"start":	6.001152,
				"end":	7.001147,
				"seconds":	0.999994993209839,
				"bytes":	7680,
				"bits_per_second":	61440.307618727682,
				"packets":	15,
				"omitted":	false,
				"sender":	true
			}
		}, {
			"streams":	[{
					"socket":	5,
					"start":	7.001147,
					"end":	8.001138,
					"seconds":	0.999990999698639,
					"bytes":	7680,
					"bits_per_second":	61440.552983492642,
					"packets":	15,
					"omitted":	false,
					"sender":	true
				}],
			"sum":	{
				"start":	7.001147,
				"end":	8.001138,
				"seconds":	0.999990999698639,
				"bytes":	7680,
				"bits_per_second":	61440.552983492642,
				"packets":	15,
				"omitted":	false,
				"sender":	true
			}
		}, {
			"streams":	[{
					"socket":	5,
					"start":	8.001138,
					"end":	9.001144,
					"seconds":	1.0000059604644775,
					"bytes":	7168,
					"bits_per_second":	57343.658205162254,
					"packets":	14,
					"omitted":	false,
					"sender":	true
				}],
			"sum":	{
				"start":	8.001138,
				"end":	9.001144,
				"seconds":	1.0000059604644775,
				"bytes":	7168,
				"bits_per_second":	57343.658205162254,
				"packets":	14,
				"omitted":	false,
				"sender":	true
			}
		}, {
			"streams":	[{
					"socket":	5,
					"start":	9.001144,
					"end":	10.00114,
					"seconds":	0.9999960064888,
					"bytes":	7680,
					"bits_per_second":	61440.245362307985,
					"packets":	15,
					"omitted":	false,
					"sender":	true
				}],
			"sum":	{
				"start":	9.001144,
				"end":	10.00114,
				"seconds":	0.9999960064888,
				"bytes":	7680,
				"bits_per_second":	61440.245362307985,
				"packets":	15,
				"omitted":	false,
				"sender":	true
			}
		}, {
			"streams":	[{
					"socket":	5,
					"start":	10.00114,
					"end":	11.00114,
					"seconds":	1,
					"bytes":	7680,
					"bits_per_second":	61440,
					"packets":	15,
					"omitted":	false,
					"sender":	true
				}],
			"sum":	{
				"start":	10.00114,
				"end":	11.00114,
				"seconds":	1,
				"bytes":	7680,
				"bits_per_second":	61440,
				"packets":	15,
				"omitted":	false,
				"sender":	true
			}
		}, {
			"streams":	[{
					"socket":	5,
					"start":	11.00114,
					"end":	12.001137,
					"seconds":	0.99999701976776123,
					"bytes":	7168,
					"bits_per_second":	57344.170898946817,
					"packets":	14,
					"omitted":	false,
					"sender":	true
				}],
			"sum":	{
				"start":	11.00114,
				"end":	12.001137,
				"seconds":	0.99999701976776123,
				"bytes":	7168,
				"bits_per_second":	57344.170898946817,
				"packets":	14,
				"omitted":	false,
				"sender":	true
			}
		}, {
			"streams":	[{
					"socket":	5,
					"start":	12.001137,
					"end":	13.001142,
					"seconds":	1.0000050067901611,
					"bytes":	7680,
					"bits_per_second":	61439.692384352667,
					"packets":	15,
					"omitted":	false,
					"sender":	true
				}],
			"sum":	{
				"start":	12.001137,
				"end":	13.001142,
				"seconds":	1.0000050067901611,
				"bytes":	7680,
				"bits_per_second":	61439.692384352667,
				"packets":	15,
				"omitted":	false,
				"sender":	true
			}
		}, {
			"streams":	[{
					"socket":	5,
					"start":	13.001142,
					"end":	14.001148,
					"seconds":	1.0000059604644775,
					"bytes":	7680,
					"bits_per_second":	61439.633791245273,
					"packets":	15,
					"omitted":	false,
					"sender":	true
				}],
			"sum":	{
				"start":	13.001142,
				"end":	14.001148,
				"seconds":	1.0000059604644775,
				"bytes":	7680,
				"bits_per_second":	61439.633791245273,
				"packets":	15,
				"omitted":	false,
				"sender":	true
			}
		}, {
			"streams":	[{
					"socket":	5,
					"start":	14.001148,
					"end":	15.00115,
					"seconds":	1.0000020265579224,
					"bytes":	7168,
					"bits_per_second":	57343.883789298,
					"packets":	14,
					"omitted":	false,
					"sender":	true
				}],
			"sum":	{
				"start":	14.001148,
				"end":	15.00115,
				"seconds":	1.0000020265579224,
				"bytes":	7168,
				"bits_per_second":	57343.883789298,
				"packets":	14,
				"omitted":	false,