{
	"start":	{
		"connected":	[{
				"socket":	5,
				"local_host":	"fd00::8",
				"local_port":	58973,
				"remote_host":	"fd00::4",
				"remote_port":	5123
			}],
		"version":	"iperf 3.18",
		"system_info":	"Linux RPI08 6.12.47+rpt-rpi-v7 #1 SMP Raspbian 1:6.12.47-1+rpt1 (2025-09-16) armv7l",
		"timestamp":	{
			"time":	"Mon, 11 May 2026 16:16:57 GMT",
			"timesecs":	1778516217
		},
		"connecting_to":	{
			"host":	"fd00::4",
			"port":	5123
		},
		"cookie":	"ch7xfanx3vno5kuhaizz4fr7ta62onornome",
		"target_bitrate":	60000,
		"fq_rate":	0,
		"sock_bufsize":	0,
		"sndbuf_actual":	180224,
		"rcvbuf_actual":	180224,
		"test_start":	{
			"protocol":	"UDP",
			"num_streams":	1,
			"blksize":	128,
			"omit":	0,
			"duration":	30,
			"bytes":	0,
			"blocks":	0,
			"reverse":	0,
			"tos":	0,
			"target_bitrate":	60000,
			"bidir":	0,
			"fqrate":	0,
			"interval":	1
		}
	},
	"intervals":	[{
			"streams":	[{
					"socket":	5,
					"start":	0,
					"end":	1.000865,
					"seconds":	1.0008649826049805,
					"bytes":	7552,
					"bits_per_second":	60363.786374815027,
					"packets":	59,
					"omitted":	false,
					"sender":	true
				}],
			"sum":	{
				"start":	0,
				"end":	1.000865,
				"seconds":	1.0008649826049805,
				"bytes":	7552,
				"bits_per_second":	60363.786374815027,
				"packets":	59,
				"omitted":	false,
				"sender":	true
			}
		}, {
			"streams":	[{
					"socket":	5,
					"start":	1.000865,
					"end":	2.001137,
					"seconds":	1.0002720355987549,
					"bytes":	7552,
					"bits_per_second":	60399.5691670371,
					"packets":	59,
					"omitted":	false,
					"sender":	true
				}],
			"sum":	{
				"start":	1.000865,
				"end":	2.001137,
				"seconds":	1.0002720355987549,
				"bytes":	7552,
				"bits_per_second":	60399.5691670371,
				"packets":	59,
				"omitted":	false,
				"sender":	true
			}
		}, {
			"streams":	[{
					"socket":	5,
					"start":	2.001137,
					"end":	3.00114,
					"seconds":	1.0000029802322388,
					"bytes":	7424,
					"bits_per_second":	59391.822998574382,
					"packets":	58,
					"omitted":	false,
					"sender":	true
				}],
			"sum":	{
				"start":	2.001137,
				"end":	3.00114,
				"seconds":	1.0000029802322388,
				"bytes":	7424,
				"bits_per_second":	59391.822998574382,
				"packets":	58,
				"omitted":	false,
				"sender":	true
			}
		}, {
			"streams":	[{
					"socket":	5,
					"start":	3.00114,
					"end":	4.001165,
					"seconds":	1.0000250339508057,
					"bytes":	7552,
					"bits_per_second":	60414.4875866898,
					"packets":	59,
					"omitted":	false,
					"sender":	true
				}],
			"sum":	{
				"start":	3.00114,
				"end":	4.001165,
				"seconds":	1.0000250339508057,
				"bytes":	7552,
				"bits_per_second":	60414.4875866898,
				"packets":	59,
				"omitted":	false,
				"sender":	true
			}
		}, {
			"streams":	[{
					"socket":	5,
					"start":	4.001165,
					"end":	5.001139,
					"seconds":	0.999974012374878,
					"bytes":	7552,
					"bits_per_second":	60417.570109162785,
					"packets":	59,
					"omitted":	false,
					"sender":	true
				}],
			"sum":	{
				"start":	4.001165,
				"end":	5.001139,
				"seconds":	0.999974012374878,
				"bytes":	7552,
				"bits_per_second":	60417.570109162785,
				"packets":	59,
				"omitted":	false,
				"sender":	true
			}
		}, {
			"streams":	[{
					"socket":	5,
					"start":	5.001139,
					"end":	6.001136,
					"seconds":	0.99999701976776123,
					"bytes":	7424,
					"bits_per_second":	59392.177002480632,
					"packets":	58,
					"omitted":	false,
					"sender":	true
				}],
			"sum":	{
				"start":	5.001139,
				"end":	6.001136,
				"seconds":	0.99999701976776123,
				"bytes":	7424,
				"bits_per_second":	59392.177002480632,
				"packets":	58,
				"omitted":	false,
				"sender":	true
			}
		}, {
			"streams":	[{
					"socket":	5,
					"start":	6.001136,
					"end":	7.001133,
					"seconds":	0.99999701976776123,
					"bytes":	7552,
					"bits_per_second":	60416.180054247539,
					"packets":	59,
					"omitted":	false,
					"sender":	true
				}],
			"sum":	{
				"start":	6.001136,
				"end":	7.001133,
				"seconds":	0.99999701976776123,
				"bytes":	7552,
				"bits_per_second":	60416.180054247539,
				"packets":	59,
				"omitted":	false,
				"sender":	true
			}
		}, {
			"streams":	[{
					"socket":	5,
					"start":	7.001133,
					"end":	8.001134,
					"seconds":	1.0000009536743164,
					"bytes":	7424,
					"bits_per_second":	59391.943359429017,
					"packets":	58,
					"omitted":	false,
					"sender":	true
				}],
			"sum":	{
				"start":	7.001133,
				"end":	8.001134,
				"seconds":	1.0000009536743164,
				"bytes":	7424,
				"bits_per_second":	59391.943359429017,
				"packets":	58,
				"omitted":	false,
				"sender":	true
			}
		}, {
			"streams":	[{
					"socket":	5,
					"start":	8.001134,
					"end":	9.001144,
					"seconds":	1.0000100135803223,
					"bytes":	7552,
					"bits_per_second":	60415.395025589212,
					"packets":	59,
					"omitted":	false,
					"sender":	true
				}],
			"sum":	{
				"start":	8.001134,
				"end":	9.001144,
				"seconds":	1.0000100135803223,
				"bytes":	7552,
				"bits_per_second":	60415.395025589212,
				"packets":	59,
				"omitted":	false,
				"sender":	true
			}
		}, {
			"streams":	[{
					"socket":	5,
					"start":	9.001144,
					"end":	10.001134,
					"seconds":	0.99998998641967773,
					"bytes":	7424,
					"bits_per_second":	59392.5947325179,
					"packets":	58,
					"omitted":	false,
					"sender":	true
				}],
			"sum":	{
				"start":	9.001144,
				"end":	10.001134,
				"seconds":	0.99998998641967773,
				"bytes":	7424,
				"bits_per_second":	59392.5947325179,
				"packets":	58,
				"omitted":	false,
				"sender":	true
			}
		}, {
			"streams":	[{
					"socket":	5,
					"start":	10.001134,
					"end":	11.001135,
					"seconds":	1.0000009536743164,
					"bytes":	7552,
					"bits_per_second":	60415.942382867448,
					"packets":	59,
					"omitted":	false,
					"sender":	true
				}],
			"sum":	{
				"start":	10.001134,
				"end":	11.001135,
				"seconds":	1.0000009536743164,
				"bytes":	7552,
				"bits_per_second":	60415.942382867448,
				"packets":	59,
				"omitted":	false,
				"sender":	true
			}
		}, {
			"streams":	[{
					"socket":	5,
					"start":	11.001135,
					"end":	12.001132,
					"seconds":	0.99999701976776123,
					"bytes":	7552,
					"bits_per_second":	60416.180054247539,
					"packets":	59,
					"omitted":	false,
					"sender":	true
				}],
			"sum":	{
				"start":	11.001135,
				"end":	12.001132,
				"seconds":	0.99999701976776123,
				"bytes":	7552,
				"bits_per_second":	60416.180054247539,
				"packets":	59,
				"omitted":	false,
				"sender":	true
			}
		}, {
			"streams":	[{
					"socket":	5,
					"start":	12.001132,
					"end":	13.00113,
					"seconds":	0.99999797344207764,
					"bytes":	7424,
					"bits_per_second":	59392.120361572044,
					"packets":	58,
					"omitted":	false,
					"sender":	true
				}],
			"sum":	{
				"start":	12.001132,
				"end":	13.00113,
				"seconds":	0.99999797344207764,
				"bytes":	7424,
				"bits_per_second":	59392.120361572044,
				"packets":	58,
				"omitted":	false,
				"sender":	true
			}
		}, {
			"streams":	[{
					"socket":	5,
					"start":	13.00113,
					"end":	14.00113,
					"seconds":	1,
					"bytes":	7552,
					"bits_per_second":	60416,
					"packets":	59,
					"omitted":	false,
					"sender":	true
				}],
			"sum":	{
				"start":	13.00113,
				"end":	14.00113,
				"seconds":	1,
				"bytes":	7552,
				"bits_per_second":	60416,
				"packets":	59,
				"omitted":	false,
				"sender":	true
			}
		}, {
			"streams":	[{
					"socket":	5,
					"start":	14.00113,
					"end":	15.00114,
					"seconds":	1.0000100135803223,
					"bytes":	7424,
					"bits_per_second":	59391.405279392784,
					"packets":	58,
					"omitted":	false,
					"sender":	true
				}],
			"sum":	{
				"start":	14.00113,
				"end":	15.00114,
				"seconds":	1.0000100135803223,
				"bytes":	7424,
				"bits_per_second":	59391.405279392784,
				"packets":	58,
				"omitted":	false,