{
	"start":	{
		"connected":	[{
				"socket":	5,
				"local_host":	"fd00::8",
				"local_port":	50592,
				"remote_host":	"fd00::4",
				"remote_port":	5123
			}],
		"version":	"iperf 3.18",
		"system_info":	"Linux RPI08 6.12.47+rpt-rpi-v7 #1 SMP Raspbian 1:6.12.47-1+rpt1 (2025-09-16) armv7l",
		"timestamp":	{
			"time":	"Mon, 11 May 2026 16:03:57 GMT",
			"timesecs":	1778515437
		},
		"connecting_to":	{
			"host":	"fd00::4",
			"port":	5123
		},
		"cookie":	"angg3vltv4asb4wnbvhm4puf7577g7qpufb7",
		"target_bitrate":	10000,
		"fq_rate":	0,
		"sock_bufsize":	0,
		"sndbuf_actual":	180224,
		"rcvbuf_actual":	180224,
		"test_start":	{
			"protocol":	"UDP",
			"num_streams":	1,
			"blksize":	512,
			"omit":	0,
			"duration":	30,
			"bytes":	0,
			"blocks":	0,
			"reverse":	0,
			"tos":	0,
			"target_bitrate":	10000,
			"bidir":	0,
			"fqrate":	0,
			"interval":	1
		}
	},
	"intervals":	[{
			"streams":	[{
					"socket":	5,
					"start":	0,
					"end":	1.001162,
					"seconds":	1.001162052154541,
					"bytes":	1536,
					"bits_per_second":	12273.737277152813,
					"packets":	3,
					"omitted":	false,
					"sender":	true
				}],
			"sum":	{
				"start":	0,
				"end":	1.001162,
				"seconds":	1.001162052154541,
				"bytes":	1536,
				"bits_per_second":	12273.737277152813,
				"packets":	3,
				"omitted":	false,
				"sender":	true
			}
		}, {
			"streams":	[{
					"socket":	5,
					"start":	1.001162,
					"end":	2.001137,
					"seconds":	0.999975025653839,
					"bytes":	1024,
					"bits_per_second":	8192.2045949533749,
					"packets":	2,
					"omitted":	false,
					"sender":	true
				}],
			"sum":	{
				"start":	1.001162,
				"end":	2.001137,
				"seconds":	0.999975025653839,
				"bytes":	1024,
				"bits_per_second":	8192.2045949533749,
				"packets":	2,
				"omitted":	false,
				"sender":	true
			}
		}, {
			"streams":	[{
					"socket":	5,
					"start":	2.001137,
					"end":	3.001145,
					"seconds":	1.0000079870224,
					"bytes":	1536,
					"bits_per_second":	12287.901856252627,
					"packets":	3,
					"omitted":	false,
					"sender":	true
				}],
			"sum":	{
				"start":	2.001137,
				"end":	3.001145,
				"seconds":	1.0000079870224,
				"bytes":	1536,
				"bits_per_second":	12287.901856252627,
				"packets":	3,
				"omitted":	false,
				"sender":	true
			}
		}, {
			"streams":	[{
					"socket":	5,
					"start":	3.001145,
					"end":	4.001143,
					"seconds":	0.99999797344207764,
					"bytes":	1024,
					"bits_per_second":	8192.016601596144,
					"packets":	2,
					"omitted":	false,
					"sender":	true
				}],
			"sum":	{
				"start":	3.001145,
				"end":	4.001143,
				"seconds":	0.99999797344207764,
				"bytes":	1024,
				"bits_per_second":	8192.016601596144,
				"packets":	2,
				"omitted":	false,
				"sender":	true
			}
		}, {
			"streams":	[{
					"socket":	5,
					"start":	4.001143,
					"end":	5.001144,
					"seconds":	1.0000009536743164,
					"bytes":	1536,
					"bits_per_second":	12287.988281261176,
					"packets":	3,
					"omitted":	false,
					"sender":	true
				}],
			"sum":	{
				"start":	4.001143,
				"end":	5.001144,
				"seconds":	1.0000009536743164,
				"bytes":	1536,
				"bits_per_second":	12287.988281261176,
				"packets":	3,
				"omitted":	false,
				"sender":	true
			}
		}, {
			"streams":	[{
					"socket":	5,
					"start":	5.001144,
					"end":	6.001142,
					"seconds":	0.99999797344207764,
					"bytes":	1024,
					"bits_per_second":	8192.016601596144,
					"packets":	2,
					"omitted":	false,
					"sender":	true
				}],
			"sum":	{
				"start":	5.001144,
				"end":	6.001142,
				"seconds":	0.99999797344207764,
				"bytes":	1024,
				"bits_per_second":	8192.016601596144,
				"packets":	2,
				"omitted":	false,
				"sender":	true
			}
		}, {
			"streams":	[{
					"socket":	5,
					"start":	6.001142,
					"end":	7.001134,
					"seconds":	0.9999920129776,
					"bytes":	1536,
					"bits_per_second":	12288.098145315138,
					"packets":	3,
					"omitted":	false,
					"sender":	true
				}],
			"sum":	{
				"start":	6.001142,
				"end":	7.001134,
				"seconds":	0.9999920129776,
				"bytes":	1536,
				"bits_per_second":	12288.098145315138,
				"packets":	3,
				"omitted":	false,
				"sender":	true
			}
		}, {
			"streams":	[{
					"socket":	5,
					"start":	7.001134,
					"end":	8.001142,
					"seconds":	1.0000079870224,
					"bytes":	1024,
					"bits_per_second":	8191.9345708350838,
					"packets":	2,
					"omitted":	false,
					"sender":	true
				}],
			"sum":	{
				"start":	7.001134,
				"end":	8.001142,
				"seconds":	1.0000079870224,
				"bytes":	1024,
				"bits_per_second":	8191.9345708350838,
				"packets":	2,
				"omitted":	false,
				"sender":	true
			}
		}, {
			"streams":	[{
					"socket":	5,
					"start":	8.001142,
					"end":	9.001148,
					"seconds":	1.0000059604644775,
					"bytes":	1024,
					"bits_per_second":	8191.9511721660365,
					"packets":	2,
					"omitted":	false,
					"sender":	true
				}],
			"sum":	{
				"start":	8.001142,
				"end":	9.001148,
				"seconds":	1.0000059604644775,
				"bytes":	1024,
				"bits_per_second":	8191.9511721660365,
				"packets":	2,
				"omitted":	false,
				"sender":	true
			}
		}, {
			"streams":	[{
					"socket":	5,
					"start":	9.001148,
					"end":	10.001143,
					"seconds":	0.999994993209839,
					"bytes":	1536,
					"bits_per_second":	12288.061523745537,
					"packets":	3,
					"omitted":	false,
					"sender":	true
				}],
			"sum":	{
				"start":	9.001148,
				"end":	10.001143,
				"seconds":	0.999994993209839,
				"bytes":	1536,
				"bits_per_second":	12288.061523745537,
				"packets":	3,
				"omitted":	false,
				"sender":	true
			}
		}, {
			"streams":	[{
					"socket":	5,
					"start":	10.001143,
					"end":	11.00114,
					"seconds":	0.99999701976776123,
					"bytes":	1024,
					"bits_per_second":	8192.02441413526,
					"packets":	2,
					"omitted":	false,
					"sender":	true
				}],
			"sum":	{
				"start":	10.001143,
				"end":	11.00114,
				"seconds":	0.99999701976776123,
				"bytes":	1024,
				"bits_per_second":	8192.02441413526,
				"packets":	2,
				"omitted":	false,
				"sender":	true
			}
		}, {
			"streams":	[{
					"socket":	5,
					"start":	11.00114,
					"end":	12.001139,
					"seconds":	0.99999898672103882,
					"bytes":	1536,
					"bits_per_second":	12288.012451184492,
					"packets":	3,
					"omitted":	false,
					"sender":	true
				}],
			"sum":	{
				"start":	11.00114,
				"end":	12.001139,
				"seconds":	0.99999898672103882,
				"bytes":	1536,
				"bits_per_second":	12288.012451184492,
				"packets":	3,
				"omitted":	false,
				"sender":	true
			}
		}, {
			"streams":	[{
					"socket":	5,
					"start":	12.001139,
					"end":	13.001135,
					"seconds":	0.9999960064888,
					"bytes":	1024,
					"bits_per_second":	8192.0327149743971,
					"packets":	2,
					"omitted":	false,
					"sender":	true
				}],
			"sum":	{
				"start":	12.001139,
				"end":	13.001135,
				"seconds":	0.9999960064888,
				"bytes":	1024,
				"bits_per_second":	8192.0327149743971,
				"packets":	2,
				"omitted":	false,
				"sender":	true
			}
		}, {
			"streams":	[{
					"socket":	5,
					"start":	13.001135,
					"end":	14.001138,
					"seconds":	1.0000029802322388,
					"bytes":	1536,
					"bits_per_second":	12287.963379015389,
					"packets":	3,
					"omitted":	false,
					"sender":	true
				}],
			"sum":	{
				"start":	13.001135,
				"end":	14.001138,
				"seconds":	1.0000029802322388,
				"bytes":	1536,
				"bits_per_second":	12287.963379015389,
				"packets":	3,
				"omitted":	false,
				"sender":	true
			}
		}, {
			"streams":	[{
					"socket":	5,
					"start":	14.001138,
					"end":	15.001142,
					"seconds":	1.0000040531158447,
					"bytes":	1024,
					"bits_per_second":	8191.9667970095752,
					"packets":	2,
					"omitted":	false,
					"sender":	true
				}],
			"sum":	{
				"start":	14.001138,
				"end":	15.001142,
				"seconds":	1.0000040531158447,
				"bytes":	1024,
				"bits_per_second":	8191.9667970095752,
				"packets":	2,
				"omitted":	false,