{
	"start":	{
		"connected":	[{
				"socket":	5,
				"local_host":	"fd00::8",
				"local_port":	40819,
				"remote_host":	"fd00::4",
				"remote_port":	5123
			}],
		"version":	"iperf 3.18",
		"system_info":	"Linux RPI08 6.12.47+rpt-rpi-v7 #1 SMP Raspbian 1:6.12.47-1+rpt1 (2025-09-16) armv7l",
		"timestamp":	{
			"time":	"Mon, 11 May 2026 16:19:16 GMT",
			"timesecs":	1778516356
		},
		"connecting_to":	{
			"host":	"fd00::4",
			"port":	5123
		},
		"cookie":	"jmltszq6nisjumg3rfkrdvlazabcqjzjlb4w",
		"target_bitrate":	60000,
		"fq_rate":	0,
		"sock_bufsize":	0,
		"sndbuf_actual":	180224,
		"rcvbuf_actual":	180224,
		"test_start":	{
			"protocol":	"UDP",
			"num_streams":	1,
			"blksize":	512,
			"omit":	0,
			"duration":	30,
			"bytes":	0,
			"blocks":	0,
			"reverse":	0,
			"tos":	0,
			"target_bitrate":	60000,
			"bidir":	0,
			"fqrate":	0,
			"interval":	1
		}
	},
	"intervals":	[{
			"streams":	[{
					"socket":	5,
					"start":	0,
					"end":	1.001092,
					"seconds":	1.0010919570922852,
					"bytes":	7680,
					"bits_per_second":	61372.983335572026,
					"packets":	15,
					"omitted":	false,
					"sender":	true
				}],
			"sum":	{
				"start":	0,
				"end":	1.001092,
				"seconds":	1.0010919570922852,
				"bytes":	7680,
				"bits_per_second":	61372.983335572026,
				"packets":	15,
				"omitted":	false,
				"sender":	true
			}
		}, {
			"streams":	[{
					"socket":	5,
					"start":	1.001092,
					"end":	2.00115,
					"seconds":	1.0000580549240112,
					"bytes":	7680,
					"bits_per_second":	61436.433312532521,
					"packets":	15,
					"omitted":	false,
					"sender":	true
				}],
			"sum":	{
				"start":	1.001092,
				"end":	2.00115,
				"seconds":	1.0000580549240112,
				"bytes":	7680,
				"bits_per_second":	61436.433312532521,
				"packets":	15,
				"omitted":	false,
				"sender":	true
			}
		}, {
			"streams":	[{
					"socket":	5,
					"start":	2.00115,
					"end":	3.001145,
					"seconds":	0.999994993209839,
					"bytes":	7168,
					"bits_per_second":	57344.2871108125,
					"packets":	14,
					"omitted":	false,
					"sender":	true
				}],
			"sum":	{
				"start":	2.00115,
				"end":	3.001145,
				"seconds":	0.999994993209839,
				"bytes":	7168,
				"bits_per_second":	57344.2871108125,
				"packets":	14,
				"omitted":	false,
				"sender":	true
			}
		}, {
			"streams":	[{
					"socket":	5,
					"start":	3.001145,
					"end":	4.001144,
					"seconds":	0.99999898672103882,
					"bytes":	7680,
					"bits_per_second":	61440.062255922458,
					"packets":	15,
					"omitted":	false,
					"sender":	true
				}],
			"sum":	{
				"start":	3.001145,
				"end":	4.001144,
				"seconds":	0.99999898672103882,
				"bytes":	7680,
				"bits_per_second":	61440.062255922458,
				"packets":	15,
				"omitted":	false,
				"sender":	true
			}
		}, {
			"streams":	[{
					"socket":	5,
					"start":	4.001144,
					"end":	5.001147,
					"seconds":	1.0000029802322388,
					"bytes":	7680,
					"bits_per_second":	61439.816895076947,
					"packets":	15,
					"omitted":	false,
					"sender":	true
				}],
			"sum":	{
				"start":	4.001144,
				"end":	5.001147,
				"seconds":	1.0000029802322388,
				"bytes":	7680,
				"bits_per_second":	61439.816895076947,
				"packets":	15,
				"omitted":	false,
				"sender":	true
			}
		}, {
			"streams":	[{
					"socket":	5,
					"start":	5.001147,
					"end":	6.001137,
					"seconds":	0.99998998641967773,
					"bytes":	7168,
					"bits_per_second":	57344.574224500044,
					"packets":	14,
					"omitted":	false,
					"sender":	true
				}],
			"sum":	{
				"start":	5.001147,
				"end":	6.001137,
				"seconds":	0.99998998641967773,
				"bytes":	7168,
				"bits_per_second":	57344.574224500044,
				"packets":	14,
				"omitted":	false,
				"sender":	true
			}
		}, {
			"streams":	[{
					"socket":	5,
					"start":	6.001137,
					"end":	7.001137,
					"seconds":	1,
					"bytes":	7680,
					"bits_per_second":	61440,
					"packets":	15,
					"omitted":	false,
					"sender":	true
				}],
			"sum":	{
				"start":	6.001137,
				"end":	7.001137,
				"seconds":	1,
				"bytes":	7680,
				"bits_per_second":	61440,
				"packets":	15,
				"omitted":	false,
				"sender":	true
			}
		}, {
			"streams":	[{
					"socket":	5,
					"start":	7.001137,
					"end":	8.001152,
					"seconds":	1.0000150203704834,
					"bytes":	7680,
					"bits_per_second":	61439.077162298861,
					"packets":	15,
					"omitted":	false,
					"sender":	true
				}],
			"sum":	{
				"start":	7.001137,
				"end":	8.001152,
				"seconds":	1.0000150203704834,
				"bytes":	7680,
				"bits_per_second":	61439.077162298861,
				"packets":	15,
				"omitted":	false,
				"sender":	true
			}
		}, {
			"streams":	[{
					"socket":	5,
					"start":	8.001152,
					"end":	9.001138,
					"seconds":	0.99998599290847778,
					"bytes":	7168,
					"bits_per_second":	57344.803233907223,
					"packets":	14,
					"omitted":	false,
					"sender":	true
				}],
			"sum":	{
				"start":	8.001152,
				"end":	9.001138,
				"seconds":	0.99998599290847778,
				"bytes":	7168,
				"bits_per_second":	57344.803233907223,
				"packets":	14,
				"omitted":	false,
				"sender":	true
			}
		}, {
			"streams":	[{
					"socket":	5,
					"start":	9.001138,
					"end":	10.001137,
					"seconds":	0.99999898672103882,
					"bytes":	7680,
					"bits_per_second":	61440.062255922458,
					"packets":	15,
					"omitted":	false,
					"sender":	true
				}],
			"sum":	{
				"start":	9.001138,
				"end":	10.001137,
				"seconds":	0.99999898672103882,
				"bytes":	7680,
				"bits_per_second":	61440.062255922458,
				"packets":	15,
				"omitted":	false,
				"sender":	true
			}
		}, {
			"streams":	[{
					"socket":	5,
					"start":	10.001137,
					"end":	11.001141,
					"seconds":	1.0000040531158447,
					"bytes":	7680,
					"bits_per_second":	61439.750977571814,
					"packets":	15,
					"omitted":	false,
					"sender":	true
				}],
			"sum":	{
				"start":	10.001137,
				"end":	11.001141,
				"seconds":	1.0000040531158447,
				"bytes":	7680,
				"bits_per_second":	61439.750977571814,
				"packets":	15,
				"omitted":	false,
				"sender":	true
			}
		}, {
			"streams":	[{
					"socket":	5,
					"start":	11.001141,
					"end":	12.00114,
					"seconds":	0.99999898672103882,
					"bytes":	7168,
					"bits_per_second":	57344.058105527627,
					"packets":	14,
					"omitted":	false,
					"sender":	true
				}],
			"sum":	{
				"start":	11.001141,
				"end":	12.00114,
				"seconds":	0.99999898672103882,
				"bytes":	7168,
				"bits_per_second":	57344.058105527627,
				"packets":	14,
				"omitted":	false,
				"sender":	true
			}
		}, {
			"streams":	[{
					"socket":	5,
					"start":	12.00114,
					"end":	13.001184,
					"seconds":	1.0000439882278442,
					"bytes":	7680,
					"bits_per_second":	61437.297482160218,
					"packets":	15,
					"omitted":	false,
					"sender":	true
				}],
			"sum":	{
				"start":	12.00114,
				"end":	13.001184,
				"seconds":	1.0000439882278442,
				"bytes":	7680,
				"bits_per_second":	61437.297482160218,
				"packets":	15,
				"omitted":	false,
				"sender":	true
			}
		}, {
			"streams":	[{
					"socket":	5,
					"start":	13.001184,
					"end":	14.001144,
					"seconds":	0.99996000528335571,
					"bytes":	7680,
					"bits_per_second":	61442.457373672587,
					"packets":	15,
					"omitted":	false,
					"sender":	true
				}],
			"sum":	{
				"start":	13.001184,
				"end":	14.001144,
				"seconds":	0.99996000528335571,
				"bytes":	7680,
				"bits_per_second":	61442.457373672587,
				"packets":	15,
				"omitted":	false,
				"sender":	true
			}
		}, {
			"streams":	[{
					"socket":	5,
					"start":	14.001144,
					"end":	15.001141,
					"seconds":	0.99999701976776123,
					"bytes":	7168,
					"bits_per_second":	57344.170898946817,
					"packets":	14,
					"omitted":	false,
					"sender":	true
				}],
			"sum":	{
				"start":	14.001144,
				"end":	15.001141,
				"seconds":	0.99999701976776123,
				"bytes":	7168,
				"bits_per_second":	57344.170898946817,
				"packets":	14,
				"omitted":	false,