{
	"start":	{
		"connected":	[{
				"socket":	5,
				"local_host":	"fd00::8",
				"local_port":	38234,
				"remote_host":	"fd00::4",
				"remote_port":	5123
			}],
		"version":	"iperf 3.18",
		"system_info":	"Linux RPI08 6.12.47+rpt-rpi-v7 #1 SMP Raspbian 1:6.12.47-1+rpt1 (2025-09-16) armv7l",
		"timestamp":	{
			"time":	"Mon, 11 May 2026 16:21:58 GMT",
			"timesecs":	1778516518
		},
		"connecting_to":	{
			"host":	"fd00::4",
			"port":	5123
		},
		"cookie":	"gr76k3chdgcj7sixu5wweoe4rqttqb6trm5p",
		"target_bitrate":	80000,
		"fq_rate":	0,
		"sock_bufsize":	0,
		"sndbuf_actual":	180224,
		"rcvbuf_actual":	180224,
		"test_start":	{
			"protocol":	"UDP",
			"num_streams":	1,
			"blksize":	512,
			"omit":	0,
			"duration":	30,
			"bytes":	0,
			"blocks":	0,
			"reverse":	0,
			"tos":	0,
			"target_bitrate":	80000,
			"bidir":	0,
			"fqrate":	0,
			"interval":	1
		}
	},
	"intervals":	[{
			"streams":	[{
					"socket":	5,
					"start":	0,
					"end":	1.001099,
					"seconds":	1.0010989904403687,
					"bytes":	10240,
					"bits_per_second":	81830.0695358454,
					"packets":	20,
					"omitted":	false,
					"sender":	true
				}],
			"sum":	{
				"start":	0,
				"end":	1.001099,
				"seconds":	1.0010989904403687,
				"bytes":	10240,
				"bits_per_second":	81830.0695358454,
				"packets":	20,
				"omitted":	false,
				"sender":	true
			}
		}, {
			"streams":	[{
					"socket":	5,
					"start":	1.001099,
					"end":	2.001155,
					"seconds":	1.0000560283660889,
					"bytes":	10240,
					"bits_per_second":	81915.41041339704,
					"packets":	20,
					"omitted":	false,
					"sender":	true
				}],
			"sum":	{
				"start":	1.001099,
				"end":	2.001155,
				"seconds":	1.0000560283660889,
				"bytes":	10240,
				"bits_per_second":	81915.41041339704,
				"packets":	20,
				"omitted":	false,
				"sender":	true
			}
		}, {
			"streams":	[{
					"socket":	5,
					"start":	2.001155,
					"end":	3.001136,
					"seconds":	0.99998098611831665,
					"bytes":	9728,
					"bits_per_second":	77825.4797644642,
					"packets":	19,
					"omitted":	false,
					"sender":	true
				}],
			"sum":	{
				"start":	2.001155,
				"end":	3.001136,
				"seconds":	0.99998098611831665,
				"bytes":	9728,
				"bits_per_second":	77825.4797644642,
				"packets":	19,
				"omitted":	false,
				"sender":	true
			}
		}, {
			"streams":	[{
					"socket":	5,
					"start":	3.001136,
					"end":	4.001145,
					"seconds":	1.0000089406967163,
					"bytes":	10240,
					"bits_per_second":	81919.2675846733,
					"packets":	20,
					"omitted":	false,
					"sender":	true
				}],
			"sum":	{
				"start":	3.001136,
				"end":	4.001145,
				"seconds":	1.0000089406967163,
				"bytes":	10240,
				"bits_per_second":	81919.2675846733,
				"packets":	20,
				"omitted":	false,
				"sender":	true
			}
		}, {
			"streams":	[{
					"socket":	5,
					"start":	4.001145,
					"end":	5.001139,
					"seconds":	0.99999397993087769,
					"bytes":	9728,
					"bits_per_second":	77824.468508679827,
					"packets":	19,
					"omitted":	false,
					"sender":	true
				}],
			"sum":	{
				"start":	4.001145,
				"end":	5.001139,
				"seconds":	0.99999397993087769,
				"bytes":	9728,
				"bits_per_second":	77824.468508679827,
				"packets":	19,
				"omitted":	false,
				"sender":	true
			}
		}, {
			"streams":	[{
					"socket":	5,
					"start":	5.001139,
					"end":	6.001144,
					"seconds":	1.0000050067901611,
					"bytes":	10240,
					"bits_per_second":	81919.589845803552,
					"packets":	20,
					"omitted":	false,
					"sender":	true
				}],
			"sum":	{
				"start":	5.001139,
				"end":	6.001144,
				"seconds":	1.0000050067901611,
				"bytes":	10240,
				"bits_per_second":	81919.589845803552,
				"packets":	20,
				"omitted":	false,
				"sender":	true
			}
		}, {
			"streams":	[{
					"socket":	5,
					"start":	6.001144,
					"end":	7.001133,
					"seconds":	0.99998897314071655,
					"bytes":	9728,
					"bits_per_second":	77824.858163759724,
					"packets":	19,
					"omitted":	false,
					"sender":	true
				}],
			"sum":	{
				"start":	6.001144,
				"end":	7.001133,
				"seconds":	0.99998897314071655,
				"bytes":	9728,
				"bits_per_second":	77824.858163759724,
				"packets":	19,
				"omitted":	false,
				"sender":	true
			}
		}, {
			"streams":	[{
					"socket":	5,
					"start":	7.001133,
					"end":	8.001148,
					"seconds":	1.0000150203704834,
					"bytes":	10240,
					"bits_per_second":	81918.7695497318,
					"packets":	20,
					"omitted":	false,
					"sender":	true
				}],
			"sum":	{
				"start":	7.001133,
				"end":	8.001148,
				"seconds":	1.0000150203704834,
				"bytes":	10240,
				"bits_per_second":	81918.7695497318,
				"packets":	20,
				"omitted":	false,
				"sender":	true
			}
		}, {
			"streams":	[{
					"socket":	5,
					"start":	8.001148,
					"end":	9.00114,
					"seconds":	0.9999920129776,
					"bytes":	9728,
					"bits_per_second":	77824.6215869959,
					"packets":	19,
					"omitted":	false,
					"sender":	true
				}],
			"sum":	{
				"start":	8.001148,
				"end":	9.00114,
				"seconds":	0.9999920129776,
				"bytes":	9728,
				"bits_per_second":	77824.6215869959,
				"packets":	19,
				"omitted":	false,
				"sender":	true
			}
		}, {
			"streams":	[{
					"socket":	5,
					"start":	9.00114,
					"end":	10.001135,
					"seconds":	0.999994993209839,
					"bytes":	10240,
					"bits_per_second":	81920.4101583036,
					"packets":	20,
					"omitted":	false,
					"sender":	true
				}],
			"sum":	{
				"start":	9.00114,
				"end":	10.001135,
				"seconds":	0.999994993209839,
				"bytes":	10240,
				"bits_per_second":	81920.4101583036,
				"packets":	20,
				"omitted":	false,
				"sender":	true
			}
		}, {
			"streams":	[{
					"socket":	5,
					"start":	10.001135,
					"end":	11.001135,
					"seconds":	1,
					"bytes":	9728,
					"bits_per_second":	77824,
					"packets":	19,
					"omitted":	false,
					"sender":	true
				}],
			"sum":	{
				"start":	10.001135,
				"end":	11.001135,
				"seconds":	1,
				"bytes":	9728,
				"bits_per_second":	77824,
				"packets":	19,
				"omitted":	false,
				"sender":	true
			}
		}, {
			"streams":	[{
					"socket":	5,
					"start":	11.001135,
					"end":	12.001132,
					"seconds":	0.99999701976776123,
					"bytes":	10240,
					"bits_per_second":	81920.2441413526,
					"packets":	20,
					"omitted":	false,
					"sender":	true
				}],
			"sum":	{
				"start":	11.001135,
				"end":	12.001132,
				"seconds":	0.99999701976776123,
				"bytes":	10240,
				"bits_per_second":	81920.2441413526,
				"packets":	20,
				"omitted":	false,
				"sender":	true
			}
		}, {
			"streams":	[{
					"socket":	5,
					"start":	12.001132,
					"end":	13.001127,
					"seconds":	0.999994993209839,
					"bytes":	9728,
					"bits_per_second":	77824.3896503884,
					"packets":	19,
					"omitted":	false,
					"sender":	true
				}],
			"sum":	{
				"start":	12.001132,
				"end":	13.001127,
				"seconds":	0.999994993209839,
				"bytes":	9728,
				"bits_per_second":	77824.3896503884,
				"packets":	19,
				"omitted":	false,
				"sender":	true
			}
		}, {
			"streams":	[{
					"socket":	5,
					"start":	13.001127,
					"end":	14.001146,
					"seconds":	1.0000189542770386,
					"bytes":	10240,
					"bits_per_second":	81918.4472950554,
					"packets":	20,
					"omitted":	false,
					"sender":	true
				}],
			"sum":	{
				"start":	13.001127,
				"end":	14.001146,
				"seconds":	1.0000189542770386,
				"bytes":	10240,
				"bits_per_second":	81918.4472950554,
				"packets":	20,
				"omitted":	false,
				"sender":	true
			}
		}, {
			"streams":	[{
					"socket":	5,
					"start":	14.001146,
					"end":	15.001136,
					"seconds":	0.99998998641967773,
					"bytes":	9728,
					"bits_per_second":	77824.779304678625,
					"packets":	19,
					"omitted":	false,
					"sender":	true
				}],
			"sum":	{
				"start":	14.001146,
				"end":	15.001136,
				"seconds":	0.99998998641967773,
				"bytes":	9728,
				"bits_per_second":	77824.779304678625,
				"packets":	19,
				"omitted":	false,