{
	"start":	{
		"connected":	[{
				"socket":	5,
				"local_host":	"fd00::8",
				"local_port":	59634,
				"remote_host":	"fd00::4",
				"remote_port":	5123
			}],
		"version":	"iperf 3.18",
		"system_info":	"Linux RPI08 6.12.47+rpt-rpi-v7 #1 SMP Raspbian 1:6.12.47-1+rpt1 (2025-09-16) armv7l",
		"timestamp":	{
			"time":	"Mon, 11 May 2026 16:33:10 GMT",
			"timesecs":	1778517190
		},
		"connecting_to":	{
			"host":	"fd00::4",
			"port":	5123
		},
		"cookie":	"75fyvhe27w6elmocz6brbb7u4qdsnqqek2ge",
		"target_bitrate":	160000,
		"fq_rate":	0,
		"sock_bufsize":	0,
		"sndbuf_actual":	180224,
		"rcvbuf_actual":	180224,
		"test_start":	{
			"protocol":	"UDP",
			"num_streams":	1,
			"blksize":	128,
			"omit":	0,
			"duration":	30,
			"bytes":	0,
			"blocks":	0,
			"reverse":	0,
			"tos":	0,
			"target_bitrate":	160000,
			"bidir":	0,
			"fqrate":	0,
			"interval":	1
		}
	},
	"intervals":	[{
			"streams":	[{
					"socket":	5,
					"start":	0,
					"end":	1.00091,
					"seconds":	1.0009100437164307,
					"bytes":	20096,
					"bits_per_second":	160621.82711551193,
					"packets":	157,
					"omitted":	false,
					"sender":	true
				}],
			"sum":	{
				"start":	0,
				"end":	1.00091,
				"seconds":	1.0009100437164307,
				"bytes":	20096,
				"bits_per_second":	160621.82711551193,
				"packets":	157,
				"omitted":	false,
				"sender":	true
			}
		}, {
			"streams":	[{
					"socket":	5,
					"start":	1.00091,
					"end":	2.001137,
					"seconds":	1.0002269744873047,
					"bytes":	19968,
					"bits_per_second":	159707.75041523093,
					"packets":	156,
					"omitted":	false,
					"sender":	true
				}],
			"sum":	{
				"start":	1.00091,
				"end":	2.001137,
				"seconds":	1.0002269744873047,
				"bytes":	19968,
				"bits_per_second":	159707.75041523093,
				"packets":	156,
				"omitted":	false,
				"sender":	true
			}
		}, {
			"streams":	[{
					"socket":	5,
					"start":	2.001137,
					"end":	3.001139,
					"seconds":	1.0000020265579224,
					"bytes":	19968,
					"bits_per_second":	159743.67627018731,
					"packets":	156,
					"omitted":	false,
					"sender":	true
				}],
			"sum":	{
				"start":	2.001137,
				"end":	3.001139,
				"seconds":	1.0000020265579224,
				"bytes":	19968,
				"bits_per_second":	159743.67627018731,
				"packets":	156,
				"omitted":	false,
				"sender":	true
			}
		}, {
			"streams":	[{
					"socket":	5,
					"start":	3.001139,
					"end":	4.001141,
					"seconds":	1.0000020265579224,
					"bytes":	20096,
					"bits_per_second":	160767.67419499619,
					"packets":	157,
					"omitted":	false,
					"sender":	true
				}],
			"sum":	{
				"start":	3.001139,
				"end":	4.001141,
				"seconds":	1.0000020265579224,
				"bytes":	20096,
				"bits_per_second":	160767.67419499619,
				"packets":	157,
				"omitted":	false,
				"sender":	true
			}
		}, {
			"streams":	[{
					"socket":	5,
					"start":	4.001141,
					"end":	5.001146,
					"seconds":	1.0000050067901611,
					"bytes":	19968,
					"bits_per_second":	159743.20019931693,
					"packets":	156,
					"omitted":	false,
					"sender":	true
				}],
			"sum":	{
				"start":	4.001141,
				"end":	5.001146,
				"seconds":	1.0000050067901611,
				"bytes":	19968,
				"bits_per_second":	159743.20019931693,
				"packets":	156,
				"omitted":	false,
				"sender":	true
			}
		}, {
			"streams":	[{
					"socket":	5,
					"start":	5.001146,
					"end":	6.001137,
					"seconds":	0.999990999698639,
					"bytes":	19968,
					"bits_per_second":	159745.43775708089,
					"packets":	156,
					"omitted":	false,
					"sender":	true
				}],
			"sum":	{
				"start":	5.001146,
				"end":	6.001137,
				"seconds":	0.999990999698639,
				"bytes":	19968,
				"bits_per_second":	159745.43775708089,
				"packets":	156,
				"omitted":	false,
				"sender":	true
			}
		}, {
			"streams":	[{
					"socket":	5,
					"start":	6.001137,
					"end":	7.00114,
					"seconds":	1.0000029802322388,
					"bytes":	19968,
					"bits_per_second":	159743.52392720006,
					"packets":	156,
					"omitted":	false,
					"sender":	true
				}],
			"sum":	{
				"start":	6.001137,
				"end":	7.00114,
				"seconds":	1.0000029802322388,
				"bytes":	19968,
				"bits_per_second":	159743.52392720006,
				"packets":	156,
				"omitted":	false,
				"sender":	true
			}
		}, {
			"streams":	[{
					"socket":	5,
					"start":	7.00114,
					"end":	8.001139,
					"seconds":	0.99999898672103882,
					"bytes":	20096,
					"bits_per_second":	160768.16290299711,
					"packets":	157,
					"omitted":	false,
					"sender":	true
				}],
			"sum":	{
				"start":	7.00114,
				"end":	8.001139,
				"seconds":	0.99999898672103882,
				"bytes":	20096,
				"bits_per_second":	160768.16290299711,
				"packets":	157,
				"omitted":	false,
				"sender":	true
			}
		}, {
			"streams":	[{
					"socket":	5,
					"start":	8.001139,
					"end":	9.001145,
					"seconds":	1.0000059604644775,
					"bytes":	19968,
					"bits_per_second":	159743.04785723772,
					"packets":	156,
					"omitted":	false,
					"sender":	true
				}],
			"sum":	{
				"start":	8.001139,
				"end":	9.001145,
				"seconds":	1.0000059604644775,
				"bytes":	19968,
				"bits_per_second":	159743.04785723772,
				"packets":	156,
				"omitted":	false,
				"sender":	true
			}
		}, {
			"streams":	[{
					"socket":	5,
					"start":	9.001145,
					"end":	10.001139,
					"seconds":	0.99999397993087769,
					"bytes":	19968,
					"bits_per_second":	159744.96167571124,
					"packets":	156,
					"omitted":	false,
					"sender":	true
				}],
			"sum":	{
				"start":	9.001145,
				"end":	10.001139,
				"seconds":	0.99999397993087769,
				"bytes":	19968,
				"bits_per_second":	159744.96167571124,
				"packets":	156,
				"omitted":	false,
				"sender":	true
			}
		}, {
			"streams":	[{
					"socket":	5,
					"start":	10.001139,
					"end":	11.001133,
					"seconds":	0.99999397993087769,
					"bytes":	19968,
					"bits_per_second":	159744.96167571124,
					"packets":	156,
					"omitted":	false,
					"sender":	true
				}],
			"sum":	{
				"start":	10.001139,
				"end":	11.001133,
				"seconds":	0.99999397993087769,
				"bytes":	19968,
				"bits_per_second":	159744.96167571124,
				"packets":	156,
				"omitted":	false,
				"sender":	true
			}
		}, {
			"streams":	[{
					"socket":	5,
					"start":	11.001133,
					"end":	12.001138,
					"seconds":	1.0000050067901611,
					"bytes":	20096,
					"bits_per_second":	160767.19507238947,
					"packets":	157,
					"omitted":	false,
					"sender":	true
				}],
			"sum":	{
				"start":	11.001133,
				"end":	12.001138,
				"seconds":	1.0000050067901611,
				"bytes":	20096,
				"bits_per_second":	160767.19507238947,
				"packets":	157,
				"omitted":	false,
				"sender":	true
			}
		}, {
			"streams":	[{
					"socket":	5,
					"start":	12.001138,
					"end":	13.001135,
					"seconds":	0.99999701976776123,
					"bytes":	19968,
					"bits_per_second":	159744.47607563756,
					"packets":	156,
					"omitted":	false,
					"sender":	true
				}],
			"sum":	{
				"start":	12.001138,
				"end":	13.001135,
				"seconds":	0.99999701976776123,
				"bytes":	19968,
				"bits_per_second":	159744.47607563756,
				"packets":	156,
				"omitted":	false,
				"sender":	true
			}
		}, {
			"streams":	[{
					"socket":	5,
					"start":	13.001135,
					"end":	14.001139,
					"seconds":	1.0000040531158447,
					"bytes":	19968,
					"bits_per_second":	159743.35254168673,
					"packets":	156,
					"omitted":	false,
					"sender":	true
				}],
			"sum":	{
				"start":	13.001135,
				"end":	14.001139,
				"seconds":	1.0000040531158447,
				"bytes":	19968,
				"bits_per_second":	159743.35254168673,
				"packets":	156,
				"omitted":	false,
				"sender":	true
			}
		}, {
			"streams":	[{
					"socket":	5,
					"start":	14.001139,
					"end":	15.001139,
					"seconds":	1,
					"bytes":	19968,
					"bits_per_second":	159744,
					"packets":	156,
					"omitted":	false,
					"sender":	true
				}],
			"sum":	{
				"start":	14.001139,
				"end":	15.001139,
				"seconds":	1,
				"bytes":	19968,
				"bits_per_second":	159744,