{
	"start":	{
		"connected":	[{
				"socket":	5,
				"local_host":	"fd00::8",
				"local_port":	35835,
				"remote_host":	"fd00::4",
				"remote_port":	5123
			}],
		"version":	"iperf 3.18",
		"system_info":	"Linux RPI08 6.12.47+rpt-rpi-v7 #1 SMP Raspbian 1:6.12.47-1+rpt1 (2025-09-16) armv7l",
		"timestamp":	{
			"time":	"Mon, 11 May 2026 16:35:25 GMT",
			"timesecs":	1778517325
		},
		"connecting_to":	{
			"host":	"fd00::4",
			"port":	5123
		},
		"cookie":	"epas2ekblkitqdiu65prcnttgvu3krvnc75p",
		"target_bitrate":	250000,
		"fq_rate":	0,
		"sock_bufsize":	0,
		"sndbuf_actual":	180224,
		"rcvbuf_actual":	180224,
		"test_start":	{
			"protocol":	"UDP",
			"num_streams":	1,
			"blksize":	64,
			"omit":	0,
			"duration":	30,
			"bytes":	0,
			"blocks":	0,
			"reverse":	0,
			"tos":	0,
			"target_bitrate":	250000,
			"bidir":	0,
			"fqrate":	0,
			"interval":	1
		}
	},
	"intervals":	[{
			"streams":	[{
					"socket":	5,
					"start":	0,
					"end":	1.001103,
					"seconds":	1.0011030435562134,
					"bytes":	18176,
					"bits_per_second":	145247.78536629744,
					"packets":	285,
					"omitted":	false,
					"sender":	true
				}],
			"sum":	{
				"start":	0,
				"end":	1.001103,
				"seconds":	1.0011030435562134,
				"bytes":	18176,
				"bits_per_second":	145247.78536629744,
				"packets":	285,
				"omitted":	false,
				"sender":	true
			}
		}, {
			"streams":	[{
					"socket":	5,
					"start":	1.001103,
					"end":	2.001154,
					"seconds":	1.0000510215759277,
					"bytes":	14016,
					"bits_per_second":	112122.27934461123,
					"packets":	219,
					"omitted":	false,
					"sender":	true
				}],
			"sum":	{
				"start":	1.001103,
				"end":	2.001154,
				"seconds":	1.0000510215759277,
				"bytes":	14016,
				"bits_per_second":	112122.27934461123,
				"packets":	219,
				"omitted":	false,
				"sender":	true
			}
		}, {
			"streams":	[{
					"socket":	5,
					"start":	2.001154,
					"end":	3.001153,
					"seconds":	0.99999898672103882,
					"bytes":	14080,
					"bits_per_second":	112640.11413585785,
					"packets":	220,
					"omitted":	false,
					"sender":	true
				}],
			"sum":	{
				"start":	2.001154,
				"end":	3.001153,
				"seconds":	0.99999898672103882,
				"bytes":	14080,
				"bits_per_second":	112640.11413585785,
				"packets":	220,
				"omitted":	false,
				"sender":	true
			}
		}, {
			"streams":	[{
					"socket":	5,
					"start":	3.001153,
					"end":	4.001151,
					"seconds":	0.99999797344207764,
					"bytes":	21056,
					"bits_per_second":	168448.3413703207,
					"packets":	329,
					"omitted":	false,
					"sender":	true
				}],
			"sum":	{
				"start":	3.001153,
				"end":	4.001151,
				"seconds":	0.99999797344207764,
				"bytes":	21056,
				"bits_per_second":	168448.3413703207,
				"packets":	329,
				"omitted":	false,
				"sender":	true
			}
		}, {
			"streams":	[{
					"socket":	5,
					"start":	4.001151,
					"end":	5.001151,
					"seconds":	1,
					"bytes":	21184,
					"bits_per_second":	169472,
					"packets":	331,
					"omitted":	false,
					"sender":	true
				}],
			"sum":	{
				"start":	4.001151,
				"end":	5.001151,
				"seconds":	1,
				"bytes":	21184,
				"bits_per_second":	169472,
				"packets":	331,
				"omitted":	false,
				"sender":	true
			}
		}, {
			"streams":	[{
					"socket":	5,
					"start":	5.001151,
					"end":	6.001162,
					"seconds":	1.0000109672546387,
					"bytes":	20992,
					"bits_per_second":	167934.15822332422,
					"packets":	328,
					"omitted":	false,
					"sender":	true
				}],
			"sum":	{
				"start":	5.001151,
				"end":	6.001162,
				"seconds":	1.0000109672546387,
				"bytes":	20992,
				"bits_per_second":	167934.15822332422,
				"packets":	328,
				"omitted":	false,
				"sender":	true
			}
		}, {
			"streams":	[{
					"socket":	5,
					"start":	6.001162,
					"end":	7.001151,
					"seconds":	0.99998897314071655,
					"bytes":	28352,
					"bits_per_second":	226818.50109569446,
					"packets":	443,
					"omitted":	false,
					"sender":	true
				}],
			"sum":	{
				"start":	6.001162,
				"end":	7.001151,
				"seconds":	0.99998897314071655,
				"bytes":	28352,
				"bits_per_second":	226818.50109569446,
				"packets":	443,
				"omitted":	false,
				"sender":	true
			}
		}, {
			"streams":	[{
					"socket":	5,
					"start":	7.001151,
					"end":	8.001148,
					"seconds":	0.99999701976776123,
					"bytes":	35904,
					"bits_per_second":	287232.85602061753,
					"packets":	561,
					"omitted":	false,
					"sender":	true
				}],
			"sum":	{
				"start":	7.001151,
				"end":	8.001148,
				"seconds":	0.99999701976776123,
				"bytes":	35904,
				"bits_per_second":	287232.85602061753,
				"packets":	561,
				"omitted":	false,
				"sender":	true
			}
		}, {
			"streams":	[{
					"socket":	5,
					"start":	8.001148,
					"end":	9.001144,
					"seconds":	0.9999960064888,
					"bytes":	35456,
					"bits_per_second":	283649.13275598851,
					"packets":	554,
					"omitted":	false,
					"sender":	true
				}],
			"sum":	{
				"start":	8.001148,
				"end":	9.001144,
				"seconds":	0.9999960064888,
				"bytes":	35456,
				"bits_per_second":	283649.13275598851,
				"packets":	554,
				"omitted":	false,
				"sender":	true
			}
		}, {
			"streams":	[{
					"socket":	5,
					"start":	9.001144,
					"end":	10.001147,
					"seconds":	1.0000029802322388,
					"bytes":	35712,
					"bits_per_second":	285695.14856210782,
					"packets":	558,
					"omitted":	false,
					"sender":	true
				}],
			"sum":	{
				"start":	9.001144,
				"end":	10.001147,
				"seconds":	1.0000029802322388,
				"bytes":	35712,
				"bits_per_second":	285695.14856210782,
				"packets":	558,
				"omitted":	false,
				"sender":	true
			}
		}, {
			"streams":	[{
					"socket":	5,
					"start":	10.001147,
					"end":	11.00115,
					"seconds":	1.0000029802322388,
					"bytes":	42688,
					"bits_per_second":	341502.98224180267,
					"packets":	667,
					"omitted":	false,
					"sender":	true
				}],
			"sum":	{
				"start":	10.001147,
				"end":	11.00115,
				"seconds":	1.0000029802322388,
				"bytes":	42688,
				"bits_per_second":	341502.98224180267,
				"packets":	667,
				"omitted":	false,
				"sender":	true
			}
		}, {
			"streams":	[{
					"socket":	5,
					"start":	11.00115,
					"end":	12.00116,
					"seconds":	1.0000100135803223,
					"bytes":	42880,
					"bits_per_second":	343036.56497580314,
					"packets":	670,
					"omitted":	false,
					"sender":	true
				}],
			"sum":	{
				"start":	11.00115,
				"end":	12.00116,
				"seconds":	1.0000100135803223,
				"bytes":	42880,
				"bits_per_second":	343036.56497580314,
				"packets":	670,
				"omitted":	false,
				"sender":	true
			}
		}, {
			"streams":	[{
					"socket":	5,
					"start":	12.00116,
					"end":	13.001152,
					"seconds":	0.9999920129776,
					"bytes":	49984,
					"bits_per_second":	399875.19381213014,
					"packets":	781,
					"omitted":	false,
					"sender":	true
				}],
			"sum":	{
				"start":	12.00116,
				"end":	13.001152,
				"seconds":	0.9999920129776,
				"bytes":	49984,
				"bits_per_second":	399875.19381213014,
				"packets":	781,
				"omitted":	false,
				"sender":	true
			}
		}, {
			"streams":	[{
					"socket":	5,
					"start":	13.001152,
					"end":	14.001148,
					"seconds":	0.9999960064888,
					"bytes":	50112,
					"bits_per_second":	400897.6009890596,
					"packets":	783,
					"omitted":	false,
					"sender":	true
				}],
			"sum":	{
				"start":	13.001152,
				"end":	14.001148,
				"seconds":	0.9999960064888,
				"bytes":	50112,
				"bits_per_second":	400897.6009890596,
				"packets":	783,
				"omitted":	false,
				"sender":	true
			}
		}, {
			"streams":	[{
					"socket":	5,
					"start":	14.001148,
					"end":	15.001145,
					"seconds":	0.99999701976776123,
					"bytes":	38208,
					"bits_per_second":	305664.91095242189,
					"packets":	596,
					"omitted":	false,
					"sender":	true
				}],
			"sum":	{
				"start":	14.001148,
				"end":	15.001145,
				"seconds":	0.99999701976776123,
				"bytes":	38208,
				"bits_per_second":	305664.91095242189,
				"packets":	596,