{
	"start":	{
		"connected":	[{
				"socket":	5,
				"local_host":	"fd00::8",
				"local_port":	52576,
				"remote_host":	"fd00::4",
				"remote_port":	5123
			}],
		"version":	"iperf 3.18",
		"system_info":	"Linux RPI08 6.12.47+rpt-rpi-v7 #1 SMP Raspbian 1:6.12.47-1+rpt1 (2025-09-16) armv7l",
		"timestamp":	{
			"time":	"Mon, 11 May 2026 16:18:03 GMT",
			"timesecs":	1778516283
		},
		"connecting_to":	{
			"host":	"fd00::4",
			"port":	5123
		},
		"cookie":	"efrjehlk75pdg2cgzzxwvejd5hla2cfphcgf",
		"target_bitrate":	60000,
		"fq_rate":	0,
		"sock_bufsize":	0,
		"sndbuf_actual":	180224,
		"rcvbuf_actual":	180224,
		"test_start":	{
			"protocol":	"UDP",
			"num_streams":	1,
			"blksize":	256,
			"omit":	0,
			"duration":	30,
			"bytes":	0,
			"blocks":	0,
			"reverse":	0,
			"tos":	0,
			"target_bitrate":	60000,
			"bidir":	0,
			"fqrate":	0,
			"interval":	1
		}
	},
	"intervals":	[{
			"streams":	[{
					"socket":	5,
					"start":	0,
					"end":	1.001086,
					"seconds":	1.0010859966278076,
					"bytes":	7680,
					"bits_per_second":	61373.34875022,
					"packets":	30,
					"omitted":	false,
					"sender":	true
				}],
			"sum":	{
				"start":	0,
				"end":	1.001086,
				"seconds":	1.0010859966278076,
				"bytes":	7680,
				"bits_per_second":	61373.34875022,
				"packets":	30,
				"omitted":	false,
				"sender":	true
			}
		}, {
			"streams":	[{
					"socket":	5,
					"start":	1.001086,
					"end":	2.00113,
					"seconds":	1.0000439882278442,
					"bytes":	7424,
					"bits_per_second":	59389.387566088211,
					"packets":	29,
					"omitted":	false,
					"sender":	true
				}],
			"sum":	{
				"start":	1.001086,
				"end":	2.00113,
				"seconds":	1.0000439882278442,
				"bytes":	7424,
				"bits_per_second":	59389.387566088211,
				"packets":	29,
				"omitted":	false,
				"sender":	true
			}
		}, {
			"streams":	[{
					"socket":	5,
					"start":	2.00113,
					"end":	3.001138,
					"seconds":	1.0000079870224,
					"bytes":	7424,
					"bits_per_second":	59391.525638554362,
					"packets":	29,
					"omitted":	false,
					"sender":	true
				}],
			"sum":	{
				"start":	2.00113,
				"end":	3.001138,
				"seconds":	1.0000079870224,
				"bytes":	7424,
				"bits_per_second":	59391.525638554362,
				"packets":	29,
				"omitted":	false,
				"sender":	true
			}
		}, {
			"streams":	[{
					"socket":	5,
					"start":	3.001138,
					"end":	4.001134,
					"seconds":	0.9999960064888,
					"bytes":	7680,
					"bits_per_second":	61440.245362307985,
					"packets":	30,
					"omitted":	false,
					"sender":	true
				}],
			"sum":	{
				"start":	3.001138,
				"end":	4.001134,
				"seconds":	0.9999960064888,
				"bytes":	7680,
				"bits_per_second":	61440.245362307985,
				"packets":	30,
				"omitted":	false,
				"sender":	true
			}
		}, {
			"streams":	[{
					"socket":	5,
					"start":	4.001134,
					"end":	5.001141,
					"seconds":	1.0000070333480835,
					"bytes":	7424,
					"bits_per_second":	59391.5822783286,
					"packets":	29,
					"omitted":	false,
					"sender":	true
				}],
			"sum":	{
				"start":	4.001134,
				"end":	5.001141,
				"seconds":	1.0000070333480835,
				"bytes":	7424,
				"bits_per_second":	59391.5822783286,
				"packets":	29,
				"omitted":	false,
				"sender":	true
			}
		}, {
			"streams":	[{
					"socket":	5,
					"start":	5.001141,
					"end":	6.001134,
					"seconds":	0.99999302625656128,
					"bytes":	7424,
					"bits_per_second":	59392.414187458751,
					"packets":	29,
					"omitted":	false,
					"sender":	true
				}],
			"sum":	{
				"start":	5.001141,
				"end":	6.001134,
				"seconds":	0.99999302625656128,
				"bytes":	7424,
				"bits_per_second":	59392.414187458751,
				"packets":	29,
				"omitted":	false,
				"sender":	true
			}
		}, {
			"streams":	[{
					"socket":	5,
					"start":	6.001134,
					"end":	7.001132,
					"seconds":	0.99999797344207764,
					"bytes":	7680,
					"bits_per_second":	61440.12451197108,
					"packets":	30,
					"omitted":	false,
					"sender":	true
				}],
			"sum":	{
				"start":	6.001134,
				"end":	7.001132,
				"seconds":	0.99999797344207764,
				"bytes":	7680,
				"bits_per_second":	61440.12451197108,
				"packets":	30,
				"omitted":	false,
				"sender":	true
			}
		}, {
			"streams":	[{
					"socket":	5,
					"start":	7.001132,
					"end":	8.001132,
					"seconds":	1,
					"bytes":	7424,
					"bits_per_second":	59392,
					"packets":	29,
					"omitted":	false,
					"sender":	true
				}],
			"sum":	{
				"start":	7.001132,
				"end":	8.001132,
				"seconds":	1,
				"bytes":	7424,
				"bits_per_second":	59392,
				"packets":	29,
				"omitted":	false,
				"sender":	true
			}
		}, {
			"streams":	[{
					"socket":	5,
					"start":	8.001132,
					"end":	9.001144,
					"seconds":	1.0000120401382446,
					"bytes":	7424,
					"bits_per_second":	59391.28492071903,
					"packets":	29,
					"omitted":	false,
					"sender":	true
				}],
			"sum":	{
				"start":	8.001132,
				"end":	9.001144,
				"seconds":	1.0000120401382446,
				"bytes":	7424,
				"bits_per_second":	59391.28492071903,
				"packets":	29,
				"omitted":	false,
				"sender":	true
			}
		}, {
			"streams":	[{
					"socket":	5,
					"start":	9.001144,
					"end":	10.001137,
					"seconds":	0.99999302625656128,
					"bytes":	7424,
					"bits_per_second":	59392.414187458751,
					"packets":	29,
					"omitted":	false,
					"sender":	true
				}],
			"sum":	{
				"start":	9.001144,
				"end":	10.001137,
				"seconds":	0.99999302625656128,
				"bytes":	7424,
				"bits_per_second":	59392.414187458751,
				"packets":	29,
				"omitted":	false,
				"sender":	true
			}
		}, {
			"streams":	[{
					"socket":	5,
					"start":	10.001137,
					"end":	11.001128,
					"seconds":	0.999990999698639,
					"bytes":	7680,
					"bits_per_second":	61440.552983492642,
					"packets":	30,
					"omitted":	false,
					"sender":	true
				}],
			"sum":	{
				"start":	10.001137,
				"end":	11.001128,
				"seconds":	0.999990999698639,
				"bytes":	7680,
				"bits_per_second":	61440.552983492642,
				"packets":	30,
				"omitted":	false,
				"sender":	true
			}
		}, {
			"streams":	[{
					"socket":	5,
					"start":	11.001128,
					"end":	12.001133,
					"seconds":	1.0000050067901611,
					"bytes":	7424,
					"bits_per_second":	59391.702638207578,
					"packets":	29,
					"omitted":	false,
					"sender":	true
				}],
			"sum":	{
				"start":	11.001128,
				"end":	12.001133,
				"seconds":	1.0000050067901611,
				"bytes":	7424,
				"bits_per_second":	59391.702638207578,
				"packets":	29,
				"omitted":	false,
				"sender":	true
			}
		}, {
			"streams":	[{
					"socket":	5,
					"start":	12.001133,
					"end":	13.00113,
					"seconds":	0.99999701976776123,
					"bytes":	7424,
					"bits_per_second":	59392.177002480632,
					"packets":	29,
					"omitted":	false,
					"sender":	true
				}],
			"sum":	{
				"start":	12.001133,
				"end":	13.00113,
				"seconds":	0.99999701976776123,
				"bytes":	7424,
				"bits_per_second":	59392.177002480632,
				"packets":	29,
				"omitted":	false,
				"sender":	true
			}
		}, {
			"streams":	[{
					"socket":	5,
					"start":	13.00113,
					"end":	14.001131,
					"seconds":	1.0000009536743164,
					"bytes":	7680,
					"bits_per_second":	61439.941406305879,
					"packets":	30,
					"omitted":	false,
					"sender":	true
				}],
			"sum":	{
				"start":	13.00113,
				"end":	14.001131,
				"seconds":	1.0000009536743164,
				"bytes":	7680,
				"bits_per_second":	61439.941406305879,
				"packets":	30,
				"omitted":	false,
				"sender":	true
			}
		}, {
			"streams":	[{
					"socket":	5,
					"start":	14.001131,
					"end":	15.001145,
					"seconds":	1.0000139474868774,
					"bytes":	7424,
					"bits_per_second":	59391.171642412883,
					"packets":	29,
					"omitted":	false,
					"sender":	true
				}],
			"sum":	{
				"start":	14.001131,
				"end":	15.001145,
				"seconds":	1.0000139474868774,
				"bytes":	7424,
				"bits_per_second":	59391.171642412883,
				"packets":	29,
				"omitted":	false,