{
	"start":	{
		"connected":	[{
				"socket":	5,
				"local_host":	"fd00::8",
				"local_port":	47871,
				"remote_host":	"fd00::4",
				"remote_port":	5123
			}],
		"version":	"iperf 3.18",
		"system_info":	"Linux RPI08 6.12.47+rpt-rpi-v7 #1 SMP Raspbian 1:6.12.47-1+rpt1 (2025-09-16) armv7l",
		"timestamp":	{
			"time":	"Mon, 11 May 2026 16:14:14 GMT",
			"timesecs":	1778516054
		},
		"connecting_to":	{
			"host":	"fd00::4",
			"port":	5123
		},
		"cookie":	"st2orziaj63b6bkpcr43jp4ovrjkkwzq6sds",
		"target_bitrate":	40000,
		"fq_rate":	0,
		"sock_bufsize":	0,
		"sndbuf_actual":	180224,
		"rcvbuf_actual":	180224,
		"test_start":	{
			"protocol":	"UDP",
			"num_streams":	1,
			"blksize":	128,
			"omit":	0,
			"duration":	30,
			"bytes":	0,
			"blocks":	0,
			"reverse":	0,
			"tos":	0,
			"target_bitrate":	40000,
			"bidir":	0,
			"fqrate":	0,
			"interval":	1
		}
	},
	"intervals":	[{
			"streams":	[{
					"socket":	5,
					"start":	0,
					"end":	1.000871,
					"seconds":	1.000870943069458,
					"bytes":	5120,
					"bits_per_second":	40924.357214711825,
					"packets":	40,
					"omitted":	false,
					"sender":	true
				}],
			"sum":	{
				"start":	0,
				"end":	1.000871,
				"seconds":	1.000870943069458,
				"bytes":	5120,
				"bits_per_second":	40924.357214711825,
				"packets":	40,
				"omitted":	false,
				"sender":	true
			}
		}, {
			"streams":	[{
					"socket":	5,
					"start":	1.000871,
					"end":	2.001129,
					"seconds":	1.0002579689025879,
					"bytes":	4992,
					"bits_per_second":	39925.700410879952,
					"packets":	39,
					"omitted":	false,
					"sender":	true
				}],
			"sum":	{
				"start":	1.000871,
				"end":	2.001129,
				"seconds":	1.0002579689025879,
				"bytes":	4992,
				"bits_per_second":	39925.700410879952,
				"packets":	39,
				"omitted":	false,
				"sender":	true
			}
		}, {
			"streams":	[{
					"socket":	5,
					"start":	2.001129,
					"end":	3.001135,
					"seconds":	1.0000059604644775,
					"bytes":	4992,
					"bits_per_second":	39935.761964309429,
					"packets":	39,
					"omitted":	false,
					"sender":	true
				}],
			"sum":	{
				"start":	2.001129,
				"end":	3.001135,
				"seconds":	1.0000059604644775,
				"bytes":	4992,
				"bits_per_second":	39935.761964309429,
				"packets":	39,
				"omitted":	false,
				"sender":	true
			}
		}, {
			"streams":	[{
					"socket":	5,
					"start":	3.001135,
					"end":	4.001186,
					"seconds":	1.0000510215759277,
					"bytes":	4992,
					"bits_per_second":	39933.9625062999,
					"packets":	39,
					"omitted":	false,
					"sender":	true
				}],
			"sum":	{
				"start":	3.001135,
				"end":	4.001186,
				"seconds":	1.0000510215759277,
				"bytes":	4992,
				"bits_per_second":	39933.9625062999,
				"packets":	39,
				"omitted":	false,
				"sender":	true
			}
		}, {
			"streams":	[{
					"socket":	5,
					"start":	4.001186,
					"end":	5.001133,
					"seconds":	0.99994701147079468,
					"bytes":	4992,
					"bits_per_second":	39938.116262039955,
					"packets":	39,
					"omitted":	false,
					"sender":	true
				}],
			"sum":	{
				"start":	4.001186,
				"end":	5.001133,
				"seconds":	0.99994701147079468,
				"bytes":	4992,
				"bits_per_second":	39938.116262039955,
				"packets":	39,
				"omitted":	false,
				"sender":	true
			}
		}, {
			"streams":	[{
					"socket":	5,
					"start":	5.001133,
					"end":	6.001159,
					"seconds":	1.0000259876251221,
					"bytes":	4992,
					"bits_per_second":	39934.96218517347,
					"packets":	39,
					"omitted":	false,
					"sender":	true
				}],
			"sum":	{
				"start":	5.001133,
				"end":	6.001159,
				"seconds":	1.0000259876251221,
				"bytes":	4992,
				"bits_per_second":	39934.96218517347,
				"packets":	39,
				"omitted":	false,
				"sender":	true
			}
		}, {
			"streams":	[{
					"socket":	5,
					"start":	6.001159,
					"end":	7.001132,
					"seconds":	0.99997299909591675,
					"bytes":	4992,
					"bits_per_second":	39937.078337221552,
					"packets":	39,
					"omitted":	false,
					"sender":	true
				}],
			"sum":	{
				"start":	6.001159,
				"end":	7.001132,
				"seconds":	0.99997299909591675,
				"bytes":	4992,
				"bits_per_second":	39937.078337221552,
				"packets":	39,
				"omitted":	false,
				"sender":	true
			}
		}, {
			"streams":	[{
					"socket":	5,
					"start":	7.001132,
					"end":	8.001131,
					"seconds":	0.99999898672103882,
					"bytes":	4992,
					"bits_per_second":	39936.0404663496,
					"packets":	39,
					"omitted":	false,
					"sender":	true
				}],
			"sum":	{
				"start":	7.001132,
				"end":	8.001131,
				"seconds":	0.99999898672103882,
				"bytes":	4992,
				"bits_per_second":	39936.0404663496,
				"packets":	39,
				"omitted":	false,
				"sender":	true
			}
		}, {
			"streams":	[{
					"socket":	5,
					"start":	8.001131,
					"end":	9.001135,
					"seconds":	1.0000040531158447,
					"bytes":	4992,
					"bits_per_second":	39935.838135421684,
					"packets":	39,
					"omitted":	false,
					"sender":	true
				}],
			"sum":	{
				"start":	8.001131,
				"end":	9.001135,
				"seconds":	1.0000040531158447,
				"bytes":	4992,
				"bits_per_second":	39935.838135421684,
				"packets":	39,
				"omitted":	false,
				"sender":	true
			}
		}, {
			"streams":	[{
					"socket":	5,
					"start":	9.001135,
					"end":	10.001139,
					"seconds":	1.0000040531158447,
					"bytes":	4992,
					"bits_per_second":	39935.838135421684,
					"packets":	39,
					"omitted":	false,
					"sender":	true
				}],
			"sum":	{
				"start":	9.001135,
				"end":	10.001139,
				"seconds":	1.0000040531158447,
				"bytes":	4992,
				"bits_per_second":	39935.838135421684,
				"packets":	39,
				"omitted":	false,
				"sender":	true
			}
		}, {
			"streams":	[{
					"socket":	5,
					"start":	10.001139,
					"end":	11.001136,
					"seconds":	0.99999701976776123,
					"bytes":	4992,
					"bits_per_second":	39936.1190189094,
					"packets":	39,
					"omitted":	false,
					"sender":	true
				}],
			"sum":	{
				"start":	10.001139,
				"end":	11.001136,
				"seconds":	0.99999701976776123,
				"bytes":	4992,
				"bits_per_second":	39936.1190189094,
				"packets":	39,
				"omitted":	false,
				"sender":	true
			}
		}, {
			"streams":	[{
					"socket":	5,
					"start":	11.001136,
					"end":	12.001143,
					"seconds":	1.0000070333480835,
					"bytes":	4992,
					"bits_per_second":	39935.719118186476,
					"packets":	39,
					"omitted":	false,
					"sender":	true
				}],
			"sum":	{
				"start":	11.001136,
				"end":	12.001143,
				"seconds":	1.0000070333480835,
				"bytes":	4992,
				"bits_per_second":	39935.719118186476,
				"packets":	39,
				"omitted":	false,
				"sender":	true
			}
		}, {
			"streams":	[{
					"socket":	5,
					"start":	12.001143,
					"end":	13.001139,
					"seconds":	0.9999960064888,
					"bytes":	4992,
					"bits_per_second":	39936.1594855002,
					"packets":	39,
					"omitted":	false,
					"sender":	true
				}],
			"sum":	{
				"start":	12.001143,
				"end":	13.001139,
				"seconds":	0.9999960064888,
				"bytes":	4992,
				"bits_per_second":	39936.1594855002,
				"packets":	39,
				"omitted":	false,
				"sender":	true
			}
		}, {
			"streams":	[{
					"socket":	5,
					"start":	13.001139,
					"end":	14.001136,
					"seconds":	0.99999701976776123,
					"bytes":	4992,
					"bits_per_second":	39936.1190189094,
					"packets":	39,
					"omitted":	false,
					"sender":	true
				}],
			"sum":	{
				"start":	13.001139,
				"end":	14.001136,
				"seconds":	0.99999701976776123,
				"bytes":	4992,
				"bits_per_second":	39936.1190189094,
				"packets":	39,
				"omitted":	false,
				"sender":	true
			}
		}, {
			"streams":	[{
					"socket":	5,
					"start":	14.001136,
					"end":	15.001137,
					"seconds":	1.0000009536743164,
					"bytes":	4992,
					"bits_per_second":	39935.961914098822,
					"packets":	39,
					"omitted":	false,
					"sender":	true
				}],
			"sum":	{
				"start":	14.001136,
				"end":	15.001137,
				"seconds":	1.0000009536743164,
				"bytes":	4992,
				"bits_per_second":	39935.961914098822,
				"packets":	39,