{
	"start":	{
		"connected":	[{
				"socket":	5,
				"local_host":	"fd00::8",
				"local_port":	50521,
				"remote_host":	"fd00::4",
				"remote_port":	5123
			}],
		"version":	"iperf 3.18",
		"system_info":	"Linux RPI08 6.12.47+rpt-rpi-v7 #1 SMP Raspbian 1:6.12.47-1+rpt1 (2025-09-16) armv7l",
		"timestamp":	{
			"time":	"Mon, 11 May 2026 16:02:51 GMT",
			"timesecs":	1778515371
		},
		"connecting_to":	{
			"host":	"fd00::4",
			"port":	5123
		},
		"cookie":	"hblvak7iqppyoqnut3yvsb3dnpogiynpsvfj",
		"target_bitrate":	10000,
		"fq_rate":	0,
		"sock_bufsize":	0,
		"sndbuf_actual":	180224,
		"rcvbuf_actual":	180224,
		"test_start":	{
			"protocol":	"UDP",
			"num_streams":	1,
			"blksize":	128,
			"omit":	0,
			"duration":	30,
			"bytes":	0,
			"blocks":	0,
			"reverse":	0,
			"tos":	0,
			"target_bitrate":	10000,
			"bidir":	0,
			"fqrate":	0,
			"interval":	1
		}
	},
	"intervals":	[{
			"streams":	[{
					"socket":	5,
					"start":	0,
					"end":	1.001103,
					"seconds":	1.0011030435562134,
					"bytes":	1280,
					"bits_per_second":	10228.717279316721,
					"packets":	10,
					"omitted":	false,
					"sender":	true
				}],
			"sum":	{
				"start":	0,
				"end":	1.001103,
				"seconds":	1.0011030435562134,
				"bytes":	1280,
				"bits_per_second":	10228.717279316721,
				"packets":	10,
				"omitted":	false,
				"sender":	true
			}
		}, {
			"streams":	[{
					"socket":	5,
					"start":	1.001103,
					"end":	2.001126,
					"seconds":	1.0000230073928833,
					"bytes":	1280,
					"bits_per_second":	10239.764409717192,
					"packets":	10,
					"omitted":	false,
					"sender":	true
				}],
			"sum":	{
				"start":	1.001103,
				"end":	2.001126,
				"seconds":	1.0000230073928833,
				"bytes":	1280,
				"bits_per_second":	10239.764409717192,
				"packets":	10,
				"omitted":	false,
				"sender":	true
			}
		}, {
			"streams":	[{
					"socket":	5,
					"start":	2.001126,
					"end":	3.001124,
					"seconds":	0.99999797344207764,
					"bytes":	1280,
					"bits_per_second":	10240.02075199518,
					"packets":	10,
					"omitted":	false,
					"sender":	true
				}],
			"sum":	{
				"start":	2.001126,
				"end":	3.001124,
				"seconds":	0.99999797344207764,
				"bytes":	1280,
				"bits_per_second":	10240.02075199518,
				"packets":	10,
				"omitted":	false,
				"sender":	true
			}
		}, {
			"streams":	[{
					"socket":	5,
					"start":	3.001124,
					"end":	4.001131,
					"seconds":	1.0000070333480835,
					"bytes":	1280,
					"bits_per_second":	10239.927979022174,
					"packets":	10,
					"omitted":	false,
					"sender":	true
				}],
			"sum":	{
				"start":	3.001124,
				"end":	4.001131,
				"seconds":	1.0000070333480835,
				"bytes":	1280,
				"bits_per_second":	10239.927979022174,
				"packets":	10,
				"omitted":	false,
				"sender":	true
			}
		}, {
			"streams":	[{
					"socket":	5,
					"start":	4.001131,
					"end":	5.001129,
					"seconds":	0.99999797344207764,
					"bytes":	1152,
					"bits_per_second":	9216.01867679566,
					"packets":	9,
					"omitted":	false,
					"sender":	true
				}],
			"sum":	{
				"start":	4.001131,
				"end":	5.001129,
				"seconds":	0.99999797344207764,
				"bytes":	1152,
				"bits_per_second":	9216.01867679566,
				"packets":	9,
				"omitted":	false,
				"sender":	true
			}
		}, {
			"streams":	[{
					"socket":	5,
					"start":	5.001129,
					"end":	6.001129,
					"seconds":	1,
					"bytes":	1280,
					"bits_per_second":	10240,
					"packets":	10,
					"omitted":	false,
					"sender":	true
				}],
			"sum":	{
				"start":	5.001129,
				"end":	6.001129,
				"seconds":	1,
				"bytes":	1280,
				"bits_per_second":	10240,
				"packets":	10,
				"omitted":	false,
				"sender":	true
			}
		}, {
			"streams":	[{
					"socket":	5,
					"start":	6.001129,
					"end":	7.001127,
					"seconds":	0.99999797344207764,
					"bytes":	1280,
					"bits_per_second":	10240.02075199518,
					"packets":	10,
					"omitted":	false,
					"sender":	true
				}],
			"sum":	{
				"start":	6.001129,
				"end":	7.001127,
				"seconds":	0.99999797344207764,
				"bytes":	1280,
				"bits_per_second":	10240.02075199518,
				"packets":	10,
				"omitted":	false,
				"sender":	true
			}
		}, {
			"streams":	[{
					"socket":	5,
					"start":	7.001127,
					"end":	8.00113,
					"seconds":	1.0000029802322388,
					"bytes":	1280,
					"bits_per_second":	10239.969482512824,
					"packets":	10,
					"omitted":	false,
					"sender":	true
				}],
			"sum":	{
				"start":	7.001127,
				"end":	8.00113,
				"seconds":	1.0000029802322388,
				"bytes":	1280,
				"bits_per_second":	10239.969482512824,
				"packets":	10,
				"omitted":	false,
				"sender":	true
			}
		}, {
			"streams":	[{
					"socket":	5,
					"start":	8.00113,
					"end":	9.001135,
					"seconds":	1.0000050067901611,
					"bytes":	1152,
					"bits_per_second":	9215.9538576529,
					"packets":	9,
					"omitted":	false,
					"sender":	true
				}],
			"sum":	{
				"start":	8.00113,
				"end":	9.001135,
				"seconds":	1.0000050067901611,
				"bytes":	1152,
				"bits_per_second":	9215.9538576529,
				"packets":	9,
				"omitted":	false,
				"sender":	true
			}
		}, {
			"streams":	[{
					"socket":	5,
					"start":	9.001135,
					"end":	10.001133,
					"seconds":	0.99999797344207764,
					"bytes":	1280,
					"bits_per_second":	10240.02075199518,
					"packets":	10,
					"omitted":	false,
					"sender":	true
				}],
			"sum":	{
				"start":	9.001135,
				"end":	10.001133,
				"seconds":	0.99999797344207764,
				"bytes":	1280,
				"bits_per_second":	10240.02075199518,
				"packets":	10,
				"omitted":	false,
				"sender":	true
			}
		}, {
			"streams":	[{
					"socket":	5,
					"start":	10.001133,
					"end":	11.001124,
					"seconds":	0.999990999698639,
					"bytes":	1280,
					"bits_per_second":	10240.09216391544,
					"packets":	10,
					"omitted":	false,
					"sender":	true
				}],
			"sum":	{
				"start":	10.001133,
				"end":	11.001124,
				"seconds":	0.999990999698639,
				"bytes":	1280,
				"bits_per_second":	10240.09216391544,
				"packets":	10,
				"omitted":	false,
				"sender":	true
			}
		}, {
			"streams":	[{
					"socket":	5,
					"start":	11.001124,
					"end":	12.00113,
					"seconds":	1.0000059604644775,
					"bytes":	1280,
					"bits_per_second":	10239.938965207546,
					"packets":	10,
					"omitted":	false,
					"sender":	true
				}],
			"sum":	{
				"start":	11.001124,
				"end":	12.00113,
				"seconds":	1.0000059604644775,
				"bytes":	1280,
				"bits_per_second":	10239.938965207546,
				"packets":	10,
				"omitted":	false,
				"sender":	true
			}
		}, {
			"streams":	[{
					"socket":	5,
					"start":	12.00113,
					"end":	13.001124,
					"seconds":	0.99999397993087769,
					"bytes":	1152,
					"bits_per_second":	9216.05548129103,
					"packets":	9,
					"omitted":	false,
					"sender":	true
				}],
			"sum":	{
				"start":	12.00113,
				"end":	13.001124,
				"seconds":	0.99999397993087769,
				"bytes":	1152,
				"bits_per_second":	9216.05548129103,
				"packets":	9,
				"omitted":	false,
				"sender":	true
			}
		}, {
			"streams":	[{
					"socket":	5,
					"start":	13.001124,
					"end":	14.001123,
					"seconds":	0.99999898672103882,
					"bytes":	1280,
					"bits_per_second":	10240.010375987076,
					"packets":	10,
					"omitted":	false,
					"sender":	true
				}],
			"sum":	{
				"start":	13.001124,
				"end":	14.001123,
				"seconds":	0.99999898672103882,
				"bytes":	1280,
				"bits_per_second":	10240.010375987076,
				"packets":	10,
				"omitted":	false,
				"sender":	true
			}
		}, {
			"streams":	[{
					"socket":	5,
					"start":	14.001123,
					"end":	15.001132,
					"seconds":	1.0000089406967163,
					"bytes":	1280,
					"bits_per_second":	10239.908448084163,
					"packets":	10,
					"omitted":	false,
					"sender":	true
				}],
			"sum":	{
				"start":	14.001123,
				"end":	15.001132,
				"seconds":	1.0000089406967163,
				"bytes":	1280,
				"bits_per_second":	10239.908448084163,
				"packets":	10,
				"omitted":	false,