{
	"start":	{
		"connected":	[{
				"socket":	5,
				"local_host":	"fd00::8",
				"local_port":	34362,
				"remote_host":	"fd00::4",
				"remote_port":	5123
			}],
		"version":	"iperf 3.18",
		"system_info":	"Linux RPI08 6.12.47+rpt-rpi-v7 #1 SMP Raspbian 1:6.12.47-1+rpt1 (2025-09-16) armv7l",
		"timestamp":	{
			"time":	"Mon, 11 May 2026 16:08:16 GMT",
			"timesecs":	1778515696
		},
		"connecting_to":	{
			"host":	"fd00::4",
			"port":	5123
		},
		"cookie":	"gufooypxx4zropo4pkcnpynts7nyxi57jvs3",
		"target_bitrate":	20000,
		"fq_rate":	0,
		"sock_bufsize":	0,
		"sndbuf_actual":	180224,
		"rcvbuf_actual":	180224,
		"test_start":	{
			"protocol":	"UDP",
			"num_streams":	1,
			"blksize":	128,
			"omit":	0,
			"duration":	30,
			"bytes":	0,
			"blocks":	0,
			"reverse":	0,
			"tos":	0,
			"target_bitrate":	20000,
			"bidir":	0,
			"fqrate":	0,
			"interval":	1
		}
	},
	"intervals":	[{
			"streams":	[{
					"socket":	5,
					"start":	0,
					"end":	1.0011,
					"seconds":	1.0010999441146851,
					"bytes":	2560,
					"bits_per_second":	20457.497895588567,
					"packets":	20,
					"omitted":	false,
					"sender":	true
				}],
			"sum":	{
				"start":	0,
				"end":	1.0011,
				"seconds":	1.0010999441146851,
				"bytes":	2560,
				"bits_per_second":	20457.497895588567,
				"packets":	20,
				"omitted":	false,
				"sender":	true
			}
		}, {
			"streams":	[{
					"socket":	5,
					"start":	1.0011,
					"end":	2.001138,
					"seconds":	1.0000380277633667,
					"bytes":	2560,
					"bits_per_second":	20479.221221021471,
					"packets":	20,
					"omitted":	false,
					"sender":	true
				}],
			"sum":	{
				"start":	1.0011,
				"end":	2.001138,
				"seconds":	1.0000380277633667,
				"bytes":	2560,
				"bits_per_second":	20479.221221021471,
				"packets":	20,
				"omitted":	false,
				"sender":	true
			}
		}, {
			"streams":	[{
					"socket":	5,
					"start":	2.001138,
					"end":	3.001134,
					"seconds":	0.9999960064888,
					"bytes":	2432,
					"bits_per_second":	19456.077698064193,
					"packets":	19,
					"omitted":	false,
					"sender":	true
				}],
			"sum":	{
				"start":	2.001138,
				"end":	3.001134,
				"seconds":	0.9999960064888,
				"bytes":	2432,
				"bits_per_second":	19456.077698064193,
				"packets":	19,
				"omitted":	false,
				"sender":	true
			}
		}, {
			"streams":	[{
					"socket":	5,
					"start":	3.001134,
					"end":	4.00113,
					"seconds":	0.9999960064888,
					"bytes":	2560,
					"bits_per_second":	20480.081787435993,
					"packets":	20,
					"omitted":	false,
					"sender":	true
				}],
			"sum":	{
				"start":	3.001134,
				"end":	4.00113,
				"seconds":	0.9999960064888,
				"bytes":	2560,
				"bits_per_second":	20480.081787435993,
				"packets":	20,
				"omitted":	false,
				"sender":	true
			}
		}, {
			"streams":	[{
					"socket":	5,
					"start":	4.00113,
					"end":	5.001141,
					"seconds":	1.0000109672546387,
					"bytes":	2432,
					"bits_per_second":	19455.7866234339,
					"packets":	19,
					"omitted":	false,
					"sender":	true
				}],
			"sum":	{
				"start":	4.00113,
				"end":	5.001141,
				"seconds":	1.0000109672546387,
				"bytes":	2432,
				"bits_per_second":	19455.7866234339,
				"packets":	19,
				"omitted":	false,
				"sender":	true
			}
		}, {
			"streams":	[{
					"socket":	5,
					"start":	5.001141,
					"end":	6.001135,
					"seconds":	0.99999397993087769,
					"bytes":	2560,
					"bits_per_second":	20480.123291757849,
					"packets":	20,
					"omitted":	false,
					"sender":	true
				}],
			"sum":	{
				"start":	5.001141,
				"end":	6.001135,
				"seconds":	0.99999397993087769,
				"bytes":	2560,
				"bits_per_second":	20480.123291757849,
				"packets":	20,
				"omitted":	false,
				"sender":	true
			}
		}, {
			"streams":	[{
					"socket":	5,
					"start":	6.001135,
					"end":	7.001128,
					"seconds":	0.99999302625656128,
					"bytes":	2432,
					"bits_per_second":	19456.135682098557,
					"packets":	19,
					"omitted":	false,
					"sender":	true
				}],
			"sum":	{
				"start":	6.001135,
				"end":	7.001128,
				"seconds":	0.99999302625656128,
				"bytes":	2432,
				"bits_per_second":	19456.135682098557,
				"packets":	19,
				"omitted":	false,
				"sender":	true
			}
		}, {
			"streams":	[{
					"socket":	5,
					"start":	7.001128,
					"end":	8.001141,
					"seconds":	1.000012993812561,
					"bytes":	2560,
					"bits_per_second":	20479.733890176532,
					"packets":	20,
					"omitted":	false,
					"sender":	true
				}],
			"sum":	{
				"start":	7.001128,
				"end":	8.001141,
				"seconds":	1.000012993812561,
				"bytes":	2560,
				"bits_per_second":	20479.733890176532,
				"packets":	20,
				"omitted":	false,
				"sender":	true
			}
		}, {
			"streams":	[{
					"socket":	5,
					"start":	8.001141,
					"end":	9.001132,
					"seconds":	0.999990999698639,
					"bytes":	2432,
					"bits_per_second":	19456.175111439337,
					"packets":	19,
					"omitted":	false,
					"sender":	true
				}],
			"sum":	{
				"start":	8.001141,
				"end":	9.001132,
				"seconds":	0.999990999698639,
				"bytes":	2432,
				"bits_per_second":	19456.175111439337,
				"packets":	19,
				"omitted":	false,
				"sender":	true
			}
		}, {
			"streams":	[{
					"socket":	5,
					"start":	9.001132,
					"end":	10.001142,
					"seconds":	1.0000100135803223,
					"bytes":	2560,
					"bits_per_second":	20479.794923928544,
					"packets":	20,
					"omitted":	false,
					"sender":	true
				}],
			"sum":	{
				"start":	9.001132,
				"end":	10.001142,
				"seconds":	1.0000100135803223,
				"bytes":	2560,
				"bits_per_second":	20479.794923928544,
				"packets":	20,
				"omitted":	false,
				"sender":	true
			}
		}, {
			"streams":	[{
					"socket":	5,
					"start":	10.001142,
					"end":	11.001133,
					"seconds":	0.999990999698639,
					"bytes":	2432,
					"bits_per_second":	19456.175111439337,
					"packets":	19,
					"omitted":	false,
					"sender":	true
				}],
			"sum":	{
				"start":	10.001142,
				"end":	11.001133,
				"seconds":	0.999990999698639,
				"bytes":	2432,
				"bits_per_second":	19456.175111439337,
				"packets":	19,
				"omitted":	false,
				"sender":	true
			}
		}, {
			"streams":	[{
					"socket":	5,
					"start":	11.001133,
					"end":	12.001133,
					"seconds":	1,
					"bytes":	2560,
					"bits_per_second":	20480,
					"packets":	20,
					"omitted":	false,
					"sender":	true
				}],
			"sum":	{
				"start":	11.001133,
				"end":	12.001133,
				"seconds":	1,
				"bytes":	2560,
				"bits_per_second":	20480,
				"packets":	20,
				"omitted":	false,
				"sender":	true
			}
		}, {
			"streams":	[{
					"socket":	5,
					"start":	12.001133,
					"end":	13.001129,
					"seconds":	0.9999960064888,
					"bytes":	2432,
					"bits_per_second":	19456.077698064193,
					"packets":	19,
					"omitted":	false,
					"sender":	true
				}],
			"sum":	{
				"start":	12.001133,
				"end":	13.001129,
				"seconds":	0.9999960064888,
				"bytes":	2432,
				"bits_per_second":	19456.077698064193,
				"packets":	19,
				"omitted":	false,
				"sender":	true
			}
		}, {
			"streams":	[{
					"socket":	5,
					"start":	13.001129,
					"end":	14.001133,
					"seconds":	1.0000040531158447,
					"bytes":	2560,
					"bits_per_second":	20479.91699252394,
					"packets":	20,
					"omitted":	false,
					"sender":	true
				}],
			"sum":	{
				"start":	13.001129,
				"end":	14.001133,
				"seconds":	1.0000040531158447,
				"bytes":	2560,
				"bits_per_second":	20479.91699252394,
				"packets":	20,
				"omitted":	false,
				"sender":	true
			}
		}, {
			"streams":	[{
					"socket":	5,
					"start":	14.001133,
					"end":	15.001183,
					"seconds":	1.0000499486923218,
					"bytes":	2432,
					"bits_per_second":	19455.028246779992,
					"packets":	19,
					"omitted":	false,
					"sender":	true
				}],
			"sum":	{
				"start":	14.001133,
				"end":	15.001183,
				"seconds":	1.0000499486923218,
				"bytes":	2432,
				"bits_per_second":	19455.028246779992,
				"packets":	19,
				"omitted":	false,
				"sender":	true
			}
		}, {
			"streams":	[{
					"socket":	5,