{
	"start":	{
		"connected":	[{
				"socket":	5,
				"local_host":	"fd00::8",
				"local_port":	54620,
				"remote_host":	"fd00::4",
				"remote_port":	5123
			}],
		"version":	"iperf 3.18",
		"system_info":	"Linux RPI08 6.12.47+rpt-rpi-v7 #1 SMP Raspbian 1:6.12.47-1+rpt1 (2025-09-16) armv7l",
		"timestamp":	{
			"time":	"Mon, 11 May 2026 16:20:54 GMT",
			"timesecs":	1778516454
		},
		"connecting_to":	{
			"host":	"fd00::4",
			"port":	5123
		},
		"cookie":	"finnrycc5ehgcgtl2ry66eog3zhl5s3uu3ww",
		"target_bitrate":	80000,
		"fq_rate":	0,
		"sock_bufsize":	0,
		"sndbuf_actual":	180224,
		"rcvbuf_actual":	180224,
		"test_start":	{
			"protocol":	"UDP",
			"num_streams":	1,
			"blksize":	128,
			"omit":	0,
			"duration":	30,
			"bytes":	0,
			"blocks":	0,
			"reverse":	0,
			"tos":	0,
			"target_bitrate":	80000,
			"bidir":	0,
			"fqrate":	0,
			"interval":	1
		}
	},
	"intervals":	[{
			"streams":	[{
					"socket":	5,
					"start":	0,
					"end":	1.000857,
					"seconds":	1.0008569955825806,
					"bytes":	10112,
					"bits_per_second":	80826.731847851974,
					"packets":	79,
					"omitted":	false,
					"sender":	true
				}],
			"sum":	{
				"start":	0,
				"end":	1.000857,
				"seconds":	1.0008569955825806,
				"bytes":	10112,
				"bits_per_second":	80826.731847851974,
				"packets":	79,
				"omitted":	false,
				"sender":	true
			}
		}, {
			"streams":	[{
					"socket":	5,
					"start":	1.000857,
					"end":	2.001138,
					"seconds":	1.0002809762954712,
					"bytes":	9984,
					"bits_per_second":	79849.564165265852,
					"packets":	78,
					"omitted":	false,
					"sender":	true
				}],
			"sum":	{
				"start":	1.000857,
				"end":	2.001138,
				"seconds":	1.0002809762954712,
				"bytes":	9984,
				"bits_per_second":	79849.564165265852,
				"packets":	78,
				"omitted":	false,
				"sender":	true
			}
		}, {
			"streams":	[{
					"socket":	5,
					"start":	2.001138,
					"end":	3.001134,
					"seconds":	0.9999960064888,
					"bytes":	9984,
					"bits_per_second":	79872.3189710004,
					"packets":	78,
					"omitted":	false,
					"sender":	true
				}],
			"sum":	{
				"start":	2.001138,
				"end":	3.001134,
				"seconds":	0.9999960064888,
				"bytes":	9984,
				"bits_per_second":	79872.3189710004,
				"packets":	78,
				"omitted":	false,
				"sender":	true
			}
		}, {
			"streams":	[{
					"socket":	5,
					"start":	3.001134,
					"end":	4.001129,
					"seconds":	0.999994993209839,
					"bytes":	9984,
					"bits_per_second":	79872.399904346,
					"packets":	78,
					"omitted":	false,
					"sender":	true
				}],
			"sum":	{
				"start":	3.001134,
				"end":	4.001129,
				"seconds":	0.999994993209839,
				"bytes":	9984,
				"bits_per_second":	79872.399904346,
				"packets":	78,
				"omitted":	false,
				"sender":	true
			}
		}, {
			"streams":	[{
					"socket":	5,
					"start":	4.001129,
					"end":	5.001128,
					"seconds":	0.99999898672103882,
					"bytes":	9984,
					"bits_per_second":	79872.0809326992,
					"packets":	78,
					"omitted":	false,
					"sender":	true
				}],
			"sum":	{
				"start":	4.001129,
				"end":	5.001128,
				"seconds":	0.99999898672103882,
				"bytes":	9984,
				"bits_per_second":	79872.0809326992,
				"packets":	78,
				"omitted":	false,
				"sender":	true
			}
		}, {
			"streams":	[{
					"socket":	5,
					"start":	5.001128,
					"end":	6.001137,
					"seconds":	1.0000089406967163,
					"bytes":	9984,
					"bits_per_second":	79871.28589505647,
					"packets":	78,
					"omitted":	false,
					"sender":	true
				}],
			"sum":	{
				"start":	5.001128,
				"end":	6.001137,
				"seconds":	1.0000089406967163,
				"bytes":	9984,
				"bits_per_second":	79871.28589505647,
				"packets":	78,
				"omitted":	false,
				"sender":	true
			}
		}, {
			"streams":	[{
					"socket":	5,
					"start":	6.001137,
					"end":	7.001131,
					"seconds":	0.99999397993087769,
					"bytes":	9984,
					"bits_per_second":	79872.4808378556,
					"packets":	78,
					"omitted":	false,
					"sender":	true
				}],
			"sum":	{
				"start":	6.001137,
				"end":	7.001131,
				"seconds":	0.99999397993087769,
				"bytes":	9984,
				"bits_per_second":	79872.4808378556,
				"packets":	78,
				"omitted":	false,
				"sender":	true
			}
		}, {
			"streams":	[{
					"socket":	5,
					"start":	7.001131,
					"end":	8.001131,
					"seconds":	1,
					"bytes":	10112,
					"bits_per_second":	80896,
					"packets":	79,
					"omitted":	false,
					"sender":	true
				}],
			"sum":	{
				"start":	7.001131,
				"end":	8.001131,
				"seconds":	1,
				"bytes":	10112,
				"bits_per_second":	80896,
				"packets":	79,
				"omitted":	false,
				"sender":	true
			}
		}, {
			"streams":	[{
					"socket":	5,
					"start":	8.001131,
					"end":	9.00113,
					"seconds":	0.99999898672103882,
					"bytes":	9984,
					"bits_per_second":	79872.0809326992,
					"packets":	78,
					"omitted":	false,
					"sender":	true
				}],
			"sum":	{
				"start":	8.001131,
				"end":	9.00113,
				"seconds":	0.99999898672103882,
				"bytes":	9984,
				"bits_per_second":	79872.0809326992,
				"packets":	78,
				"omitted":	false,
				"sender":	true
			}
		}, {
			"streams":	[{
					"socket":	5,
					"start":	9.00113,
					"end":	10.001135,
					"seconds":	1.0000050067901611,
					"bytes":	9984,
					"bits_per_second":	79871.600099658463,
					"packets":	78,
					"omitted":	false,
					"sender":	true
				}],
			"sum":	{
				"start":	9.00113,
				"end":	10.001135,
				"seconds":	1.0000050067901611,
				"bytes":	9984,
				"bits_per_second":	79871.600099658463,
				"packets":	78,
				"omitted":	false,
				"sender":	true
			}
		}, {
			"streams":	[{
					"socket":	5,
					"start":	10.001135,
					"end":	11.001132,
					"seconds":	0.99999701976776123,
					"bytes":	9984,
					"bits_per_second":	79872.2380378188,
					"packets":	78,
					"omitted":	false,
					"sender":	true
				}],
			"sum":	{
				"start":	10.001135,
				"end":	11.001132,
				"seconds":	0.99999701976776123,
				"bytes":	9984,
				"bits_per_second":	79872.2380378188,
				"packets":	78,
				"omitted":	false,
				"sender":	true
			}
		}, {
			"streams":	[{
					"socket":	5,
					"start":	11.001132,
					"end":	12.001139,
					"seconds":	1.0000070333480835,
					"bytes":	9984,
					"bits_per_second":	79871.438236372953,
					"packets":	78,
					"omitted":	false,
					"sender":	true
				}],
			"sum":	{
				"start":	11.001132,
				"end":	12.001139,
				"seconds":	1.0000070333480835,
				"bytes":	9984,
				"bits_per_second":	79871.438236372953,
				"packets":	78,
				"omitted":	false,
				"sender":	true
			}
		}, {
			"streams":	[{
					"socket":	5,
					"start":	12.001139,
					"end":	13.001133,
					"seconds":	0.99999397993087769,
					"bytes":	9984,
					"bits_per_second":	79872.4808378556,
					"packets":	78,
					"omitted":	false,
					"sender":	true
				}],
			"sum":	{
				"start":	12.001139,
				"end":	13.001133,
				"seconds":	0.99999397993087769,
				"bytes":	9984,
				"bits_per_second":	79872.4808378556,
				"packets":	78,
				"omitted":	false,
				"sender":	true
			}
		}, {
			"streams":	[{
					"socket":	5,
					"start":	13.001133,
					"end":	14.001134,
					"seconds":	1.0000009536743164,
					"bytes":	9984,
					"bits_per_second":	79871.923828197643,
					"packets":	78,
					"omitted":	false,
					"sender":	true
				}],
			"sum":	{
				"start":	13.001133,
				"end":	14.001134,
				"seconds":	1.0000009536743164,
				"bytes":	9984,
				"bits_per_second":	79871.923828197643,
				"packets":	78,
				"omitted":	false,
				"sender":	true
			}
		}, {
			"streams":	[{
					"socket":	5,
					"start":	14.001134,
					"end":	15.001128,
					"seconds":	0.99999397993087769,
					"bytes":	9984,
					"bits_per_second":	79872.4808378556,
					"packets":	78,
					"omitted":	false,
					"sender":	true
				}],
			"sum":	{
				"start":	14.001134,
				"end":	15.001128,
				"seconds":	0.99999397993087769,
				"bytes":	9984,
				"bits_per_second":	79872.4808378556,
				"packets":	78,
				"omitted":	false,