{
	"start":	{
		"connected":	[{
				"socket":	5,
				"local_host":	"fd00::8",
				"local_port":	52240,
				"remote_host":	"fd00::4",
				"remote_port":	5123
			}],
		"version":	"iperf 3.18",
		"system_info":	"Linux RPI08 6.12.47+rpt-rpi-v7 #1 SMP Raspbian 1:6.12.47-1+rpt1 (2025-09-16) armv7l",
		"timestamp":	{
			"time":	"Mon, 11 May 2026 16:32:36 GMT",
			"timesecs":	1778517156
		},
		"connecting_to":	{
			"host":	"fd00::4",
			"port":	5123
		},
		"cookie":	"p3prbbmbznqpxum772nwxlvc7fqrhui7qxx5",
		"target_bitrate":	160000,
		"fq_rate":	0,
		"sock_bufsize":	0,
		"sndbuf_actual":	180224,
		"rcvbuf_actual":	180224,
		"test_start":	{
			"protocol":	"UDP",
			"num_streams":	1,
			"blksize":	64,
			"omit":	0,
			"duration":	30,
			"bytes":	0,
			"blocks":	0,
			"reverse":	0,
			"tos":	0,
			"target_bitrate":	160000,
			"bidir":	0,
			"fqrate":	0,
			"interval":	1
		}
	},
	"intervals":	[{
			"streams":	[{
					"socket":	5,
					"start":	0,
					"end":	1.001108,
					"seconds":	1.0011080503463745,
					"bytes":	20032,
					"bits_per_second":	160078.62482431627,
					"packets":	313,
					"omitted":	false,
					"sender":	true
				}],
			"sum":	{
				"start":	0,
				"end":	1.001108,
				"seconds":	1.0011080503463745,
				"bytes":	20032,
				"bits_per_second":	160078.62482431627,
				"packets":	313,
				"omitted":	false,
				"sender":	true
			}
		}, {
			"streams":	[{
					"socket":	5,
					"start":	1.001108,
					"end":	2.001145,
					"seconds":	1.0000369548797607,
					"bytes":	13312,
					"bits_per_second":	106492.06459855729,
					"packets":	209,
					"omitted":	false,
					"sender":	true
				}],
			"sum":	{
				"start":	1.001108,
				"end":	2.001145,
				"seconds":	1.0000369548797607,
				"bytes":	13312,
				"bits_per_second":	106492.06459855729,
				"packets":	209,
				"omitted":	false,
				"sender":	true
			}
		}, {
			"streams":	[{
					"socket":	5,
					"start":	2.001145,
					"end":	3.001141,
					"seconds":	0.9999960064888,
					"bytes":	13952,
					"bits_per_second":	111616.44574152617,
					"packets":	218,
					"omitted":	false,
					"sender":	true
				}],
			"sum":	{
				"start":	2.001145,
				"end":	3.001141,
				"seconds":	0.9999960064888,
				"bytes":	13952,
				"bits_per_second":	111616.44574152617,
				"packets":	218,
				"omitted":	false,
				"sender":	true
			}
		}, {
			"streams":	[{
					"socket":	5,
					"start":	3.001141,
					"end":	4.001148,
					"seconds":	1.0000070333480835,
					"bytes":	21248,
					"bits_per_second":	169982.80445176808,
					"packets":	332,
					"omitted":	false,
					"sender":	true
				}],
			"sum":	{
				"start":	3.001141,
				"end":	4.001148,
				"seconds":	1.0000070333480835,
				"bytes":	21248,
				"bits_per_second":	169982.80445176808,
				"packets":	332,
				"omitted":	false,
				"sender":	true
			}
		}, {
			"streams":	[{
					"socket":	5,
					"start":	4.001148,
					"end":	5.001142,
					"seconds":	0.99999397993087769,
					"bytes":	21376,
					"bits_per_second":	171009.029486178,
					"packets":	334,
					"omitted":	false,
					"sender":	true
				}],
			"sum":	{
				"start":	4.001148,
				"end":	5.001142,
				"seconds":	0.99999397993087769,
				"bytes":	21376,
				"bits_per_second":	171009.029486178,
				"packets":	334,
				"omitted":	false,
				"sender":	true
			}
		}, {
			"streams":	[{
					"socket":	5,
					"start":	5.001142,
					"end":	6.001133,
					"seconds":	0.999990999698639,
					"bytes":	21056,
					"bits_per_second":	168449.516096409,
					"packets":	329,
					"omitted":	false,
					"sender":	true
				}],
			"sum":	{
				"start":	5.001142,
				"end":	6.001133,
				"seconds":	0.999990999698639,
				"bytes":	21056,
				"bits_per_second":	168449.516096409,
				"packets":	329,
				"omitted":	false,
				"sender":	true
			}
		}, {
			"streams":	[{
					"socket":	5,
					"start":	6.001133,
					"end":	7.001125,
					"seconds":	0.9999920129776,
					"bytes":	29056,
					"bits_per_second":	232449.85658221139,
					"packets":	453,
					"omitted":	false,
					"sender":	true
				}],
			"sum":	{
				"start":	6.001133,
				"end":	7.001125,
				"seconds":	0.9999920129776,
				"bytes":	29056,
				"bits_per_second":	232449.85658221139,
				"packets":	453,
				"omitted":	false,
				"sender":	true
			}
		}, {
			"streams":	[{
					"socket":	5,
					"start":	7.001125,
					"end":	8.000239,
					"seconds":	0.99911397695541382,
					"bytes":	20032,
					"bits_per_second":	160398.11642746296,
					"packets":	313,
					"omitted":	false,
					"sender":	true
				}],
			"sum":	{
				"start":	7.001125,
				"end":	8.000239,
				"seconds":	0.99911397695541382,
				"bytes":	20032,
				"bits_per_second":	160398.11642746296,
				"packets":	313,
				"omitted":	false,
				"sender":	true
			}
		}, {
			"streams":	[{
					"socket":	5,
					"start":	8.000239,
					"end":	9.001123,
					"seconds":	1.0008840560913086,
					"bytes":	19968,
					"bits_per_second":	159602.90208222368,
					"packets":	312,
					"omitted":	false,
					"sender":	true
				}],
			"sum":	{
				"start":	8.000239,
				"end":	9.001123,
				"seconds":	1.0008840560913086,
				"bytes":	19968,
				"bits_per_second":	159602.90208222368,
				"packets":	312,
				"omitted":	false,
				"sender":	true
			}
		}, {
			"streams":	[{
					"socket":	5,
					"start":	9.001123,
					"end":	10.000235,
					"seconds":	0.99911201000213623,
					"bytes":	20032,
					"bits_per_second":	160398.43220346971,
					"packets":	313,
					"omitted":	false,
					"sender":	true
				}],
			"sum":	{
				"start":	9.001123,
				"end":	10.000235,
				"seconds":	0.99911201000213623,
				"bytes":	20032,
				"bits_per_second":	160398.43220346971,
				"packets":	313,
				"omitted":	false,
				"sender":	true
			}
		}, {
			"streams":	[{
					"socket":	5,
					"start":	10.000235,
					"end":	11.001125,
					"seconds":	1.0008900165557861,
					"bytes":	19968,
					"bits_per_second":	159601.95162072178,
					"packets":	312,
					"omitted":	false,
					"sender":	true
				}],
			"sum":	{
				"start":	10.000235,
				"end":	11.001125,
				"seconds":	1.0008900165557861,
				"bytes":	19968,
				"bits_per_second":	159601.95162072178,
				"packets":	312,
				"omitted":	false,
				"sender":	true
			}
		}, {
			"streams":	[{
					"socket":	5,
					"start":	11.001125,
					"end":	12.00022,
					"seconds":	0.99909502267837524,
					"bytes":	20032,
					"bits_per_second":	160401.15941162984,
					"packets":	313,
					"omitted":	false,
					"sender":	true
				}],
			"sum":	{
				"start":	11.001125,
				"end":	12.00022,
				"seconds":	0.99909502267837524,
				"bytes":	20032,
				"bits_per_second":	160401.15941162984,
				"packets":	313,
				"omitted":	false,
				"sender":	true
			}
		}, {
			"streams":	[{
					"socket":	5,
					"start":	12.00022,
					"end":	13.001126,
					"seconds":	1.0009059906005859,
					"bytes":	19968,
					"bits_per_second":	159599.40443971849,
					"packets":	312,
					"omitted":	false,
					"sender":	true
				}],
			"sum":	{
				"start":	12.00022,
				"end":	13.001126,
				"seconds":	1.0009059906005859,
				"bytes":	19968,
				"bits_per_second":	159599.40443971849,
				"packets":	312,
				"omitted":	false,
				"sender":	true
			}
		}, {
			"streams":	[{
					"socket":	5,
					"start":	13.001126,
					"end":	14.000219,
					"seconds":	0.999092996120453,
					"bytes":	20032,
					"bits_per_second":	160401.48476897058,
					"packets":	313,
					"omitted":	false,
					"sender":	true
				}],
			"sum":	{
				"start":	13.001126,
				"end":	14.000219,
				"seconds":	0.999092996120453,
				"bytes":	20032,
				"bits_per_second":	160401.48476897058,
				"packets":	313,
				"omitted":	false,
				"sender":	true
			}
		}, {
			"streams":	[{
					"socket":	5,
					"start":	14.000219,
					"end":	15.001128,
					"seconds":	1.0009089708328247,
					"bytes":	19968,
					"bits_per_second":	159598.92922838134,
					"packets":	312,
					"omitted":	false,
					"sender":	true
				}],
			"sum":	{
				"start":	14.000219,
				"end":	15.001128,
				"seconds":	1.0009089708328247,
				"bytes":	19968,