{
	"start":	{
		"connected":	[{
				"socket":	5,
				"local_host":	"fd00::8",
				"local_port":	57184,
				"remote_host":	"fd00::4",
				"remote_port":	5123
			}],
		"version":	"iperf 3.18",
		"system_info":	"Linux RPI08 6.12.47+rpt-rpi-v7 #1 SMP Raspbian 1:6.12.47-1+rpt1 (2025-09-16) armv7l",
		"timestamp":	{
			"time":	"Mon, 11 May 2026 16:15:19 GMT",
			"timesecs":	1778516119
		},
		"connecting_to":	{
			"host":	"fd00::4",
			"port":	5123
		},
		"cookie":	"vmpzcyrnhkv22gbrjx4l6vyce3fbsl4wprew",
		"target_bitrate":	40000,
		"fq_rate":	0,
		"sock_bufsize":	0,
		"sndbuf_actual":	180224,
		"rcvbuf_actual":	180224,
		"test_start":	{
			"protocol":	"UDP",
			"num_streams":	1,
			"blksize":	512,
			"omit":	0,
			"duration":	30,
			"bytes":	0,
			"blocks":	0,
			"reverse":	0,
			"tos":	0,
			"target_bitrate":	40000,
			"bidir":	0,
			"fqrate":	0,
			"interval":	1
		}
	},
	"intervals":	[{
			"streams":	[{
					"socket":	5,
					"start":	0,
					"end":	1.000861,
					"seconds":	1.0008610486984253,
					"bytes":	5120,
					"bits_per_second":	40924.761787129828,
					"packets":	10,
					"omitted":	false,
					"sender":	true
				}],
			"sum":	{
				"start":	0,
				"end":	1.000861,
				"seconds":	1.0008610486984253,
				"bytes":	5120,
				"bits_per_second":	40924.761787129828,
				"packets":	10,
				"omitted":	false,
				"sender":	true
			}
		}, {
			"streams":	[{
					"socket":	5,
					"start":	1.000861,
					"end":	2.001129,
					"seconds":	1.00026798248291,
					"bytes":	5120,
					"bits_per_second":	40949.0263782384,
					"packets":	10,
					"omitted":	false,
					"sender":	true
				}],
			"sum":	{
				"start":	1.000861,
				"end":	2.001129,
				"seconds":	1.00026798248291,
				"bytes":	5120,
				"bits_per_second":	40949.0263782384,
				"packets":	10,
				"omitted":	false,
				"sender":	true
			}
		}, {
			"streams":	[{
					"socket":	5,
					"start":	2.001129,
					"end":	3.001138,
					"seconds":	1.0000089406967163,
					"bytes":	5120,
					"bits_per_second":	40959.633792336652,
					"packets":	10,
					"omitted":	false,
					"sender":	true
				}],
			"sum":	{
				"start":	2.001129,
				"end":	3.001138,
				"seconds":	1.0000089406967163,
				"bytes":	5120,
				"bits_per_second":	40959.633792336652,
				"packets":	10,
				"omitted":	false,
				"sender":	true
			}
		}, {
			"streams":	[{
					"socket":	5,
					"start":	3.001138,
					"end":	4.001132,
					"seconds":	0.99999397993087769,
					"bytes":	5120,
					"bits_per_second":	40960.2465835157,
					"packets":	10,
					"omitted":	false,
					"sender":	true
				}],
			"sum":	{
				"start":	3.001138,
				"end":	4.001132,
				"seconds":	0.99999397993087769,
				"bytes":	5120,
				"bits_per_second":	40960.2465835157,
				"packets":	10,
				"omitted":	false,
				"sender":	true
			}
		}, {
			"streams":	[{
					"socket":	5,
					"start":	4.001132,
					"end":	5.001144,
					"seconds":	1.0000120401382446,
					"bytes":	4608,
					"bits_per_second":	36863.556157687672,
					"packets":	9,
					"omitted":	false,
					"sender":	true
				}],
			"sum":	{
				"start":	4.001132,
				"end":	5.001144,
				"seconds":	1.0000120401382446,
				"bytes":	4608,
				"bits_per_second":	36863.556157687672,
				"packets":	9,
				"omitted":	false,
				"sender":	true
			}
		}, {
			"streams":	[{
					"socket":	5,
					"start":	5.001144,
					"end":	6.001134,
					"seconds":	0.99998998641967773,
					"bytes":	5120,
					"bits_per_second":	40960.410160357176,
					"packets":	10,
					"omitted":	false,
					"sender":	true
				}],
			"sum":	{
				"start":	5.001144,
				"end":	6.001134,
				"seconds":	0.99998998641967773,
				"bytes":	5120,
				"bits_per_second":	40960.410160357176,
				"packets":	10,
				"omitted":	false,
				"sender":	true
			}
		}, {
			"streams":	[{
					"socket":	5,
					"start":	6.001134,
					"end":	7.001136,
					"seconds":	1.0000020265579224,
					"bytes":	5120,
					"bits_per_second":	40959.91699235572,
					"packets":	10,
					"omitted":	false,
					"sender":	true
				}],
			"sum":	{
				"start":	6.001134,
				"end":	7.001136,
				"seconds":	1.0000020265579224,
				"bytes":	5120,
				"bits_per_second":	40959.91699235572,
				"packets":	10,
				"omitted":	false,
				"sender":	true
			}
		}, {
			"streams":	[{
					"socket":	5,
					"start":	7.001136,
					"end":	8.00115,
					"seconds":	1.0000139474868774,
					"bytes":	5120,
					"bits_per_second":	40959.428718905438,
					"packets":	10,
					"omitted":	false,
					"sender":	true
				}],
			"sum":	{
				"start":	7.001136,
				"end":	8.00115,
				"seconds":	1.0000139474868774,
				"bytes":	5120,
				"bits_per_second":	40959.428718905438,
				"packets":	10,
				"omitted":	false,
				"sender":	true
			}
		}, {
			"streams":	[{
					"socket":	5,
					"start":	8.00115,
					"end":	9.001138,
					"seconds":	0.9999880194664,
					"bytes":	4608,
					"bits_per_second":	36864.4416556819,
					"packets":	9,
					"omitted":	false,
					"sender":	true
				}],
			"sum":	{
				"start":	8.00115,
				"end":	9.001138,
				"seconds":	0.9999880194664,
				"bytes":	4608,
				"bits_per_second":	36864.4416556819,
				"packets":	9,
				"omitted":	false,
				"sender":	true
			}
		}, {
			"streams":	[{
					"socket":	5,
					"start":	9.001138,
					"end":	10.00113,
					"seconds":	0.9999920129776,
					"bytes":	5120,
					"bits_per_second":	40960.327151050464,
					"packets":	10,
					"omitted":	false,
					"sender":	true
				}],
			"sum":	{
				"start":	9.001138,
				"end":	10.00113,
				"seconds":	0.9999920129776,
				"bytes":	5120,
				"bits_per_second":	40960.327151050464,
				"packets":	10,
				"omitted":	false,
				"sender":	true
			}
		}, {
			"streams":	[{
					"socket":	5,
					"start":	10.00113,
					"end":	11.001144,
					"seconds":	1.0000139474868774,
					"bytes":	5120,
					"bits_per_second":	40959.428718905438,
					"packets":	10,
					"omitted":	false,
					"sender":	true
				}],
			"sum":	{
				"start":	10.00113,
				"end":	11.001144,
				"seconds":	1.0000139474868774,
				"bytes":	5120,
				"bits_per_second":	40959.428718905438,
				"packets":	10,
				"omitted":	false,
				"sender":	true
			}
		}, {
			"streams":	[{
					"socket":	5,
					"start":	11.001144,
					"end":	12.001137,
					"seconds":	0.99999302625656128,
					"bytes":	5120,
					"bits_per_second":	40960.285646523276,
					"packets":	10,
					"omitted":	false,
					"sender":	true
				}],
			"sum":	{
				"start":	11.001144,
				"end":	12.001137,
				"seconds":	0.99999302625656128,
				"bytes":	5120,
				"bits_per_second":	40960.285646523276,
				"packets":	10,
				"omitted":	false,
				"sender":	true
			}
		}, {
			"streams":	[{
					"socket":	5,
					"start":	12.001137,
					"end":	13.000584,
					"seconds":	0.999446988105774,
					"bytes":	4608,
					"bits_per_second":	36884.3975105347,
					"packets":	9,
					"omitted":	false,
					"sender":	true
				}],
			"sum":	{
				"start":	12.001137,
				"end":	13.000584,
				"seconds":	0.999446988105774,
				"bytes":	4608,
				"bits_per_second":	36884.3975105347,
				"packets":	9,
				"omitted":	false,
				"sender":	true
			}
		}, {
			"streams":	[{
					"socket":	5,
					"start":	13.000584,
					"end":	14.001132,
					"seconds":	1.0005480051040649,
					"bytes":	5120,
					"bits_per_second":	40937.56600488133,
					"packets":	10,
					"omitted":	false,
					"sender":	true
				}],
			"sum":	{
				"start":	13.000584,
				"end":	14.001132,
				"seconds":	1.0005480051040649,
				"bytes":	5120,
				"bits_per_second":	40937.56600488133,
				"packets":	10,
				"omitted":	false,
				"sender":	true
			}
		}, {
			"streams":	[{
					"socket":	5,
					"start":	14.001132,
					"end":	15.001131,
					"seconds":	0.99999898672103882,
					"bytes":	5120,
					"bits_per_second":	40960.0415039483,
					"packets":	10,
					"omitted":	false,
					"sender":	true
				}],
			"sum":	{
				"start":	14.001132,
				"end":	15.001131,
				"seconds":	0.99999898672103882,
				"bytes":	5120,
				"bits_per_second":	40960.0415039483,
				"packets":	10,
				"omitted":	false,