{
	"start":	{
		"connected":	[{
				"socket":	5,
				"local_host":	"fd00::8",
				"local_port":	60318,
				"remote_host":	"fd00::4",
				"remote_port":	5123
			}],
		"version":	"iperf 3.18",
		"system_info":	"Linux RPI08 6.12.47+rpt-rpi-v7 #1 SMP Raspbian 1:6.12.47-1+rpt1 (2025-09-16) armv7l",
		"timestamp":	{
			"time":	"Mon, 11 May 2026 16:08:49 GMT",
			"timesecs":	1778515729
		},
		"connecting_to":	{
			"host":	"fd00::4",
			"port":	5123
		},
		"cookie":	"ok53mnka6ue7nodo4qbmhhttztc3yxm6ygt5",
		"target_bitrate":	20000,
		"fq_rate":	0,
		"sock_bufsize":	0,
		"sndbuf_actual":	180224,
		"rcvbuf_actual":	180224,
		"test_start":	{
			"protocol":	"UDP",
			"num_streams":	1,
			"blksize":	256,
			"omit":	0,
			"duration":	30,
			"bytes":	0,
			"blocks":	0,
			"reverse":	0,
			"tos":	0,
			"target_bitrate":	20000,
			"bidir":	0,
			"fqrate":	0,
			"interval":	1
		}
	},
	"intervals":	[{
			"streams":	[{
					"socket":	5,
					"start":	0,
					"end":	1.001104,
					"seconds":	1.00110399723053,
					"bytes":	2560,
					"bits_per_second":	20457.415070418461,
					"packets":	10,
					"omitted":	false,
					"sender":	true
				}],
			"sum":	{
				"start":	0,
				"end":	1.001104,
				"seconds":	1.00110399723053,
				"bytes":	2560,
				"bits_per_second":	20457.415070418461,
				"packets":	10,
				"omitted":	false,
				"sender":	true
			}
		}, {
			"streams":	[{
					"socket":	5,
					"start":	1.001104,
					"end":	2.001132,
					"seconds":	1.0000280141830444,
					"bytes":	2560,
					"bits_per_second":	20479.426285603389,
					"packets":	10,
					"omitted":	false,
					"sender":	true
				}],
			"sum":	{
				"start":	1.001104,
				"end":	2.001132,
				"seconds":	1.0000280141830444,
				"bytes":	2560,
				"bits_per_second":	20479.426285603389,
				"packets":	10,
				"omitted":	false,
				"sender":	true
			}
		}, {
			"streams":	[{
					"socket":	5,
					"start":	2.001132,
					"end":	3.001134,
					"seconds":	1.0000020265579224,
					"bytes":	2560,
					"bits_per_second":	20479.95849617786,
					"packets":	10,
					"omitted":	false,
					"sender":	true
				}],
			"sum":	{
				"start":	2.001132,
				"end":	3.001134,
				"seconds":	1.0000020265579224,
				"bytes":	2560,
				"bits_per_second":	20479.95849617786,
				"packets":	10,
				"omitted":	false,
				"sender":	true
			}
		}, {
			"streams":	[{
					"socket":	5,
					"start":	3.001134,
					"end":	4.001155,
					"seconds":	1.0000209808349609,
					"bytes":	2560,
					"bits_per_second":	20479.570321515013,
					"packets":	10,
					"omitted":	false,
					"sender":	true
				}],
			"sum":	{
				"start":	3.001134,
				"end":	4.001155,
				"seconds":	1.0000209808349609,
				"bytes":	2560,
				"bits_per_second":	20479.570321515013,
				"packets":	10,
				"omitted":	false,
				"sender":	true
			}
		}, {
			"streams":	[{
					"socket":	5,
					"start":	4.001155,
					"end":	5.001152,
					"seconds":	0.99999701976776123,
					"bytes":	2304,
					"bits_per_second":	18432.054931804334,
					"packets":	9,
					"omitted":	false,
					"sender":	true
				}],
			"sum":	{
				"start":	4.001155,
				"end":	5.001152,
				"seconds":	0.99999701976776123,
				"bytes":	2304,
				"bits_per_second":	18432.054931804334,
				"packets":	9,
				"omitted":	false,
				"sender":	true
			}
		}, {
			"streams":	[{
					"socket":	5,
					"start":	5.001152,
					"end":	6.001137,
					"seconds":	0.9999849796295166,
					"bytes":	2560,
					"bits_per_second":	20480.307621808093,
					"packets":	10,
					"omitted":	false,
					"sender":	true
				}],
			"sum":	{
				"start":	5.001152,
				"end":	6.001137,
				"seconds":	0.9999849796295166,
				"bytes":	2560,
				"bits_per_second":	20480.307621808093,
				"packets":	10,
				"omitted":	false,
				"sender":	true
			}
		}, {
			"streams":	[{
					"socket":	5,
					"start":	6.001137,
					"end":	7.00113,
					"seconds":	0.99999302625656128,
					"bytes":	2560,
					"bits_per_second":	20480.142823261638,
					"packets":	10,
					"omitted":	false,
					"sender":	true
				}],
			"sum":	{
				"start":	6.001137,
				"end":	7.00113,
				"seconds":	0.99999302625656128,
				"bytes":	2560,
				"bits_per_second":	20480.142823261638,
				"packets":	10,
				"omitted":	false,
				"sender":	true
			}
		}, {
			"streams":	[{
					"socket":	5,
					"start":	7.00113,
					"end":	8.001134,
					"seconds":	1.0000040531158447,
					"bytes":	2560,
					"bits_per_second":	20479.91699252394,
					"packets":	10,
					"omitted":	false,
					"sender":	true
				}],
			"sum":	{
				"start":	7.00113,
				"end":	8.001134,
				"seconds":	1.0000040531158447,
				"bytes":	2560,
				"bits_per_second":	20479.91699252394,
				"packets":	10,
				"omitted":	false,
				"sender":	true
			}
		}, {
			"streams":	[{
					"socket":	5,
					"start":	8.001134,
					"end":	9.001129,
					"seconds":	0.999994993209839,
					"bytes":	2304,
					"bits_per_second":	18432.092285618306,
					"packets":	9,
					"omitted":	false,
					"sender":	true
				}],
			"sum":	{
				"start":	8.001134,
				"end":	9.001129,
				"seconds":	0.999994993209839,
				"bytes":	2304,
				"bits_per_second":	18432.092285618306,
				"packets":	9,
				"omitted":	false,
				"sender":	true
			}
		}, {
			"streams":	[{
					"socket":	5,
					"start":	9.001129,
					"end":	10.001134,
					"seconds":	1.0000050067901611,
					"bytes":	2560,
					"bits_per_second":	20479.897461450888,
					"packets":	10,
					"omitted":	false,
					"sender":	true
				}],
			"sum":	{
				"start":	9.001129,
				"end":	10.001134,
				"seconds":	1.0000050067901611,
				"bytes":	2560,
				"bits_per_second":	20479.897461450888,
				"packets":	10,
				"omitted":	false,
				"sender":	true
			}
		}, {
			"streams":	[{
					"socket":	5,
					"start":	10.001134,
					"end":	11.001139,
					"seconds":	1.0000050067901611,
					"bytes":	2560,
					"bits_per_second":	20479.897461450888,
					"packets":	10,
					"omitted":	false,
					"sender":	true
				}],
			"sum":	{
				"start":	10.001134,
				"end":	11.001139,
				"seconds":	1.0000050067901611,
				"bytes":	2560,
				"bits_per_second":	20479.897461450888,
				"packets":	10,
				"omitted":	false,
				"sender":	true
			}
		}, {
			"streams":	[{
					"socket":	5,
					"start":	11.001139,
					"end":	12.001124,
					"seconds":	0.9999849796295166,
					"bytes":	2560,
					"bits_per_second":	20480.307621808093,
					"packets":	10,
					"omitted":	false,
					"sender":	true
				}],
			"sum":	{
				"start":	11.001139,
				"end":	12.001124,
				"seconds":	0.9999849796295166,
				"bytes":	2560,
				"bits_per_second":	20480.307621808093,
				"packets":	10,
				"omitted":	false,
				"sender":	true
			}
		}, {
			"streams":	[{
					"socket":	5,
					"start":	12.001124,
					"end":	13.001132,
					"seconds":	1.0000079870224,
					"bytes":	2304,
					"bits_per_second":	18431.852784378938,
					"packets":	9,
					"omitted":	false,
					"sender":	true
				}],
			"sum":	{
				"start":	12.001124,
				"end":	13.001132,
				"seconds":	1.0000079870224,
				"bytes":	2304,
				"bits_per_second":	18431.852784378938,
				"packets":	9,
				"omitted":	false,
				"sender":	true
			}
		}, {
			"streams":	[{
					"socket":	5,
					"start":	13.001132,
					"end":	14.001132,
					"seconds":	1,
					"bytes":	2560,
					"bits_per_second":	20480,
					"packets":	10,
					"omitted":	false,
					"sender":	true
				}],
			"sum":	{
				"start":	13.001132,
				"end":	14.001132,
				"seconds":	1,
				"bytes":	2560,
				"bits_per_second":	20480,
				"packets":	10,
				"omitted":	false,
				"sender":	true
			}
		}, {
			"streams":	[{
					"socket":	5,
					"start":	14.001132,
					"end":	15.001132,
					"seconds":	1,
					"bytes":	2560,
					"bits_per_second":	20480,
					"packets":	10,
					"omitted":	false,
					"sender":	true
				}],
			"sum":	{
				"start":	14.001132,
				"end":	15.001132,
				"seconds":	1,
				"bytes":	2560,
				"bits_per_second":	20480,
				"packets":	10,
				"omitted":	false,
				"sender":	true
			}
		}, {
			"streams":	[{
					"socket":	5,
					"start":	15.001132,
					"end":	16.001124,