{
	"start":	{
		"connected":	[{
				"socket":	5,
				"local_host":	"192.168.137.136",
				"local_port":	36964,
				"remote_host":	"192.168.137.101",
				"remote_port":	5123
			}],
		"version":	"iperf 3.18",
		"system_info":	"Linux RPI08 6.12.47+rpt-rpi-v7 #1 SMP Raspbian 1:6.12.47-1+rpt1 (2025-09-16) armv7l",
		"timestamp":	{
			"time":	"Sun, 10 May 2026 12:43:31 GMT",
			"timesecs":	1778417011
		},
		"connecting_to":	{
			"host":	"192.168.137.101",
			"port":	5123
		},
		"cookie":	"e2nfbvfk4s32u674axqnhxu47ihjtdi4uryj",
		"target_bitrate":	20000,
		"fq_rate":	0,
		"sock_bufsize":	0,
		"sndbuf_actual":	180224,
		"rcvbuf_actual":	180224,
		"test_start":	{
			"protocol":	"UDP",
			"num_streams":	1,
			"blksize":	1024,
			"omit":	0,
			"duration":	10,
			"bytes":	0,
			"blocks":	0,
			"reverse":	0,
			"tos":	0,
			"target_bitrate":	20000,
			"bidir":	0,
			"fqrate":	0,
			"interval":	1
		}
	},
	"intervals":	[{
			"streams":	[{
					"socket":	5,
					"start":	0,
					"end":	1.001188,
					"seconds":	1.0011880397796631,
					"bytes":	3072,
					"bits_per_second":	24546.837380726774,
					"packets":	3,
					"omitted":	false,
					"sender":	true
				}],
			"sum":	{
				"start":	0,
				"end":	1.001188,
				"seconds":	1.0011880397796631,
				"bytes":	3072,
				"bits_per_second":	24546.837380726774,
				"packets":	3,
				"omitted":	false,
				"sender":	true
			}
		}, {
			"streams":	[{
					"socket":	5,
					"start":	1.001188,
					"end":	2.001134,
					"seconds":	0.9999459981918335,
					"bytes":	2048,
					"bits_per_second":	16384.884813406523,
					"packets":	2,
					"omitted":	false,
					"sender":	true
				}],
			"sum":	{
				"start":	1.001188,
				"end":	2.001134,
				"seconds":	0.9999459981918335,
				"bytes":	2048,
				"bits_per_second":	16384.884813406523,
				"packets":	2,
				"omitted":	false,
				"sender":	true
			}
		}, {
			"streams":	[{
					"socket":	5,
					"start":	2.001134,
					"end":	3.001126,
					"seconds":	0.9999920129776,
					"bytes":	3072,
					"bits_per_second":	24576.196290630276,
					"packets":	3,
					"omitted":	false,
					"sender":	true
				}],
			"sum":	{
				"start":	2.001134,
				"end":	3.001126,
				"seconds":	0.9999920129776,
				"bytes":	3072,
				"bits_per_second":	24576.196290630276,
				"packets":	3,
				"omitted":	false,
				"sender":	true
			}
		}, {
			"streams":	[{
					"socket":	5,
					"start":	3.001126,
					"end":	4.001133,
					"seconds":	1.0000070333480835,
					"bytes":	2048,
					"bits_per_second":	16383.884766435478,
					"packets":	2,
					"omitted":	false,
					"sender":	true
				}],
			"sum":	{
				"start":	3.001126,
				"end":	4.001133,
				"seconds":	1.0000070333480835,
				"bytes":	2048,
				"bits_per_second":	16383.884766435478,
				"packets":	2,
				"omitted":	false,
				"sender":	true
			}
		}, {
			"streams":	[{
					"socket":	5,
					"start":	4.001133,
					"end":	5.001148,
					"seconds":	1.0000150203704834,
					"bytes":	3072,
					"bits_per_second":	24575.630864919545,
					"packets":	3,
					"omitted":	false,
					"sender":	true
				}],
			"sum":	{
				"start":	4.001133,
				"end":	5.001148,
				"seconds":	1.0000150203704834,
				"bytes":	3072,
				"bits_per_second":	24575.630864919545,
				"packets":	3,
				"omitted":	false,
				"sender":	true
			}
		}, {
			"streams":	[{
					"socket":	5,
					"start":	5.001148,
					"end":	6.00114,
					"seconds":	0.9999920129776,
					"bytes":	2048,
					"bits_per_second":	16384.130860420184,
					"packets":	2,
					"omitted":	false,
					"sender":	true
				}],
			"sum":	{
				"start":	5.001148,
				"end":	6.00114,
				"seconds":	0.9999920129776,
				"bytes":	2048,
				"bits_per_second":	16384.130860420184,
				"packets":	2,
				"omitted":	false,
				"sender":	true
			}
		}, {
			"streams":	[{
					"socket":	5,
					"start":	6.00114,
					"end":	7.001133,
					"seconds":	0.99999302625656128,
					"bytes":	3072,
					"bits_per_second":	24576.171387913964,
					"packets":	3,
					"omitted":	false,
					"sender":	true
				}],
			"sum":	{
				"start":	6.00114,
				"end":	7.001133,
				"seconds":	0.99999302625656128,
				"bytes":	3072,
				"bits_per_second":	24576.171387913964,
				"packets":	3,
				"omitted":	false,
				"sender":	true
			}
		}, {
			"streams":	[{
					"socket":	5,
					"start":	7.001133,
					"end":	8.001126,
					"seconds":	0.99999302625656128,
					"bytes":	2048,
					"bits_per_second":	16384.114258609312,
					"packets":	2,
					"omitted":	false,
					"sender":	true
				}],
			"sum":	{
				"start":	7.001133,
				"end":	8.001126,
				"seconds":	0.99999302625656128,
				"bytes":	2048,
				"bits_per_second":	16384.114258609312,
				"packets":	2,
				"omitted":	false,
				"sender":	true
			}
		}, {
			"streams":	[{
					"socket":	5,
					"start":	8.001126,
					"end":	9.001127,
					"seconds":	1.0000009536743164,
					"bytes":	2048,
					"bits_per_second":	16383.9843750149,
					"packets":	2,
					"omitted":	false,
					"sender":	true
				}],
			"sum":	{
				"start":	8.001126,
				"end":	9.001127,
				"seconds":	1.0000009536743164,
				"bytes":	2048,
				"bits_per_second":	16383.9843750149,
				"packets":	2,
				"omitted":	false,
				"sender":	true
			}
		}, {
			"streams":	[{
					"socket":	5,
					"start":	9.001127,
					"end":	10.002802,
					"seconds":	1.001675009727478,
					"bytes":	3072,
					"bits_per_second":	24534.903797476491,
					"packets":	3,
					"omitted":	false,
					"sender":	true
				}],
			"sum":	{
				"start":	9.001127,
				"end":	10.002802,
				"seconds":	1.001675009727478,
				"bytes":	3072,
				"bits_per_second":	24534.903797476491,
				"packets":	3,
				"omitted":	false,
				"sender":	true
			}
		}],
	"end":	{
		"streams":	[{
				"udp":	{
					"socket":	5,
					"start":	0,
					"end":	10.002802,
					"seconds":	10.002802,
					"bytes":	25600,
					"bits_per_second":	20474.263111476164,
					"jitter_ms":	1.4469511907165076,
					"lost_packets":	0,
					"packets":	25,
					"lost_percent":	0,
					"out_of_order":	0,
					"sender":	true
				}
			}],
		"sum":	{
			"start":	0,
			"end":	10.009441,
			"seconds":	10.009441,
			"bytes":	25600,
			"bits_per_second":	20474.263111476164,
			"jitter_ms":	1.4469511907165076,
			"lost_packets":	0,
			"packets":	25,
			"lost_percent":	0,
			"sender":	true
		},
		"sum_sent":	{
			"start":	0,
			"end":	10.002802,
			"seconds":	10.002802,
			"bytes":	25600,
			"bits_per_second":	20474.263111476164,
			"jitter_ms":	0,
			"lost_packets":	0,
			"packets":	25,
			"lost_percent":	0,
			"sender":	true
		},
		"sum_received":	{
			"start":	0,
			"end":	10.009441,
			"seconds":	10.009441,
			"bytes":	25600,
			"bits_per_second":	20460.683069114446,
			"jitter_ms":	1.4469511907165076,
			"lost_packets":	0,
			"packets":	25,
			"lost_percent":	0,
			"sender":	false
		},
		"cpu_utilization_percent":	{
			"host_total":	0.12209679729557738,
			"host_user":	0.081500933804604422,
			"host_system":	0.040745479695485143,
			"remote_total":	0.10765306820734964,
			"remote_user":	0.042717568639070815,
			"remote_system":	0.064985449952562127
		}
	},