{
	"start":	{
		"connected":	[{
				"socket":	5,
				"local_host":	"192.168.137.136",
				"local_port":	37626,
				"remote_host":	"192.168.137.101",
				"remote_port":	5123
			}],
		"version":	"iperf 3.18",
		"system_info":	"Linux RPI08 6.12.47+rpt-rpi-v7 #1 SMP Raspbian 1:6.12.47-1+rpt1 (2025-09-16) armv7l",
		"timestamp":	{
			"time":	"Sun, 10 May 2026 12:43:11 GMT",
			"timesecs":	1778416991
		},
		"connecting_to":	{
			"host":	"192.168.137.101",
			"port":	5123
		},
		"cookie":	"3t57trdjfny5nwx6qhhjb2caduxez5ndjuxr",
		"target_bitrate":	20000,
		"fq_rate":	0,
		"sock_bufsize":	0,
		"sndbuf_actual":	180224,
		"rcvbuf_actual":	180224,
		"test_start":	{
			"protocol":	"UDP",
			"num_streams":	1,
			"blksize":	256,
			"omit":	0,
			"duration":	10,
			"bytes":	0,
			"blocks":	0,
			"reverse":	0,
			"tos":	0,
			"target_bitrate":	20000,
			"bidir":	0,
			"fqrate":	0,
			"interval":	1
		}
	},
	"intervals":	[{
			"streams":	[{
					"socket":	5,
					"start":	0,
					"end":	1.001193,
					"seconds":	1.0011930465698242,
					"bytes":	2560,
					"bits_per_second":	20455.595521928852,
					"packets":	10,
					"omitted":	false,
					"sender":	true
				}],
			"sum":	{
				"start":	0,
				"end":	1.001193,
				"seconds":	1.0011930465698242,
				"bytes":	2560,
				"bits_per_second":	20455.595521928852,
				"packets":	10,
				"omitted":	false,
				"sender":	true
			}
		}, {
			"streams":	[{
					"socket":	5,
					"start":	1.001193,
					"end":	2.001136,
					"seconds":	0.99994301795959473,
					"bytes":	2560,
					"bits_per_second":	20481.167058688887,
					"packets":	10,
					"omitted":	false,
					"sender":	true
				}],
			"sum":	{
				"start":	1.001193,
				"end":	2.001136,
				"seconds":	0.99994301795959473,
				"bytes":	2560,
				"bits_per_second":	20481.167058688887,
				"packets":	10,
				"omitted":	false,
				"sender":	true
			}
		}, {
			"streams":	[{
					"socket":	5,
					"start":	2.001136,
					"end":	3.001126,
					"seconds":	0.99998998641967773,
					"bytes":	2560,
					"bits_per_second":	20480.205080178588,
					"packets":	10,
					"omitted":	false,
					"sender":	true
				}],
			"sum":	{
				"start":	2.001136,
				"end":	3.001126,
				"seconds":	0.99998998641967773,
				"bytes":	2560,
				"bits_per_second":	20480.205080178588,
				"packets":	10,
				"omitted":	false,
				"sender":	true
			}
		}, {
			"streams":	[{
					"socket":	5,
					"start":	3.001126,
					"end":	4.001128,
					"seconds":	1.0000020265579224,
					"bytes":	2560,
					"bits_per_second":	20479.95849617786,
					"packets":	10,
					"omitted":	false,
					"sender":	true
				}],
			"sum":	{
				"start":	3.001126,
				"end":	4.001128,
				"seconds":	1.0000020265579224,
				"bytes":	2560,
				"bits_per_second":	20479.95849617786,
				"packets":	10,
				"omitted":	false,
				"sender":	true
			}
		}, {
			"streams":	[{
					"socket":	5,
					"start":	4.001128,
					"end":	5.001135,
					"seconds":	1.0000070333480835,
					"bytes":	2304,
					"bits_per_second":	18431.870362239912,
					"packets":	9,
					"omitted":	false,
					"sender":	true
				}],
			"sum":	{
				"start":	4.001128,
				"end":	5.001135,
				"seconds":	1.0000070333480835,
				"bytes":	2304,
				"bits_per_second":	18431.870362239912,
				"packets":	9,
				"omitted":	false,
				"sender":	true
			}
		}, {
			"streams":	[{
					"socket":	5,
					"start":	5.001135,
					"end":	6.001143,
					"seconds":	1.0000079870224,
					"bytes":	2560,
					"bits_per_second":	20479.83642708771,
					"packets":	10,
					"omitted":	false,
					"sender":	true
				}],
			"sum":	{
				"start":	5.001135,
				"end":	6.001143,
				"seconds":	1.0000079870224,
				"bytes":	2560,
				"bits_per_second":	20479.83642708771,
				"packets":	10,
				"omitted":	false,
				"sender":	true
			}
		}, {
			"streams":	[{
					"socket":	5,
					"start":	6.001143,
					"end":	7.001131,
					"seconds":	0.9999880194664,
					"bytes":	2560,
					"bits_per_second":	20480.245364267721,
					"packets":	10,
					"omitted":	false,
					"sender":	true
				}],
			"sum":	{
				"start":	6.001143,
				"end":	7.001131,
				"seconds":	0.9999880194664,
				"bytes":	2560,
				"bits_per_second":	20480.245364267721,
				"packets":	10,
				"omitted":	false,
				"sender":	true
			}
		}, {
			"streams":	[{
					"socket":	5,
					"start":	7.001131,
					"end":	8.001126,
					"seconds":	0.999994993209839,
					"bytes":	2560,
					"bits_per_second":	20480.1025395759,
					"packets":	10,
					"omitted":	false,
					"sender":	true
				}],
			"sum":	{
				"start":	7.001131,
				"end":	8.001126,
				"seconds":	0.999994993209839,
				"bytes":	2560,
				"bits_per_second":	20480.1025395759,
				"packets":	10,
				"omitted":	false,
				"sender":	true
			}
		}, {
			"streams":	[{
					"socket":	5,
					"start":	8.001126,
					"end":	9.001137,
					"seconds":	1.0000109672546387,
					"bytes":	2304,
					"bits_per_second":	18431.797853779488,
					"packets":	9,
					"omitted":	false,
					"sender":	true
				}],
			"sum":	{
				"start":	8.001126,
				"end":	9.001137,
				"seconds":	1.0000109672546387,
				"bytes":	2304,
				"bits_per_second":	18431.797853779488,
				"packets":	9,
				"omitted":	false,
				"sender":	true
			}
		}, {
			"streams":	[{
					"socket":	5,
					"start":	9.001137,
					"end":	10.002872,
					"seconds":	1.0017349720001221,
					"bytes":	2560,
					"bits_per_second":	20444.52931408439,
					"packets":	10,
					"omitted":	false,
					"sender":	true
				}],
			"sum":	{
				"start":	9.001137,
				"end":	10.002872,
				"seconds":	1.0017349720001221,
				"bytes":	2560,
				"bits_per_second":	20444.52931408439,
				"packets":	10,
				"omitted":	false,
				"sender":	true
			}
		}],
	"end":	{
		"streams":	[{
				"udp":	{
					"socket":	5,
					"start":	0,
					"end":	10.002872,
					"seconds":	10.002872,
					"bytes":	25088,
					"bits_per_second":	20064.637436128345,
					"jitter_ms":	5.4013877308450384,
					"lost_packets":	0,
					"packets":	98,
					"lost_percent":	0,
					"out_of_order":	0,
					"sender":	true
				}
			}],
		"sum":	{
			"start":	0,
			"end":	10.006418,
			"seconds":	10.006418,
			"bytes":	25088,
			"bits_per_second":	20064.637436128345,
			"jitter_ms":	5.4013877308450384,
			"lost_packets":	0,
			"packets":	98,
			"lost_percent":	0,
			"sender":	true
		},
		"sum_sent":	{
			"start":	0,
			"end":	10.002872,
			"seconds":	10.002872,
			"bytes":	25088,
			"bits_per_second":	20064.637436128345,
			"jitter_ms":	0,
			"lost_packets":	0,
			"packets":	98,
			"lost_percent":	0,
			"sender":	true
		},
		"sum_received":	{
			"start":	0,
			"end":	10.006418,
			"seconds":	10.006418,
			"bytes":	25088,
			"bits_per_second":	20057.52707912062,
			"jitter_ms":	5.4013877308450384,
			"lost_packets":	0,
			"packets":	98,
			"lost_percent":	0,
			"sender":	false
		},
		"cpu_utilization_percent":	{
			"host_total":	0.21964148905195144,
			"host_user":	0,
			"host_system":	0.21969138035875044,
			"remote_total":	0.24091372134952457,
			"remote_user":	0.14215188676775289,
			"remote_system":	0.098771827684532146
		}
	},