{
	"start":	{
		"connected":	[{
				"socket":	5,
				"local_host":	"192.168.137.136",
				"local_port":	60383,
				"remote_host":	"192.168.137.101",
				"remote_port":	5123
			}],
		"version":	"iperf 3.18",
		"system_info":	"Linux RPI08 6.12.47+rpt-rpi-v7 #1 SMP Raspbian 1:6.12.47-1+rpt1 (2025-09-16) armv7l",
		"timestamp":	{
			"time":	"Sun, 10 May 2026 12:45:44 GMT",
			"timesecs":	1778417144
		},
		"connecting_to":	{
			"host":	"192.168.137.101",
			"port":	5123
		},
		"cookie":	"aflbpgfe4viv4cd34jemiumm6p4lcbqgcmig",
		"target_bitrate":	60000,
		"fq_rate":	0,
		"sock_bufsize":	0,
		"sndbuf_actual":	180224,
		"rcvbuf_actual":	180224,
		"test_start":	{
			"protocol":	"UDP",
			"num_streams":	1,
			"blksize":	256,
			"omit":	0,
			"duration":	10,
			"bytes":	0,
			"blocks":	0,
			"reverse":	0,
			"tos":	0,
			"target_bitrate":	60000,
			"bidir":	0,
			"fqrate":	0,
			"interval":	1
		}
	},
	"intervals":	[{
			"streams":	[{
					"socket":	5,
					"start":	0,
					"end":	1.001257,
					"seconds":	1.0012569427490234,
					"bytes":	7680,
					"bits_per_second":	61362.8703850103,
					"packets":	30,
					"omitted":	false,
					"sender":	true
				}],
			"sum":	{
				"start":	0,
				"end":	1.001257,
				"seconds":	1.0012569427490234,
				"bytes":	7680,
				"bits_per_second":	61362.8703850103,
				"packets":	30,
				"omitted":	false,
				"sender":	true
			}
		}, {
			"streams":	[{
					"socket":	5,
					"start":	1.001257,
					"end":	2.001147,
					"seconds":	0.9998900294303894,
					"bytes":	7424,
					"bits_per_second":	59398.532090408014,
					"packets":	29,
					"omitted":	false,
					"sender":	true
				}],
			"sum":	{
				"start":	1.001257,
				"end":	2.001147,
				"seconds":	0.9998900294303894,
				"bytes":	7424,
				"bits_per_second":	59398.532090408014,
				"packets":	29,
				"omitted":	false,
				"sender":	true
			}
		}, {
			"streams":	[{
					"socket":	5,
					"start":	2.001147,
					"end":	3.001138,
					"seconds":	0.999990999698639,
					"bytes":	7424,
					"bits_per_second":	59392.534550709555,
					"packets":	29,
					"omitted":	false,
					"sender":	true
				}],
			"sum":	{
				"start":	2.001147,
				"end":	3.001138,
				"seconds":	0.999990999698639,
				"bytes":	7424,
				"bits_per_second":	59392.534550709555,
				"packets":	29,
				"omitted":	false,
				"sender":	true
			}
		}, {
			"streams":	[{
					"socket":	5,
					"start":	3.001138,
					"end":	4.00114,
					"seconds":	1.0000020265579224,
					"bytes":	7680,
					"bits_per_second":	61439.87548853358,
					"packets":	30,
					"omitted":	false,
					"sender":	true
				}],
			"sum":	{
				"start":	3.001138,
				"end":	4.00114,
				"seconds":	1.0000020265579224,
				"bytes":	7680,
				"bits_per_second":	61439.87548853358,
				"packets":	30,
				"omitted":	false,
				"sender":	true
			}
		}, {
			"streams":	[{
					"socket":	5,
					"start":	4.00114,
					"end":	5.001134,
					"seconds":	0.99999397993087769,
					"bytes":	7424,
					"bits_per_second":	59392.357546097766,
					"packets":	29,
					"omitted":	false,
					"sender":	true
				}],
			"sum":	{
				"start":	4.00114,
				"end":	5.001134,
				"seconds":	0.99999397993087769,
				"bytes":	7424,
				"bits_per_second":	59392.357546097766,
				"packets":	29,
				"omitted":	false,
				"sender":	true
			}
		}, {
			"streams":	[{
					"socket":	5,
					"start":	5.001134,
					"end":	6.00114,
					"seconds":	1.0000059604644775,
					"bytes":	7424,
					"bits_per_second":	59391.645998203763,
					"packets":	29,
					"omitted":	false,
					"sender":	true
				}],
			"sum":	{
				"start":	5.001134,
				"end":	6.00114,
				"seconds":	1.0000059604644775,
				"bytes":	7424,
				"bits_per_second":	59391.645998203763,
				"packets":	29,
				"omitted":	false,
				"sender":	true
			}
		}, {
			"streams":	[{
					"socket":	5,
					"start":	6.00114,
					"end":	7.001139,
					"seconds":	0.99999898672103882,
					"bytes":	7680,
					"bits_per_second":	61440.062255922458,
					"packets":	30,
					"omitted":	false,
					"sender":	true
				}],
			"sum":	{
				"start":	6.00114,
				"end":	7.001139,
				"seconds":	0.99999898672103882,
				"bytes":	7680,
				"bits_per_second":	61440.062255922458,
				"packets":	30,
				"omitted":	false,
				"sender":	true
			}
		}, {
			"streams":	[{
					"socket":	5,
					"start":	7.001139,
					"end":	8.001196,
					"seconds":	1.0000569820404053,
					"bytes":	7424,
					"bits_per_second":	59388.6159154883,
					"packets":	29,
					"omitted":	false,
					"sender":	true
				}],
			"sum":	{
				"start":	7.001139,
				"end":	8.001196,
				"seconds":	1.0000569820404053,
				"bytes":	7424,
				"bits_per_second":	59388.6159154883,
				"packets":	29,
				"omitted":	false,
				"sender":	true
			}
		}, {
			"streams":	[{
					"socket":	5,
					"start":	8.001196,
					"end":	9.001136,
					"seconds":	0.99993997812271118,
					"bytes":	7424,
					"bits_per_second":	59395.565033315928,
					"packets":	29,
					"omitted":	false,
					"sender":	true
				}],
			"sum":	{
				"start":	8.001196,
				"end":	9.001136,
				"seconds":	0.99993997812271118,
				"bytes":	7424,
				"bits_per_second":	59395.565033315928,
				"packets":	29,
				"omitted":	false,
				"sender":	true
			}
		}, {
			"streams":	[{
					"socket":	5,
					"start":	9.001136,
					"end":	10.002487,
					"seconds":	1.001350998878479,
					"bytes":	7424,
					"bits_per_second":	59311.869730513587,
					"packets":	29,
					"omitted":	false,
					"sender":	true
				}],
			"sum":	{
				"start":	9.001136,
				"end":	10.002487,
				"seconds":	1.001350998878479,
				"bytes":	7424,
				"bits_per_second":	59311.869730513587,
				"packets":	29,
				"omitted":	false,
				"sender":	true
			}
		}],
	"end":	{
		"streams":	[{
				"udp":	{
					"socket":	5,
					"start":	0,
					"end":	10.002487,
					"seconds":	10.002487,
					"bytes":	75008,
					"bits_per_second":	59991.480118894426,
					"jitter_ms":	11.362873508112273,
					"lost_packets":	0,
					"packets":	293,
					"lost_percent":	0,
					"out_of_order":	0,
					"sender":	true
				}
			}],
		"sum":	{
			"start":	0,
			"end":	10.00673,
			"seconds":	10.00673,
			"bytes":	75008,
			"bits_per_second":	59991.480118894426,
			"jitter_ms":	11.362873508112273,
			"lost_packets":	0,
			"packets":	293,
			"lost_percent":	0,
			"sender":	true
		},
		"sum_sent":	{
			"start":	0,
			"end":	10.002487,
			"seconds":	10.002487,
			"bytes":	75008,
			"bits_per_second":	59991.480118894426,
			"jitter_ms":	0,
			"lost_packets":	0,
			"packets":	293,
			"lost_percent":	0,
			"sender":	true
		},
		"sum_received":	{
			"start":	0,
			"end":	10.00673,
			"seconds":	10.00673,
			"bytes":	75008,
			"bits_per_second":	59966.04285315983,
			"jitter_ms":	11.362873508112273,
			"lost_packets":	0,
			"packets":	293,
			"lost_percent":	0,
			"sender":	false
		},
		"cpu_utilization_percent":	{
			"host_total":	0.48110849056839144,
			"host_user":	0.0078739363823862943,
			"host_system":	0.47335430987242921,
			"remote_total":	0.54655615163713034,
			"remote_user":	0.30684888469368971,
			"remote_system":	0.23975723093938509
		}
	},