{
	"start":	{
		"connected":	[{
				"socket":	5,
				"local_host":	"192.168.137.136",
				"local_port":	60803,
				"remote_host":	"192.168.137.101",
				"remote_port":	5123
			}],
		"version":	"iperf 3.18",
		"system_info":	"Linux RPI08 6.12.47+rpt-rpi-v7 #1 SMP Raspbian 1:6.12.47-1+rpt1 (2025-09-16) armv7l",
		"timestamp":	{
			"time":	"Sun, 10 May 2026 12:44:03 GMT",
			"timesecs":	1778417043
		},
		"connecting_to":	{
			"host":	"192.168.137.101",
			"port":	5123
		},
		"cookie":	"lwc6u4jmq5ekinxle3oz5hpy7pgoyq7i2fka",
		"target_bitrate":	30000,
		"fq_rate":	0,
		"sock_bufsize":	0,
		"sndbuf_actual":	180224,
		"rcvbuf_actual":	180224,
		"test_start":	{
			"protocol":	"UDP",
			"num_streams":	1,
			"blksize":	256,
			"omit":	0,
			"duration":	10,
			"bytes":	0,
			"blocks":	0,
			"reverse":	0,
			"tos":	0,
			"target_bitrate":	30000,
			"bidir":	0,
			"fqrate":	0,
			"interval":	1
		}
	},
	"intervals":	[{
			"streams":	[{
					"socket":	5,
					"start":	0,
					"end":	1.001182,
					"seconds":	1.001181960105896,
					"bytes":	3840,
					"bits_per_second":	30683.733051633008,
					"packets":	15,
					"omitted":	false,
					"sender":	true
				}],
			"sum":	{
				"start":	0,
				"end":	1.001182,
				"seconds":	1.001181960105896,
				"bytes":	3840,
				"bits_per_second":	30683.733051633008,
				"packets":	15,
				"omitted":	false,
				"sender":	true
			}
		}, {
			"streams":	[{
					"socket":	5,
					"start":	1.001182,
					"end":	2.001125,
					"seconds":	0.99994301795959473,
					"bytes":	3840,
					"bits_per_second":	30721.750588033326,
					"packets":	15,
					"omitted":	false,
					"sender":	true
				}],
			"sum":	{
				"start":	1.001182,
				"end":	2.001125,
				"seconds":	0.99994301795959473,
				"bytes":	3840,
				"bits_per_second":	30721.750588033326,
				"packets":	15,
				"omitted":	false,
				"sender":	true
			}
		}, {
			"streams":	[{
					"socket":	5,
					"start":	2.001125,
					"end":	3.00112,
					"seconds":	0.999994993209839,
					"bytes":	3584,
					"bits_per_second":	28672.143555406252,
					"packets":	14,
					"omitted":	false,
					"sender":	true
				}],
			"sum":	{
				"start":	2.001125,
				"end":	3.00112,
				"seconds":	0.999994993209839,
				"bytes":	3584,
				"bits_per_second":	28672.143555406252,
				"packets":	14,
				"omitted":	false,
				"sender":	true
			}
		}, {
			"streams":	[{
					"socket":	5,
					"start":	3.00112,
					"end":	4.001116,
					"seconds":	0.9999960064888,
					"bytes":	3840,
					"bits_per_second":	30720.122681153993,
					"packets":	15,
					"omitted":	false,
					"sender":	true
				}],
			"sum":	{
				"start":	3.00112,
				"end":	4.001116,
				"seconds":	0.9999960064888,
				"bytes":	3840,
				"bits_per_second":	30720.122681153993,
				"packets":	15,
				"omitted":	false,
				"sender":	true
			}
		}, {
			"streams":	[{
					"socket":	5,
					"start":	4.001116,
					"end":	5.001123,
					"seconds":	1.0000070333480835,
					"bytes":	3840,
					"bits_per_second":	30719.783937066521,
					"packets":	15,
					"omitted":	false,
					"sender":	true
				}],
			"sum":	{
				"start":	4.001116,
				"end":	5.001123,
				"seconds":	1.0000070333480835,
				"bytes":	3840,
				"bits_per_second":	30719.783937066521,
				"packets":	15,
				"omitted":	false,
				"sender":	true
			}
		}, {
			"streams":	[{
					"socket":	5,
					"start":	5.001123,
					"end":	6.001121,
					"seconds":	0.99999797344207764,
					"bytes":	3584,
					"bits_per_second":	28672.0581055865,
					"packets":	14,
					"omitted":	false,
					"sender":	true
				}],
			"sum":	{
				"start":	5.001123,
				"end":	6.001121,
				"seconds":	0.99999797344207764,
				"bytes":	3584,
				"bits_per_second":	28672.0581055865,
				"packets":	14,
				"omitted":	false,
				"sender":	true
			}
		}, {
			"streams":	[{
					"socket":	5,
					"start":	6.001121,
					"end":	7.001126,
					"seconds":	1.0000050067901611,
					"bytes":	3840,
					"bits_per_second":	30719.846192176334,
					"packets":	15,
					"omitted":	false,
					"sender":	true
				}],
			"sum":	{
				"start":	6.001121,
				"end":	7.001126,
				"seconds":	1.0000050067901611,
				"bytes":	3840,
				"bits_per_second":	30719.846192176334,
				"packets":	15,
				"omitted":	false,
				"sender":	true
			}
		}, {
			"streams":	[{
					"socket":	5,
					"start":	7.001126,
					"end":	8.001123,
					"seconds":	0.99999701976776123,
					"bytes":	3840,
					"bits_per_second":	30720.091553007223,
					"packets":	15,
					"omitted":	false,
					"sender":	true
				}],
			"sum":	{
				"start":	7.001126,
				"end":	8.001123,
				"seconds":	0.99999701976776123,
				"bytes":	3840,
				"bits_per_second":	30720.091553007223,
				"packets":	15,
				"omitted":	false,
				"sender":	true
			}
		}, {
			"streams":	[{
					"socket":	5,
					"start":	8.001123,
					"end":	9.001122,
					"seconds":	0.99999898672103882,
					"bytes":	3584,
					"bits_per_second":	28672.029052763814,
					"packets":	14,
					"omitted":	false,
					"sender":	true
				}],
			"sum":	{
				"start":	8.001123,
				"end":	9.001122,
				"seconds":	0.99999898672103882,
				"bytes":	3584,
				"bits_per_second":	28672.029052763814,
				"packets":	14,
				"omitted":	false,
				"sender":	true
			}
		}, {
			"streams":	[{
					"socket":	5,
					"start":	9.001122,
					"end":	10.002863,
					"seconds":	1.0017410516738892,
					"bytes":	3840,
					"bits_per_second":	30666.6078510684,
					"packets":	15,
					"omitted":	false,
					"sender":	true
				}],
			"sum":	{
				"start":	9.001122,
				"end":	10.002863,
				"seconds":	1.0017410516738892,
				"bytes":	3840,
				"bits_per_second":	30666.6078510684,
				"packets":	15,
				"omitted":	false,
				"sender":	true
			}
		}],
	"end":	{
		"streams":	[{
				"udp":	{
					"socket":	5,
					"start":	0,
					"end":	10.002863,
					"seconds":	10.002863,
					"bytes":	37632,
					"bits_per_second":	30096.983233700194,
					"jitter_ms":	3.74002280566412,
					"lost_packets":	0,
					"packets":	147,
					"lost_percent":	0,
					"out_of_order":	0,
					"sender":	true
				}
			}],
		"sum":	{
			"start":	0,
			"end":	10.013662,
			"seconds":	10.013662,
			"bytes":	37632,
			"bits_per_second":	30096.983233700194,
			"jitter_ms":	3.74002280566412,
			"lost_packets":	0,
			"packets":	147,
			"lost_percent":	0,
			"sender":	true
		},
		"sum_sent":	{
			"start":	0,
			"end":	10.002863,
			"seconds":	10.002863,
			"bytes":	37632,
			"bits_per_second":	30096.983233700194,
			"jitter_ms":	0,
			"lost_packets":	0,
			"packets":	147,
			"lost_percent":	0,
			"sender":	true
		},
		"sum_received":	{
			"start":	0,
			"end":	10.013662,
			"seconds":	10.013662,
			"bytes":	37632,
			"bits_per_second":	30064.525844790845,
			"jitter_ms":	3.74002280566412,
			"lost_packets":	0,
			"packets":	147,
			"lost_percent":	0,
			"sender":	false
		},
		"cpu_utilization_percent":	{
			"host_total":	0.305813015478387,
			"host_user":	0.128309672857119,
			"host_system":	0.17749338841856388,
			"remote_total":	0.31317926282342856,
			"remote_user":	0.11836342714897324,
			"remote_system":	0.19493566703578055
		}
	},