{
	"start":	{
		"connected":	[{
				"socket":	5,
				"local_host":	"192.168.137.136",
				"local_port":	48198,
				"remote_host":	"192.168.137.101",
				"remote_port":	5123
			}],
		"version":	"iperf 3.18",
		"system_info":	"Linux RPI08 6.12.47+rpt-rpi-v7 #1 SMP Raspbian 1:6.12.47-1+rpt1 (2025-09-16) armv7l",
		"timestamp":	{
			"time":	"Sun, 10 May 2026 12:43:21 GMT",
			"timesecs":	1778417001
		},
		"connecting_to":	{
			"host":	"192.168.137.101",
			"port":	5123
		},
		"cookie":	"3x3vkuhkmpteplq5tq72yq5adbprex7zkywu",
		"target_bitrate":	20000,
		"fq_rate":	0,
		"sock_bufsize":	0,
		"sndbuf_actual":	180224,
		"rcvbuf_actual":	180224,
		"test_start":	{
			"protocol":	"UDP",
			"num_streams":	1,
			"blksize":	512,
			"omit":	0,
			"duration":	10,
			"bytes":	0,
			"blocks":	0,
			"reverse":	0,
			"tos":	0,
			"target_bitrate":	20000,
			"bidir":	0,
			"fqrate":	0,
			"interval":	1
		}
	},
	"intervals":	[{
			"streams":	[{
					"socket":	5,
					"start":	0,
					"end":	1.001201,
					"seconds":	1.0012010335922241,
					"bytes":	2560,
					"bits_per_second":	20455.432338617851,
					"packets":	5,
					"omitted":	false,
					"sender":	true
				}],
			"sum":	{
				"start":	0,
				"end":	1.001201,
				"seconds":	1.0012010335922241,
				"bytes":	2560,
				"bits_per_second":	20455.432338617851,
				"packets":	5,
				"omitted":	false,
				"sender":	true
			}
		}, {
			"streams":	[{
					"socket":	5,
					"start":	1.001201,
					"end":	2.001148,
					"seconds":	0.99994701147079468,
					"bytes":	2560,
					"bits_per_second":	20481.0852625846,
					"packets":	5,
					"omitted":	false,
					"sender":	true
				}],
			"sum":	{
				"start":	1.001201,
				"end":	2.001148,
				"seconds":	0.99994701147079468,
				"bytes":	2560,
				"bits_per_second":	20481.0852625846,
				"packets":	5,
				"omitted":	false,
				"sender":	true
			}
		}, {
			"streams":	[{
					"socket":	5,
					"start":	2.001148,
					"end":	3.001149,
					"seconds":	1.0000009536743164,
					"bytes":	2560,
					"bits_per_second":	20479.980468768626,
					"packets":	5,
					"omitted":	false,
					"sender":	true
				}],
			"sum":	{
				"start":	2.001148,
				"end":	3.001149,
				"seconds":	1.0000009536743164,
				"bytes":	2560,
				"bits_per_second":	20479.980468768626,
				"packets":	5,
				"omitted":	false,
				"sender":	true
			}
		}, {
			"streams":	[{
					"socket":	5,
					"start":	3.001149,
					"end":	4.001138,
					"seconds":	0.99998897314071655,
					"bytes":	2560,
					"bits_per_second":	20480.225832568351,
					"packets":	5,
					"omitted":	false,
					"sender":	true
				}],
			"sum":	{
				"start":	3.001149,
				"end":	4.001138,
				"seconds":	0.99998897314071655,
				"bytes":	2560,
				"bits_per_second":	20480.225832568351,
				"packets":	5,
				"omitted":	false,
				"sender":	true
			}
		}, {
			"streams":	[{
					"socket":	5,
					"start":	4.001138,
					"end":	5.001165,
					"seconds":	1.0000269412994385,
					"bytes":	2560,
					"bits_per_second":	20479.448257052172,
					"packets":	5,
					"omitted":	false,
					"sender":	true
				}],
			"sum":	{
				"start":	4.001138,
				"end":	5.001165,
				"seconds":	1.0000269412994385,
				"bytes":	2560,
				"bits_per_second":	20479.448257052172,
				"packets":	5,
				"omitted":	false,
				"sender":	true
			}
		}, {
			"streams":	[{
					"socket":	5,
					"start":	5.001165,
					"end":	6.001145,
					"seconds":	0.99997997283935547,
					"bytes":	2560,
					"bits_per_second":	20480.410164464429,
					"packets":	5,
					"omitted":	false,
					"sender":	true
				}],
			"sum":	{
				"start":	5.001165,
				"end":	6.001145,
				"seconds":	0.99997997283935547,
				"bytes":	2560,
				"bits_per_second":	20480.410164464429,
				"packets":	5,
				"omitted":	false,
				"sender":	true
			}
		}, {
			"streams":	[{
					"socket":	5,
					"start":	6.001145,
					"end":	7.001138,
					"seconds":	0.99999302625656128,
					"bytes":	2560,
					"bits_per_second":	20480.142823261638,
					"packets":	5,
					"omitted":	false,
					"sender":	true
				}],
			"sum":	{
				"start":	6.001145,
				"end":	7.001138,
				"seconds":	0.99999302625656128,
				"bytes":	2560,
				"bits_per_second":	20480.142823261638,
				"packets":	5,
				"omitted":	false,
				"sender":	true
			}
		}, {
			"streams":	[{
					"socket":	5,
					"start":	7.001138,
					"end":	8.001158,
					"seconds":	1.0000200271606445,
					"bytes":	2560,
					"bits_per_second":	20479.5898519641,
					"packets":	5,
					"omitted":	false,
					"sender":	true
				}],
			"sum":	{
				"start":	7.001138,
				"end":	8.001158,
				"seconds":	1.0000200271606445,
				"bytes":	2560,
				"bits_per_second":	20479.5898519641,
				"packets":	5,
				"omitted":	false,
				"sender":	true
			}
		}, {
			"streams":	[{
					"socket":	5,
					"start":	8.001158,
					"end":	9.001135,
					"seconds":	0.9999769926071167,
					"bytes":	2048,
					"bits_per_second":	16384.376961797909,
					"packets":	4,
					"omitted":	false,
					"sender":	true
				}],
			"sum":	{
				"start":	8.001158,
				"end":	9.001135,
				"seconds":	0.9999769926071167,
				"bytes":	2048,
				"bits_per_second":	16384.376961797909,
				"packets":	4,
				"omitted":	false,
				"sender":	true
			}
		}, {
			"streams":	[{
					"socket":	5,
					"start":	9.001135,
					"end":	10.0029,
					"seconds":	1.0017650127410889,
					"bytes":	2560,
					"bits_per_second":	20443.91622738092,
					"packets":	5,
					"omitted":	false,
					"sender":	true
				}],
			"sum":	{
				"start":	9.001135,
				"end":	10.0029,
				"seconds":	1.0017650127410889,
				"bytes":	2560,
				"bits_per_second":	20443.91622738092,
				"packets":	5,
				"omitted":	false,
				"sender":	true
			}
		}],
	"end":	{
		"streams":	[{
				"udp":	{
					"socket":	5,
					"start":	0,
					"end":	10.0029,
					"seconds":	10.0029,
					"bytes":	25088,
					"bits_per_second":	20064.581271431285,
					"jitter_ms":	3.2535940574559743,
					"lost_packets":	0,
					"packets":	49,
					"lost_percent":	0,
					"out_of_order":	0,
					"sender":	true
				}
			}],
		"sum":	{
			"start":	0,
			"end":	10.008618,
			"seconds":	10.008618,
			"bytes":	25088,
			"bits_per_second":	20064.581271431285,
			"jitter_ms":	3.2535940574559743,
			"lost_packets":	0,
			"packets":	49,
			"lost_percent":	0,
			"sender":	true
		},
		"sum_sent":	{
			"start":	0,
			"end":	10.0029,
			"seconds":	10.0029,
			"bytes":	25088,
			"bits_per_second":	20064.581271431285,
			"jitter_ms":	0,
			"lost_packets":	0,
			"packets":	49,
			"lost_percent":	0,
			"sender":	true
		},
		"sum_received":	{
			"start":	0,
			"end":	10.008618,
			"seconds":	10.008618,
			"bytes":	25088,
			"bits_per_second":	20053.118222715664,
			"jitter_ms":	3.2535940574559743,
			"lost_packets":	0,
			"packets":	49,
			"lost_percent":	0,
			"sender":	false
		},
		"cpu_utilization_percent":	{
			"host_total":	0.16442005162298695,
			"host_user":	0,
			"host_system":	0.16449987686955717,
			"remote_total":	0.15105261764425257,
			"remote_user":	0.059915506846523088,
			"remote_system":	0.091177074450787
		}
	},