{
	"start":	{
		"connected":	[{
				"socket":	5,
				"local_host":	"192.168.137.136",
				"local_port":	54163,
				"remote_host":	"192.168.137.101",
				"remote_port":	5123
			}],
		"version":	"iperf 3.18",
		"system_info":	"Linux RPI08 6.12.47+rpt-rpi-v7 #1 SMP Raspbian 1:6.12.47-1+rpt1 (2025-09-16) armv7l",
		"timestamp":	{
			"time":	"Sun, 10 May 2026 12:45:04 GMT",
			"timesecs":	1778417104
		},
		"connecting_to":	{
			"host":	"192.168.137.101",
			"port":	5123
		},
		"cookie":	"ig64fbv2uu7bm4t2z2wcefr4zpadqbuyxcop",
		"target_bitrate":	40000,
		"fq_rate":	0,
		"sock_bufsize":	0,
		"sndbuf_actual":	180224,
		"rcvbuf_actual":	180224,
		"test_start":	{
			"protocol":	"UDP",
			"num_streams":	1,
			"blksize":	512,
			"omit":	0,
			"duration":	10,
			"bytes":	0,
			"blocks":	0,
			"reverse":	0,
			"tos":	0,
			"target_bitrate":	40000,
			"bidir":	0,
			"fqrate":	0,
			"interval":	1
		}
	},
	"intervals":	[{
			"streams":	[{
					"socket":	5,
					"start":	0,
					"end":	1.001187,
					"seconds":	1.0011869668960571,
					"bytes":	5120,
					"bits_per_second":	40911.439475672334,
					"packets":	10,
					"omitted":	false,
					"sender":	true
				}],
			"sum":	{
				"start":	0,
				"end":	1.001187,
				"seconds":	1.0011869668960571,
				"bytes":	5120,
				"bits_per_second":	40911.439475672334,
				"packets":	10,
				"omitted":	false,
				"sender":	true
			}
		}, {
			"streams":	[{
					"socket":	5,
					"start":	1.001187,
					"end":	2.001151,
					"seconds":	0.99996399879455566,
					"bytes":	5120,
					"bits_per_second":	40961.474662464629,
					"packets":	10,
					"omitted":	false,
					"sender":	true
				}],
			"sum":	{
				"start":	1.001187,
				"end":	2.001151,
				"seconds":	0.99996399879455566,
				"bytes":	5120,
				"bits_per_second":	40961.474662464629,
				"packets":	10,
				"omitted":	false,
				"sender":	true
			}
		}, {
			"streams":	[{
					"socket":	5,
					"start":	2.001151,
					"end":	3.001131,
					"seconds":	0.99997997283935547,
					"bytes":	5120,
					"bits_per_second":	40960.820328928858,
					"packets":	10,
					"omitted":	false,
					"sender":	true
				}],
			"sum":	{
				"start":	2.001151,
				"end":	3.001131,
				"seconds":	0.99997997283935547,
				"bytes":	5120,
				"bits_per_second":	40960.820328928858,
				"packets":	10,
				"omitted":	false,
				"sender":	true
			}
		}, {
			"streams":	[{
					"socket":	5,
					"start":	3.001131,
					"end":	4.001129,
					"seconds":	0.99999797344207764,
					"bytes":	5120,
					"bits_per_second":	40960.08300798072,
					"packets":	10,
					"omitted":	false,
					"sender":	true
				}],
			"sum":	{
				"start":	3.001131,
				"end":	4.001129,
				"seconds":	0.99999797344207764,
				"bytes":	5120,
				"bits_per_second":	40960.08300798072,
				"packets":	10,
				"omitted":	false,
				"sender":	true
			}
		}, {
			"streams":	[{
					"socket":	5,
					"start":	4.001129,
					"end":	5.001135,
					"seconds":	1.0000059604644775,
					"bytes":	4608,
					"bits_per_second":	36863.780274747165,
					"packets":	9,
					"omitted":	false,
					"sender":	true
				}],
			"sum":	{
				"start":	4.001129,
				"end":	5.001135,
				"seconds":	1.0000059604644775,
				"bytes":	4608,
				"bits_per_second":	36863.780274747165,
				"packets":	9,
				"omitted":	false,
				"sender":	true
			}
		}, {
			"streams":	[{
					"socket":	5,
					"start":	5.001135,
					"end":	6.001143,
					"seconds":	1.0000079870224,
					"bytes":	5120,
					"bits_per_second":	40959.67285417542,
					"packets":	10,
					"omitted":	false,
					"sender":	true
				}],
			"sum":	{
				"start":	5.001135,
				"end":	6.001143,
				"seconds":	1.0000079870224,
				"bytes":	5120,
				"bits_per_second":	40959.67285417542,
				"packets":	10,
				"omitted":	false,
				"sender":	true
			}
		}, {
			"streams":	[{
					"socket":	5,
					"start":	6.001143,
					"end":	7.001136,
					"seconds":	0.99999302625656128,
					"bytes":	5120,
					"bits_per_second":	40960.285646523276,
					"packets":	10,
					"omitted":	false,
					"sender":	true
				}],
			"sum":	{
				"start":	6.001143,
				"end":	7.001136,
				"seconds":	0.99999302625656128,
				"bytes":	5120,
				"bits_per_second":	40960.285646523276,
				"packets":	10,
				"omitted":	false,
				"sender":	true
			}
		}, {
			"streams":	[{
					"socket":	5,
					"start":	7.001136,
					"end":	8.001132,
					"seconds":	0.9999960064888,
					"bytes":	5120,
					"bits_per_second":	40960.163574871985,
					"packets":	10,
					"omitted":	false,
					"sender":	true
				}],
			"sum":	{
				"start":	7.001136,
				"end":	8.001132,
				"seconds":	0.9999960064888,
				"bytes":	5120,
				"bits_per_second":	40960.163574871985,
				"packets":	10,
				"omitted":	false,
				"sender":	true
			}
		}, {
			"streams":	[{
					"socket":	5,
					"start":	8.001132,
					"end":	9.001126,
					"seconds":	0.99999397993087769,
					"bytes":	4608,
					"bits_per_second":	36864.221925164129,
					"packets":	9,
					"omitted":	false,
					"sender":	true
				}],
			"sum":	{
				"start":	8.001132,
				"end":	9.001126,
				"seconds":	0.99999397993087769,
				"bytes":	4608,
				"bits_per_second":	36864.221925164129,
				"packets":	9,
				"omitted":	false,
				"sender":	true
			}
		}, {
			"streams":	[{
					"socket":	5,
					"start":	9.001126,
					"end":	10.002944,
					"seconds":	1.0018179416656494,
					"bytes":	5120,
					"bits_per_second":	40885.6722329197,
					"packets":	10,
					"omitted":	false,
					"sender":	true
				}],
			"sum":	{
				"start":	9.001126,
				"end":	10.002944,
				"seconds":	1.0018179416656494,
				"bytes":	5120,
				"bits_per_second":	40885.6722329197,
				"packets":	10,
				"omitted":	false,
				"sender":	true
			}
		}],
	"end":	{
		"streams":	[{
				"udp":	{
					"socket":	5,
					"start":	0,
					"end":	10.002944,
					"seconds":	10.002944,
					"bytes":	50176,
					"bits_per_second":	40128.9860265138,
					"jitter_ms":	2.98033150848708,
					"lost_packets":	0,
					"packets":	98,
					"lost_percent":	0,
					"out_of_order":	0,
					"sender":	true
				}
			}],
		"sum":	{
			"start":	0,
			"end":	10.008369,
			"seconds":	10.008369,
			"bytes":	50176,
			"bits_per_second":	40128.9860265138,
			"jitter_ms":	2.98033150848708,
			"lost_packets":	0,
			"packets":	98,
			"lost_percent":	0,
			"sender":	true
		},
		"sum_sent":	{
			"start":	0,
			"end":	10.002944,
			"seconds":	10.002944,
			"bytes":	50176,
			"bits_per_second":	40128.9860265138,
			"jitter_ms":	0,
			"lost_packets":	0,
			"packets":	98,
			"lost_percent":	0,
			"sender":	true
		},
		"sum_received":	{
			"start":	0,
			"end":	10.008369,
			"seconds":	10.008369,
			"bytes":	50176,
			"bits_per_second":	40107.234255651449,
			"jitter_ms":	2.98033150848708,
			"lost_packets":	0,
			"packets":	98,
			"lost_percent":	0,
			"sender":	false
		},
		"cpu_utilization_percent":	{
			"host_total":	0.21705598344476768,
			"host_user":	0.21724552585148932,
			"host_system":	0,
			"remote_total":	0.23677026889581207,
			"remote_user":	0.16183664509977061,
			"remote_system":	0.0749635972455599
		}
	},