{
	"start":	{
		"connected":	[{
				"socket":	5,
				"local_host":	"fd00::2",
				"local_port":	50098,
				"remote_host":	"fd00::8",
				"remote_port":	5201
			}],
		"version":	"iperf 3.18",
		"system_info":	"Linux rpi02 6.12.75+rpt-rpi-v6 #1 Raspbian 1:6.12.75-1+rpt1 (2026-03-11) armv6l",
		"timestamp":	{
			"time":	"Sun, 03 May 2026 22:43:58 GMT",
			"timesecs":	1777848238
		},
		"connecting_to":	{
			"host":	"fd00::8",
			"port":	5201
		},
		"cookie":	"nv4hs5aryvpzxp5bgegkvahqwy5vgrj56gzy",
		"target_bitrate":	40000,
		"fq_rate":	0,
		"sock_bufsize":	0,
		"sndbuf_actual":	180224,
		"rcvbuf_actual":	180224,
		"test_start":	{
			"protocol":	"UDP",
			"num_streams":	1,
			"blksize":	256,
			"omit":	0,
			"duration":	30,
			"bytes":	0,
			"blocks":	0,
			"reverse":	0,
			"tos":	0,
			"target_bitrate":	40000,
			"bidir":	0,
			"fqrate":	0,
			"interval":	1
		}
	},
	"intervals":	[{
			"streams":	[{
					"socket":	5,
					"start":	0,
					"end":	1.001218,
					"seconds":	1.00121796131134,
					"bytes":	5120,
					"bits_per_second":	40910.172992055435,
					"packets":	20,
					"omitted":	false,
					"sender":	true
				}],
			"sum":	{
				"start":	0,
				"end":	1.001218,
				"seconds":	1.00121796131134,
				"bytes":	5120,
				"bits_per_second":	40910.172992055435,
				"packets":	20,
				"omitted":	false,
				"sender":	true
			}
		}, {
			"streams":	[{
					"socket":	5,
					"start":	1.001218,
					"end":	2.00123,
					"seconds":	1.0000120401382446,
					"bytes":	5120,
					"bits_per_second":	40959.5068418752,
					"packets":	20,
					"omitted":	false,
					"sender":	true
				}],
			"sum":	{
				"start":	1.001218,
				"end":	2.00123,
				"seconds":	1.0000120401382446,
				"bytes":	5120,
				"bits_per_second":	40959.5068418752,
				"packets":	20,
				"omitted":	false,
				"sender":	true
			}
		}, {
			"streams":	[{
					"socket":	5,
					"start":	2.00123,
					"end":	3.00124,
					"seconds":	1.0000100135803223,
					"bytes":	4864,
					"bits_per_second":	38911.61035546424,
					"packets":	19,
					"omitted":	false,
					"sender":	true
				}],
			"sum":	{
				"start":	2.00123,
				"end":	3.00124,
				"seconds":	1.0000100135803223,
				"bytes":	4864,
				"bits_per_second":	38911.61035546424,
				"packets":	19,
				"omitted":	false,
				"sender":	true
			}
		}, {
			"streams":	[{
					"socket":	5,
					"start":	3.00124,
					"end":	4.001231,
					"seconds":	0.999990999698639,
					"bytes":	5120,
					"bits_per_second":	40960.368655661761,
					"packets":	20,
					"omitted":	false,
					"sender":	true
				}],
			"sum":	{
				"start":	3.00124,
				"end":	4.001231,
				"seconds":	0.999990999698639,
				"bytes":	5120,
				"bits_per_second":	40960.368655661761,
				"packets":	20,
				"omitted":	false,
				"sender":	true
			}
		}, {
			"streams":	[{
					"socket":	5,
					"start":	4.001231,
					"end":	5.001229,
					"seconds":	0.99999797344207764,
					"bytes":	4864,
					"bits_per_second":	38912.078857581684,
					"packets":	19,
					"omitted":	false,
					"sender":	true
				}],
			"sum":	{
				"start":	4.001231,
				"end":	5.001229,
				"seconds":	0.99999797344207764,
				"bytes":	4864,
				"bits_per_second":	38912.078857581684,
				"packets":	19,
				"omitted":	false,
				"sender":	true
			}
		}, {
			"streams":	[{
					"socket":	5,
					"start":	5.001229,
					"end":	6.001236,
					"seconds":	1.0000070333480835,
					"bytes":	5120,
					"bits_per_second":	40959.7119160887,
					"packets":	20,
					"omitted":	false,
					"sender":	true
				}],
			"sum":	{
				"start":	5.001229,
				"end":	6.001236,
				"seconds":	1.0000070333480835,
				"bytes":	5120,
				"bits_per_second":	40959.7119160887,
				"packets":	20,
				"omitted":	false,
				"sender":	true
			}
		}, {
			"streams":	[{
					"socket":	5,
					"start":	6.001236,
					"end":	7.001237,
					"seconds":	1.0000009536743164,
					"bytes":	4864,
					"bits_per_second":	38911.9628906604,
					"packets":	19,
					"omitted":	false,
					"sender":	true
				}],
			"sum":	{
				"start":	6.001236,
				"end":	7.001237,
				"seconds":	1.0000009536743164,
				"bytes":	4864,
				"bits_per_second":	38911.9628906604,
				"packets":	19,
				"omitted":	false,
				"sender":	true
			}
		}, {
			"streams":	[{
					"socket":	5,
					"start":	7.001237,
					"end":	8.001227,
					"seconds":	0.99998998641967773,
					"bytes":	5120,
					"bits_per_second":	40960.410160357176,
					"packets":	20,
					"omitted":	false,
					"sender":	true
				}],
			"sum":	{
				"start":	7.001237,
				"end":	8.001227,
				"seconds":	0.99998998641967773,
				"bytes":	5120,
				"bits_per_second":	40960.410160357176,
				"packets":	20,
				"omitted":	false,
				"sender":	true
			}
		}, {
			"streams":	[{
					"socket":	5,
					"start":	8.001227,
					"end":	9.001227,
					"seconds":	1,
					"bytes":	4864,
					"bits_per_second":	38912,
					"packets":	19,
					"omitted":	false,
					"sender":	true
				}],
			"sum":	{
				"start":	8.001227,
				"end":	9.001227,
				"seconds":	1,
				"bytes":	4864,
				"bits_per_second":	38912,
				"packets":	19,
				"omitted":	false,
				"sender":	true
			}
		}, {
			"streams":	[{
					"socket":	5,
					"start":	9.001227,
					"end":	10.001246,
					"seconds":	1.0000189542770386,
					"bytes":	5120,
					"bits_per_second":	40959.2236475277,
					"packets":	20,
					"omitted":	false,
					"sender":	true
				}],
			"sum":	{
				"start":	9.001227,
				"end":	10.001246,
				"seconds":	1.0000189542770386,
				"bytes":	5120,
				"bits_per_second":	40959.2236475277,
				"packets":	20,
				"omitted":	false,
				"sender":	true
			}
		}, {
			"streams":	[{
					"socket":	5,
					"start":	10.001246,
					"end":	11.001236,
					"seconds":	0.99998998641967773,
					"bytes":	4864,
					"bits_per_second":	38912.389652339312,
					"packets":	19,
					"omitted":	false,
					"sender":	true
				}],
			"sum":	{
				"start":	10.001246,
				"end":	11.001236,
				"seconds":	0.99998998641967773,
				"bytes":	4864,
				"bits_per_second":	38912.389652339312,
				"packets":	19,
				"omitted":	false,
				"sender":	true
			}
		}, {
			"streams":	[{
					"socket":	5,
					"start":	11.001236,
					"end":	12.001276,
					"seconds":	1.0000400543212891,
					"bytes":	5120,
					"bits_per_second":	40958.359440711487,
					"packets":	20,
					"omitted":	false,
					"sender":	true
				}],
			"sum":	{
				"start":	11.001236,
				"end":	12.001276,
				"seconds":	1.0000400543212891,
				"bytes":	5120,
				"bits_per_second":	40958.359440711487,
				"packets":	20,
				"omitted":	false,
				"sender":	true
			}
		}, {
			"streams":	[{
					"socket":	5,
					"start":	12.001276,
					"end":	13.001232,
					"seconds":	0.99995601177215576,
					"bytes":	4864,
					"bits_per_second":	38913.711745218512,
					"packets":	19,
					"omitted":	false,
					"sender":	true
				}],
			"sum":	{
				"start":	12.001276,
				"end":	13.001232,
				"seconds":	0.99995601177215576,
				"bytes":	4864,
				"bits_per_second":	38913.711745218512,
				"packets":	19,
				"omitted":	false,
				"sender":	true
			}
		}, {
			"streams":	[{
					"socket":	5,
					"start":	13.001232,
					"end":	14.001235,
					"seconds":	1.0000029802322388,
					"bytes":	5120,
					"bits_per_second":	40959.8779300513,
					"packets":	20,
					"omitted":	false,
					"sender":	true
				}],
			"sum":	{
				"start":	13.001232,
				"end":	14.001235,
				"seconds":	1.0000029802322388,
				"bytes":	5120,
				"bits_per_second":	40959.8779300513,
				"packets":	20,
				"omitted":	false,
				"sender":	true
			}
		}, {
			"streams":	[{
					"socket":	5,
					"start":	14.001235,
					"end":	15.001242,
					"seconds":	1.0000070333480835,
					"bytes":	4864,
					"bits_per_second":	38911.726320284259,
					"packets":	19,
					"omitted":	false,
					"sender":	true
				}],
			"sum":	{
				"start":	14.001235,
				"end":	15.001242,
				"seconds":	1.0000070333480835,
				"bytes":	4864,
				"bits_per_second":	38911.726320284259,
				"packets":	19,
				"omitted":	false,