{
	"start":	{
		"connected":	[{
				"socket":	5,
				"local_host":	"fd00::2",
				"local_port":	55988,
				"remote_host":	"fd00::8",
				"remote_port":	5201
			}],
		"version":	"iperf 3.18",
		"system_info":	"Linux rpi02 6.12.75+rpt-rpi-v6 #1 Raspbian 1:6.12.75-1+rpt1 (2026-03-11) armv6l",
		"timestamp":	{
			"time":	"Sun, 03 May 2026 22:41:05 GMT",
			"timesecs":	1777848065
		},
		"connecting_to":	{
			"host":	"fd00::8",
			"port":	5201
		},
		"cookie":	"jsnviyty7scbhynowezepkcx6h7mr575dq2p",
		"target_bitrate":	10000,
		"fq_rate":	0,
		"sock_bufsize":	0,
		"sndbuf_actual":	180224,
		"rcvbuf_actual":	180224,
		"test_start":	{
			"protocol":	"UDP",
			"num_streams":	1,
			"blksize":	128,
			"omit":	0,
			"duration":	30,
			"bytes":	0,
			"blocks":	0,
			"reverse":	0,
			"tos":	0,
			"target_bitrate":	10000,
			"bidir":	0,
			"fqrate":	0,
			"interval":	1
		}
	},
	"intervals":	[{
			"streams":	[{
					"socket":	5,
					"start":	0,
					"end":	1.001002,
					"seconds":	1.0010019540786743,
					"bytes":	1280,
					"bits_per_second":	10229.750260003169,
					"packets":	10,
					"omitted":	false,
					"sender":	true
				}],
			"sum":	{
				"start":	0,
				"end":	1.001002,
				"seconds":	1.0010019540786743,
				"bytes":	1280,
				"bits_per_second":	10229.750260003169,
				"packets":	10,
				"omitted":	false,
				"sender":	true
			}
		}, {
			"streams":	[{
					"socket":	5,
					"start":	1.001002,
					"end":	2.001251,
					"seconds":	1.0002490282058716,
					"bytes":	1280,
					"bits_per_second":	10237.450586047857,
					"packets":	10,
					"omitted":	false,
					"sender":	true
				}],
			"sum":	{
				"start":	1.001002,
				"end":	2.001251,
				"seconds":	1.0002490282058716,
				"bytes":	1280,
				"bits_per_second":	10237.450586047857,
				"packets":	10,
				"omitted":	false,
				"sender":	true
			}
		}, {
			"streams":	[{
					"socket":	5,
					"start":	2.001251,
					"end":	3.001249,
					"seconds":	0.99999797344207764,
					"bytes":	1280,
					"bits_per_second":	10240.02075199518,
					"packets":	10,
					"omitted":	false,
					"sender":	true
				}],
			"sum":	{
				"start":	2.001251,
				"end":	3.001249,
				"seconds":	0.99999797344207764,
				"bytes":	1280,
				"bits_per_second":	10240.02075199518,
				"packets":	10,
				"omitted":	false,
				"sender":	true
			}
		}, {
			"streams":	[{
					"socket":	5,
					"start":	3.001249,
					"end":	4.001243,
					"seconds":	0.99999397993087769,
					"bytes":	1280,
					"bits_per_second":	10240.061645878925,
					"packets":	10,
					"omitted":	false,
					"sender":	true
				}],
			"sum":	{
				"start":	3.001249,
				"end":	4.001243,
				"seconds":	0.99999397993087769,
				"bytes":	1280,
				"bits_per_second":	10240.061645878925,
				"packets":	10,
				"omitted":	false,
				"sender":	true
			}
		}, {
			"streams":	[{
					"socket":	5,
					"start":	4.001243,
					"end":	5.001264,
					"seconds":	1.0000209808349609,
					"bytes":	1152,
					"bits_per_second":	9215.8066446817556,
					"packets":	9,
					"omitted":	false,
					"sender":	true
				}],
			"sum":	{
				"start":	4.001243,
				"end":	5.001264,
				"seconds":	1.0000209808349609,
				"bytes":	1152,
				"bits_per_second":	9215.8066446817556,
				"packets":	9,
				"omitted":	false,
				"sender":	true
			}
		}, {
			"streams":	[{
					"socket":	5,
					"start":	5.001264,
					"end":	6.001256,
					"seconds":	0.9999920129776,
					"bytes":	1280,
					"bits_per_second":	10240.081787762616,
					"packets":	10,
					"omitted":	false,
					"sender":	true
				}],
			"sum":	{
				"start":	5.001264,
				"end":	6.001256,
				"seconds":	0.9999920129776,
				"bytes":	1280,
				"bits_per_second":	10240.081787762616,
				"packets":	10,
				"omitted":	false,
				"sender":	true
			}
		}, {
			"streams":	[{
					"socket":	5,
					"start":	6.001256,
					"end":	7.001254,
					"seconds":	0.99999797344207764,
					"bytes":	1280,
					"bits_per_second":	10240.02075199518,
					"packets":	10,
					"omitted":	false,
					"sender":	true
				}],
			"sum":	{
				"start":	6.001256,
				"end":	7.001254,
				"seconds":	0.99999797344207764,
				"bytes":	1280,
				"bits_per_second":	10240.02075199518,
				"packets":	10,
				"omitted":	false,
				"sender":	true
			}
		}, {
			"streams":	[{
					"socket":	5,
					"start":	7.001254,
					"end":	8.001243,
					"seconds":	0.99998897314071655,
					"bytes":	1280,
					"bits_per_second":	10240.112916284175,
					"packets":	10,
					"omitted":	false,
					"sender":	true
				}],
			"sum":	{
				"start":	7.001254,
				"end":	8.001243,
				"seconds":	0.99998897314071655,
				"bytes":	1280,
				"bits_per_second":	10240.112916284175,
				"packets":	10,
				"omitted":	false,
				"sender":	true
			}
		}, {
			"streams":	[{
					"socket":	5,
					"start":	8.001243,
					"end":	9.00125,
					"seconds":	1.0000070333480835,
					"bytes":	1152,
					"bits_per_second":	9215.9351811199558,
					"packets":	9,
					"omitted":	false,
					"sender":	true
				}],
			"sum":	{
				"start":	8.001243,
				"end":	9.00125,
				"seconds":	1.0000070333480835,
				"bytes":	1152,
				"bits_per_second":	9215.9351811199558,
				"packets":	9,
				"omitted":	false,
				"sender":	true
			}
		}, {
			"streams":	[{
					"socket":	5,
					"start":	9.00125,
					"end":	10.001255,
					"seconds":	1.0000050067901611,
					"bytes":	1280,
					"bits_per_second":	10239.948730725444,
					"packets":	10,
					"omitted":	false,
					"sender":	true
				}],
			"sum":	{
				"start":	9.00125,
				"end":	10.001255,
				"seconds":	1.0000050067901611,
				"bytes":	1280,
				"bits_per_second":	10239.948730725444,
				"packets":	10,
				"omitted":	false,
				"sender":	true
			}
		}, {
			"streams":	[{
					"socket":	5,
					"start":	10.001255,
					"end":	11.001248,
					"seconds":	0.99999302625656128,
					"bytes":	1280,
					"bits_per_second":	10240.071411630819,
					"packets":	10,
					"omitted":	false,
					"sender":	true
				}],
			"sum":	{
				"start":	10.001255,
				"end":	11.001248,
				"seconds":	0.99999302625656128,
				"bytes":	1280,
				"bits_per_second":	10240.071411630819,
				"packets":	10,
				"omitted":	false,
				"sender":	true
			}
		}, {
			"streams":	[{
					"socket":	5,
					"start":	11.001248,
					"end":	12.001243,
					"seconds":	0.999994993209839,
					"bytes":	1280,
					"bits_per_second":	10240.051269787948,
					"packets":	10,
					"omitted":	false,
					"sender":	true
				}],
			"sum":	{
				"start":	11.001248,
				"end":	12.001243,
				"seconds":	0.999994993209839,
				"bytes":	1280,
				"bits_per_second":	10240.051269787948,
				"packets":	10,
				"omitted":	false,
				"sender":	true
			}
		}, {
			"streams":	[{
					"socket":	5,
					"start":	12.001243,
					"end":	13.001256,
					"seconds":	1.000012993812561,
					"bytes":	1152,
					"bits_per_second":	9215.88025057944,
					"packets":	9,
					"omitted":	false,
					"sender":	true
				}],
			"sum":	{
				"start":	12.001243,
				"end":	13.001256,
				"seconds":	1.000012993812561,
				"bytes":	1152,
				"bits_per_second":	9215.88025057944,
				"packets":	9,
				"omitted":	false,
				"sender":	true
			}
		}, {
			"streams":	[{
					"socket":	5,
					"start":	13.001256,
					"end":	14.001257,
					"seconds":	1.0000009536743164,
					"bytes":	1280,
					"bits_per_second":	10239.990234384313,
					"packets":	10,
					"omitted":	false,
					"sender":	true
				}],
			"sum":	{
				"start":	13.001256,
				"end":	14.001257,
				"seconds":	1.0000009536743164,
				"bytes":	1280,
				"bits_per_second":	10239.990234384313,
				"packets":	10,
				"omitted":	false,
				"sender":	true
			}
		}, {
			"streams":	[{
					"socket":	5,
					"start":	14.001257,
					"end":	15.00125,
					"seconds":	0.99999302625656128,
					"bytes":	1280,
					"bits_per_second":	10240.071411630819,
					"packets":	10,
					"omitted":	false,
					"sender":	true
				}],
			"sum":	{
				"start":	14.001257,
				"end":	15.00125,
				"seconds":	0.99999302625656128,
				"bytes":	1280,
				"bits_per_second":	10240.071411630819,
				"packets":	10,