{
	"start":	{
		"connected":	[{
				"socket":	5,
				"local_host":	"fd00::2",
				"local_port":	36936,
				"remote_host":	"fd00::8",
				"remote_port":	5201
			}],
		"version":	"iperf 3.18",
		"system_info":	"Linux rpi02 6.12.75+rpt-rpi-v6 #1 Raspbian 1:6.12.75-1+rpt1 (2026-03-11) armv6l",
		"timestamp":	{
			"time":	"Sun, 03 May 2026 22:43:16 GMT",
			"timesecs":	1777848196
		},
		"connecting_to":	{
			"host":	"fd00::8",
			"port":	5201
		},
		"cookie":	"zoxefx6mcmw5hloeycs4bnpa6blydvo7dlpx",
		"target_bitrate":	10000,
		"fq_rate":	0,
		"sock_bufsize":	0,
		"sndbuf_actual":	180224,
		"rcvbuf_actual":	180224,
		"test_start":	{
			"protocol":	"UDP",
			"num_streams":	1,
			"blksize":	256,
			"omit":	0,
			"duration":	30,
			"bytes":	0,
			"blocks":	0,
			"reverse":	0,
			"tos":	0,
			"target_bitrate":	10000,
			"bidir":	0,
			"fqrate":	0,
			"interval":	1
		}
	},
	"intervals":	[{
			"streams":	[{
					"socket":	5,
					"start":	0,
					"end":	1.001258,
					"seconds":	1.0012580156326294,
					"bytes":	1280,
					"bits_per_second":	10227.134105418387,
					"packets":	5,
					"omitted":	false,
					"sender":	true
				}],
			"sum":	{
				"start":	0,
				"end":	1.001258,
				"seconds":	1.0012580156326294,
				"bytes":	1280,
				"bits_per_second":	10227.134105418387,
				"packets":	5,
				"omitted":	false,
				"sender":	true
			}
		}, {
			"streams":	[{
					"socket":	5,
					"start":	1.001258,
					"end":	2.001248,
					"seconds":	0.99998998641967773,
					"bytes":	1280,
					"bits_per_second":	10240.102540089294,
					"packets":	5,
					"omitted":	false,
					"sender":	true
				}],
			"sum":	{
				"start":	1.001258,
				"end":	2.001248,
				"seconds":	0.99998998641967773,
				"bytes":	1280,
				"bits_per_second":	10240.102540089294,
				"packets":	5,
				"omitted":	false,
				"sender":	true
			}
		}, {
			"streams":	[{
					"socket":	5,
					"start":	2.001248,
					"end":	3.001245,
					"seconds":	0.99999701976776123,
					"bytes":	1280,
					"bits_per_second":	10240.030517669074,
					"packets":	5,
					"omitted":	false,
					"sender":	true
				}],
			"sum":	{
				"start":	2.001248,
				"end":	3.001245,
				"seconds":	0.99999701976776123,
				"bytes":	1280,
				"bits_per_second":	10240.030517669074,
				"packets":	5,
				"omitted":	false,
				"sender":	true
			}
		}, {
			"streams":	[{
					"socket":	5,
					"start":	3.001245,
					"end":	4.001252,
					"seconds":	1.0000070333480835,
					"bytes":	1280,
					"bits_per_second":	10239.927979022174,
					"packets":	5,
					"omitted":	false,
					"sender":	true
				}],
			"sum":	{
				"start":	3.001245,
				"end":	4.001252,
				"seconds":	1.0000070333480835,
				"bytes":	1280,
				"bits_per_second":	10239.927979022174,
				"packets":	5,
				"omitted":	false,
				"sender":	true
			}
		}, {
			"streams":	[{
					"socket":	5,
					"start":	4.001252,
					"end":	5.001242,
					"seconds":	0.99998998641967773,
					"bytes":	1280,
					"bits_per_second":	10240.102540089294,
					"packets":	5,
					"omitted":	false,
					"sender":	true
				}],
			"sum":	{
				"start":	4.001252,
				"end":	5.001242,
				"seconds":	0.99998998641967773,
				"bytes":	1280,
				"bits_per_second":	10240.102540089294,
				"packets":	5,
				"omitted":	false,
				"sender":	true
			}
		}, {
			"streams":	[{
					"socket":	5,
					"start":	5.001242,
					"end":	6.001245,
					"seconds":	1.0000029802322388,
					"bytes":	1280,
					"bits_per_second":	10239.969482512824,
					"packets":	5,
					"omitted":	false,
					"sender":	true
				}],
			"sum":	{
				"start":	5.001242,
				"end":	6.001245,
				"seconds":	1.0000029802322388,
				"bytes":	1280,
				"bits_per_second":	10239.969482512824,
				"packets":	5,
				"omitted":	false,
				"sender":	true
			}
		}, {
			"streams":	[{
					"socket":	5,
					"start":	6.001245,
					"end":	7.001241,
					"seconds":	0.9999960064888,
					"bytes":	1280,
					"bits_per_second":	10240.040893717996,
					"packets":	5,
					"omitted":	false,
					"sender":	true
				}],
			"sum":	{
				"start":	6.001245,
				"end":	7.001241,
				"seconds":	0.9999960064888,
				"bytes":	1280,
				"bits_per_second":	10240.040893717996,
				"packets":	5,
				"omitted":	false,
				"sender":	true
			}
		}, {
			"streams":	[{
					"socket":	5,
					"start":	7.001241,
					"end":	8.001236,
					"seconds":	0.999994993209839,
					"bytes":	1280,
					"bits_per_second":	10240.051269787948,
					"packets":	5,
					"omitted":	false,
					"sender":	true
				}],
			"sum":	{
				"start":	7.001241,
				"end":	8.001236,
				"seconds":	0.999994993209839,
				"bytes":	1280,
				"bits_per_second":	10240.051269787948,
				"packets":	5,
				"omitted":	false,
				"sender":	true
			}
		}, {
			"streams":	[{
					"socket":	5,
					"start":	8.001236,
					"end":	9.001252,
					"seconds":	1.0000159740448,
					"bytes":	1024,
					"bits_per_second":	8191.86914271532,
					"packets":	4,
					"omitted":	false,
					"sender":	true
				}],
			"sum":	{
				"start":	8.001236,
				"end":	9.001252,
				"seconds":	1.0000159740448,
				"bytes":	1024,
				"bits_per_second":	8191.86914271532,
				"packets":	4,
				"omitted":	false,
				"sender":	true
			}
		}, {
			"streams":	[{
					"socket":	5,
					"start":	9.001252,
					"end":	10.001252,
					"seconds":	1,
					"bytes":	1280,
					"bits_per_second":	10240,
					"packets":	5,
					"omitted":	false,
					"sender":	true
				}],
			"sum":	{
				"start":	9.001252,
				"end":	10.001252,
				"seconds":	1,
				"bytes":	1280,
				"bits_per_second":	10240,
				"packets":	5,
				"omitted":	false,
				"sender":	true
			}
		}, {
			"streams":	[{
					"socket":	5,
					"start":	10.001252,
					"end":	11.001249,
					"seconds":	0.99999701976776123,
					"bytes":	1280,
					"bits_per_second":	10240.030517669074,
					"packets":	5,
					"omitted":	false,
					"sender":	true
				}],
			"sum":	{
				"start":	10.001252,
				"end":	11.001249,
				"seconds":	0.99999701976776123,
				"bytes":	1280,
				"bits_per_second":	10240.030517669074,
				"packets":	5,
				"omitted":	false,
				"sender":	true
			}
		}, {
			"streams":	[{
					"socket":	5,
					"start":	11.001249,
					"end":	12.001233,
					"seconds":	0.9999840259552002,
					"bytes":	1280,
					"bits_per_second":	10240.163576831734,
					"packets":	5,
					"omitted":	false,
					"sender":	true
				}],
			"sum":	{
				"start":	11.001249,
				"end":	12.001233,
				"seconds":	0.9999840259552002,
				"bytes":	1280,
				"bits_per_second":	10240.163576831734,
				"packets":	5,
				"omitted":	false,
				"sender":	true
			}
		}, {
			"streams":	[{
					"socket":	5,
					"start":	12.001233,
					"end":	13.00125,
					"seconds":	1.0000170469284058,
					"bytes":	1280,
					"bits_per_second":	10239.825442428795,
					"packets":	5,
					"omitted":	false,
					"sender":	true
				}],
			"sum":	{
				"start":	12.001233,
				"end":	13.00125,
				"seconds":	1.0000170469284058,
				"bytes":	1280,
				"bits_per_second":	10239.825442428795,
				"packets":	5,
				"omitted":	false,
				"sender":	true
			}
		}, {
			"streams":	[{
					"socket":	5,
					"start":	13.00125,
					"end":	14.001248,
					"seconds":	0.99999797344207764,
					"bytes":	1280,
					"bits_per_second":	10240.02075199518,
					"packets":	5,
					"omitted":	false,
					"sender":	true
				}],
			"sum":	{
				"start":	13.00125,
				"end":	14.001248,
				"seconds":	0.99999797344207764,
				"bytes":	1280,
				"bits_per_second":	10240.02075199518,
				"packets":	5,
				"omitted":	false,
				"sender":	true
			}
		}, {
			"streams":	[{
					"socket":	5,
					"start":	14.001248,
					"end":	15.001243,
					"seconds":	0.999994993209839,
					"bytes":	1280,
					"bits_per_second":	10240.051269787948,
					"packets":	5,
					"omitted":	false,
					"sender":	true
				}],
			"sum":	{
				"start":	14.001248,
				"end":	15.001243,
				"seconds":	0.999994993209839,
				"bytes":	1280,
				"bits_per_second":	10240.051269787948,
				"packets":	5,
				"omitted":	false,
				"sender":	true
			}
		}, {
			"streams":	[{
					"socket":	5,