{
	"start":	{
		"connected":	[{
				"socket":	5,
				"local_host":	"fd00::8",
				"local_port":	57514,
				"remote_host":	"fd00::4",
				"remote_port":	5123
			}],
		"version":	"iperf 3.18",
		"system_info":	"Linux RPI08 6.18.29+rpt-rpi-v7 #1 SMP Raspbian 1:6.18.29-1+rpt1 (2026-05-12) armv7l",
		"timestamp":	{
			"time":	"Sat, 16 May 2026 14:49:12 GMT",
			"timesecs":	1778942952
		},
		"connecting_to":	{
			"host":	"fd00::4",
			"port":	5123
		},
		"cookie":	"il2wodmv7vjmshbimjhbecly7us4aj6fkzga",
		"target_bitrate":	50000,
		"fq_rate":	0,
		"sock_bufsize":	0,
		"sndbuf_actual":	180224,
		"rcvbuf_actual":	180224,
		"test_start":	{
			"protocol":	"UDP",
			"num_streams":	1,
			"blksize":	64,
			"omit":	0,
			"duration":	30,
			"bytes":	0,
			"blocks":	0,
			"reverse":	0,
			"tos":	0,
			"target_bitrate":	50000,
			"bidir":	0,
			"fqrate":	0,
			"interval":	1
		}
	},
	"intervals":	[{
			"streams":	[{
					"socket":	5,
					"start":	0,
					"end":	1.001076,
					"seconds":	1.0010759830474854,
					"bytes":	6272,
					"bits_per_second":	50122.069502909988,
					"packets":	98,
					"omitted":	false,
					"sender":	true
				}],
			"sum":	{
				"start":	0,
				"end":	1.001076,
				"seconds":	1.0010759830474854,
				"bytes":	6272,
				"bits_per_second":	50122.069502909988,
				"packets":	98,
				"omitted":	false,
				"sender":	true
			}
		}, {
			"streams":	[{
					"socket":	5,
					"start":	1.001076,
					"end":	2.000428,
					"seconds":	0.999351978302002,
					"bytes":	6272,
					"bits_per_second":	50208.536220895861,
					"packets":	98,
					"omitted":	false,
					"sender":	true
				}],
			"sum":	{
				"start":	1.001076,
				"end":	2.000428,
				"seconds":	0.999351978302002,
				"bytes":	6272,
				"bits_per_second":	50208.536220895861,
				"packets":	98,
				"omitted":	false,
				"sender":	true
			}
		}, {
			"streams":	[{
					"socket":	5,
					"start":	2.000428,
					"end":	3.001131,
					"seconds":	1.000702977180481,
					"bytes":	6272,
					"bits_per_second":	50140.752195394489,
					"packets":	98,
					"omitted":	false,
					"sender":	true
				}],
			"sum":	{
				"start":	2.000428,
				"end":	3.001131,
				"seconds":	1.000702977180481,
				"bytes":	6272,
				"bits_per_second":	50140.752195394489,
				"packets":	98,
				"omitted":	false,
				"sender":	true
			}
		}, {
			"streams":	[{
					"socket":	5,
					"start":	3.001131,
					"end":	4.001132,
					"seconds":	1.0000009536743164,
					"bytes":	6208,
					"bits_per_second":	49663.952636763919,
					"packets":	97,
					"omitted":	false,
					"sender":	true
				}],
			"sum":	{
				"start":	3.001131,
				"end":	4.001132,
				"seconds":	1.0000009536743164,
				"bytes":	6208,
				"bits_per_second":	49663.952636763919,
				"packets":	97,
				"omitted":	false,
				"sender":	true
			}
		}, {
			"streams":	[{
					"socket":	5,
					"start":	4.001132,
					"end":	5.00113,
					"seconds":	0.99999797344207764,
					"bytes":	6272,
					"bits_per_second":	50176.101684776382,
					"packets":	98,
					"omitted":	false,
					"sender":	true
				}],
			"sum":	{
				"start":	4.001132,
				"end":	5.00113,
				"seconds":	0.99999797344207764,
				"bytes":	6272,
				"bits_per_second":	50176.101684776382,
				"packets":	98,
				"omitted":	false,
				"sender":	true
			}
		}, {
			"streams":	[{
					"socket":	5,
					"start":	5.00113,
					"end":	6.000424,
					"seconds":	0.9992939829826355,
					"bytes":	6208,
					"bits_per_second":	49699.088402159425,
					"packets":	97,
					"omitted":	false,
					"sender":	true
				}],
			"sum":	{
				"start":	5.00113,
				"end":	6.000424,
				"seconds":	0.9992939829826355,
				"bytes":	6208,
				"bits_per_second":	49699.088402159425,
				"packets":	97,
				"omitted":	false,
				"sender":	true
			}
		}, {
			"streams":	[{
					"socket":	5,
					"start":	6.000424,
					"end":	7.001142,
					"seconds":	1.0007179975509644,
					"bytes":	6272,
					"bits_per_second":	50139.999603079632,
					"packets":	98,
					"omitted":	false,
					"sender":	true
				}],
			"sum":	{
				"start":	6.000424,
				"end":	7.001142,
				"seconds":	1.0007179975509644,
				"bytes":	6272,
				"bits_per_second":	50139.999603079632,
				"packets":	98,
				"omitted":	false,
				"sender":	true
			}
		}, {
			"streams":	[{
					"socket":	5,
					"start":	7.001142,
					"end":	8.001131,
					"seconds":	0.99998897314071655,
					"bytes":	6272,
					"bits_per_second":	50176.553289792457,
					"packets":	98,
					"omitted":	false,
					"sender":	true
				}],
			"sum":	{
				"start":	7.001142,
				"end":	8.001131,
				"seconds":	0.99998897314071655,
				"bytes":	6272,
				"bits_per_second":	50176.553289792457,
				"packets":	98,
				"omitted":	false,
				"sender":	true
			}
		}, {
			"streams":	[{
					"socket":	5,
					"start":	8.001131,
					"end":	9.001126,
					"seconds":	0.999994993209839,
					"bytes":	6272,
					"bits_per_second":	50176.251221960942,
					"packets":	98,
					"omitted":	false,
					"sender":	true
				}],
			"sum":	{
				"start":	8.001131,
				"end":	9.001126,
				"seconds":	0.999994993209839,
				"bytes":	6272,
				"bits_per_second":	50176.251221960942,
				"packets":	98,
				"omitted":	false,
				"sender":	true
			}
		}, {
			"streams":	[{
					"socket":	5,
					"start":	9.001126,
					"end":	10.000418,
					"seconds":	0.999292016029358,
					"bytes":	6208,
					"bits_per_second":	49699.186227202816,
					"packets":	97,
					"omitted":	false,
					"sender":	true
				}],
			"sum":	{
				"start":	9.001126,
				"end":	10.000418,
				"seconds":	0.999292016029358,
				"bytes":	6208,
				"bits_per_second":	49699.186227202816,
				"packets":	97,
				"omitted":	false,
				"sender":	true
			}
		}, {
			"streams":	[{
					"socket":	5,
					"start":	10.000418,
					"end":	11.000409,
					"seconds":	0.999990999698639,
					"bytes":	6272,
					"bits_per_second":	50176.451603185662,
					"packets":	98,
					"omitted":	false,
					"sender":	true
				}],
			"sum":	{
				"start":	10.000418,
				"end":	11.000409,
				"seconds":	0.999990999698639,
				"bytes":	6272,
				"bits_per_second":	50176.451603185662,
				"packets":	98,
				"omitted":	false,
				"sender":	true
			}
		}, {
			"streams":	[{
					"socket":	5,
					"start":	11.000409,
					"end":	12.000411,
					"seconds":	1.0000020265579224,
					"bytes":	6208,
					"bits_per_second":	49663.8993532313,
					"packets":	97,
					"omitted":	false,
					"sender":	true
				}],
			"sum":	{
				"start":	11.000409,
				"end":	12.000411,
				"seconds":	1.0000020265579224,
				"bytes":	6208,
				"bits_per_second":	49663.8993532313,
				"packets":	97,
				"omitted":	false,
				"sender":	true
			}
		}, {
			"streams":	[{
					"socket":	5,
					"start":	12.000411,
					"end":	13.001142,
					"seconds":	1.0007309913635254,
					"bytes":	6272,
					"bits_per_second":	50139.348569223112,
					"packets":	98,
					"omitted":	false,
					"sender":	true
				}],
			"sum":	{
				"start":	12.000411,
				"end":	13.001142,
				"seconds":	1.0007309913635254,
				"bytes":	6272,
				"bits_per_second":	50139.348569223112,
				"packets":	98,
				"omitted":	false,
				"sender":	true
			}
		}, {
			"streams":	[{
					"socket":	5,
					"start":	13.001142,
					"end":	14.001132,
					"seconds":	0.99998998641967773,
					"bytes":	6272,
					"bits_per_second":	50176.502446437538,
					"packets":	98,
					"omitted":	false,
					"sender":	true
				}],
			"sum":	{
				"start":	13.001142,
				"end":	14.001132,
				"seconds":	0.99998998641967773,
				"bytes":	6272,
				"bits_per_second":	50176.502446437538,
				"packets":	98,
				"omitted":	false,
				"sender":	true
			}
		}, {
			"streams":	[{
					"socket":	5,
					"start":	14.001132,
					"end":	15.001131,
					"seconds":	0.99999898672103882,
					"bytes":	6208,
					"bits_per_second":	49664.050323537318,
					"packets":	97,
					"omitted":	false,
					"sender":	true
				}],
			"sum":	{
				"start":	14.001132,
				"end":	15.001131,
				"seconds":	0.99999898672103882,
				"bytes":	6208,
				"bits_per_second":	49664.050323537318,
				"packets":	97,