{
	"start":	{
		"connected":	[{
				"socket":	5,
				"local_host":	"fd00::8",
				"local_port":	52967,
				"remote_host":	"fd00::4",
				"remote_port":	5123
			}],
		"version":	"iperf 3.18",
		"system_info":	"Linux RPI08 6.18.29+rpt-rpi-v7 #1 SMP Raspbian 1:6.18.29-1+rpt1 (2026-05-12) armv7l",
		"timestamp":	{
			"time":	"Sat, 16 May 2026 14:54:10 GMT",
			"timesecs":	1778943250
		},
		"connecting_to":	{
			"host":	"fd00::4",
			"port":	5123
		},
		"cookie":	"ddxncnrrqwgvglkjfw3mxpjiwpu7wpiiiyu5",
		"target_bitrate":	50000,
		"fq_rate":	0,
		"sock_bufsize":	0,
		"sndbuf_actual":	180224,
		"rcvbuf_actual":	180224,
		"test_start":	{
			"protocol":	"UDP",
			"num_streams":	1,
			"blksize":	64,
			"omit":	0,
			"duration":	30,
			"bytes":	0,
			"blocks":	0,
			"reverse":	0,
			"tos":	0,
			"target_bitrate":	50000,
			"bidir":	0,
			"fqrate":	0,
			"interval":	1
		}
	},
	"intervals":	[{
			"streams":	[{
					"socket":	5,
					"start":	0,
					"end":	1.000822,
					"seconds":	1.0008219480514526,
					"bytes":	6272,
					"bits_per_second":	50134.79180556543,
					"packets":	98,
					"omitted":	false,
					"sender":	true
				}],
			"sum":	{
				"start":	0,
				"end":	1.000822,
				"seconds":	1.0008219480514526,
				"bytes":	6272,
				"bits_per_second":	50134.79180556543,
				"packets":	98,
				"omitted":	false,
				"sender":	true
			}
		}, {
			"streams":	[{
					"socket":	5,
					"start":	1.000822,
					"end":	2.001144,
					"seconds":	1.0003219842910767,
					"bytes":	6272,
					"bits_per_second":	50159.849316477324,
					"packets":	98,
					"omitted":	false,
					"sender":	true
				}],
			"sum":	{
				"start":	1.000822,
				"end":	2.001144,
				"seconds":	1.0003219842910767,
				"bytes":	6272,
				"bits_per_second":	50159.849316477324,
				"packets":	98,
				"omitted":	false,
				"sender":	true
			}
		}, {
			"streams":	[{
					"socket":	5,
					"start":	2.001144,
					"end":	3.000403,
					"seconds":	0.99925899505615234,
					"bytes":	6208,
					"bits_per_second":	49700.828559676047,
					"packets":	98,
					"omitted":	false,
					"sender":	true
				}],
			"sum":	{
				"start":	2.001144,
				"end":	3.000403,
				"seconds":	0.99925899505615234,
				"bytes":	6208,
				"bits_per_second":	49700.828559676047,
				"packets":	98,
				"omitted":	false,
				"sender":	true
			}
		}, {
			"streams":	[{
					"socket":	5,
					"start":	3.000403,
					"end":	4.00036,
					"seconds":	0.999957025051117,
					"bytes":	6208,
					"bits_per_second":	49666.134399587041,
					"packets":	97,
					"omitted":	false,
					"sender":	true
				}],
			"sum":	{
				"start":	3.000403,
				"end":	4.00036,
				"seconds":	0.999957025051117,
				"bytes":	6208,
				"bits_per_second":	49666.134399587041,
				"packets":	97,
				"omitted":	false,
				"sender":	true
			}
		}, {
			"streams":	[{
					"socket":	5,
					"start":	4.00036,
					"end":	5.001137,
					"seconds":	1.000777006149292,
					"bytes":	6272,
					"bits_per_second":	50137.0432091192,
					"packets":	98,
					"omitted":	false,
					"sender":	true
				}],
			"sum":	{
				"start":	4.00036,
				"end":	5.001137,
				"seconds":	1.000777006149292,
				"bytes":	6272,
				"bits_per_second":	50137.0432091192,
				"packets":	98,
				"omitted":	false,
				"sender":	true
			}
		}, {
			"streams":	[{
					"socket":	5,
					"start":	5.001137,
					"end":	6.001135,
					"seconds":	0.99999797344207764,
					"bytes":	6272,
					"bits_per_second":	50176.101684776382,
					"packets":	98,
					"omitted":	false,
					"sender":	true
				}],
			"sum":	{
				"start":	5.001137,
				"end":	6.001135,
				"seconds":	0.99999797344207764,
				"bytes":	6272,
				"bits_per_second":	50176.101684776382,
				"packets":	98,
				"omitted":	false,
				"sender":	true
			}
		}, {
			"streams":	[{
					"socket":	5,
					"start":	6.001135,
					"end":	7.001136,
					"seconds":	1.0000009536743164,
					"bytes":	6208,
					"bits_per_second":	49663.952636763919,
					"packets":	97,
					"omitted":	false,
					"sender":	true
				}],
			"sum":	{
				"start":	6.001135,
				"end":	7.001136,
				"seconds":	1.0000009536743164,
				"bytes":	6208,
				"bits_per_second":	49663.952636763919,
				"packets":	97,
				"omitted":	false,
				"sender":	true
			}
		}, {
			"streams":	[{
					"socket":	5,
					"start":	7.001136,
					"end":	8.001147,
					"seconds":	1.0000109672546387,
					"bytes":	6272,
					"bits_per_second":	50175.449713066388,
					"packets":	98,
					"omitted":	false,
					"sender":	true
				}],
			"sum":	{
				"start":	7.001136,
				"end":	8.001147,
				"seconds":	1.0000109672546387,
				"bytes":	6272,
				"bits_per_second":	50175.449713066388,
				"packets":	98,
				"omitted":	false,
				"sender":	true
			}
		}, {
			"streams":	[{
					"socket":	5,
					"start":	8.001147,
					"end":	9.001135,
					"seconds":	0.9999880194664,
					"bytes":	6272,
					"bits_per_second":	50176.601142455911,
					"packets":	98,
					"omitted":	false,
					"sender":	true
				}],
			"sum":	{
				"start":	8.001147,
				"end":	9.001135,
				"seconds":	0.9999880194664,
				"bytes":	6272,
				"bits_per_second":	50176.601142455911,
				"packets":	98,
				"omitted":	false,
				"sender":	true
			}
		}, {
			"streams":	[{
					"socket":	5,
					"start":	9.001135,
					"end":	10.001137,
					"seconds":	1.0000020265579224,
					"bytes":	6208,
					"bits_per_second":	49663.8993532313,
					"packets":	97,
					"omitted":	false,
					"sender":	true
				}],
			"sum":	{
				"start":	9.001135,
				"end":	10.001137,
				"seconds":	1.0000020265579224,
				"bytes":	6208,
				"bits_per_second":	49663.8993532313,
				"packets":	97,
				"omitted":	false,
				"sender":	true
			}
		}, {
			"streams":	[{
					"socket":	5,
					"start":	10.001137,
					"end":	11.001133,
					"seconds":	0.9999960064888,
					"bytes":	6272,
					"bits_per_second":	50176.200379218186,
					"packets":	98,
					"omitted":	false,
					"sender":	true
				}],
			"sum":	{
				"start":	10.001137,
				"end":	11.001133,
				"seconds":	0.9999960064888,
				"bytes":	6272,
				"bits_per_second":	50176.200379218186,
				"packets":	98,
				"omitted":	false,
				"sender":	true
			}
		}, {
			"streams":	[{
					"socket":	5,
					"start":	11.001133,
					"end":	12.001133,
					"seconds":	1,
					"bytes":	6208,
					"bits_per_second":	49664,
					"packets":	97,
					"omitted":	false,
					"sender":	true
				}],
			"sum":	{
				"start":	11.001133,
				"end":	12.001133,
				"seconds":	1,
				"bytes":	6208,
				"bits_per_second":	49664,
				"packets":	97,
				"omitted":	false,
				"sender":	true
			}
		}, {
			"streams":	[{
					"socket":	5,
					"start":	12.001133,
					"end":	13.001133,
					"seconds":	1,
					"bytes":	6272,
					"bits_per_second":	50176,
					"packets":	98,
					"omitted":	false,
					"sender":	true
				}],
			"sum":	{
				"start":	12.001133,
				"end":	13.001133,
				"seconds":	1,
				"bytes":	6272,
				"bits_per_second":	50176,
				"packets":	98,
				"omitted":	false,
				"sender":	true
			}
		}, {
			"streams":	[{
					"socket":	5,
					"start":	13.001133,
					"end":	14.001142,
					"seconds":	1.0000089406967163,
					"bytes":	6272,
					"bits_per_second":	50175.5513956124,
					"packets":	98,
					"omitted":	false,
					"sender":	true
				}],
			"sum":	{
				"start":	13.001133,
				"end":	14.001142,
				"seconds":	1.0000089406967163,
				"bytes":	6272,
				"bits_per_second":	50175.5513956124,
				"packets":	98,
				"omitted":	false,
				"sender":	true
			}
		}, {
			"streams":	[{
					"socket":	5,
					"start":	14.001142,
					"end":	15.001137,
					"seconds":	0.999994993209839,
					"bytes":	6208,
					"bits_per_second":	49664.248658471544,
					"packets":	97,
					"omitted":	false,
					"sender":	true
				}],
			"sum":	{
				"start":	14.001142,
				"end":	15.001137,
				"seconds":	0.999994993209839,
				"bytes":	6208,
				"bits_per_second":	49664.248658471544,
				"packets":	97,
				"omitted":	false,
				"sender":	true
			}
		}, {
			"streams":	[{
					"socket":	5,
					"start":	15.001137,
					"end":	16.001133,