{
	"start":	{
		"connected":	[{
				"socket":	5,
				"local_host":	"192.168.10.8",
				"local_port":	37178,
				"remote_host":	"192.168.10.4",
				"remote_port":	5123
			}],
		"version":	"iperf 3.18",
		"system_info":	"Linux RPI08 6.12.47+rpt-rpi-v7 #1 SMP Raspbian 1:6.12.47-1+rpt1 (2025-09-16) armv7l",
		"timestamp":	{
			"time":	"Mon, 11 May 2026 17:59:02 GMT",
			"timesecs":	1778522342
		},
		"connecting_to":	{
			"host":	"192.168.10.4",
			"port":	5123
		},
		"cookie":	"uozacaqcfd4bc64w2sdftxjoh6qk3zm76emr",
		"target_bitrate":	250000,
		"fq_rate":	0,
		"sock_bufsize":	0,
		"sndbuf_actual":	180224,
		"rcvbuf_actual":	180224,
		"test_start":	{
			"protocol":	"UDP",
			"num_streams":	1,
			"blksize":	256,
			"omit":	0,
			"duration":	30,
			"bytes":	0,
			"blocks":	0,
			"reverse":	0,
			"tos":	0,
			"target_bitrate":	250000,
			"bidir":	0,
			"fqrate":	0,
			"interval":	1
		}
	},
	"intervals":	[{
			"streams":	[{
					"socket":	5,
					"start":	0,
					"end":	1.001138,
					"seconds":	1.0011379718780518,
					"bytes":	31488,
					"bits_per_second":	251617.6661718754,
					"packets":	123,
					"omitted":	false,
					"sender":	true
				}],
			"sum":	{
				"start":	0,
				"end":	1.001138,
				"seconds":	1.0011379718780518,
				"bytes":	31488,
				"bits_per_second":	251617.6661718754,
				"packets":	123,
				"omitted":	false,
				"sender":	true
			}
		}, {
			"streams":	[{
					"socket":	5,
					"start":	1.001138,
					"end":	2.001137,
					"seconds":	0.99999898672103882,
					"bytes":	31232,
					"bits_per_second":	249856.25317408468,
					"packets":	122,
					"omitted":	false,
					"sender":	true
				}],
			"sum":	{
				"start":	1.001138,
				"end":	2.001137,
				"seconds":	0.99999898672103882,
				"bytes":	31232,
				"bits_per_second":	249856.25317408468,
				"packets":	122,
				"omitted":	false,
				"sender":	true
			}
		}, {
			"streams":	[{
					"socket":	5,
					"start":	2.001137,
					"end":	3.001125,
					"seconds":	0.9999880194664,
					"bytes":	31232,
					"bits_per_second":	249858.99344406617,
					"packets":	122,
					"omitted":	false,
					"sender":	true
				}],
			"sum":	{
				"start":	2.001137,
				"end":	3.001125,
				"seconds":	0.9999880194664,
				"bytes":	31232,
				"bits_per_second":	249858.99344406617,
				"packets":	122,
				"omitted":	false,
				"sender":	true
			}
		}, {
			"streams":	[{
					"socket":	5,
					"start":	3.001125,
					"end":	4.001137,
					"seconds":	1.0000120401382446,
					"bytes":	31232,
					"bits_per_second":	249852.99173543867,
					"packets":	122,
					"omitted":	false,
					"sender":	true
				}],
			"sum":	{
				"start":	3.001125,
				"end":	4.001137,
				"seconds":	1.0000120401382446,
				"bytes":	31232,
				"bits_per_second":	249852.99173543867,
				"packets":	122,
				"omitted":	false,
				"sender":	true
			}
		}, {
			"streams":	[{
					"socket":	5,
					"start":	4.001137,
					"end":	5.001137,
					"seconds":	1,
					"bytes":	31232,
					"bits_per_second":	249856,
					"packets":	122,
					"omitted":	false,
					"sender":	true
				}],
			"sum":	{
				"start":	4.001137,
				"end":	5.001137,
				"seconds":	1,
				"bytes":	31232,
				"bits_per_second":	249856,
				"packets":	122,
				"omitted":	false,
				"sender":	true
			}
		}, {
			"streams":	[{
					"socket":	5,
					"start":	5.001137,
					"end":	6.001136,
					"seconds":	0.99999898672103882,
					"bytes":	31232,
					"bits_per_second":	249856.25317408468,
					"packets":	122,
					"omitted":	false,
					"sender":	true
				}],
			"sum":	{
				"start":	5.001137,
				"end":	6.001136,
				"seconds":	0.99999898672103882,
				"bytes":	31232,
				"bits_per_second":	249856.25317408468,
				"packets":	122,
				"omitted":	false,
				"sender":	true
			}
		}, {
			"streams":	[{
					"socket":	5,
					"start":	6.001136,
					"end":	7.001133,
					"seconds":	0.99999701976776123,
					"bytes":	31232,
					"bits_per_second":	249856.74463112542,
					"packets":	122,
					"omitted":	false,
					"sender":	true
				}],
			"sum":	{
				"start":	6.001136,
				"end":	7.001133,
				"seconds":	0.99999701976776123,
				"bytes":	31232,
				"bits_per_second":	249856.74463112542,
				"packets":	122,
				"omitted":	false,
				"sender":	true
			}
		}, {
			"streams":	[{
					"socket":	5,
					"start":	7.001133,
					"end":	8.001136,
					"seconds":	1.0000029802322388,
					"bytes":	31232,
					"bits_per_second":	249855.25537331292,
					"packets":	122,
					"omitted":	false,
					"sender":	true
				}],
			"sum":	{
				"start":	7.001133,
				"end":	8.001136,
				"seconds":	1.0000029802322388,
				"bytes":	31232,
				"bits_per_second":	249855.25537331292,
				"packets":	122,
				"omitted":	false,
				"sender":	true
			}
		}, {
			"streams":	[{
					"socket":	5,
					"start":	8.001136,
					"end":	9.001134,
					"seconds":	0.99999797344207764,
					"bytes":	31232,
					"bits_per_second":	249856.50634868239,
					"packets":	122,
					"omitted":	false,
					"sender":	true
				}],
			"sum":	{
				"start":	8.001136,
				"end":	9.001134,
				"seconds":	0.99999797344207764,
				"bytes":	31232,
				"bits_per_second":	249856.50634868239,
				"packets":	122,
				"omitted":	false,
				"sender":	true
			}
		}, {
			"streams":	[{
					"socket":	5,
					"start":	9.001134,
					"end":	10.001136,
					"seconds":	1.0000020265579224,
					"bytes":	31232,
					"bits_per_second":	249855.49365336989,
					"packets":	122,
					"omitted":	false,
					"sender":	true
				}],
			"sum":	{
				"start":	9.001134,
				"end":	10.001136,
				"seconds":	1.0000020265579224,
				"bytes":	31232,
				"bits_per_second":	249855.49365336989,
				"packets":	122,
				"omitted":	false,
				"sender":	true
			}
		}, {
			"streams":	[{
					"socket":	5,
					"start":	10.001136,
					"end":	11.001134,
					"seconds":	0.99999797344207764,
					"bytes":	31232,
					"bits_per_second":	249856.50634868239,
					"packets":	122,
					"omitted":	false,
					"sender":	true
				}],
			"sum":	{
				"start":	10.001136,
				"end":	11.001134,
				"seconds":	0.99999797344207764,
				"bytes":	31232,
				"bits_per_second":	249856.50634868239,
				"packets":	122,
				"omitted":	false,
				"sender":	true
			}
		}, {
			"streams":	[{
					"socket":	5,
					"start":	11.001134,
					"end":	12.001129,
					"seconds":	0.999994993209839,
					"bytes":	31232,
					"bits_per_second":	249857.25098282591,
					"packets":	122,
					"omitted":	false,
					"sender":	true
				}],
			"sum":	{
				"start":	11.001134,
				"end":	12.001129,
				"seconds":	0.999994993209839,
				"bytes":	31232,
				"bits_per_second":	249857.25098282591,
				"packets":	122,
				"omitted":	false,
				"sender":	true
			}
		}, {
			"streams":	[{
					"socket":	5,
					"start":	12.001129,
					"end":	13.00113,
					"seconds":	1.0000009536743164,
					"bytes":	31488,
					"bits_per_second":	251903.75976585411,
					"packets":	123,
					"omitted":	false,
					"sender":	true
				}],
			"sum":	{
				"start":	12.001129,
				"end":	13.00113,
				"seconds":	1.0000009536743164,
				"bytes":	31488,
				"bits_per_second":	251903.75976585411,
				"packets":	123,
				"omitted":	false,
				"sender":	true
			}
		}, {
			"streams":	[{
					"socket":	5,
					"start":	13.00113,
					"end":	14.001134,
					"seconds":	1.0000040531158447,
					"bytes":	31232,
					"bits_per_second":	249854.987308792,
					"packets":	122,
					"omitted":	false,
					"sender":	true
				}],
			"sum":	{
				"start":	13.00113,
				"end":	14.001134,
				"seconds":	1.0000040531158447,
				"bytes":	31232,
				"bits_per_second":	249854.987308792,
				"packets":	122,
				"omitted":	false,
				"sender":	true
			}
		}, {
			"streams":	[{
					"socket":	5,
					"start":	14.001134,
					"end":	15.001123,
					"seconds":	0.99998897314071655,
					"bytes":	31232,
					"bits_per_second":	249858.75515733386,
					"packets":	122,
					"omitted":	false,
					"sender":	true
				}],
			"sum":	{
				"start":	14.001134,
				"end":	15.001123,
				"seconds":	0.99998897314071655,
				"bytes":	31232,
				"bits_per_second":	249858.75515733386,