{
	"start":	{
		"connected":	[{
				"socket":	5,
				"local_host":	"192.168.10.8",
				"local_port":	33829,
				"remote_host":	"192.168.10.4",
				"remote_port":	5123
			}],
		"version":	"iperf 3.18",
		"system_info":	"Linux RPI08 6.12.47+rpt-rpi-v7 #1 SMP Raspbian 1:6.12.47-1+rpt1 (2025-09-16) armv7l",
		"timestamp":	{
			"time":	"Mon, 11 May 2026 17:47:01 GMT",
			"timesecs":	1778521621
		},
		"connecting_to":	{
			"host":	"192.168.10.4",
			"port":	5123
		},
		"cookie":	"75byrr2svohta7vvv3kbrmk2rn6qhmm2rmsy",
		"target_bitrate":	20000,
		"fq_rate":	0,
		"sock_bufsize":	0,
		"sndbuf_actual":	180224,
		"rcvbuf_actual":	180224,
		"test_start":	{
			"protocol":	"UDP",
			"num_streams":	1,
			"blksize":	512,
			"omit":	0,
			"duration":	30,
			"bytes":	0,
			"blocks":	0,
			"reverse":	0,
			"tos":	0,
			"target_bitrate":	20000,
			"bidir":	0,
			"fqrate":	0,
			"interval":	1
		}
	},
	"intervals":	[{
			"streams":	[{
					"socket":	5,
					"start":	0,
					"end":	1.001137,
					"seconds":	1.0011370182037354,
					"bytes":	2560,
					"bits_per_second":	20456.740313874037,
					"packets":	5,
					"omitted":	false,
					"sender":	true
				}],
			"sum":	{
				"start":	0,
				"end":	1.001137,
				"seconds":	1.0011370182037354,
				"bytes":	2560,
				"bits_per_second":	20456.740313874037,
				"packets":	5,
				"omitted":	false,
				"sender":	true
			}
		}, {
			"streams":	[{
					"socket":	5,
					"start":	1.001137,
					"end":	2.001148,
					"seconds":	1.0000109672546387,
					"bytes":	2560,
					"bits_per_second":	20479.775393088323,
					"packets":	5,
					"omitted":	false,
					"sender":	true
				}],
			"sum":	{
				"start":	1.001137,
				"end":	2.001148,
				"seconds":	1.0000109672546387,
				"bytes":	2560,
				"bits_per_second":	20479.775393088323,
				"packets":	5,
				"omitted":	false,
				"sender":	true
			}
		}, {
			"streams":	[{
					"socket":	5,
					"start":	2.001148,
					"end":	3.001127,
					"seconds":	0.999979019165039,
					"bytes":	2560,
					"bits_per_second":	20480.429696515392,
					"packets":	5,
					"omitted":	false,
					"sender":	true
				}],
			"sum":	{
				"start":	2.001148,
				"end":	3.001127,
				"seconds":	0.999979019165039,
				"bytes":	2560,
				"bits_per_second":	20480.429696515392,
				"packets":	5,
				"omitted":	false,
				"sender":	true
			}
		}, {
			"streams":	[{
					"socket":	5,
					"start":	3.001127,
					"end":	4.001128,
					"seconds":	1.0000009536743164,
					"bytes":	2560,
					"bits_per_second":	20479.980468768626,
					"packets":	5,
					"omitted":	false,
					"sender":	true
				}],
			"sum":	{
				"start":	3.001127,
				"end":	4.001128,
				"seconds":	1.0000009536743164,
				"bytes":	2560,
				"bits_per_second":	20479.980468768626,
				"packets":	5,
				"omitted":	false,
				"sender":	true
			}
		}, {
			"streams":	[{
					"socket":	5,
					"start":	4.001128,
					"end":	5.001139,
					"seconds":	1.0000109672546387,
					"bytes":	2560,
					"bits_per_second":	20479.775393088323,
					"packets":	5,
					"omitted":	false,
					"sender":	true
				}],
			"sum":	{
				"start":	4.001128,
				"end":	5.001139,
				"seconds":	1.0000109672546387,
				"bytes":	2560,
				"bits_per_second":	20479.775393088323,
				"packets":	5,
				"omitted":	false,
				"sender":	true
			}
		}, {
			"streams":	[{
					"socket":	5,
					"start":	5.001139,
					"end":	6.001134,
					"seconds":	0.999994993209839,
					"bytes":	2560,
					"bits_per_second":	20480.1025395759,
					"packets":	5,
					"omitted":	false,
					"sender":	true
				}],
			"sum":	{
				"start":	5.001139,
				"end":	6.001134,
				"seconds":	0.999994993209839,
				"bytes":	2560,
				"bits_per_second":	20480.1025395759,
				"packets":	5,
				"omitted":	false,
				"sender":	true
			}
		}, {
			"streams":	[{
					"socket":	5,
					"start":	6.001134,
					"end":	7.001132,
					"seconds":	0.99999797344207764,
					"bytes":	2560,
					"bits_per_second":	20480.04150399036,
					"packets":	5,
					"omitted":	false,
					"sender":	true
				}],
			"sum":	{
				"start":	6.001134,
				"end":	7.001132,
				"seconds":	0.99999797344207764,
				"bytes":	2560,
				"bits_per_second":	20480.04150399036,
				"packets":	5,
				"omitted":	false,
				"sender":	true
			}
		}, {
			"streams":	[{
					"socket":	5,
					"start":	7.001132,
					"end":	8.001124,
					"seconds":	0.9999920129776,
					"bytes":	2560,
					"bits_per_second":	20480.163575525232,
					"packets":	5,
					"omitted":	false,
					"sender":	true
				}],
			"sum":	{
				"start":	7.001132,
				"end":	8.001124,
				"seconds":	0.9999920129776,
				"bytes":	2560,
				"bits_per_second":	20480.163575525232,
				"packets":	5,
				"omitted":	false,
				"sender":	true
			}
		}, {
			"streams":	[{
					"socket":	5,
					"start":	8.001124,
					"end":	9.001142,
					"seconds":	1.0000180006027222,
					"bytes":	2048,
					"bits_per_second":	16383.705083433675,
					"packets":	4,
					"omitted":	false,
					"sender":	true
				}],
			"sum":	{
				"start":	8.001124,
				"end":	9.001142,
				"seconds":	1.0000180006027222,
				"bytes":	2048,
				"bits_per_second":	16383.705083433675,
				"packets":	4,
				"omitted":	false,
				"sender":	true
			}
		}, {
			"streams":	[{
					"socket":	5,
					"start":	9.001142,
					"end":	10.001149,
					"seconds":	1.0000070333480835,
					"bytes":	2560,
					"bits_per_second":	20479.855958044347,
					"packets":	5,
					"omitted":	false,
					"sender":	true
				}],
			"sum":	{
				"start":	9.001142,
				"end":	10.001149,
				"seconds":	1.0000070333480835,
				"bytes":	2560,
				"bits_per_second":	20479.855958044347,
				"packets":	5,
				"omitted":	false,
				"sender":	true
			}
		}, {
			"streams":	[{
					"socket":	5,
					"start":	10.001149,
					"end":	11.00116,
					"seconds":	1.0000109672546387,
					"bytes":	2560,
					"bits_per_second":	20479.775393088323,
					"packets":	5,
					"omitted":	false,
					"sender":	true
				}],
			"sum":	{
				"start":	10.001149,
				"end":	11.00116,
				"seconds":	1.0000109672546387,
				"bytes":	2560,
				"bits_per_second":	20479.775393088323,
				"packets":	5,
				"omitted":	false,
				"sender":	true
			}
		}, {
			"streams":	[{
					"socket":	5,
					"start":	11.00116,
					"end":	12.001134,
					"seconds":	0.999974012374878,
					"bytes":	2560,
					"bits_per_second":	20480.532240394165,
					"packets":	5,
					"omitted":	false,
					"sender":	true
				}],
			"sum":	{
				"start":	11.00116,
				"end":	12.001134,
				"seconds":	0.999974012374878,
				"bytes":	2560,
				"bits_per_second":	20480.532240394165,
				"packets":	5,
				"omitted":	false,
				"sender":	true
			}
		}, {
			"streams":	[{
					"socket":	5,
					"start":	12.001134,
					"end":	13.001472,
					"seconds":	1.0003379583358765,
					"bytes":	2560,
					"bits_per_second":	20473.080951631324,
					"packets":	5,
					"omitted":	false,
					"sender":	true
				}],
			"sum":	{
				"start":	12.001134,
				"end":	13.001472,
				"seconds":	1.0003379583358765,
				"bytes":	2560,
				"bits_per_second":	20473.080951631324,
				"packets":	5,
				"omitted":	false,
				"sender":	true
			}
		}, {
			"streams":	[{
					"socket":	5,
					"start":	13.001472,
					"end":	14.001132,
					"seconds":	0.99966001510620117,
					"bytes":	2560,
					"bits_per_second":	20486.965258707743,
					"packets":	5,
					"omitted":	false,
					"sender":	true
				}],
			"sum":	{
				"start":	13.001472,
				"end":	14.001132,
				"seconds":	0.99966001510620117,
				"bytes":	2560,
				"bits_per_second":	20486.965258707743,
				"packets":	5,
				"omitted":	false,
				"sender":	true
			}
		}, {
			"streams":	[{
					"socket":	5,
					"start":	14.001132,
					"end":	15.001128,
					"seconds":	0.9999960064888,
					"bytes":	2560,
					"bits_per_second":	20480.081787435993,
					"packets":	5,
					"omitted":	false,
					"sender":	true
				}],
			"sum":	{
				"start":	14.001132,
				"end":	15.001128,
				"seconds":	0.9999960064888,
				"bytes":	2560,
				"bits_per_second":	20480.081787435993,
				"packets":	5,
				"omitted":	false,