{
	"start":	{
		"connected":	[{
				"socket":	5,
				"local_host":	"192.168.10.8",
				"local_port":	39189,
				"remote_host":	"192.168.10.4",
				"remote_port":	5123
			}],
		"version":	"iperf 3.18",
		"system_info":	"Linux RPI08 6.12.47+rpt-rpi-v7 #1 SMP Raspbian 1:6.12.47-1+rpt1 (2025-09-16) armv7l",
		"timestamp":	{
			"time":	"Mon, 11 May 2026 17:47:31 GMT",
			"timesecs":	1778521651
		},
		"connecting_to":	{
			"host":	"192.168.10.4",
			"port":	5123
		},
		"cookie":	"m25uqcwo5twexyr5m7b6tlzffo2xhcxdvewx",
		"target_bitrate":	20000,
		"fq_rate":	0,
		"sock_bufsize":	0,
		"sndbuf_actual":	180224,
		"rcvbuf_actual":	180224,
		"test_start":	{
			"protocol":	"UDP",
			"num_streams":	1,
			"blksize":	1024,
			"omit":	0,
			"duration":	30,
			"bytes":	0,
			"blocks":	0,
			"reverse":	0,
			"tos":	0,
			"target_bitrate":	20000,
			"bidir":	0,
			"fqrate":	0,
			"interval":	1
		}
	},
	"intervals":	[{
			"streams":	[{
					"socket":	5,
					"start":	0,
					"end":	1.001139,
					"seconds":	1.0011390447616577,
					"bytes":	3072,
					"bits_per_second":	24548.038685126736,
					"packets":	3,
					"omitted":	false,
					"sender":	true
				}],
			"sum":	{
				"start":	0,
				"end":	1.001139,
				"seconds":	1.0011390447616577,
				"bytes":	3072,
				"bits_per_second":	24548.038685126736,
				"packets":	3,
				"omitted":	false,
				"sender":	true
			}
		}, {
			"streams":	[{
					"socket":	5,
					"start":	1.001139,
					"end":	2.001137,
					"seconds":	0.99999797344207764,
					"bytes":	2048,
					"bits_per_second":	16384.033203192288,
					"packets":	2,
					"omitted":	false,
					"sender":	true
				}],
			"sum":	{
				"start":	1.001139,
				"end":	2.001137,
				"seconds":	0.99999797344207764,
				"bytes":	2048,
				"bits_per_second":	16384.033203192288,
				"packets":	2,
				"omitted":	false,
				"sender":	true
			}
		}, {
			"streams":	[{
					"socket":	5,
					"start":	2.001137,
					"end":	3.001126,
					"seconds":	0.99998897314071655,
					"bytes":	3072,
					"bits_per_second":	24576.270999082019,
					"packets":	3,
					"omitted":	false,
					"sender":	true
				}],
			"sum":	{
				"start":	2.001137,
				"end":	3.001126,
				"seconds":	0.99998897314071655,
				"bytes":	3072,
				"bits_per_second":	24576.270999082019,
				"packets":	3,
				"omitted":	false,
				"sender":	true
			}
		}, {
			"streams":	[{
					"socket":	5,
					"start":	3.001126,
					"end":	4.001134,
					"seconds":	1.0000079870224,
					"bytes":	2048,
					"bits_per_second":	16383.869141670168,
					"packets":	2,
					"omitted":	false,
					"sender":	true
				}],
			"sum":	{
				"start":	3.001126,
				"end":	4.001134,
				"seconds":	1.0000079870224,
				"bytes":	2048,
				"bits_per_second":	16383.869141670168,
				"packets":	2,
				"omitted":	false,
				"sender":	true
			}
		}, {
			"streams":	[{
					"socket":	5,
					"start":	4.001134,
					"end":	5.001131,
					"seconds":	0.99999701976776123,
					"bytes":	3072,
					"bits_per_second":	24576.073242405779,
					"packets":	3,
					"omitted":	false,
					"sender":	true
				}],
			"sum":	{
				"start":	4.001134,
				"end":	5.001131,
				"seconds":	0.99999701976776123,
				"bytes":	3072,
				"bits_per_second":	24576.073242405779,
				"packets":	3,
				"omitted":	false,
				"sender":	true
			}
		}, {
			"streams":	[{
					"socket":	5,
					"start":	5.001131,
					"end":	6.001146,
					"seconds":	1.0000150203704834,
					"bytes":	2048,
					"bits_per_second":	16383.753909946363,
					"packets":	2,
					"omitted":	false,
					"sender":	true
				}],
			"sum":	{
				"start":	5.001131,
				"end":	6.001146,
				"seconds":	1.0000150203704834,
				"bytes":	2048,
				"bits_per_second":	16383.753909946363,
				"packets":	2,
				"omitted":	false,
				"sender":	true
			}
		}, {
			"streams":	[{
					"socket":	5,
					"start":	6.001146,
					"end":	7.001131,
					"seconds":	0.9999849796295166,
					"bytes":	3072,
					"bits_per_second":	24576.369146169713,
					"packets":	3,
					"omitted":	false,
					"sender":	true
				}],
			"sum":	{
				"start":	6.001146,
				"end":	7.001131,
				"seconds":	0.9999849796295166,
				"bytes":	3072,
				"bits_per_second":	24576.369146169713,
				"packets":	3,
				"omitted":	false,
				"sender":	true
			}
		}, {
			"streams":	[{
					"socket":	5,
					"start":	7.001131,
					"end":	8.001129,
					"seconds":	0.99999797344207764,
					"bytes":	2048,
					"bits_per_second":	16384.033203192288,
					"packets":	2,
					"omitted":	false,
					"sender":	true
				}],
			"sum":	{
				"start":	7.001131,
				"end":	8.001129,
				"seconds":	0.99999797344207764,
				"bytes":	2048,
				"bits_per_second":	16384.033203192288,
				"packets":	2,
				"omitted":	false,
				"sender":	true
			}
		}, {
			"streams":	[{
					"socket":	5,
					"start":	8.001129,
					"end":	9.001131,
					"seconds":	1.0000020265579224,
					"bytes":	2048,
					"bits_per_second":	16383.966796942288,
					"packets":	2,
					"omitted":	false,
					"sender":	true
				}],
			"sum":	{
				"start":	8.001129,
				"end":	9.001131,
				"seconds":	1.0000020265579224,
				"bytes":	2048,
				"bits_per_second":	16383.966796942288,
				"packets":	2,
				"omitted":	false,
				"sender":	true
			}
		}, {
			"streams":	[{
					"socket":	5,
					"start":	9.001131,
					"end":	10.00113,
					"seconds":	0.99999898672103882,
					"bytes":	3072,
					"bits_per_second":	24576.024902368983,
					"packets":	3,
					"omitted":	false,
					"sender":	true
				}],
			"sum":	{
				"start":	9.001131,
				"end":	10.00113,
				"seconds":	0.99999898672103882,
				"bytes":	3072,
				"bits_per_second":	24576.024902368983,
				"packets":	3,
				"omitted":	false,
				"sender":	true
			}
		}, {
			"streams":	[{
					"socket":	5,
					"start":	10.00113,
					"end":	11.001136,
					"seconds":	1.0000059604644775,
					"bytes":	2048,
					"bits_per_second":	16383.902344332073,
					"packets":	2,
					"omitted":	false,
					"sender":	true
				}],
			"sum":	{
				"start":	10.00113,
				"end":	11.001136,
				"seconds":	1.0000059604644775,
				"bytes":	2048,
				"bits_per_second":	16383.902344332073,
				"packets":	2,
				"omitted":	false,
				"sender":	true
			}
		}, {
			"streams":	[{
					"socket":	5,
					"start":	11.001136,
					"end":	12.001133,
					"seconds":	0.99999701976776123,
					"bytes":	3072,
					"bits_per_second":	24576.073242405779,
					"packets":	3,
					"omitted":	false,
					"sender":	true
				}],
			"sum":	{
				"start":	11.001136,
				"end":	12.001133,
				"seconds":	0.99999701976776123,
				"bytes":	3072,
				"bits_per_second":	24576.073242405779,
				"packets":	3,
				"omitted":	false,
				"sender":	true
			}
		}, {
			"streams":	[{
					"socket":	5,
					"start":	12.001133,
					"end":	13.001126,
					"seconds":	0.99999302625656128,
					"bytes":	2048,
					"bits_per_second":	16384.114258609312,
					"packets":	2,
					"omitted":	false,
					"sender":	true
				}],
			"sum":	{
				"start":	12.001133,
				"end":	13.001126,
				"seconds":	0.99999302625656128,
				"bytes":	2048,
				"bits_per_second":	16384.114258609312,
				"packets":	2,
				"omitted":	false,
				"sender":	true
			}
		}, {
			"streams":	[{
					"socket":	5,
					"start":	13.001126,
					"end":	14.001122,
					"seconds":	0.9999960064888,
					"bytes":	3072,
					"bits_per_second":	24576.098144923191,
					"packets":	3,
					"omitted":	false,
					"sender":	true
				}],
			"sum":	{
				"start":	13.001126,
				"end":	14.001122,
				"seconds":	0.9999960064888,
				"bytes":	3072,
				"bits_per_second":	24576.098144923191,
				"packets":	3,
				"omitted":	false,
				"sender":	true
			}
		}, {
			"streams":	[{
					"socket":	5,
					"start":	14.001122,
					"end":	15.001126,
					"seconds":	1.0000040531158447,
					"bytes":	2048,
					"bits_per_second":	16383.93359401915,
					"packets":	2,
					"omitted":	false,
					"sender":	true
				}],
			"sum":	{
				"start":	14.001122,
				"end":	15.001126,
				"seconds":	1.0000040531158447,
				"bytes":	2048,
				"bits_per_second":	16383.93359401915,
				"packets":	2,