{
	"start":	{
		"connected":	[{
				"socket":	5,
				"local_host":	"192.168.10.8",
				"local_port":	38279,
				"remote_host":	"192.168.10.4",
				"remote_port":	5123
			}],
		"version":	"iperf 3.18",
		"system_info":	"Linux RPI08 6.12.47+rpt-rpi-v7 #1 SMP Raspbian 1:6.12.47-1+rpt1 (2025-09-16) armv7l",
		"timestamp":	{
			"time":	"Mon, 11 May 2026 17:43:00 GMT",
			"timesecs":	1778521380
		},
		"connecting_to":	{
			"host":	"192.168.10.4",
			"port":	5123
		},
		"cookie":	"aya4p3efv2wiefubytvhmev4hrfaksjcympx",
		"target_bitrate":	15000,
		"fq_rate":	0,
		"sock_bufsize":	0,
		"sndbuf_actual":	180224,
		"rcvbuf_actual":	180224,
		"test_start":	{
			"protocol":	"UDP",
			"num_streams":	1,
			"blksize":	64,
			"omit":	0,
			"duration":	30,
			"bytes":	0,
			"blocks":	0,
			"reverse":	0,
			"tos":	0,
			"target_bitrate":	15000,
			"bidir":	0,
			"fqrate":	0,
			"interval":	1
		}
	},
	"intervals":	[{
			"streams":	[{
					"socket":	5,
					"start":	0,
					"end":	1.00118,
					"seconds":	1.0011800527572632,
					"bytes":	1920,
					"bits_per_second":	15341.8957536143,
					"packets":	30,
					"omitted":	false,
					"sender":	true
				}],
			"sum":	{
				"start":	0,
				"end":	1.00118,
				"seconds":	1.0011800527572632,
				"bytes":	1920,
				"bits_per_second":	15341.8957536143,
				"packets":	30,
				"omitted":	false,
				"sender":	true
			}
		}, {
			"streams":	[{
					"socket":	5,
					"start":	1.00118,
					"end":	2.001178,
					"seconds":	0.99999797344207764,
					"bytes":	1856,
					"bits_per_second":	14848.030090393011,
					"packets":	29,
					"omitted":	false,
					"sender":	true
				}],
			"sum":	{
				"start":	1.00118,
				"end":	2.001178,
				"seconds":	0.99999797344207764,
				"bytes":	1856,
				"bits_per_second":	14848.030090393011,
				"packets":	29,
				"omitted":	false,
				"sender":	true
			}
		}, {
			"streams":	[{
					"socket":	5,
					"start":	2.001178,
					"end":	3.001174,
					"seconds":	0.9999960064888,
					"bytes":	1856,
					"bits_per_second":	14848.059295891097,
					"packets":	29,
					"omitted":	false,
					"sender":	true
				}],
			"sum":	{
				"start":	2.001178,
				"end":	3.001174,
				"seconds":	0.9999960064888,
				"bytes":	1856,
				"bits_per_second":	14848.059295891097,
				"packets":	29,
				"omitted":	false,
				"sender":	true
			}
		}, {
			"streams":	[{
					"socket":	5,
					"start":	3.001174,
					"end":	4.001168,
					"seconds":	0.99999397993087769,
					"bytes":	1920,
					"bits_per_second":	15360.092468818388,
					"packets":	30,
					"omitted":	false,
					"sender":	true
				}],
			"sum":	{
				"start":	3.001174,
				"end":	4.001168,
				"seconds":	0.99999397993087769,
				"bytes":	1920,
				"bits_per_second":	15360.092468818388,
				"packets":	30,
				"omitted":	false,
				"sender":	true
			}
		}, {
			"streams":	[{
					"socket":	5,
					"start":	4.001168,
					"end":	5.001163,
					"seconds":	0.999994993209839,
					"bytes":	1856,
					"bits_per_second":	14848.074341192523,
					"packets":	29,
					"omitted":	false,
					"sender":	true
				}],
			"sum":	{
				"start":	4.001168,
				"end":	5.001163,
				"seconds":	0.999994993209839,
				"bytes":	1856,
				"bits_per_second":	14848.074341192523,
				"packets":	29,
				"omitted":	false,
				"sender":	true
			}
		}, {
			"streams":	[{
					"socket":	5,
					"start":	5.001163,
					"end":	6.001169,
					"seconds":	1.0000059604644775,
					"bytes":	1856,
					"bits_per_second":	14847.911499550941,
					"packets":	29,
					"omitted":	false,
					"sender":	true
				}],
			"sum":	{
				"start":	5.001163,
				"end":	6.001169,
				"seconds":	1.0000059604644775,
				"bytes":	1856,
				"bits_per_second":	14847.911499550941,
				"packets":	29,
				"omitted":	false,
				"sender":	true
			}
		}, {
			"streams":	[{
					"socket":	5,
					"start":	6.001169,
					"end":	7.001166,
					"seconds":	0.99999701976776123,
					"bytes":	1920,
					"bits_per_second":	15360.045776503612,
					"packets":	30,
					"omitted":	false,
					"sender":	true
				}],
			"sum":	{
				"start":	6.001169,
				"end":	7.001166,
				"seconds":	0.99999701976776123,
				"bytes":	1920,
				"bits_per_second":	15360.045776503612,
				"packets":	30,
				"omitted":	false,
				"sender":	true
			}
		}, {
			"streams":	[{
					"socket":	5,
					"start":	7.001166,
					"end":	8.001162,
					"seconds":	0.9999960064888,
					"bytes":	1856,
					"bits_per_second":	14848.059295891097,
					"packets":	29,
					"omitted":	false,
					"sender":	true
				}],
			"sum":	{
				"start":	7.001166,
				"end":	8.001162,
				"seconds":	0.9999960064888,
				"bytes":	1856,
				"bits_per_second":	14848.059295891097,
				"packets":	29,
				"omitted":	false,
				"sender":	true
			}
		}, {
			"streams":	[{
					"socket":	5,
					"start":	8.001162,
					"end":	9.001167,
					"seconds":	1.0000050067901611,
					"bytes":	1856,
					"bits_per_second":	14847.925659551895,
					"packets":	29,
					"omitted":	false,
					"sender":	true
				}],
			"sum":	{
				"start":	8.001162,
				"end":	9.001167,
				"seconds":	1.0000050067901611,
				"bytes":	1856,
				"bits_per_second":	14847.925659551895,
				"packets":	29,
				"omitted":	false,
				"sender":	true
			}
		}, {
			"streams":	[{
					"socket":	5,
					"start":	9.001167,
					"end":	10.001211,
					"seconds":	1.0000439882278442,
					"bytes":	1856,
					"bits_per_second":	14847.346891522053,
					"packets":	29,
					"omitted":	false,
					"sender":	true
				}],
			"sum":	{
				"start":	9.001167,
				"end":	10.001211,
				"seconds":	1.0000439882278442,
				"bytes":	1856,
				"bits_per_second":	14847.346891522053,
				"packets":	29,
				"omitted":	false,
				"sender":	true
			}
		}, {
			"streams":	[{
					"socket":	5,
					"start":	10.001211,
					"end":	11.001163,
					"seconds":	0.99995201826095581,
					"bytes":	1920,
					"bits_per_second":	15360.737034875934,
					"packets":	30,
					"omitted":	false,
					"sender":	true
				}],
			"sum":	{
				"start":	10.001211,
				"end":	11.001163,
				"seconds":	0.99995201826095581,
				"bytes":	1920,
				"bits_per_second":	15360.737034875934,
				"packets":	30,
				"omitted":	false,
				"sender":	true
			}
		}, {
			"streams":	[{
					"socket":	5,
					"start":	11.001163,
					"end":	12.001166,
					"seconds":	1.0000029802322388,
					"bytes":	1856,
					"bits_per_second":	14847.955749643595,
					"packets":	29,
					"omitted":	false,
					"sender":	true
				}],
			"sum":	{
				"start":	11.001163,
				"end":	12.001166,
				"seconds":	1.0000029802322388,
				"bytes":	1856,
				"bits_per_second":	14847.955749643595,
				"packets":	29,
				"omitted":	false,
				"sender":	true
			}
		}, {
			"streams":	[{
					"socket":	5,
					"start":	12.001166,
					"end":	13.001168,
					"seconds":	1.0000020265579224,
					"bytes":	1856,
					"bits_per_second":	14847.969909728949,
					"packets":	29,
					"omitted":	false,
					"sender":	true
				}],
			"sum":	{
				"start":	12.001166,
				"end":	13.001168,
				"seconds":	1.0000020265579224,
				"bytes":	1856,
				"bits_per_second":	14847.969909728949,
				"packets":	29,
				"omitted":	false,
				"sender":	true
			}
		}, {
			"streams":	[{
					"socket":	5,
					"start":	13.001168,
					"end":	14.001159,
					"seconds":	0.999990999698639,
					"bytes":	1920,
					"bits_per_second":	15360.13824587316,
					"packets":	30,
					"omitted":	false,
					"sender":	true
				}],
			"sum":	{
				"start":	13.001168,
				"end":	14.001159,
				"seconds":	0.999990999698639,
				"bytes":	1920,
				"bits_per_second":	15360.13824587316,
				"packets":	30,
				"omitted":	false,
				"sender":	true
			}
		}, {
			"streams":	[{
					"socket":	5,
					"start":	14.001159,
					"end":	15.001162,
					"seconds":	1.0000029802322388,
					"bytes":	1856,
					"bits_per_second":	14847.955749643595,
					"packets":	29,
					"omitted":	false,
					"sender":	true
				}],
			"sum":	{
				"start":	14.001159,
				"end":	15.001162,
				"seconds":	1.0000029802322388,
				"bytes":	1856,
				"bits_per_second":	14847.955749643595,