{
	"start":	{
		"connected":	[{
				"socket":	5,
				"local_host":	"192.168.10.8",
				"local_port":	49419,
				"remote_host":	"192.168.10.4",
				"remote_port":	5123
			}],
		"version":	"iperf 3.18",
		"system_info":	"Linux RPI08 6.12.47+rpt-rpi-v7 #1 SMP Raspbian 1:6.12.47-1+rpt1 (2025-09-16) armv7l",
		"timestamp":	{
			"time":	"Sun, 10 May 2026 13:44:34 GMT",
			"timesecs":	1778420674
		},
		"connecting_to":	{
			"host":	"192.168.10.4",
			"port":	5123
		},
		"cookie":	"6slevamcr6i7vtvox32ib4rb3vbrm2ma7ju2",
		"target_bitrate":	60000,
		"fq_rate":	0,
		"sock_bufsize":	0,
		"sndbuf_actual":	180224,
		"rcvbuf_actual":	180224,
		"test_start":	{
			"protocol":	"UDP",
			"num_streams":	1,
			"blksize":	512,
			"omit":	0,
			"duration":	10,
			"bytes":	0,
			"blocks":	0,
			"reverse":	0,
			"tos":	0,
			"target_bitrate":	60000,
			"bidir":	0,
			"fqrate":	0,
			"interval":	1
		}
	},
	"intervals":	[{
			"streams":	[{
					"socket":	5,
					"start":	0,
					"end":	1.001149,
					"seconds":	1.00114905834198,
					"bytes":	7680,
					"bits_per_second":	61369.482883749428,
					"packets":	15,
					"omitted":	false,
					"sender":	true
				}],
			"sum":	{
				"start":	0,
				"end":	1.001149,
				"seconds":	1.00114905834198,
				"bytes":	7680,
				"bits_per_second":	61369.482883749428,
				"packets":	15,
				"omitted":	false,
				"sender":	true
			}
		}, {
			"streams":	[{
					"socket":	5,
					"start":	1.001149,
					"end":	2.001139,
					"seconds":	0.99998998641967773,
					"bytes":	7680,
					"bits_per_second":	61440.615240535757,
					"packets":	15,
					"omitted":	false,
					"sender":	true
				}],
			"sum":	{
				"start":	1.001149,
				"end":	2.001139,
				"seconds":	0.99998998641967773,
				"bytes":	7680,
				"bits_per_second":	61440.615240535757,
				"packets":	15,
				"omitted":	false,
				"sender":	true
			}
		}, {
			"streams":	[{
					"socket":	5,
					"start":	2.001139,
					"end":	3.001135,
					"seconds":	0.9999960064888,
					"bytes":	7168,
					"bits_per_second":	57344.229004820787,
					"packets":	14,
					"omitted":	false,
					"sender":	true
				}],
			"sum":	{
				"start":	2.001139,
				"end":	3.001135,
				"seconds":	0.9999960064888,
				"bytes":	7168,
				"bits_per_second":	57344.229004820787,
				"packets":	14,
				"omitted":	false,
				"sender":	true
			}
		}, {
			"streams":	[{
					"socket":	5,
					"start":	3.001135,
					"end":	4.00114,
					"seconds":	1.0000050067901611,
					"bytes":	7680,
					"bits_per_second":	61439.692384352667,
					"packets":	15,
					"omitted":	false,
					"sender":	true
				}],
			"sum":	{
				"start":	3.001135,
				"end":	4.00114,
				"seconds":	1.0000050067901611,
				"bytes":	7680,
				"bits_per_second":	61439.692384352667,
				"packets":	15,
				"omitted":	false,
				"sender":	true
			}
		}, {
			"streams":	[{
					"socket":	5,
					"start":	4.00114,
					"end":	5.001137,
					"seconds":	0.99999701976776123,
					"bytes":	7680,
					"bits_per_second":	61440.183106014447,
					"packets":	15,
					"omitted":	false,
					"sender":	true
				}],
			"sum":	{
				"start":	4.00114,
				"end":	5.001137,
				"seconds":	0.99999701976776123,
				"bytes":	7680,
				"bits_per_second":	61440.183106014447,
				"packets":	15,
				"omitted":	false,
				"sender":	true
			}
		}, {
			"streams":	[{
					"socket":	5,
					"start":	5.001137,
					"end":	6.001148,
					"seconds":	1.0000109672546387,
					"bytes":	7168,
					"bits_per_second":	57343.3711006473,
					"packets":	14,
					"omitted":	false,
					"sender":	true
				}],
			"sum":	{
				"start":	5.001137,
				"end":	6.001148,
				"seconds":	1.0000109672546387,
				"bytes":	7168,
				"bits_per_second":	57343.3711006473,
				"packets":	14,
				"omitted":	false,
				"sender":	true
			}
		}, {
			"streams":	[{
					"socket":	5,
					"start":	6.001148,
					"end":	7.00114,
					"seconds":	0.9999920129776,
					"bytes":	7680,
					"bits_per_second":	61440.4907265757,
					"packets":	15,
					"omitted":	false,
					"sender":	true
				}],
			"sum":	{
				"start":	6.001148,
				"end":	7.00114,
				"seconds":	0.9999920129776,
				"bytes":	7680,
				"bits_per_second":	61440.4907265757,
				"packets":	15,
				"omitted":	false,
				"sender":	true
			}
		}, {
			"streams":	[{
					"socket":	5,
					"start":	7.00114,
					"end":	8.001138,
					"seconds":	0.99999797344207764,
					"bytes":	7680,
					"bits_per_second":	61440.12451197108,
					"packets":	15,
					"omitted":	false,
					"sender":	true
				}],
			"sum":	{
				"start":	7.00114,
				"end":	8.001138,
				"seconds":	0.99999797344207764,
				"bytes":	7680,
				"bits_per_second":	61440.12451197108,
				"packets":	15,
				"omitted":	false,
				"sender":	true
			}
		}, {
			"streams":	[{
					"socket":	5,
					"start":	8.001138,
					"end":	9.001142,
					"seconds":	1.0000040531158447,
					"bytes":	7168,
					"bits_per_second":	57343.767579067026,
					"packets":	14,
					"omitted":	false,
					"sender":	true
				}],
			"sum":	{
				"start":	8.001138,
				"end":	9.001142,
				"seconds":	1.0000040531158447,
				"bytes":	7168,
				"bits_per_second":	57343.767579067026,
				"packets":	14,
				"omitted":	false,
				"sender":	true
			}
		}, {
			"streams":	[{
					"socket":	5,
					"start":	9.001142,
					"end":	10.002954,
					"seconds":	1.0018119812011719,
					"bytes":	7680,
					"bits_per_second":	61328.873234609833,
					"packets":	15,
					"omitted":	false,
					"sender":	true
				}],
			"sum":	{
				"start":	9.001142,
				"end":	10.002954,
				"seconds":	1.0018119812011719,
				"bytes":	7680,
				"bits_per_second":	61328.873234609833,
				"packets":	15,
				"omitted":	false,
				"sender":	true
			}
		}],
	"end":	{
		"streams":	[{
				"udp":	{
					"socket":	5,
					"start":	0,
					"end":	10.002954,
					"seconds":	10.002954,
					"bytes":	75264,
					"bits_per_second":	60193.418864067549,
					"jitter_ms":	0.024302317958954815,
					"lost_packets":	0,
					"packets":	147,
					"lost_percent":	0,
					"out_of_order":	0,
					"sender":	true
				}
			}],
		"sum":	{
			"start":	0,
			"end":	10.004118,
			"seconds":	10.004118,
			"bytes":	75264,
			"bits_per_second":	60193.418864067549,
			"jitter_ms":	0.024302317958954815,
			"lost_packets":	0,
			"packets":	147,
			"lost_percent":	0,
			"sender":	true
		},
		"sum_sent":	{
			"start":	0,
			"end":	10.002954,
			"seconds":	10.002954,
			"bytes":	75264,
			"bits_per_second":	60193.418864067549,
			"jitter_ms":	0,
			"lost_packets":	0,
			"packets":	147,
			"lost_percent":	0,
			"sender":	true
		},
		"sum_received":	{
			"start":	0,
			"end":	10.004118,
			"seconds":	10.004118,
			"bytes":	75264,
			"bits_per_second":	60186.41523420655,
			"jitter_ms":	0.024302317958954815,
			"lost_packets":	0,
			"packets":	147,
			"lost_percent":	0,
			"sender":	false
		},
		"cpu_utilization_percent":	{
			"host_total":	0.25121999164164888,
			"host_user":	0.061668809526282856,
			"host_system":	0.18949125129949987,
			"remote_total":	0.302368884441631,
			"remote_user":	0.14722129182310617,
			"remote_system":	0.15518757395923324
		}
	},