{
	"start":	{
		"connected":	[{
				"socket":	5,
				"local_host":	"192.168.10.8",
				"local_port":	34442,
				"remote_host":	"192.168.10.4",
				"remote_port":	5123
			}],
		"version":	"iperf 3.18",
		"system_info":	"Linux RPI08 6.12.47+rpt-rpi-v7 #1 SMP Raspbian 1:6.12.47-1+rpt1 (2025-09-16) armv7l",
		"timestamp":	{
			"time":	"Mon, 11 May 2026 17:55:02 GMT",
			"timesecs":	1778522102
		},
		"connecting_to":	{
			"host":	"192.168.10.4",
			"port":	5123
		},
		"cookie":	"d4kr2hm4sbcfdugpk52df25nfmdsdrrdli5m",
		"target_bitrate":	80000,
		"fq_rate":	0,
		"sock_bufsize":	0,
		"sndbuf_actual":	180224,
		"rcvbuf_actual":	180224,
		"test_start":	{
			"protocol":	"UDP",
			"num_streams":	1,
			"blksize":	1024,
			"omit":	0,
			"duration":	30,
			"bytes":	0,
			"blocks":	0,
			"reverse":	0,
			"tos":	0,
			"target_bitrate":	80000,
			"bidir":	0,
			"fqrate":	0,
			"interval":	1
		}
	},
	"intervals":	[{
			"streams":	[{
					"socket":	5,
					"start":	0,
					"end":	1.00113,
					"seconds":	1.0011299848556519,
					"bytes":	10240,
					"bits_per_second":	81827.53612340524,
					"packets":	10,
					"omitted":	false,
					"sender":	true
				}],
			"sum":	{
				"start":	0,
				"end":	1.00113,
				"seconds":	1.0011299848556519,
				"bytes":	10240,
				"bits_per_second":	81827.53612340524,
				"packets":	10,
				"omitted":	false,
				"sender":	true
			}
		}, {
			"streams":	[{
					"socket":	5,
					"start":	1.00113,
					"end":	2.001134,
					"seconds":	1.0000040531158447,
					"bytes":	10240,
					"bits_per_second":	81919.667970095761,
					"packets":	10,
					"omitted":	false,
					"sender":	true
				}],
			"sum":	{
				"start":	1.00113,
				"end":	2.001134,
				"seconds":	1.0000040531158447,
				"bytes":	10240,
				"bits_per_second":	81919.667970095761,
				"packets":	10,
				"omitted":	false,
				"sender":	true
			}
		}, {
			"streams":	[{
					"socket":	5,
					"start":	2.001134,
					"end":	3.001125,
					"seconds":	0.999990999698639,
					"bytes":	10240,
					"bits_per_second":	81920.737311323523,
					"packets":	10,
					"omitted":	false,
					"sender":	true
				}],
			"sum":	{
				"start":	2.001134,
				"end":	3.001125,
				"seconds":	0.999990999698639,
				"bytes":	10240,
				"bits_per_second":	81920.737311323523,
				"packets":	10,
				"omitted":	false,
				"sender":	true
			}
		}, {
			"streams":	[{
					"socket":	5,
					"start":	3.001125,
					"end":	4.001125,
					"seconds":	1,
					"bytes":	10240,
					"bits_per_second":	81920,
					"packets":	10,
					"omitted":	false,
					"sender":	true
				}],
			"sum":	{
				"start":	3.001125,
				"end":	4.001125,
				"seconds":	1,
				"bytes":	10240,
				"bits_per_second":	81920,
				"packets":	10,
				"omitted":	false,
				"sender":	true
			}
		}, {
			"streams":	[{
					"socket":	5,
					"start":	4.001125,
					"end":	5.001119,
					"seconds":	0.99999397993087769,
					"bytes":	9216,
					"bits_per_second":	73728.443850328258,
					"packets":	9,
					"omitted":	false,
					"sender":	true
				}],
			"sum":	{
				"start":	4.001125,
				"end":	5.001119,
				"seconds":	0.99999397993087769,
				"bytes":	9216,
				"bits_per_second":	73728.443850328258,
				"packets":	9,
				"omitted":	false,
				"sender":	true
			}
		}, {
			"streams":	[{
					"socket":	5,
					"start":	5.001119,
					"end":	6.001127,
					"seconds":	1.0000079870224,
					"bytes":	10240,
					"bits_per_second":	81919.34570835084,
					"packets":	10,
					"omitted":	false,
					"sender":	true
				}],
			"sum":	{
				"start":	5.001119,
				"end":	6.001127,
				"seconds":	1.0000079870224,
				"bytes":	10240,
				"bits_per_second":	81919.34570835084,
				"packets":	10,
				"omitted":	false,
				"sender":	true
			}
		}, {
			"streams":	[{
					"socket":	5,
					"start":	6.001127,
					"end":	7.00113,
					"seconds":	1.0000029802322388,
					"bytes":	10240,
					"bits_per_second":	81919.7558601026,
					"packets":	10,
					"omitted":	false,
					"sender":	true
				}],
			"sum":	{
				"start":	6.001127,
				"end":	7.00113,
				"seconds":	1.0000029802322388,
				"bytes":	10240,
				"bits_per_second":	81919.7558601026,
				"packets":	10,
				"omitted":	false,
				"sender":	true
			}
		}, {
			"streams":	[{
					"socket":	5,
					"start":	7.00113,
					"end":	8.001133,
					"seconds":	1.0000029802322388,
					"bytes":	10240,
					"bits_per_second":	81919.7558601026,
					"packets":	10,
					"omitted":	false,
					"sender":	true
				}],
			"sum":	{
				"start":	7.00113,
				"end":	8.001133,
				"seconds":	1.0000029802322388,
				"bytes":	10240,
				"bits_per_second":	81919.7558601026,
				"packets":	10,
				"omitted":	false,
				"sender":	true
			}
		}, {
			"streams":	[{
					"socket":	5,
					"start":	8.001133,
					"end":	9.001122,
					"seconds":	0.99998897314071655,
					"bytes":	9216,
					"bits_per_second":	73728.812997246059,
					"packets":	9,
					"omitted":	false,
					"sender":	true
				}],
			"sum":	{
				"start":	8.001133,
				"end":	9.001122,
				"seconds":	0.99998897314071655,
				"bytes":	9216,
				"bits_per_second":	73728.812997246059,
				"packets":	9,
				"omitted":	false,
				"sender":	true
			}
		}, {
			"streams":	[{
					"socket":	5,
					"start":	9.001122,
					"end":	10.001129,
					"seconds":	1.0000070333480835,
					"bytes":	10240,
					"bits_per_second":	81919.4238321774,
					"packets":	10,
					"omitted":	false,
					"sender":	true
				}],
			"sum":	{
				"start":	9.001122,
				"end":	10.001129,
				"seconds":	1.0000070333480835,
				"bytes":	10240,
				"bits_per_second":	81919.4238321774,
				"packets":	10,
				"omitted":	false,
				"sender":	true
			}
		}, {
			"streams":	[{
					"socket":	5,
					"start":	10.001129,
					"end":	11.001128,
					"seconds":	0.99999898672103882,
					"bytes":	10240,
					"bits_per_second":	81920.0830078966,
					"packets":	10,
					"omitted":	false,
					"sender":	true
				}],
			"sum":	{
				"start":	10.001129,
				"end":	11.001128,
				"seconds":	0.99999898672103882,
				"bytes":	10240,
				"bits_per_second":	81920.0830078966,
				"packets":	10,
				"omitted":	false,
				"sender":	true
			}
		}, {
			"streams":	[{
					"socket":	5,
					"start":	11.001128,
					"end":	12.001118,
					"seconds":	0.99998998641967773,
					"bytes":	10240,
					"bits_per_second":	81920.820320714352,
					"packets":	10,
					"omitted":	false,
					"sender":	true
				}],
			"sum":	{
				"start":	11.001128,
				"end":	12.001118,
				"seconds":	0.99998998641967773,
				"bytes":	10240,
				"bits_per_second":	81920.820320714352,
				"packets":	10,
				"omitted":	false,
				"sender":	true
			}
		}, {
			"streams":	[{
					"socket":	5,
					"start":	12.001118,
					"end":	13.001127,
					"seconds":	1.0000089406967163,
					"bytes":	9216,
					"bits_per_second":	73727.340826205967,
					"packets":	9,
					"omitted":	false,
					"sender":	true
				}],
			"sum":	{
				"start":	12.001118,
				"end":	13.001127,
				"seconds":	1.0000089406967163,
				"bytes":	9216,
				"bits_per_second":	73727.340826205967,
				"packets":	9,
				"omitted":	false,
				"sender":	true
			}
		}, {
			"streams":	[{
					"socket":	5,
					"start":	13.001127,
					"end":	14.001108,
					"seconds":	0.99998098611831665,
					"bytes":	10240,
					"bits_per_second":	81921.5576468044,
					"packets":	10,
					"omitted":	false,
					"sender":	true
				}],
			"sum":	{
				"start":	13.001127,
				"end":	14.001108,
				"seconds":	0.99998098611831665,
				"bytes":	10240,
				"bits_per_second":	81921.5576468044,
				"packets":	10,
				"omitted":	false,
				"sender":	true
			}
		}, {
			"streams":	[{
					"socket":	5,
					"start":	14.001108,
					"end":	15.001119,
					"seconds":	1.0000109672546387,
					"bytes":	10240,
					"bits_per_second":	81919.1015723533,
					"packets":	10,
					"omitted":	false,
					"sender":	true
				}],
			"sum":	{
				"start":	14.001108,
				"end":	15.001119,
				"seconds":	1.0000109672546387,
				"bytes":	10240,
				"bits_per_second":	81919.1015723533,
				"packets":	10,
				"omitted":	false,